<?xml version='1.0'?><!DOCTYPE Annotation PUBLIC "//GENIA//DTD GENIA ANNOTATION EVENT 2.0//EN_Modified" "../ModifiedGENIAtypes/Modified_GENIA_event_20.dtd"><Annotation annotates="http://www.ncbi.nlm.nih.gov/entrez/eutils/efetch.fcgi?db=pubmed&amp;retmode=xml&amp;rettype=medline&amp;id=10068671" created="16/01/2007" creator="Junko Matsuura"><PubmedArticleSet><PubmedArticle><MedlineCitation>
<PMID>10068671</PMID>
<Article>
<ArticleTitle>
<sentence id="S1"><term id="T1" lex="interferon-alpha" sem="Protein_molecule">Interferon-alpha</term> activates multiple <term id="T2" lex="STAT_protein" sem="Protein_family_or_group">STAT proteins</term> and upregulates <term id="A1" sem="Other">proliferation</term>-associated <term id="T3" lex="IL-2Ralpha" sem="Protein_molecule">IL-2Ralpha</term>, <term id="T4" lex="c-myc,_and_pim-1_gene" sem="DNA_domain_or_region"><term id="T5" lex="c-myc" sem="DNA_domain_or_region">c-myc</term>, and <term id="T6" lex="pim-1_gene" sem="DNA_domain_or_region">pim-1 genes</term></term> in <term id="T7" lex="human_T_cell" sem="Cell_natural">human T cells</term>.</sentence>
<event id="E1">
<type class="Positive_regulation"/>
<theme idref="T2"/>
<cause idref="T1"/>
<clue>Interferon-alpha <clueType>activates</clueType> multiple STAT proteins and upregulates proliferation-associated IL-2Ralpha, c-myc, and pim-1 genes <clueLoc>in human T cells.</clueLoc></clue>
</event>
<event id="E2">
<type class="Positive_regulation"/>
<theme idref="T3"/>
<cause idref="T1"/>
<clue>Interferon-alpha activates multiple STAT proteins and <clueType>upregulates</clueType> proliferation-associated IL-2Ralpha, c-myc, and pim-1 genes <clueLoc>in human T cells.</clueLoc></clue>
</event>
<event id="E3">
<type class="Positive_regulation"/>
<theme idref="T5"/>
<cause idref="T1"/>
<clue>Interferon-alpha activates multiple STAT proteins and <clueType>upregulates</clueType> proliferation-associated IL-2Ralpha, c-myc, and pim-1 genes <clueLoc>in human T cells.</clueLoc></clue>
</event>
<event id="E4">
<type class="Positive_regulation"/>
<theme idref="T6"/>
<cause idref="T1"/>
<clue>Interferon-alpha activates multiple STAT proteins and <clueType>upregulates</clueType> proliferation-associated IL-2Ralpha, c-myc, and pim-1 genes <clueLoc>in human T cells.</clueLoc></clue>
</event>
<event KT="Analysis" id="E5">
<type class="Correlation"/>
<theme idref="A1"/>
<theme idref="T3"/>
<clue>Interferon-alpha activates multiple STAT proteins and upregulates proliferation-<clueType><clueKT>associated</clueKT></clueType> IL-2Ralpha, c-myc, and pim-1 genes in human T cells.</clue>
</event>
<event KT="Analysis" id="E6">
<type class="Correlation"/>
<theme idref="A1"/>
<theme idref="T5"/>
<clue>Interferon-alpha activates multiple STAT proteins and upregulates proliferation-<clueType><clueKT>associated</clueKT></clueType> IL-2Ralpha, c-myc, and pim-1 genes in human T cells.</clue>
</event>
<event KT="Analysis" id="E7">
<type class="Correlation"/>
<theme idref="A1"/>
<theme idref="T6"/>
<clue>Interferon-alpha activates multiple STAT proteins and upregulates proliferation-<clueType><clueKT>associated</clueKT></clueType> IL-2Ralpha, c-myc, and pim-1 genes in human T cells.</clue>
</event>
</ArticleTitle>
<Abstract>
<AbstractText>
<sentence id="S2"><term id="T8" lex="interferon-alpha" sem="Protein_molecule">Interferon-alpha</term> (<term id="T9" lex="IFN-alpha" sem="Protein_molecule">IFN-alpha</term>) is a <term id="T10" lex="pleiotropic_cytokine" sem="Protein_family_or_group">pleiotropic cytokine</term> that has anti<term id="A2" sem="Virus">viral</term>, anti<term id="A3" sem="Other">proliferative</term>, and <term id="T11" lex="immunoregulatory_function" sem="Other">immunoregulatory functions</term>.</sentence>
<event KT="Other" id="E8">
<type class="Negative_regulation"/>
<theme idref="A2"/>
<cause idref="T9"/>
<clue>Interferon-alpha (IFN-alpha) is a pleiotropic cytokine that has <clueType>anti</clueType>viral, antiproliferative, and immunoregulatory functions.</clue>
</event>
<event KT="Other" id="E9">
<type class="Negative_regulation"/>
<theme idref="A3"/>
<cause idref="T9"/>
<clue>Interferon-alpha (IFN-alpha) is a pleiotropic cytokine that has antiviral, <clueType>anti</clueType>proliferative, and immunoregulatory functions.</clue>
</event>
<sentence id="S3">There is increasing evidence that <term id="T13" lex="IFN-alpha" sem="Protein_molecule">IFN-alpha</term> has an important role in <term id="T14" lex="T-cell_biology" sem="Other">T-cell biology</term>.</sentence>
<event KT="Analysis" id="E10">
<type class="Positive_regulation"/>
<theme idref="T14"/>
<cause idref="T13"/>
<clue>There is increasing <clueKT>evidence</clueKT> that IFN-alpha has an <clueType>important role</clueType> <linkTheme>in</linkTheme> T-cell biology.</clue>
</event>
<sentence id="S4">We have analyzed the expression of <term id="T15" lex="IL-2Ralpha" sem="Protein_molecule">IL-2Ralpha</term>, <term id="T16" lex="c-myc" sem="DNA_domain_or_region">c-myc</term>, and <term id="T17" lex="pim-1_gene" sem="DNA_domain_or_region">pim-1 genes</term> in <term id="T18" lex="anti-CD3-activated_human_T_lymphocyte" sem="Cell_natural"><term id="A5" sem="Protein_family_or_group">anti-CD3</term>-activated human <term id="A4" sem="Cell_natural">T lymphocytes</term></term>.</sentence>
<event KT="Investigation" id="E11" uncertainty="doubtful">
<type class="Gene_expression"/>
<theme idref="T15"/>
<clue>We have <clueKT>analyzed</clueKT> the <clueType>expression</clueType> <linkTheme>of</linkTheme> IL-2Ralpha, c-myc, and pim-1 genes <clueLoc>in anti-CD3-activated human T lymphocytes.</clueLoc></clue>
</event>
<event KT="Investigation" id="E12" uncertainty="doubtful">
<type class="Gene_expression"/>
<theme idref="T16"/>
<clue>We have <clueKT>analyzed</clueKT> the <clueType>expression</clueType> <linkTheme>of</linkTheme> IL-2Ralpha, c-myc, and pim-1 genes <clueLoc>in anti-CD3-activated human T lymphocytes.</clueLoc></clue>
</event>
<event KT="Investigation" id="E13" uncertainty="doubtful">
<type class="Gene_expression"/>
<theme idref="T17"/>
<clue>We have <clueKT>analyzed</clueKT> the <clueType>expression</clueType> <linkTheme>of</linkTheme> IL-2Ralpha, c-myc, and pim-1 genes <clueLoc>in anti-CD3-activated human T lymphocytes.</clueLoc></clue>
</event>
<event KT="Other" id="E14">
<type class="Physiological_process"/>
<theme idref="A4"/>
<cause idref="A5"/>
<clue>We have analyzed the expression of IL-2Ralpha, c-myc, and pim-1 genes in anti-CD3-<clueType>activated</clueType> human T lymphocytes.</clue>
</event>
<sentence id="S5">The induction of these genes is associated with <term id="T19" lex="interleukin-2_(IL-2)-induced_T-cell_proliferation" sem="Other"><term id="T20" lex="interleukin-2" sem="Protein_molecule">interleukin-2</term> (<term id="T21" lex="IL-2" sem="Protein_molecule">IL-2</term>)-induced <term id="A6" sem="Cell_natural">T-cell</term> proliferation</term>.</sentence>
<event KT="Other" id="E15">
<type class="Positive_regulation"/>
<theme idref="T15"/>
<clue>The <clueType>induction</clueType> <linkTheme>of</linkTheme> <corefTheme>these genes</corefTheme> is associated with interleukin-2 (IL-2)-induced T-cell proliferation.</clue>
</event>
<event KT="Other" id="E16">
<type class="Positive_regulation"/>
<theme idref="T16"/>
<clue>The <clueType>induction</clueType> <linkTheme>of</linkTheme> <corefTheme>these genes</corefTheme> is associated with interleukin-2 (IL-2)-induced T-cell proliferation.</clue>
</event>
<event KT="Other" id="E17">
<type class="Positive_regulation"/>
<theme idref="T17"/>
<clue>The <clueType>induction</clueType> <linkTheme>of</linkTheme> <corefTheme>these genes</corefTheme> is associated with interleukin-2 (IL-2)-induced T-cell proliferation.</clue>
</event>
<event KT="Other" id="E118">
<type class="Cellular_physiological_process"/>
<theme idref="A6"/>
<clue>The induction of these genes is associated with interleukin-2 (IL-2)-induced T-cell <clueType>proliferation</clueType>.</clue>
</event>
<event KT="Other" id="E119">
<type class="Positive_regulation"/>
<theme idref="E118"/>
<cause idref="T21"/>
<clue>The induction of these genes is associated with interleukin-2 (IL-2)-<clueType>induced</clueType> T-cell proliferation.</clue>
</event>
<event KT="Analysis" id="E19">
<type class="Correlation"/>
<theme idref="E15"/>
<theme idref="E119"/>
<clue>The induction of these genes is <clueType><clueKT>associated</clueKT></clueType> <linkTheme>with</linkTheme> interleukin-2 (IL-2)-induced T-cell proliferation.</clue>
</event>
<event KT="Analysis" id="E20">
<type class="Correlation"/>
<theme idref="E16"/>
<theme idref="E119"/>
<clue>The induction of these genes is <clueType><clueKT>associated</clueKT></clueType> <linkTheme>with</linkTheme> interleukin-2 (IL-2)-induced T-cell proliferation.</clue>
</event>
<event KT="Analysis" id="E21">
<type class="Correlation"/>
<theme idref="E17"/>
<theme idref="E119"/>
<clue>The induction of these genes is <clueType><clueKT>associated</clueKT></clueType> <linkTheme>with</linkTheme> interleukin-2 (IL-2)-induced T-cell proliferation.</clue>
</event>
<sentence id="S6">Treatment of <term id="T22" lex="T_lymphocyte" sem="Cell_natural">T lymphocytes</term> with <term id="T23" lex="IFN-alpha" sem="Protein_molecule">IFN-alpha</term>, <term id="T24" lex="IL-2" sem="Protein_molecule">IL-2</term>, <term id="T25" lex="IL-12" sem="Protein_molecule">IL-12</term>, and <term id="T26" lex="IL-15" sem="Protein_molecule">IL-15</term> upregulated <term id="T27" lex="IL-2Ralpha" sem="Protein_molecule">IL-2Ralpha</term>, <term id="T28" lex="c-myc" sem="DNA_domain_or_region">c-myc</term>, and <term id="T29" lex="pim-1_gene_expression" sem="Other"><term id="T30" lex="pim-1_gene" sem="DNA_domain_or_region">pim-1 gene</term> expression</term>.</sentence>
<event KT="Method" id="E22">
<type class="Artificial_process"/>
<theme idref="T22"/>
<theme idref="T23"/>
<clue><clueType>Treatment</clueType> <linkTheme>of</linkTheme> T lymphocytes <linkTheme>with</linkTheme> IFN-alpha, IL-2, IL-12, and IL-15 upregulated IL-2Ralpha, c-myc, and pim-1 gene expression.</clue>
</event>
<event KT="Method" id="E23">
<type class="Artificial_process"/>
<theme idref="T22"/>
<theme idref="T24"/>
<clue><clueType>Treatment</clueType> <linkTheme>of</linkTheme> T lymphocytes <linkTheme>with</linkTheme> IFN-alpha, IL-2, IL-12, and IL-15 upregulated IL-2Ralpha, c-myc, and pim-1 gene expression.</clue>
</event>
<event KT="Method" id="E24">
<type class="Artificial_process"/>
<theme idref="T22"/>
<theme idref="T25"/>
<clue><clueType>Treatment</clueType> <linkTheme>of</linkTheme> T lymphocytes <linkTheme>with</linkTheme> IFN-alpha, IL-2, IL-12, and IL-15 upregulated IL-2Ralpha, c-myc, and pim-1 gene expression.</clue>
</event>
<event KT="Method" id="E25">
<type class="Artificial_process"/>
<theme idref="T22"/>
<theme idref="T26"/>
<clue><clueType>Treatment</clueType> <linkTheme>of</linkTheme> T lymphocytes <linkTheme>with</linkTheme> IFN-alpha, IL-2, IL-12, and IL-15 upregulated IL-2Ralpha, c-myc, and pim-1 gene expression.</clue>
</event>
<event id="E26">
<type class="Gene_expression"/>
<theme idref="T27"/>
<clue>Treatment of T lymphocytes with IFN-alpha, IL-2, IL-12, and IL-15 upregulated IL-2Ralpha, c-myc, and pim-1 gene <clueType>expression</clueType>.</clue>
</event>
<event id="E27">
<type class="Gene_expression"/>
<theme idref="T28"/>
<clue>Treatment of T lymphocytes with IFN-alpha, IL-2, IL-12, and IL-15 upregulated IL-2Ralpha, c-myc, and pim-1 gene <clueType>expression</clueType>.</clue>
</event>
<event id="E28">
<type class="Gene_expression"/>
<theme idref="T30"/>
<clue>Treatment of T lymphocytes with IFN-alpha, IL-2, IL-12, and IL-15 upregulated IL-2Ralpha, c-myc, and pim-1 gene <clueType>expression</clueType>.</clue>
</event>
<event id="E29">
<type class="Positive_regulation"/>
<theme idref="E26"/>
<cause idref="E22"/>
<clue>Treatment of T lymphocytes with IFN-alpha, IL-2, IL-12, and IL-15 <clueType>upregulated</clueType> IL-2Ralpha, c-myc, and pim-1 gene expression.</clue>
</event>
<event id="E30">
<type class="Positive_regulation"/>
<theme idref="E27"/>
<cause idref="E22"/>
<clue>Treatment of T lymphocytes with IFN-alpha, IL-2, IL-12, and IL-15 <clueType>upregulated</clueType> IL-2Ralpha, c-myc, and pim-1 gene expression.</clue>
</event>
<event id="E31">
<type class="Positive_regulation"/>
<theme idref="E28"/>
<cause idref="E22"/>
<clue>Treatment of T lymphocytes with IFN-alpha, IL-2, IL-12, and IL-15 <clueType>upregulated</clueType> IL-2Ralpha, c-myc, and pim-1 gene expression.</clue>
</event>
<event id="E32">
<type class="Positive_regulation"/>
<theme idref="E26"/>
<cause idref="E23"/>
<clue>Treatment of T lymphocytes with IFN-alpha, IL-2, IL-12, and IL-15 <clueType>upregulated</clueType> IL-2Ralpha, c-myc, and pim-1 gene expression.</clue>
</event>
<event id="E33">
<type class="Positive_regulation"/>
<theme idref="E27"/>
<cause idref="E23"/>
<clue>Treatment of T lymphocytes with IFN-alpha, IL-2, IL-12, and IL-15 <clueType>upregulated</clueType> IL-2Ralpha, c-myc, and pim-1 gene expression.</clue>
</event>
<event id="E34">
<type class="Positive_regulation"/>
<theme idref="E28"/>
<cause idref="E23"/>
<clue>Treatment of T lymphocytes with IFN-alpha, IL-2, IL-12, and IL-15 <clueType>upregulated</clueType> IL-2Ralpha, c-myc, and pim-1 gene expression.</clue>
</event>
<event id="E35">
<type class="Positive_regulation"/>
<theme idref="E26"/>
<cause idref="E24"/>
<clue>Treatment of T lymphocytes with IFN-alpha, IL-2, IL-12, and IL-15 <clueType>upregulated</clueType> IL-2Ralpha, c-myc, and pim-1 gene expression.</clue>
</event>
<event id="E36">
<type class="Positive_regulation"/>
<theme idref="E27"/>
<cause idref="E25"/>
<clue>Treatment of T lymphocytes with IFN-alpha, IL-2, IL-12, and IL-15 <clueType>upregulated</clueType> IL-2Ralpha, c-myc, and pim-1 gene expression.</clue>
</event>
<event id="E37">
<type class="Positive_regulation"/>
<theme idref="E28"/>
<cause idref="E25"/>
<clue>Treatment of T lymphocytes with IFN-alpha, IL-2, IL-12, and IL-15 <clueType>upregulated</clueType> IL-2Ralpha, c-myc, and pim-1 gene expression.</clue>
</event>
<event id="E38">
<type class="Positive_regulation"/>
<theme idref="E26"/>
<cause idref="E25"/>
<clue>Treatment of T lymphocytes with IFN-alpha, IL-2, IL-12, and IL-15 <clueType>upregulated</clueType> IL-2Ralpha, c-myc, and pim-1 gene expression.</clue>
</event>
<event id="E39">
<type class="Positive_regulation"/>
<theme idref="E27"/>
<cause idref="E22"/>
<clue>Treatment of T lymphocytes with IFN-alpha, IL-2, IL-12, and IL-15 <clueType>upregulated</clueType> IL-2Ralpha, c-myc, and pim-1 gene expression.</clue>
</event>
<event id="E40">
<type class="Positive_regulation"/>
<theme idref="E28"/>
<cause idref="E22"/>
<clue>Treatment of T lymphocytes with IFN-alpha, IL-2, IL-12, and IL-15 <clueType>upregulated</clueType> IL-2Ralpha, c-myc, and pim-1 gene expression.</clue>
</event>
<sentence id="S7"><term id="T31" lex="IFN-alpha" sem="Protein_molecule">IFN-alpha</term> also <term id="T32" lex="sensitized_T_cell" sem="Cell_cultured">sensitized <term id="A7" sem="Cell_natural">T cells</term></term> to <term id="T33" lex="IL-2-induced_proliferation" sem="Other"><term id="T34" lex="IL-2" sem="Protein_molecule">IL-2</term>-induced proliferation</term>, further suggesting that <term id="T35" lex="IFN-alpha" sem="Protein_molecule">IFN-alpha</term> may be involved in the regulation of <term id="T36" lex="T-cell_mitogenesis" sem="Other"><term id="A8" sem="Cell_natural">T-cell</term> mitogenesis</term>.</sentence>
<event id="E141">
<type class="Cellular_physiological_process"/>
<theme idref="A7"/>
<clue>IFN-alpha also sensitized T cells to IL-2-induced <clueType>proliferation</clueType>, further suggesting that IFN-alpha may be involved in the regulation of T-cell mitogenesis.</clue>
</event>
<event id="E142">
<type class="Positive_regulation"/>
<theme idref="E141"/>
<cause idref="T34"/>
<clue>IFN-alpha also sensitized T cells to IL-2-<clueType>induced</clueType> proliferation, further suggesting that IFN-alpha may be involved in the regulation of T-cell mitogenesis.</clue>
</event>
<event id="E42">
<type class="Positive_regulation"/>
<theme idref="E142"/>
<cause idref="T31"/>
<clue>IFN-alpha also <clueType>sensitized</clueType> T cells to IL-2-induced proliferation, further suggesting that IFN-alpha may be involved in the regulation of T-cell mitogenesis.</clue>
<comment>SENSITIVITY</comment></event>
<event KT="Other" id="E43">
<type class="Cellular_physiological_process"/>
<theme idref="A8"/>
<clue>IFN-alpha also sensitized T cells to IL-2-induced proliferation, further suggesting that IFN-alpha may be involved in the regulation of T-cell <clueType>mitogenesis</clueType>.</clue>
</event>
<event KT="Other" id="E44">
<type class="Regulation"/>
<theme idref="E43"/>
<clue>IFN-alpha also sensitized T cells to IL-2-induced proliferation, further suggesting that IFN-alpha may be involved in the <clueType>regulation</clueType> <linkTheme>of</linkTheme> T-cell mitogenesis.</clue>
</event>
<event CL="L1" KT="Analysis" id="E45" uncertainty="probable">
<type class="Correlation"/>
<theme idref="E44"/>
<theme idref="E35"/>
<clue>IFN-alpha also sensitized T cells to IL-2-induced proliferation, further <clueKT>suggesting</clueKT> that IFN-alpha <clueCL>may</clueCL> be <clueType>involved</clueType> <linkTheme>in</linkTheme> the regulation of T-cell mitogenesis.</clue>
</event>
<sentence id="S8">When we analyzed the nature of <term id="T37" lex="STAT_protein" sem="Protein_family_or_group">STAT proteins</term> capable of binding to <term id="T38" lex="IL-2Ralpha" sem="DNA_domain_or_region">IL-2Ralpha</term>, <cons id="T39" lex="(AND pim-1_element IRF-1_GAS_element)" sem="(AND DNA_domain_or_region DNA_domain_or_region)"><frag id="F1"><term id="A9" sem="DNA_domain_or_region">pim-1</term></frag>, and <frag id="F2"><term id="A10" sem="DNA_domain_or_region">IRF-1 GAS</term></frag> <frag id="F3">elements</frag></cons> after <term id="T40" lex="cytokine_stimulation" sem="Other"><term id="T41" lex="cytokine" sem="Protein_family_or_group">cytokine</term> stimulation</term>, we observed <term id="T42" lex="IFN-alpha" sem="Protein_molecule">IFN-alpha</term>-induced binding of <term id="T43" lex="STAT1" sem="Protein_molecule">STAT1</term>, <term id="T44" lex="STAT3" sem="Protein_molecule">STAT3</term>, and <term id="T45" lex="STAT4" sem="Protein_molecule">STAT4</term>, but not <term id="T46" lex="STAT5" sem="Protein_molecule">STAT5</term> to all of these elements.</sentence>
<event CL="L2" KT="Analysis" id="E46" uncertainty="doubtful">
<type class="Binding"/>
<theme idref="T37"/>
<theme idref="T38"/>
<clue>When we analyzed the nature of STAT proteins <clueKT><clueCL>capable</clueCL></clueKT> of <clueType>binding</clueType> <linkTheme>to</linkTheme> IL-2Ralpha, pim-1, and IRF-1 GAS elements <clueTime>after cytokine stimulation</clueTime>, we observed IFN-alpha-induced binding of STAT1, STAT3, and STAT4, but not STAT5 to all of these elements.</clue>
<comment>NER:T38 MOD</comment></event>
<event CL="L2" KT="Analysis" id="E47" uncertainty="doubtful">
<type class="Binding"/>
<theme idref="T37"/>
<theme idref="A9"/>
<clue>When we analyzed the nature of STAT proteins <clueKT><clueCL>capable</clueCL></clueKT> of <clueType>binding</clueType> <linkTheme>to</linkTheme> IL-2Ralpha, pim-1, and IRF-1 GAS elements <clueTime>after cytokine stimulation</clueTime>, we observed IFN-alpha-induced binding of STAT1, STAT3, and STAT4, but not STAT5 to all of these elements.</clue>
</event>
<event id="E49">
<type class="Binding"/>
<theme idref="T43"/>
<theme idref="T38"/>
<clue>When we analyzed the nature of STAT proteins capable of binding to IL-2Ralpha, pim-1, and IRF-1 GAS elements after cytokine stimulation, we observed IFN-alpha-induced <clueType>binding</clueType> <linkTheme>of</linkTheme> STAT1, STAT3, and STAT4, but not STAT5 <linkTheme>to</linkTheme> all of <corefTheme idref1="T38">these elements</corefTheme>.</clue>
</event>
<event id="E50">
<type class="Binding"/>
<theme idref="T43"/>
<theme idref="A9"/>
<clue>When we analyzed the nature of STAT proteins capable of binding to IL-2Ralpha, pim-1, and IRF-1 GAS elements after cytokine stimulation, we observed IFN-alpha-induced <clueType>binding</clueType> <linkTheme>of</linkTheme> STAT1, STAT3, and STAT4, but not STAT5 <linkTheme>to</linkTheme> all of <corefTheme idref1="A9">these elements</corefTheme>.</clue>
</event>
<event id="E51">
<type class="Binding"/>
<theme idref="T43"/>
<theme idref="A10"/>
<clue>When we analyzed the nature of STAT proteins capable of binding to IL-2Ralpha, pim-1, and IRF-1 GAS elements after cytokine stimulation, we observed IFN-alpha-induced <clueType>binding</clueType> <linkTheme>of</linkTheme> STAT1, STAT3, and STAT4, but not STAT5 <linkTheme>to</linkTheme> all of <corefTheme idref1="A10">these elements</corefTheme>.</clue>
</event>
<event id="E52">
<type class="Binding"/>
<theme idref="T44"/>
<theme idref="T38"/>
<clue>When we analyzed the nature of STAT proteins capable of binding to IL-2Ralpha, pim-1, and IRF-1 GAS elements after cytokine stimulation, we observed IFN-alpha-induced <clueType>binding</clueType> <linkTheme>of</linkTheme> STAT1, STAT3, and STAT4, but not STAT5 <linkTheme>to</linkTheme> all of <corefTheme idref1="T38">these elements</corefTheme>.</clue>
</event>
<event id="E53">
<type class="Binding"/>
<theme idref="T44"/>
<theme idref="A9"/>
<clue>When we analyzed the nature of STAT proteins capable of binding to IL-2Ralpha, pim-1, and IRF-1 GAS elements after cytokine stimulation, we observed IFN-alpha-induced <clueType>binding</clueType> <linkTheme>of</linkTheme> STAT1, STAT3, and STAT4, but not STAT5 <linkTheme>to</linkTheme> all of <corefTheme idref1="A9">these elements</corefTheme>.</clue>
</event>
<event id="E54">
<type class="Binding"/>
<theme idref="T44"/>
<theme idref="A10"/>
<clue>When we analyzed the nature of STAT proteins capable of binding to IL-2Ralpha, pim-1, and IRF-1 GAS elements after cytokine stimulation, we observed IFN-alpha-induced <clueType>binding</clueType> <linkTheme>of</linkTheme> STAT1, STAT3, and STAT4, but not STAT5 <linkTheme>to</linkTheme> all of <corefTheme idref1="A10">these elements</corefTheme>.</clue>
</event>
<event id="E55">
<type class="Binding"/>
<theme idref="T45"/>
<theme idref="T38"/>
<clue>When we analyzed the nature of STAT proteins capable of binding to IL-2Ralpha, pim-1, and IRF-1 GAS elements after cytokine stimulation, we observed IFN-alpha-induced <clueType>binding</clueType> <linkTheme>of</linkTheme> STAT1, STAT3, and STAT4, but not STAT5 <linkTheme>to</linkTheme> all of <corefTheme idref1="T38">these elements</corefTheme>.</clue>
</event>
<event id="E56">
<type class="Binding"/>
<theme idref="T45"/>
<theme idref="A9"/>
<clue>When we analyzed the nature of STAT proteins capable of binding to IL-2Ralpha, pim-1, and IRF-1 GAS elements after cytokine stimulation, we observed IFN-alpha-induced <clueType>binding</clueType> <linkTheme>of</linkTheme> STAT1, STAT3, and STAT4, but not STAT5 <linkTheme>to</linkTheme> all of <corefTheme idref1="A9">these elements</corefTheme>.</clue>
</event>
<event id="E57">
<type class="Binding"/>
<theme idref="T45"/>
<theme idref="A10"/>
<clue>When we analyzed the nature of STAT proteins capable of binding to IL-2Ralpha, pim-1, and IRF-1 GAS elements after cytokine stimulation, we observed IFN-alpha-induced <clueType>binding</clueType> <linkTheme>of</linkTheme> STAT1, STAT3, and STAT4, but not STAT5 <linkTheme>to</linkTheme> all of <corefTheme idref1="A10">these elements</corefTheme>.</clue>
</event>
<event id="E58">
<type class="Binding"/>
<theme idref="T46"/>
<theme idref="T38"/>
<clue>When we analyzed the nature of STAT proteins capable of binding to IL-2Ralpha, pim-1, and IRF-1 GAS elements after cytokine stimulation, we observed IFN-alpha-induced <clueType>binding</clueType> <linkTheme>of</linkTheme> STAT1, STAT3, and STAT4, but not STAT5 <linkTheme>to</linkTheme> all of <corefTheme idref1="T38">these elements</corefTheme>.</clue>
</event>
<event id="E59">
<type class="Binding"/>
<theme idref="T46"/>
<theme idref="A9"/>
<clue>When we analyzed the nature of STAT proteins capable of binding to IL-2Ralpha, pim-1, and IRF-1 GAS elements after cytokine stimulation, we observed IFN-alpha-induced <clueType>binding</clueType> <linkTheme>of</linkTheme> STAT1, STAT3, and STAT4, but not STAT5 <linkTheme>to</linkTheme> all of <corefTheme idref1="A9">these elements</corefTheme>.</clue>
</event>
<event id="E60">
<type class="Binding"/>
<theme idref="T46"/>
<theme idref="A10"/>
<clue>When we analyzed the nature of STAT proteins capable of binding to IL-2Ralpha, pim-1, and IRF-1 GAS elements after cytokine stimulation, we observed IFN-alpha-induced <clueType>binding</clueType> <linkTheme>of</linkTheme> STAT1, STAT3, and STAT4, but not STAT5 <linkTheme>to</linkTheme> all of <corefTheme idref1="A10">these elements</corefTheme>.</clue>
</event>
<event id="E61">
<type class="Positive_regulation"/>
<theme idref="E49"/>
<cause idref="T42"/>
<clue>When we analyzed the nature of STAT proteins capable of binding to IL-2Ralpha, pim-1, and IRF-1 GAS elements after cytokine stimulation, we <clueKT>observed</clueKT> IFN-alpha-<clueType>induced</clueType> binding of STAT1, STAT3, and STAT4, but not STAT5 to all of these elements.</clue>
</event>
<event id="E62">
<type class="Positive_regulation"/>
<theme idref="E50"/>
<cause idref="T42"/>
<clue>When we analyzed the nature of STAT proteins capable of binding to IL-2Ralpha, pim-1, and IRF-1 GAS elements after cytokine stimulation, we <clueKT>observed</clueKT> IFN-alpha-<clueType>induced</clueType> binding of STAT1, STAT3, and STAT4, but not STAT5 to all of these elements.</clue>
</event>
<event id="E63">
<type class="Positive_regulation"/>
<theme idref="E51"/>
<cause idref="T42"/>
<clue>When we analyzed the nature of STAT proteins capable of binding to IL-2Ralpha, pim-1, and IRF-1 GAS elements after cytokine stimulation, we <clueKT>observed</clueKT> IFN-alpha-<clueType>induced</clueType> binding of STAT1, STAT3, and STAT4, but not STAT5 to all of these elements.</clue>
</event>
<event id="E64">
<type class="Positive_regulation"/>
<theme idref="E52"/>
<cause idref="T42"/>
<clue>When we analyzed the nature of STAT proteins capable of binding to IL-2Ralpha, pim-1, and IRF-1 GAS elements after cytokine stimulation, we <clueKT>observed</clueKT> IFN-alpha-<clueType>induced</clueType> binding of STAT1, STAT3, and STAT4, but not STAT5 to all of these elements.</clue>
</event>
<event id="E65">
<type class="Positive_regulation"/>
<theme idref="E53"/>
<cause idref="T42"/>
<clue>When we analyzed the nature of STAT proteins capable of binding to IL-2Ralpha, pim-1, and IRF-1 GAS elements after cytokine stimulation, we <clueKT>observed</clueKT> IFN-alpha-<clueType>induced</clueType> binding of STAT1, STAT3, and STAT4, but not STAT5 to all of these elements.</clue>
</event>
<event id="E66">
<type class="Positive_regulation"/>
<theme idref="E54"/>
<cause idref="T42"/>
<clue>When we analyzed the nature of STAT proteins capable of binding to IL-2Ralpha, pim-1, and IRF-1 GAS elements after cytokine stimulation, we <clueKT>observed</clueKT> IFN-alpha-<clueType>induced</clueType> binding of STAT1, STAT3, and STAT4, but not STAT5 to all of these elements.</clue>
</event>
<event id="E67">
<type class="Positive_regulation"/>
<theme idref="E55"/>
<cause idref="T42"/>
<clue>When we analyzed the nature of STAT proteins capable of binding to IL-2Ralpha, pim-1, and IRF-1 GAS elements after cytokine stimulation, we <clueKT>observed</clueKT> IFN-alpha-<clueType>induced</clueType> binding of STAT1, STAT3, and STAT4, but not STAT5 to all of these elements.</clue>
</event>
<event id="E68">
<type class="Positive_regulation"/>
<theme idref="E56"/>
<cause idref="T42"/>
<clue>When we analyzed the nature of STAT proteins capable of binding to IL-2Ralpha, pim-1, and IRF-1 GAS elements after cytokine stimulation, we <clueKT>observed</clueKT> IFN-alpha-<clueType>induced</clueType> binding of STAT1, STAT3, and STAT4, but not STAT5 to all of these elements.</clue>
</event>
<event id="E69">
<type class="Positive_regulation"/>
<theme idref="E57"/>
<cause idref="T42"/>
<clue>When we analyzed the nature of STAT proteins capable of binding to IL-2Ralpha, pim-1, and IRF-1 GAS elements after cytokine stimulation, we <clueKT>observed</clueKT> IFN-alpha-<clueType>induced</clueType> binding of STAT1, STAT3, and STAT4, but not STAT5 to all of these elements.</clue>
</event>
<event Polarity="Negative" assertion="non-exist" id="E70">
<type class="Positive_regulation"/>
<theme idref="E58"/>
<cause idref="T42"/>
<clue>When we analyzed the nature of STAT proteins capable of binding to IL-2Ralpha, pim-1, and IRF-1 GAS elements after cytokine stimulation, we <clueKT>observed</clueKT> IFN-alpha-<clueType>induced</clueType> binding of STAT1, STAT3, and STAT4, but <cluePolarity>not</cluePolarity> STAT5 to all of these elements.</clue>
</event>
<event Polarity="Negative" assertion="non-exist" id="E71">
<type class="Positive_regulation"/>
<theme idref="E59"/>
<cause idref="T42"/>
<clue>When we analyzed the nature of STAT proteins capable of binding to IL-2Ralpha, pim-1, and IRF-1 GAS elements after cytokine stimulation, we <clueKT>observed</clueKT> IFN-alpha-<clueType>induced</clueType> binding of STAT1, STAT3, and STAT4, but <cluePolarity>not</cluePolarity> STAT5 to all of these elements.</clue>
</event>
<event Polarity="Negative" assertion="non-exist" id="E72">
<type class="Positive_regulation"/>
<theme idref="E60"/>
<cause idref="T42"/>
<clue>When we analyzed the nature of STAT proteins capable of binding to IL-2Ralpha, pim-1, and IRF-1 GAS elements after cytokine stimulation, we <clueKT>observed</clueKT> IFN-alpha-<clueType>induced</clueType> binding of STAT1, STAT3, and STAT4, but <cluePolarity>not</cluePolarity> STAT5 to all of these elements.</clue>
</event>
<event KT="Other" id="E73">
<type class="Physiological_process"/>
<theme idref="A7"/>
<cause idref="T41"/>
<clue>When we analyzed the nature of STAT proteins capable of binding to IL-2Ralpha, pim-1, and IRF-1 GAS elements after cytokine <clueType>stimulation</clueType>, we observed IFN-alpha-induced binding of STAT1, STAT3, and STAT4, but not STAT5 to all of these elements.</clue>
<comment>NO COREFTHEME</comment></event>
<sentence id="S9">Yet, <term id="T47" lex="IFN-alpha" sem="Protein_molecule">IFN-alpha</term> was able to activate binding of <term id="T48" lex="STAT5" sem="Protein_molecule">STAT5</term> to the high-affinity <term id="A11" sem="DNA_domain_or_region">IFP53 GAS site</term>.</sentence>
<event KT="Other" id="E74">
<type class="Binding"/>
<theme idref="T48"/>
<theme idref="A11"/>
<clue>Yet, IFN-alpha was able to activate <clueType>binding</clueType> <linkTheme>of</linkTheme> STAT5 <linkTheme>to</linkTheme> the high-affinity IFP53 GAS site.</clue>
</event>
<event CL="L2" KT="Analysis" id="E75">
<type class="Positive_regulation"/>
<theme idref="E74"/>
<cause idref="T47"/>
<clue>Yet, IFN-alpha was <clueKT><clueCL>able</clueCL></clueKT> to <clueType>activate</clueType> binding of STAT5 to the high-affinity IFP53 GAS site.</clue>
</event>
<sentence id="S10"><term id="T49" lex="IFN-alpha" sem="Protein_molecule">IFN-alpha</term> enhanced <term id="A19" lex="tyrosine_phosphorylation" sem="Other"><term id="A20" lex="tyrosine" sem="Amino_acid_monomer">tyrosine</term> phosphorylation</term> of <term id="A12" sem="Protein_molecule">STAT1</term>, <term id="T50" lex="STAT3" sem="Protein_molecule">STAT3</term>, <term id="T51" lex="STAT4" sem="Protein_molecule">STAT4</term>, <term id="T52" lex="STAT5a" sem="Protein_molecule">STAT5a</term>, and <term id="T53" lex="STAT5b" sem="Protein_molecule">STAT5b</term>.</sentence>
<event id="E76">
<type class="Protein_amino_acid_phosphorylation"/>
<theme idref="A12"/>
<site idref="A20"/>
<clue>IFN-alpha enhanced tyrosine <clueType>phosphorylation</clueType> <linkTheme>of</linkTheme> STAT1, STAT3, STAT4, STAT5a, and STAT5b.</clue>
</event>
<event id="E77">
<type class="Protein_amino_acid_phosphorylation"/>
<theme idref="T50"/>
<site idref="A20"/>
<clue>IFN-alpha enhanced tyrosine <clueType>phosphorylation</clueType> <linkTheme>of</linkTheme> STAT1, STAT3, STAT4, STAT5a, and STAT5b.</clue>
</event>
<event id="E78">
<type class="Protein_amino_acid_phosphorylation"/>
<theme idref="T51"/>
<site idref="A20"/>
<clue>IFN-alpha enhanced tyrosine <clueType>phosphorylation</clueType> <linkTheme>of</linkTheme> STAT1, STAT3, STAT4, STAT5a, and STAT5b.</clue>
</event>
<event id="E79">
<type class="Protein_amino_acid_phosphorylation"/>
<theme idref="T52"/>
<site idref="A20"/>
<clue>IFN-alpha enhanced tyrosine <clueType>phosphorylation</clueType> <linkTheme>of</linkTheme> STAT1, STAT3, STAT4, STAT5a, and STAT5b.</clue>
</event>
<event id="E80">
<type class="Protein_amino_acid_phosphorylation"/>
<theme idref="T53"/>
<site idref="A20"/>
<clue>IFN-alpha enhanced tyrosine <clueType>phosphorylation</clueType> <linkTheme>of</linkTheme> STAT1, STAT3, STAT4, STAT5a, and STAT5b.</clue>
</event>
<event id="E81">
<type class="Positive_regulation"/>
<theme idref="E76"/>
<cause idref="T49"/>
<clue>IFN-alpha <clueType>enhanced</clueType> tyrosine phosphorylation of STAT1, STAT3, STAT4, STAT5a, and STAT5b.</clue>
</event>
<event id="E82">
<type class="Positive_regulation"/>
<theme idref="E77"/>
<cause idref="T49"/>
<clue>IFN-alpha <clueType>enhanced</clueType> tyrosine phosphorylation of STAT1, STAT3, STAT4, STAT5a, and STAT5b.</clue>
</event>
<event id="E83">
<type class="Positive_regulation"/>
<theme idref="E78"/>
<cause idref="T49"/>
<clue>IFN-alpha <clueType>enhanced</clueType> tyrosine phosphorylation of STAT1, STAT3, STAT4, STAT5a, and STAT5b.</clue>
</event>
<event id="E84">
<type class="Positive_regulation"/>
<theme idref="E79"/>
<cause idref="T49"/>
<clue>IFN-alpha <clueType>enhanced</clueType> tyrosine phosphorylation of STAT1, STAT3, STAT4, STAT5a, and STAT5b.</clue>
</event>
<event id="E85">
<type class="Positive_regulation"/>
<theme idref="E80"/>
<cause idref="T49"/>
<clue>IFN-alpha <clueType>enhanced</clueType> tyrosine phosphorylation of STAT1, STAT3, STAT4, STAT5a, and STAT5b.</clue>
</event>
<sentence id="S11"><term id="T54" lex="IL-12" sem="Protein_molecule">IL-12</term> induced <term id="T55" lex="STAT4" sem="Protein_molecule">STAT4</term> and <term id="T56" lex="IL-2" sem="Protein_molecule">IL-2</term> and <term id="T57" lex="IL-15" sem="Protein_molecule">IL-15</term> induced <term id="T58" lex="STAT5" sem="Protein_molecule">STAT5</term> binding to the <term id="T59" lex="GAS_element" sem="DNA_domain_or_region">GAS elements</term>.</sentence>
<event id="E86">
<type class="Positive_regulation"/>
<theme idref="T55"/>
<cause idref="T54"/>
<clue>IL-12 <clueType>induced</clueType> STAT4 and IL-2 and IL-15 induced STAT5 binding to the GAS elements.</clue>
</event>
<event id="E87">
<type class="Binding"/>
<theme idref="T58"/>
<theme idref="T59"/>
<clue>IL-12 induced STAT4 and IL-2 and IL-15 induced STAT5 <clueType>binding</clueType> <linkTheme>to</linkTheme> the GAS elements.</clue>
</event>
<event id="E88">
<type class="Positive_regulation"/>
<theme idref="E87"/>
<cause idref="T56"/>
<clue>IL-12 induced STAT4 and IL-2 and IL-15 <clueType>induced</clueType> STAT5 binding to the GAS elements.</clue>
</event>
<event id="E89">
<type class="Positive_regulation"/>
<theme idref="E87"/>
<cause idref="T57"/>
<clue>IL-12 induced STAT4 and IL-2 and IL-15 <clueType>induced</clueType> STAT5 binding to the GAS elements.</clue>
</event>
<sentence id="S12">Taken together, our results suggest that <term id="T60" lex="IFN-alpha" sem="Protein_molecule">IFN-alpha</term>, <term id="T61" lex="IL-2" sem="Protein_molecule">IL-2</term>, <term id="T62" lex="IL-12" sem="Protein_molecule">IL-12</term>, and <term id="T63" lex="IL-15" sem="Protein_molecule">IL-15</term> have overlapping activities on <term id="T64" lex="human_T_cell" sem="Cell_natural">human T cells</term>.</sentence>
<event CL="L2" KT="Analysis" id="E93">
<type class="Regulation"/>
<theme idref="T64"/>
<cause idref="T60"/>
<clue>Taken together, our results <clueKT><clueCL>suggest</clueCL></clueKT> that IFN-alpha, IL-2, IL-12, and IL-15 <clueType>have</clueType> overlapping <clueType>activities</clueType> <linkTheme>on</linkTheme> human T cells.</clue>
</event>
<event CL="L2" KT="Analysis" id="E90">
<type class="Regulation"/>
<theme idref="T64"/>
<cause idref="T61"/>
<clue>Taken together, our results <clueKT><clueCL>suggest</clueCL></clueKT> that IFN-alpha, IL-2, IL-12, and IL-15 <clueType>have</clueType> overlapping <clueType>activities</clueType> <linkTheme>on</linkTheme> human T cells.</clue>
</event>
<event CL="L2" KT="Analysis" id="E91">
<type class="Regulation"/>
<theme idref="T64"/>
<cause idref="T62"/>
<clue>Taken together, our results <clueKT><clueCL>suggest</clueCL></clueKT> that IFN-alpha, IL-2, IL-12, and IL-15 <clueType>have</clueType> overlapping <clueType>activities</clueType> <linkTheme>on</linkTheme> human T cells.</clue>
</event>
<event CL="L2" KT="Analysis" id="E92">
<type class="Regulation"/>
<theme idref="T64"/>
<cause idref="T63"/>
<clue>Taken together, our results <clueKT><clueCL>suggest</clueCL></clueKT> that IFN-alpha, IL-2, IL-12, and IL-15 <clueType>have</clueType> overlapping <clueType>activities</clueType> <linkTheme>on</linkTheme> human T cells.</clue>
</event>
<sentence id="S13">These findings thus emphasize the importance of <term id="T65" lex="IFN-alpha" sem="Protein_molecule">IFN-alpha</term> as a <term id="T66" lex="T-cell_regulatory_cytokine" sem="Protein_family_or_group"><term id="A13" sem="Cell_natural">T-cell</term> regulatory cytokine</term>.</sentence>
<event KT="Analysis" id="E94">
<type class="Regulation"/>
<theme idref="A13"/>
<cause idref="T65"/>
<clue>These findings <clueKT>thus</clueKT> <clueKT>emphasize</clueKT> the importance of IFN-alpha as a T-cell <clueType>regulatory</clueType> cytokine.</clue>
</event>
</AbstractText>
</Abstract></Article></MedlineCitation></PubmedArticle></PubmedArticleSet></Annotation>
