<?xml version='1.0'?><!DOCTYPE Annotation PUBLIC "//GENIA//DTD GENIA ANNOTATION EVENT 2.0//EN_Modified" "../ModifiedGENIAtypes/Modified_GENIA_event_20.dtd"><Annotation annotates="http://www.ncbi.nlm.nih.gov/entrez/eutils/efetch.fcgi?db=pubmed&amp;retmode=xml&amp;rettype=medline&amp;id=10079106" created="11/05/2006" creator="Yo Shidahara"><PubmedArticleSet><PubmedArticle><MedlineCitation>
<PMID>10079106</PMID>
<Article>
<ArticleTitle>
<sentence id="S1">Selective activation and functional significance of <term id="T1" lex="p38alpha_mitogen-activated_protein_kinase" sem="Protein_molecule">p38alpha mitogen-activated protein kinase</term> in <term id="T2" lex="lipopolysaccharide-stimulated_neutrophil" sem="Cell_cultured"><term id="T3" lex="lipopolysaccharide" sem="Lipid">lipopolysaccharide</term>-stimulated <term id="A1" sem="Cell_natural">neutrophils</term></term>.</sentence>
<event KT="Investigation" id="E1">
<type class="Positive_regulation"/>
<theme idref="T1"/>
<clue>Selective <clueType>activation</clueType> and functional significance <linkTheme>of</linkTheme> p38alpha mitogen-activated protein kinase <clueLoc>in lipopolysaccharide-stimulated neutrophils</clueLoc>.</clue>
</event>
<event KT="Other" id="E2">
<type class="Physiological_process"/>
<theme idref="A1"/>
<cause idref="T3"/>
<clue>Selective activation and functional significance of p38alpha mitogen-activated protein kinase in lipopolysaccharide-<clueType>stimulated</clueType> neutrophils.</clue>
</event>
</ArticleTitle>
<Abstract>
<AbstractText>
<sentence id="S2">Activation of <term id="T4" lex="leukocyte" sem="Cell_natural">leukocytes</term> by <term id="T5" lex="proinflammatory_stimuli" sem="Other">proinflammatory stimuli</term> selectively initiates <term id="T6" lex="intracellular_signal_transduction" sem="Other">intracellular signal transduction</term> via sequential phosphorylation of <term id="T7" lex="kinase" sem="Protein_family_or_group">kinases</term>.</sentence>
<event KT="Other" id="E3">
<type class="Physiological_process"/>
<theme idref="T4"/>
<cause idref="T5"/>
<clue><clueType>Activation</clueType> <linkTheme>of</linkTheme> leukocytes <linkCause>by</linkCause> proinflammatory stimuli selectively initiates intracellular signal transduction via sequential phosphorylation of kinases.</clue>
</event>
<event KT="Other" id="E4">
<type class="Protein_amino_acid_phosphorylation"/>
<theme idref="T7"/>
<clue>Activation of leukocytes by proinflammatory stimuli selectively initiates intracellular signal transduction via sequential <clueType>phosphorylation</clueType> <linkTheme>of</linkTheme> kinases.</clue>
</event>
<event KT="Fact" id="E5">
<type class="Positive_regulation"/>
<theme idref="E4"/>
<cause idref="E3"/>
<clue>Activation of leukocytes by proinflammatory stimuli selectively <clueType>initiates</clueType> intracellular signal transduction <linkTheme>via</linkTheme> sequential phosphorylation of kinases.</clue>
</event>
<event KT="Other" id="E6">
<type class="Positive_regulation"/>
<theme idref="T6"/>
<cause idref="E5"/>
<clue>Activation of leukocytes by proinflammatory stimuli selectively <clueType>initiates</clueType> intracellular signal transduction <linkCause>via</linkCause> sequential phosphorylation of kinases.</clue>
</event>
<sentence id="S3"><term id="T8" lex="lipopolysaccharide_(LPS)_stimulation" sem="Other"><term id="T9" lex="lipopolysaccharide" sem="Lipid">Lipopolysaccharide</term> (<term id="T10" lex="LPS" sem="Lipid">LPS</term>) stimulation</term> of <term id="T11" lex="human_neutrophil" sem="Cell_natural">human neutrophils</term> is known to result in activation of <term id="T12" lex="p38_mitogen-activated_protein_kinase" sem="Protein_molecule">p38 mitogen-activated protein kinase</term> (<term id="T13" lex="MAPk" sem="Protein_family_or_group">MAPk</term>); however, the <term id="T14" lex="upstream_activator" sem="Protein_family_or_group">upstream activator</term>(s) of <term id="T15" lex="p38_MAPk" sem="Protein_molecule">p38 MAPk</term> is unknown, and consequences of <term id="T16" lex="p38_MAPk_activation" sem="Other"><term id="T17" lex="p38_MAPk" sem="Protein_molecule">p38 MAPk</term> activation</term> remain largely undefined.</sentence>
<event KT="Other" id="E7">
<type class="Physiological_process"/>
<theme idref="T11"/>
<cause idref="T10"/>
<clue>Lipopolysaccharide (LPS) <clueType>stimulation</clueType> <linkTheme>of</linkTheme> human neutrophils is known to result in activation of p38 mitogen-activated protein kinase (MAPk); however, the upstream activator(s) of p38 MAPk is unknown, and consequences of p38 MAPk activation remain largely undefined.</clue>
</event>
<event KT="Other" id="E8">
<type class="Positive_regulation"/>
<theme idref="T12"/>
<clue>Lipopolysaccharide (LPS) stimulation of human neutrophils is known to result in <clueType>activation</clueType> <linkTheme>of</linkTheme> p38 mitogen-activated protein kinase (MAPk); however, the upstream activator(s) of p38 MAPk is unknown, and consequences of p38 MAPk activation remain largely undefined.</clue>
</event>
<event KT="Fact" id="E9">
<type class="Positive_regulation"/>
<theme idref="E8"/>
<cause idref="E7"/>
<clue>Lipopolysaccharide (LPS) stimulation of human neutrophils is <clueKT>known</clueKT> to <clueType>result</clueType> <linkTheme>in</linkTheme> activation of p38 mitogen-activated protein kinase (MAPk); however, the upstream activator(s) of p38 MAPk is unknown, and consequences of p38 MAPk activation remain largely undefined.</clue>
</event>
<sentence id="S4">We investigated the <term id="T18" lex="MAPk_kinase" sem="Protein_family_or_group">MAPk kinase</term> (<term id="T19" lex="MKK" sem="Protein_family_or_group">MKK</term>) that activates <term id="T20" lex="p38_MAPk" sem="Protein_molecule">p38 MAPk</term> in response to <term id="T21" lex="LPS" sem="Lipid">LPS</term>, the <term id="T22" lex="p38_MAPk_isoform" sem="Protein_family_or_group"><term id="T23" lex="p38_MAPk" sem="Protein_molecule">p38 MAPk</term> isoforms</term> that are activated as part of this pathway, and the <term id="A2" sem="Other">functional responses</term> affected by <term id="T24" lex="p38_MAPk_activation" sem="Other"><term id="T25" lex="p38_MAPk" sem="Protein_molecule">p38 MAPk</term> activation</term>.</sentence>
<event KT="Other" id="E10">
<type class="Positive_regulation"/>
<theme idref="T19"/>
<cause idref="T21"/>
<clue>We investigated the MAPk kinase (MKK) that activates p38 MAPk in <clueType>response</clueType> <linkCause>to</linkCause> LPS, the p38 MAPk isoforms that are activated as part of this pathway, and the functional responses affected by p38 MAPk activation.</clue>
</event>
<event KT="Investigation" id="E11" uncertainty="doubtful">
<type class="Positive_regulation"/>
<theme idref="T20"/>
<cause idref="E10"/>
<clue>We <clueKT>investigated</clueKT> the MAPk kinase (MKK) that <clueType>activates</clueType> p38 MAPk <linkCause>in</linkCause> response to LPS, the p38 MAPk isoforms that are activated as part of this pathway, and the functional responses affected by p38 MAPk activation.</clue>
</event>
<event KT="Investigation" id="E12" uncertainty="doubtful">
<type class="Positive_regulation"/>
<theme idref="T22"/>
<clue>We <clueKT>investigated</clueKT> the MAPk kinase (MKK) that activates p38 MAPk in response to LPS, the p38 MAPk isoforms that are <clueType>activated</clueType> as part of this pathway, and the functional responses affected by p38 MAPk activation.</clue>
</event>
<event KT="Other" id="E13">
<type class="Positive_regulation"/>
<theme idref="T25"/>
<clue>We investigated the MAPk kinase (MKK) that activates p38 MAPk in response to LPS, the p38 MAPk isoforms that are activated as part of this pathway, and the functional responses affected by p38 MAPk <clueType>activation</clueType>.</clue>
</event>
<event KT="Investigation" id="E14" uncertainty="doubtful">
<type class="Regulation"/>
<theme idref="A2"/>
<cause idref="E13"/>
<clue>We <clueKT>investigated</clueKT> the MAPk kinase (MKK) that activates p38 MAPk in response to LPS, the p38 MAPk isoforms that are activated as part of this pathway, and the functional responses <clueType>affected</clueType> <linkCause>by</linkCause> p38 MAPk activation.</clue>
</event>
<sentence id="S5">Although <term id="T26" lex="MKK3" sem="Protein_molecule">MKK3</term>, <term id="T27" lex="MKK4" sem="Protein_molecule">MKK4</term>, and <term id="T28" lex="MKK6" sem="Protein_molecule">MKK6</term> all activated <term id="T29" lex="p38_MAPk" sem="Protein_molecule">p38 MAPk</term> in <term id="T30" lex="experimental_model" sem="Other">experimental models</term>, only <term id="T31" lex="MKK3" sem="Protein_molecule">MKK3</term> was found to activate recombinant <term id="T32" lex="p38_MAPk" sem="Protein_molecule">p38 MAPk</term> in <term id="T33" lex="LPS" sem="Lipid">LPS</term>-treated <term id="A3" sem="Cell_natural">neutrophils</term>.</sentence>
<event id="E15">
<type class="Positive_regulation"/>
<theme idref="T29"/>
<cause idref="T26"/>
<clue>Although MKK3, MKK4, and MKK6 all <clueType>activated</clueType> p38 MAPk <clueLoc>in experimental models</clueLoc>, only MKK3 was found to activate recombinant p38 MAPk in LPS-treated neutrophils.</clue>
</event>
<event id="E16">
<type class="Positive_regulation"/>
<theme idref="T29"/>
<cause idref="T27"/>
<clue>Although MKK3, MKK4, and MKK6 all <clueType>activated</clueType> p38 MAPk <clueLoc>in experimental models</clueLoc>, only MKK3 was found to activate recombinant p38 MAPk in LPS-treated neutrophils.</clue>
</event>
<event id="E17">
<type class="Positive_regulation"/>
<theme idref="T29"/>
<cause idref="T28"/>
<clue>Although MKK3, MKK4, and MKK6 all <clueType>activated</clueType> p38 MAPk <clueLoc>in experimental models</clueLoc>, only MKK3 was found to activate recombinant p38 MAPk in LPS-treated neutrophils.</clue>
</event>
<event id="E18">
<type class="Positive_regulation"/>
<theme idref="T32"/>
<cause idref="T31"/>
<clue>Although MKK3, MKK4, and MKK6 all activated p38 MAPk in experimental models, only MKK3 was <clueKT>found</clueKT> to <clueType>activate</clueType> recombinant p38 MAPk <clueLoc>in LPS-treated neutrophils</clueLoc>.</clue>
</event>
<event Polarity="Negative" assertion="non-exist" id="E46">
<type class="Positive_regulation"/>
<theme idref="T32"/>
<cause idref="T27"/>
<clue>Although MKK3, MKK4, and MKK6 all activated p38 MAPk in experimental models, <corefCause><cluePolarity>only</cluePolarity> MKK3</corefCause> was <clueKT>found</clueKT> to <clueType>activate</clueType> recombinant p38 MAPk <clueLoc>in LPS-treated neutrophils</clueLoc>.</clue>
</event>
<event Polarity="Negative" assertion="non-exist" id="E47">
<type class="Positive_regulation"/>
<theme idref="T32"/>
<cause idref="T28"/>
<clue>Although MKK3, MKK4, and MKK6 all activated p38 MAPk in experimental models, <corefCause><cluePolarity>only</cluePolarity> MKK3</corefCause> was <clueKT>found</clueKT> to <clueType>activate</clueType> recombinant p38 MAPk <clueLoc>in LPS-treated neutrophils</clueLoc>.</clue>
</event>
<sentence id="S6">Of <term id="T34" lex="p38_MAPk_isoform" sem="Protein_family_or_group"><term id="T35" lex="p38_MAPk" sem="Protein_molecule">p38 MAPk</term> isoforms</term> studied, only <term id="T36" lex="p38alpha" sem="Protein_molecule">p38alpha</term> and <term id="T37" lex="p38delta" sem="Protein_molecule">p38delta</term> were detected in <term id="T38" lex="neutrophil" sem="Cell_natural">neutrophils</term>.</sentence>
<event id="E19">
<type class="Gene_expression"/>
<theme idref="T36"/>
<clue>Of p38 MAPk isoforms studied, only p38alpha and p38delta were <clueType><clueKT>detected</clueKT></clueType> <clueLoc>in neutrophils</clueLoc>.</clue>
</event>
<event id="E20">
<type class="Gene_expression"/>
<theme idref="T37"/>
<clue>Of p38 MAPk isoforms studied, only p38alpha and p38delta were <clueType><clueKT>detected</clueKT></clueType> <clueLoc>in neutrophils</clueLoc>.</clue>
</event>
<sentence id="S7"><term id="T39" lex="LPS" sem="Lipid">LPS</term> stimulation selectively activated <term id="T40" lex="p38alpha" sem="Protein_molecule">p38alpha</term>.</sentence>
<event id="E21">
<type class="Physiological_process"/>
<theme idref="T38"/>
<cause idref="T39"/>
<clue>LPS <clueType>stimulation</clueType> selectively activated p38alpha.</clue>
<comment>NO corefTheme</comment></event>
<event id="E22">
<type class="Positive_regulation"/>
<theme idref="T40"/>
<cause idref="E21"/>
<clue>LPS stimulation selectively <clueType>activated</clueType> p38alpha.</clue>
</event>
<sentence id="S8">Specific inhibitors of <term id="T41" lex="p38alpha_MAPk" sem="Protein_molecule"><term id="T42" lex="p38alpha" sem="Protein_molecule">p38alpha</term> MAPk</term> blocked <term id="T43" lex="LPS-induced_adhesion" sem="Other"><term id="T44" lex="LPS" sem="Lipid">LPS</term>-induced <term id="A4" sem="Other">adhesion</term></term>, <term id="T45" lex="nuclear_factor-kappa_B_(NF-kappaB)_activation" sem="Other">nuclear factor-kappa B (<term id="T46" lex="NF-kappaB" sem="Protein_complex">NF-kappaB</term>) activation</term>, and synthesis of <term id="T47" lex="tumor_necrosis_factor-alpha" sem="Protein_molecule">tumor necrosis factor-alpha</term> (<term id="T48" lex="TNF-alpha" sem="Protein_molecule">TNF-alpha</term>).</sentence>
<event KT="Other" id="E23">
<type class="Positive_regulation"/>
<theme idref="A4"/>
<cause idref="T44"/>
<clue>Specific inhibitors of p38alpha MAPk blocked LPS-<clueType>induced</clueType> adhesion, nuclear factor-kappa B (NF-kappaB) activation, and synthesis of tumor necrosis factor-alpha (TNF-alpha).</clue>
</event>
<event id="E24">
<type class="Negative_regulation"/>
<theme idref="T41"/>
<clue>Specific <clueType>inhibitors</clueType> <linkTheme>of</linkTheme> p38alpha MAPk blocked LPS-induced adhesion, nuclear factor-kappa B (NF-kappaB) activation, and synthesis of tumor necrosis factor-alpha (TNF-alpha).</clue>
</event>
<event id="E25">
<type class="Negative_regulation"/>
<theme idref="E23"/>
<cause idref="E24"/>
<clue>Specific inhibitors of p38alpha MAPk <clueType>blocked</clueType> LPS-induced adhesion, nuclear factor-kappa B (NF-kappaB) activation, and synthesis of tumor necrosis factor-alpha (TNF-alpha).</clue>
</event>
<event KT="Other" id="E26">
<type class="Positive_regulation"/>
<theme idref="T46"/>
<clue>Specific inhibitors of p38alpha MAPk blocked LPS-induced adhesion, nuclear factor-kappa B (NF-kappaB) <clueType>activation</clueType>, and synthesis of tumor necrosis factor-alpha (TNF-alpha).</clue>
</event>
<event KT="Other" id="E27">
<type class="Gene_expression"/>
<theme idref="T48"/>
<clue>Specific inhibitors of p38alpha MAPk blocked LPS-induced adhesion, nuclear factor-kappa B (NF-kappaB) activation, and <clueType>synthesis</clueType> <linkTheme>of</linkTheme> tumor necrosis factor-alpha (TNF-alpha).</clue>
</event>
<event id="E28">
<type class="Negative_regulation"/>
<theme idref="E26"/>
<cause idref="E24"/>
<clue>Specific inhibitors of p38alpha MAPk <clueType>blocked</clueType> LPS-induced adhesion, nuclear factor-kappa B (NF-kappaB) activation, and synthesis of tumor necrosis factor-alpha (TNF-alpha).</clue>
</event>
<event id="E29">
<type class="Negative_regulation"/>
<theme idref="E27"/>
<cause idref="E24"/>
<clue>Specific inhibitors of p38alpha MAPk <clueType>blocked</clueType> LPS-induced adhesion, nuclear factor-kappa B (NF-kappaB) activation, and synthesis of tumor necrosis factor-alpha (TNF-alpha).</clue>
</event>
<sentence id="S9">Inhibition of <term id="T49" lex="p38alpha_MAPk" sem="Protein_molecule"><term id="T50" lex="p38alpha" sem="Protein_molecule">p38alpha</term> MAPk</term> resulted in a transient decrease in <term id="T51" lex="TNF-alpha_mRNA" sem="RNA_molecule">TNF-alpha mRNA</term> accumulation but persistent loss of <term id="T52" lex="TNF-alpha_synthesis" sem="Other"><term id="T53" lex="TNF-alpha" sem="Protein_molecule">TNF-alpha</term> synthesis</term>.</sentence>
<event id="E30">
<type class="Negative_regulation"/>
<theme idref="T49"/>
<clue><clueType>Inhibition</clueType> <linkTheme>of</linkTheme> p38alpha MAPk resulted in a transient decrease in TNF-alpha mRNA accumulation but persistent loss of TNF-alpha synthesis.</clue>
</event>
<event id="E31">
<type class="RNA_metabolism"/>
<theme idref="T51"/>
<clue>Inhibition of p38alpha MAPk resulted in a transient decrease in TNF-alpha mRNA <clueType>accumulation</clueType> but persistent loss of TNF-alpha synthesis.</clue>
</event>
<event id="E32">
<type class="Negative_regulation"/>
<theme idref="E31"/>
<cause idref="E30"/>
<clue>Inhibition of p38alpha MAPk <clueType>resulted in</clueType> a transient <clueType>decrease</clueType> <linkTheme>in</linkTheme> TNF-alpha mRNA accumulation but persistent loss of TNF-alpha synthesis.</clue>
</event>
<event KT="Other" id="E33">
<type class="Gene_expression"/>
<theme idref="T53"/>
<clue>Inhibition of p38alpha MAPk resulted in a transient decrease in TNF-alpha mRNA accumulation but persistent loss of TNF-alpha <clueType>synthesis</clueType>.</clue>
</event>
<event id="E34">
<type class="Negative_regulation"/>
<theme idref="E33"/>
<cause idref="E30"/>
<clue>Inhibition of p38alpha MAPk <clueType>resulted in</clueType> a transient decrease in TNF-alpha mRNA accumulation but persistent <clueType>loss</clueType> <linkTheme>of</linkTheme> TNF-alpha synthesis.</clue>
</event>
<sentence id="S10">These findings support a pathway by which <term id="T54" lex="LPS_stimulation" sem="Other"><term id="T55" lex="LPS" sem="Lipid">LPS</term> stimulation</term> of <term id="T56" lex="neutrophil" sem="Cell_natural">neutrophils</term> results in activation of <term id="T57" lex="MKK3" sem="Protein_molecule">MKK3</term>, which in turn activates <term id="T58" lex="p38alpha_MAPk" sem="Protein_molecule"><term id="T59" lex="p38alpha" sem="Protein_molecule">p38alpha</term> MAPk</term>, ultimately regulating <term id="A5" sem="Other">adhesion</term>, <term id="T60" lex="NF-kappaB_activatio" sem="Other"><term id="T61" lex="NF-kappaB" sem="Protein_complex">NF-kappaB</term> activation</term>, <term id="T62" lex="enhanced_gene_expression" sem="Other">enhanced gene expression</term> of <term id="T63" lex="TNF-alpha" sem="Protein_molecule">TNF-alpha</term>, and <term id="T64" lex="regulation" sem="Other">regulation</term> of <term id="T65" lex="TNF-alpha_synthesis" sem="Other"><term id="T66" lex="TNF-alpha" sem="Protein_molecule">TNF-alpha</term> synthesis</term>.</sentence>
<event KT="Other" id="E35">
<type class="Physiological_process"/>
<theme idref="T56"/>
<cause idref="T55"/>
<clue>These findings support a pathway by which LPS <clueType>stimulation</clueType> <linkTheme>of</linkTheme> neutrophils results in activation of MKK3, which in turn activates p38alpha MAPk, ultimately regulating adhesion, NF-kappaB activation, enhanced gene expression of TNF-alpha, and regulation of TNF-alpha synthesis.</clue>
</event>
<event KT="Other" id="E36">
<type class="Positive_regulation"/>
<theme idref="T57"/>
<clue>These findings support a pathway by which LPS stimulation of neutrophils results in <clueType>activation</clueType> <linkTheme>of</linkTheme> MKK3, which in turn activates p38alpha MAPk, ultimately regulating adhesion, NF-kappaB activation, enhanced gene expression of TNF-alpha, and regulation of TNF-alpha synthesis.</clue>
</event>
<event KT="Analysis" id="E37">
<type class="Positive_regulation"/>
<theme idref="E36"/>
<cause idref="E35"/>
<clue>These findings <clueKT>support</clueKT> a pathway by which LPS stimulation of neutrophils <clueType>results</clueType> <linkTheme>in</linkTheme> activation of MKK3, which in turn activates p38alpha MAPk, ultimately regulating adhesion, NF-kappaB activation, enhanced gene expression of TNF-alpha, and regulation of TNF-alpha synthesis.</clue>
</event>
<event KT="Other" id="E38">
<type class="Positive_regulation"/>
<theme idref="T58"/>
<cause idref="E37"/>
<clue>These findings support a pathway by which LPS stimulation of neutrophils results in activation of MKK3, <corefCause>which</corefCause> in turn <clueType>activates</clueType> p38alpha MAPk, ultimately regulating adhesion, NF-kappaB activation, enhanced gene expression of TNF-alpha, and regulation of TNF-alpha synthesis.</clue>
</event>
<event KT="Other" id="E39">
<type class="Regulation"/>
<theme idref="A5"/>
<cause idref="E38"/>
<clue>These findings support a pathway by which LPS stimulation of neutrophils results in activation of MKK3, which in turn activates p38alpha MAPk, ultimately <clueType>regulating</clueType> adhesion, NF-kappaB activation, enhanced gene expression of TNF-alpha, and regulation of TNF-alpha synthesis.</clue>
</event>
<event KT="Other" id="E40">
<type class="Positive_regulation"/>
<theme idref="T61"/>
<cause idref="E38"/>
<clue>These findings support a pathway by which LPS stimulation of neutrophils results in activation of MKK3, which in turn activates p38alpha MAPk, ultimately regulating adhesion, NF-kappaB <clueType>activation</clueType>, enhanced gene expression of TNF-alpha, and regulation of TNF-alpha synthesis.</clue>
</event>
<event KT="Other" id="E41">
<type class="Gene_expression"/>
<theme idref="T63"/>
<clue>These findings support a pathway by which LPS stimulation of neutrophils results in activation of MKK3, which in turn activates p38alpha MAPk, ultimately regulating adhesion, NF-kappaB activation, enhanced gene <clueType>expression</clueType> <linkTheme>of</linkTheme> TNF-alpha, and regulation of TNF-alpha synthesis.</clue>
</event>
<event KT="Other" id="E42">
<type class="Positive_regulation"/>
<theme idref="E41"/>
<cause idref="E38"/>
<clue>These findings support a pathway by which LPS stimulation of neutrophils results in activation of MKK3, which in turn activates p38alpha MAPk, ultimately regulating adhesion, NF-kappaB activation, <clueType>enhanced</clueType> gene expression of TNF-alpha, and regulation of TNF-alpha synthesis.</clue>
</event>
<event KT="Other" id="E43">
<type class="Gene_expression"/>
<theme idref="T66"/>
<clue>These findings support a pathway by which LPS stimulation of neutrophils results in activation of MKK3, which in turn activates p38alpha MAPk, ultimately regulating adhesion, NF-kappaB activation, enhanced gene expression of TNF-alpha, and regulation of TNF-alpha <clueType>synthesis</clueType>.</clue>
</event>
<event KT="Other" id="E44">
<type class="Regulation"/>
<theme idref="E43"/>
<cause idref="E38"/>
<clue>These findings support a pathway by which LPS stimulation of neutrophils results in activation of MKK3, which in turn activates p38alpha MAPk, ultimately regulating adhesion, NF-kappaB activation, enhanced gene expression of TNF-alpha, and <clueType>regulation</clueType> <linkTheme>of</linkTheme> TNF-alpha synthesis.</clue>
</event>
</AbstractText>
</Abstract></Article></MedlineCitation></PubmedArticle></PubmedArticleSet></Annotation>
