<?xml version='1.0'?><!DOCTYPE Annotation PUBLIC "//GENIA//DTD GENIA ANNOTATION EVENT 2.0//EN_Modified" "../ModifiedGENIAtypes/Modified_GENIA_event_20.dtd"><Annotation annotates="http://www.ncbi.nlm.nih.gov/entrez/eutils/efetch.fcgi?db=pubmed&amp;retmode=xml&amp;rettype=medline&amp;id=10096561" created="15/05/2006" creator="Yo Shidahara"><PubmedArticleSet><PubmedArticle><MedlineCitation>
<PMID>10096561</PMID>
<Article>
<ArticleTitle>
<sentence id="S1">Stimulation of <term id="T1" lex="CD40" sem="Protein_molecule">CD40</term> on <term id="T2" lex="immunogenic_human_malignant_melanoma" sem="Tissue_natural">immunogenic human malignant melanomas</term> augments their <term id="T4" lex="cytotoxic_T_lymphocyte" sem="Cell_natural">cytotoxic T lymphocyte</term>-mediated <term id="A1" sem="Other">lysis</term> and induces <term id="T5" lex="apoptosis" sem="Other">apoptosis</term>.</sentence>
<event id="E1">
<type class="Positive_regulation"/>
<theme idref="T1"/>
<clue><clueType>Stimulation</clueType> <linkTheme>of</linkTheme> CD40 <clueLoc>on immunogenic human malignant melanomas</clueLoc> augments their cytotoxic T lymphocyte-mediated lysis and induces apoptosis.</clue>
</event>
<event id="E2">
<type class="Positive_regulation"/>
<theme idref="A1"/>
<cause idref="T4"/>
<clue>Stimulation of CD40 on immunogenic human malignant melanomas augments their cytotoxic T lymphocyte-<clueType>mediated</clueType> lysis and induces apoptosis.</clue>
</event>
<event id="E3">
<type class="Positive_regulation"/>
<theme idref="E2"/>
<cause idref="E1"/>
<clue>Stimulation of CD40 on immunogenic human malignant melanomas <clueType>augments</clueType> their cytotoxic T lymphocyte-mediated lysis and induces apoptosis.</clue>
</event>
<event id="E4">
<type class="Positive_regulation"/>
<theme idref="T5"/>
<cause idref="E1"/>
<clue>Stimulation of CD40 on immunogenic human malignant melanomas augments their cytotoxic T lymphocyte-mediated lysis and <clueType>induces</clueType> apoptosis.</clue>
</event>
</ArticleTitle>
<Abstract>
<AbstractText>
<sentence id="S2">Here, we report the functional expression of <term id="T6" lex="CD40" sem="Protein_molecule">CD40</term> on <term id="T7" lex="human_malignant_melanoma" sem="Tissue_natural">human malignant melanomas</term> (<term id="T8" lex="MM" sem="Tissue_natural">MMs</term>).</sentence>
<event KT="Analysis" id="E5">
<type class="Gene_expression"/>
<theme idref="T6"/>
<clue>Here, we <clueKT>report</clueKT> the functional <clueType>expression</clueType> <linkTheme>of</linkTheme> CD40 <clueLoc>on human malignant melanomas (MMs)</clueLoc>.</clue>
</event>
<sentence id="S3">Comparison of <term id="T9" lex="tumor_specimen" sem="Tissue_natural">tumor specimen</term> from <term id="T10" lex="MM_precursor_lesion" sem="Tissue_natural">MM precursor lesions</term>, <term id="T11" lex="primary_tumor" sem="Tissue_natural">primary tumors</term>, and <term id="T12" lex="metastase" sem="Other">metastases</term> revealed that <term id="T13" lex="CD40_surface_expression" sem="Other"><term id="T14" lex="CD40" sem="Protein_molecule">CD40</term> surface expression</term> is down-regulated during <term id="T15" lex="tumor_progression" sem="Other"><term id="A30" sem="Other">tumor</term> progression</term>.</sentence>
<event KT="Other" id="E6">
<type class="Gene_expression"/>
<theme idref="T14"/>
<clue>Comparison of tumor specimen from MM precursor lesions, primary tumors, and metastases revealed that CD40 <clueLoc>surface</clueLoc> <clueType>expression</clueType> is down-regulated during tumor progression.</clue>
</event>
<event KT="Analysis" id="E7">
<type class="Negative_regulation"/>
<theme idref="E6"/>
<clue>Comparison of tumor specimen from MM precursor lesions, primary tumors, and metastases <clueKT>revealed</clueKT> that CD40 surface expression is <clueType>down-regulated</clueType> <clueTime>during tumor progression</clueTime>.</clue>
</event>
<event KT="Other" id="E52">
<type class="Positive_regulation"/>
<theme idref="A30"/>
<clue>Comparison of tumor specimen from MM precursor lesions, primary tumors, and metastases revealed that CD40 surface expression is down-regulated during tumor <clueType>progression</clueType>.</clue>
</event>
<event KT="Other" id="E53">
<type class="Correlation"/>
<theme idref="E7"/>
<theme idref="E50"/>
<clue>Comparison of tumor specimen from MM precursor lesions, primary tumors, and metastases revealed that CD40 surface expression is down-regulated <clueType>during</clueType> tumor progression.</clue>
</event>
<sentence id="S4"><term id="T16" lex="CD40_expression" sem="Other"><term id="T17" lex="CD40" sem="Protein_molecule">CD40</term> expression</term> was confirmed in 7 <term id="T18" lex="human_MM_cell_line" sem="Cell_cultured">human MM cell lines</term> established from <term id="T19" lex="immunogenic_primary_tumor" sem="Tissue_natural">immunogenic <term id="T20" lex="primary_tumor" sem="Tissue_natural">primary tumors</term></term> or <term id="T21" lex="metastase" sem="Other">metastases</term>, whereas 11 <term id="T22" lex="cell_line" sem="Cell_cultured">cell lines</term> established from advanced stages were <term id="T23" lex="CD40_negative" sem="Other"><term id="T24" lex="CD40" sem="Protein_molecule">CD40</term> negative</term>.</sentence>
<event KT="Analysis" id="E8">
<type class="Gene_expression"/>
<theme idref="T17"/>
<clue>CD40 <clueType>expression</clueType> was <clueKT>confirmed</clueKT> <clueLoc>in 7 human MM cell lines established from immunogenic primary tumors or metastases</clueLoc>, whereas 11 cell lines established from advanced stages were CD40 negative.</clue>
</event>
<event Polarity="Negative" assertion="non-exist" id="E9">
<type class="Gene_expression"/>
<theme idref="T24"/>
<clue>CD40 expression was confirmed in 7 human MM cell lines established from immunogenic primary tumors or metastases, whereas <clueLoc>11 cell lines established from advanced stages</clueLoc> were CD40 <clueType><cluePolarity>negative</cluePolarity></clueType>.</clue>
</event>
<sentence id="S5"><term id="T25" lex="CD40_expression" sem="Other"><term id="T26" lex="CD40" sem="Protein_molecule">CD40</term> expression</term> could be enhanced in <term id="T27" lex="CD40-positive_MM" sem="Tissue_natural"><term id="T28" lex="CD40" sem="Protein_molecule">CD40</term>-positive MM</term> by stimulation with <term id="T29" lex="IFN-gamma" sem="Protein_molecule">IFN-gamma</term> and <term id="T30" lex="tumor_necrosis_factor-alpha" sem="Protein_molecule">tumor necrosis factor-alpha</term> but not by <term id="T31" lex="interleukin_(IL)-1beta" sem="Protein_molecule">interleukin (IL)-1beta</term> or <term id="T32" lex="CD40_triggering" sem="Other"><term id="T33" lex="CD40" sem="Protein_molecule">CD40</term> triggering</term>.</sentence>
<event id="E10">
<type class="Gene_expression"/>
<theme idref="T26"/>
<clue>CD40 <clueType>expression</clueType> could be enhanced in CD40-positive MM by stimulation with IFN-gamma and tumor necrosis factor-alpha but not by interleukin (IL)-1beta or CD40 triggering.</clue>
</event>
<event id="E11">
<type class="Positive_regulation"/>
<theme idref="E10"/>
<cause idref="T29"/>
<clue>CD40 expression could be <clueType>enhanced</clueType> <clueLoc>in CD40-positive MM</clueLoc> <linkCause>by stimulation with</linkCause> IFN-gamma and tumor necrosis factor-alpha but not by interleukin (IL)-1beta or CD40 triggering.</clue>
</event>
<event id="E12">
<type class="Positive_regulation"/>
<theme idref="E10"/>
<cause idref="T30"/>
<clue>CD40 expression could be <clueType>enhanced</clueType> <clueLoc>in CD40-positive MM</clueLoc> <linkCause>by stimulation with</linkCause> IFN-gamma and tumor necrosis factor-alpha but not by interleukin (IL)-1beta or CD40 triggering.</clue>
</event>
<event Polarity="Negative" assertion="non-exist" id="E13">
<type class="Positive_regulation"/>
<theme idref="E10"/>
<cause idref="T31"/>
<clue>CD40 expression could be <clueType>enhanced</clueType> <clueLoc>in CD40-positive MM</clueLoc> by stimulation with IFN-gamma and tumor necrosis factor-alpha but <cluePolarity>not</cluePolarity> <linkCause>by</linkCause> interleukin (IL)-1beta or CD40 triggering.</clue>
</event>
<event Polarity="Negative" assertion="non-exist" id="E14">
<type class="Positive_regulation"/>
<theme idref="E10"/>
<cause idref="T33"/>
<clue>CD40 expression could be <clueType>enhanced</clueType> <clueLoc>in CD40-positive MM</clueLoc> by stimulation with IFN-gamma and tumor necrosis factor-alpha but <cluePolarity>not</cluePolarity> <linkCause>by</linkCause> interleukin (IL)-1beta or CD40 triggering.</clue>
</event>
<sentence id="S6"><term id="T34" lex="CD40_ligation" sem="Other"><term id="T35" lex="CD40" sem="Protein_molecule">CD40</term> ligation</term> on <term id="T36" lex="MM" sem="Tissue_natural">MM</term> by <term id="T37" lex="CD40L-transfected_murine_L-cell" sem="Cell_cultured"><term id="T38" lex="CD40L" sem="Protein_molecule">CD40L</term>-transfected murine L-cells</term> or by a soluble <term id="T39" lex="CD40L_fusion_protein" sem="Protein_molecule"><term id="T40" lex="CD40L" sem="Protein_molecule">CD40L</term> fusion protein</term> up-regulated their expression of <term id="T41" lex="intercellular_adhesion_molecule-1" sem="Protein_molecule">intercellular adhesion molecule-1</term> and <cons id="T42" lex="(AND MHC_class_I_molecule MHC_class_II_molecule)" sem="(AND Protein_family_or_group Protein_family_or_group)"><frag id="F1"><term id="A2" sem="Protein_family_or_group">MHC</term></frag> <frag id="F2"><term id="A3" sem="Protein_family_or_group">class I</term></frag> and <frag id="F3"><term id="A4" sem="Protein_family_or_group">class II</term></frag> <frag id="F4"><term id="A5" sem="Protein_family_or_group">molecules</term></frag></cons> and their secretion of <term id="T43" lex="IL-6" sem="Protein_molecule">IL-6</term>, <term id="T44" lex="IL-8" sem="Protein_molecule">IL-8</term>, <term id="T45" lex="tumor_necrosis_factor-a" sem="Protein_molecule">tumor necrosis factor-a</term>, and <term id="T46" lex="granulocyte_macrophage_colony-stimulating_factor" sem="Protein_molecule">granulocyte macrophage colony-stimulating factor</term> and also induced a rapid activation of the <term id="T47" lex="transcription_factor" sem="Protein_family_or_group">transcription factor</term> <term id="T48" lex="nuclear_factor_kappaB" sem="Protein_complex">nuclear factor kappaB</term>.</sentence>
<event id="E15">
<type class="Cell_adhesion"/>
<theme idref="T35"/>
<theme idref="T37"/>
<clue>CD40 <clueType>ligation</clueType> <clueLoc>on MM</clueLoc> <linkTheme>by</linkTheme> CD40L-transfected murine L-cells or by a soluble CD40L fusion protein up-regulated their expression of intercellular adhesion molecule-1 and MHC class I and class II molecules and their secretion of IL-6, IL-8, tumor necrosis factor-a, and granulocyte macrophage colony-stimulating factor and also induced a rapid activation of the transcription factor nuclear factor kappaB.</clue>
</event>
<event id="E16">
<type class="Binding"/>
<theme idref="T35"/>
<theme idref="T39"/>
<clue>CD40 <clueType>ligation</clueType> <clueLoc>on MM</clueLoc> by CD40L-transfected murine L-cells or <linkTheme>by</linkTheme> a soluble CD40L fusion protein up-regulated their expression of intercellular adhesion molecule-1 and MHC class I and class II molecules and their secretion of IL-6, IL-8, tumor necrosis factor-a, and granulocyte macrophage colony-stimulating factor and also induced a rapid activation of the transcription factor nuclear factor kappaB.</clue>
</event>
<event id="E17">
<type class="Gene_expression"/>
<theme idref="T41"/>
<clue>CD40 ligation on MM by CD40L-transfected murine L-cells or by a soluble CD40L fusion protein up-regulated their <clueType>expression</clueType> <linkTheme>of</linkTheme> intercellular adhesion molecule-1 and MHC class I and class II molecules and their secretion of IL-6, IL-8, tumor necrosis factor-a, and granulocyte macrophage colony-stimulating factor and also induced a rapid activation of the transcription factor nuclear factor kappaB.</clue>
</event>
<event id="E18">
<type class="Gene_expression"/>
<theme idref="A2" idref1="A3" idref2="A5"/>
<clue>CD40 ligation on MM by CD40L-transfected murine L-cells or by a soluble CD40L fusion protein up-regulated their <clueType>expression</clueType> <linkTheme>of</linkTheme> intercellular adhesion molecule-1 and MHC class I and class II molecules and their secretion of IL-6, IL-8, tumor necrosis factor-a, and granulocyte macrophage colony-stimulating factor and also induced a rapid activation of the transcription factor nuclear factor kappaB.</clue>
</event>
<event id="E19">
<type class="Gene_expression"/>
<theme idref="A2" idref1="A4" idref2="A5"/>
<clue>CD40 ligation on MM by CD40L-transfected murine L-cells or by a soluble CD40L fusion protein up-regulated their <clueType>expression</clueType> <linkTheme>of</linkTheme> intercellular adhesion molecule-1 and MHC class I and class II molecules and their secretion of IL-6, IL-8, tumor necrosis factor-a, and granulocyte macrophage colony-stimulating factor and also induced a rapid activation of the transcription factor nuclear factor kappaB.</clue>
</event>
<event id="E20">
<type class="Localization"/>
<theme idref="T43"/>
<clue>CD40 ligation on MM by CD40L-transfected murine L-cells or by a soluble CD40L fusion protein up-regulated their expression of intercellular adhesion molecule-1 and MHC class I and class II molecules and their <clueType>secretion</clueType> <linkTheme>of</linkTheme> IL-6, IL-8, tumor necrosis factor-a, and granulocyte macrophage colony-stimulating factor and also induced a rapid activation of the transcription factor nuclear factor kappaB.</clue>
</event>
<event id="E21">
<type class="Localization"/>
<theme idref="T44"/>
<clue>CD40 ligation on MM by CD40L-transfected murine L-cells or by a soluble CD40L fusion protein up-regulated their expression of intercellular adhesion molecule-1 and MHC class I and class II molecules and their <clueType>secretion</clueType> <linkTheme>of</linkTheme> IL-6, IL-8, tumor necrosis factor-a, and granulocyte macrophage colony-stimulating factor and also induced a rapid activation of the transcription factor nuclear factor kappaB.</clue>
</event>
<event id="E22">
<type class="Localization"/>
<theme idref="T45"/>
<clue>CD40 ligation on MM by CD40L-transfected murine L-cells or by a soluble CD40L fusion protein up-regulated their expression of intercellular adhesion molecule-1 and MHC class I and class II molecules and their <clueType>secretion</clueType> <linkTheme>of</linkTheme> IL-6, IL-8, tumor necrosis factor-a, and granulocyte macrophage colony-stimulating factor and also induced a rapid activation of the transcription factor nuclear factor kappaB.</clue>
</event>
<event id="E23">
<type class="Localization"/>
<theme idref="T46"/>
<clue>CD40 ligation on MM by CD40L-transfected murine L-cells or by a soluble CD40L fusion protein up-regulated their expression of intercellular adhesion molecule-1 and MHC class I and class II molecules and their <clueType>secretion</clueType> <linkTheme>of</linkTheme> IL-6, IL-8, tumor necrosis factor-a, and granulocyte macrophage colony-stimulating factor and also induced a rapid activation of the transcription factor nuclear factor kappaB.</clue>
</event>
<event id="E24">
<type class="Positive_regulation"/>
<theme idref="E17"/>
<cause idref="E15"/>
<clue>CD40 ligation on MM by CD40L-transfected murine L-cells or by a soluble CD40L fusion protein <clueType>up-regulated</clueType> their expression of intercellular adhesion molecule-1 and MHC class I and class II molecules and their secretion of IL-6, IL-8, tumor necrosis factor-a, and granulocyte macrophage colony-stimulating factor and also induced a rapid activation of the transcription factor nuclear factor kappaB.</clue>
</event>
<event id="E25">
<type class="Positive_regulation"/>
<theme idref="E17"/>
<cause idref="E16"/>
<clue>CD40 ligation on MM by CD40L-transfected murine L-cells or by a soluble CD40L fusion protein <clueType>up-regulated</clueType> their expression of intercellular adhesion molecule-1 and MHC class I and class II molecules and their secretion of IL-6, IL-8, tumor necrosis factor-a, and granulocyte macrophage colony-stimulating factor and also induced a rapid activation of the transcription factor nuclear factor kappaB.</clue>
</event>
<event id="E26">
<type class="Positive_regulation"/>
<theme idref="E18"/>
<cause idref="E15"/>
<clue>CD40 ligation on MM by CD40L-transfected murine L-cells or by a soluble CD40L fusion protein <clueType>up-regulated</clueType> their expression of intercellular adhesion molecule-1 and MHC class I and class II molecules and their secretion of IL-6, IL-8, tumor necrosis factor-a, and granulocyte macrophage colony-stimulating factor and also induced a rapid activation of the transcription factor nuclear factor kappaB.</clue>
</event>
<event id="E27">
<type class="Positive_regulation"/>
<theme idref="E18"/>
<cause idref="E16"/>
<clue>CD40 ligation on MM by CD40L-transfected murine L-cells or by a soluble CD40L fusion protein <clueType>up-regulated</clueType> their expression of intercellular adhesion molecule-1 and MHC class I and class II molecules and their secretion of IL-6, IL-8, tumor necrosis factor-a, and granulocyte macrophage colony-stimulating factor and also induced a rapid activation of the transcription factor nuclear factor kappaB.</clue>
</event>
<event id="E28">
<type class="Positive_regulation"/>
<theme idref="E19"/>
<cause idref="E15"/>
<clue>CD40 ligation on MM by CD40L-transfected murine L-cells or by a soluble CD40L fusion protein <clueType>up-regulated</clueType> their expression of intercellular adhesion molecule-1 and MHC class I and class II molecules and their secretion of IL-6, IL-8, tumor necrosis factor-a, and granulocyte macrophage colony-stimulating factor and also induced a rapid activation of the transcription factor nuclear factor kappaB.</clue>
</event>
<event id="E29">
<type class="Positive_regulation"/>
<theme idref="E19"/>
<cause idref="E16"/>
<clue>CD40 ligation on MM by CD40L-transfected murine L-cells or by a soluble CD40L fusion protein <clueType>up-regulated</clueType> their expression of intercellular adhesion molecule-1 and MHC class I and class II molecules and their secretion of IL-6, IL-8, tumor necrosis factor-a, and granulocyte macrophage colony-stimulating factor and also induced a rapid activation of the transcription factor nuclear factor kappaB.</clue>
</event>
<event id="E30">
<type class="Positive_regulation"/>
<theme idref="E20"/>
<cause idref="E15"/>
<clue>CD40 ligation on MM by CD40L-transfected murine L-cells or by a soluble CD40L fusion protein <clueType>up-regulated</clueType> their expression of intercellular adhesion molecule-1 and MHC class I and class II molecules and their secretion of IL-6, IL-8, tumor necrosis factor-a, and granulocyte macrophage colony-stimulating factor and also induced a rapid activation of the transcription factor nuclear factor kappaB.</clue>
</event>
<event id="E31">
<type class="Positive_regulation"/>
<theme idref="E20"/>
<cause idref="E16"/>
<clue>CD40 ligation on MM by CD40L-transfected murine L-cells or by a soluble CD40L fusion protein <clueType>up-regulated</clueType> their expression of intercellular adhesion molecule-1 and MHC class I and class II molecules and their secretion of IL-6, IL-8, tumor necrosis factor-a, and granulocyte macrophage colony-stimulating factor and also induced a rapid activation of the transcription factor nuclear factor kappaB.</clue>
</event>
<event id="E32">
<type class="Positive_regulation"/>
<theme idref="E21"/>
<cause idref="E15"/>
<clue>CD40 ligation on MM by CD40L-transfected murine L-cells or by a soluble CD40L fusion protein <clueType>up-regulated</clueType> their expression of intercellular adhesion molecule-1 and MHC class I and class II molecules and their secretion of IL-6, IL-8, tumor necrosis factor-a, and granulocyte macrophage colony-stimulating factor and also induced a rapid activation of the transcription factor nuclear factor kappaB.</clue>
</event>
<event id="E33">
<type class="Positive_regulation"/>
<theme idref="E21"/>
<cause idref="E16"/>
<clue>CD40 ligation on MM by CD40L-transfected murine L-cells or by a soluble CD40L fusion protein <clueType>up-regulated</clueType> their expression of intercellular adhesion molecule-1 and MHC class I and class II molecules and their secretion of IL-6, IL-8, tumor necrosis factor-a, and granulocyte macrophage colony-stimulating factor and also induced a rapid activation of the transcription factor nuclear factor kappaB.</clue>
</event>
<event id="E34">
<type class="Positive_regulation"/>
<theme idref="E22"/>
<cause idref="E15"/>
<clue>CD40 ligation on MM by CD40L-transfected murine L-cells or by a soluble CD40L fusion protein <clueType>up-regulated</clueType> their expression of intercellular adhesion molecule-1 and MHC class I and class II molecules and their secretion of IL-6, IL-8, tumor necrosis factor-a, and granulocyte macrophage colony-stimulating factor and also induced a rapid activation of the transcription factor nuclear factor kappaB.</clue>
</event>
<event id="E35">
<type class="Positive_regulation"/>
<theme idref="E22"/>
<cause idref="E16"/>
<clue>CD40 ligation on MM by CD40L-transfected murine L-cells or by a soluble CD40L fusion protein <clueType>up-regulated</clueType> their expression of intercellular adhesion molecule-1 and MHC class I and class II molecules and their secretion of IL-6, IL-8, tumor necrosis factor-a, and granulocyte macrophage colony-stimulating factor and also induced a rapid activation of the transcription factor nuclear factor kappaB.</clue>
</event>
<event id="E36">
<type class="Positive_regulation"/>
<theme idref="E23"/>
<cause idref="E15"/>
<clue>CD40 ligation on MM by CD40L-transfected murine L-cells or by a soluble CD40L fusion protein <clueType>up-regulated</clueType> their expression of intercellular adhesion molecule-1 and MHC class I and class II molecules and their secretion of IL-6, IL-8, tumor necrosis factor-a, and granulocyte macrophage colony-stimulating factor and also induced a rapid activation of the transcription factor nuclear factor kappaB.</clue>
</event>
<event id="E37">
<type class="Positive_regulation"/>
<theme idref="E23"/>
<cause idref="E16"/>
<clue>CD40 ligation on MM by CD40L-transfected murine L-cells or by a soluble CD40L fusion protein <clueType>up-regulated</clueType> their expression of intercellular adhesion molecule-1 and MHC class I and class II molecules and their secretion of IL-6, IL-8, tumor necrosis factor-a, and granulocyte macrophage colony-stimulating factor and also induced a rapid activation of the transcription factor nuclear factor kappaB.</clue>
</event>
<event Manner="High" id="E38">
<type class="Positive_regulation"/>
<theme idref="T48"/>
<clue>CD40 ligation on MM by CD40L-transfected murine L-cells or by a soluble CD40L fusion protein up-regulated their expression of intercellular adhesion molecule-1 and MHC class I and class II molecules and their secretion of IL-6, IL-8, tumor necrosis factor-a, and granulocyte macrophage colony-stimulating factor and also induced a <clueManner>rapid</clueManner> <clueType>activation</clueType> <linkTheme>of</linkTheme> the transcription factor nuclear factor kappaB.</clue>
</event>
<event id="E39">
<type class="Positive_regulation"/>
<theme idref="E38"/>
<cause idref="E15"/>
<clue>CD40 ligation on MM by CD40L-transfected murine L-cells or by a soluble CD40L fusion protein up-regulated their expression of intercellular adhesion molecule-1 and MHC class I and class II molecules and their secretion of IL-6, IL-8, tumor necrosis factor-a, and granulocyte macrophage colony-stimulating factor and also <clueType>induced</clueType> a rapid activation of the transcription factor nuclear factor kappaB.</clue>
</event>
<event id="E40">
<type class="Positive_regulation"/>
<theme idref="E38"/>
<cause idref="E16"/>
<clue>CD40 ligation on MM by CD40L-transfected murine L-cells or by a soluble CD40L fusion protein up-regulated their expression of intercellular adhesion molecule-1 and MHC class I and class II molecules and their secretion of IL-6, IL-8, tumor necrosis factor-a, and granulocyte macrophage colony-stimulating factor and also <clueType>induced</clueType> a rapid activation of the transcription factor nuclear factor kappaB.</clue>
</event>
<sentence id="S7">Furthermore, <term id="T49" lex="CD40_ligation" sem="Other"><term id="T50" lex="CD40" sem="Protein_molecule">CD40</term> ligation</term> of a <term id="T51" lex="HLA-A2+,_MelanA/MART1+_MM_cell_line" sem="Cell_cultured">HLA-A2+, MelanA/MART1+ <term id="T52" lex="MM" sem="Tissue_natural">MM</term> cell line</term> enhanced its susceptibility to specific lysis by a <term id="T53" lex="HLA-A2-restricted,_MelanA/MART-1-specific_CTL_clone" sem="Cell_cultured">HLA-A2-restricted, MelanA/MART-1-specific CTL clone</term>.</sentence>
<event id="E41">
<type class="Binding"/>
<theme idref="T50"/>
<clue>Furthermore, CD40 <clueType>ligation</clueType> of a <clueLoc>HLA-A2+, MelanA/MART1+ MM cell line</clueLoc> enhanced its susceptibility to specific lysis by a HLA-A2-restricted, MelanA/MART-1-specific CTL clone.</clue>
</event>
<event id="E42">
<type class="Cellular_physiological_process"/>
<cause idref="T53"/>
<clue>Furthermore, CD40 ligation of a HLA-A2+, MelanA/MART1+ MM cell line enhanced its susceptibility to specific <clueType>lysis</clueType> <linkCause>by</linkCause> a HLA-A2-restricted, MelanA/MART-1-specific CTL clone.</clue>
</event>
<event id="E43">
<type class="Positive_regulation"/>
<theme idref="E42"/>
<cause idref="E41"/>
<clue>Furthermore, CD40 ligation of a HLA-A2+, MelanA/MART1+ MM cell line <clueType>enhanced</clueType> its <clueType>susceptibility</clueType> <linkTheme>to</linkTheme> specific lysis by a HLA-A2-restricted, MelanA/MART-1-specific CTL clone.</clue>
<comment>SUSCEPTIBILITY</comment></event>
<sentence id="S8">Finally, <term id="T54" lex="CD40_ligation" sem="Other"><term id="T55" lex="CD40" sem="Protein_molecule">CD40</term> ligation</term> induced <term id="A6" sem="Other">growth</term> inhibition and <term id="T57" lex="apoptosis" sem="Other">apoptosis</term> in <term id="T58" lex="MM" sem="Tissue_natural">MM</term>.</sentence>
<event id="E44">
<type class="Binding"/>
<theme idref="T55"/>
<clue>Finally, CD40 <clueType>ligation</clueType> induced growth inhibition and apoptosis in MM.</clue>
</event>
<event id="E45">
<type class="Negative_regulation"/>
<theme idref="A6"/>
<clue>Finally, CD40 ligation induced growth <clueType>inhibition</clueType> and apoptosis in MM.</clue>
</event>
<event id="E46">
<type class="Positive_regulation"/>
<theme idref="E45"/>
<cause idref="E44"/>
<clue>Finally, CD40 ligation <clueType>induced</clueType> growth inhibition and apoptosis <clueLoc>in MM</clueLoc>.</clue>
</event>
<event id="E47">
<type class="Positive_regulation"/>
<theme idref="T57"/>
<cause idref="E44"/>
<clue>Finally, CD40 ligation <clueType>induced</clueType> growth inhibition and apoptosis <clueLoc>in MM</clueLoc>.</clue>
</event>
<sentence id="S9">These results indicate that <term id="T59" lex="CD40-CD40L_interaction" sem="Other"><term id="T60" lex="CD40" sem="Protein_molecule">CD40</term>-<term id="T61" lex="CD40L" sem="Protein_molecule">CD40L</term> interactions</term> may play an important role in augmenting <term id="T62" lex="antitumor_immunity" sem="Other">antitumor immunity</term> and inducing <term id="T63" lex="apoptosis" sem="Other">apoptosis</term> in some <term id="T64" lex="CD40-positive_immunogenic_human_MM" sem="Tissue_natural"><term id="T65" lex="CD40" sem="Protein_molecule">CD40</term>-positive immunogenic human <term id="T66" lex="MM" sem="Tissue_natural">MMs</term></term>.</sentence>
<event KT="Other" id="E48">
<type class="Binding"/>
<theme idref="T60"/>
<theme idref="T61"/>
<clue>These results indicate that CD40-CD40L <clueType>interactions</clueType> may play an important role in augmenting antitumor immunity and inducing apoptosis in some CD40-positive immunogenic human MMs.</clue>
</event>
<event KT="Other" id="E49">
<type class="Positive_regulation"/>
<theme idref="T62"/>
<clue>These results indicate that CD40-CD40L interactions may play an important role in <clueType>augmenting</clueType> antitumor immunity and inducing apoptosis in some CD40-positive immunogenic human MMs.</clue>
</event>
<event KT="Other" id="E50" uncertainty="probable">
<type class="Positive_regulation"/>
<theme idref="T63"/>
<clue>These results indicate that CD40-CD40L interactions may play an important role in augmenting antitumor immunity and <clueType>inducing</clueType> apoptosis in some CD40-positive immunogenic human MMs.</clue>
</event>
<event CL="L1" KT="Analysis" id="E51" uncertainty="probable">
<type class="Positive_regulation"/>
<theme idref="E49"/>
<cause idref="E48"/>
<clue>These results <clueKT>indicate</clueKT> that CD40-CD40L interactions <clueCL>may</clueCL> <clueType>play</clueType> an important <clueType>role</clueType> <linkTheme>in</linkTheme> augmenting antitumor immunity and inducing apoptosis <clueLoc>in some CD40-positive immunogenic human MMs</clueLoc>.</clue>
</event>
</AbstractText>
</Abstract></Article></MedlineCitation></PubmedArticle></PubmedArticleSet></Annotation>
