<?xml version='1.0'?><!DOCTYPE Annotation PUBLIC "//GENIA//DTD GENIA ANNOTATION EVENT 2.0//EN_Modified" "../ModifiedGENIAtypes/Modified_GENIA_event_20.dtd"><Annotation annotates="http://www.ncbi.nlm.nih.gov/entrez/eutils/efetch.fcgi?db=pubmed&amp;retmode=xml&amp;rettype=medline&amp;id=10101001" created="15/05/2006" creator="Yo Shidahara"><PubmedArticleSet><PubmedArticle><MedlineCitation>
<PMID>10101001</PMID>
<Article>
<ArticleTitle>
<sentence id="S1">Essential role of <term id="T1" lex="alveolar_macrophage" sem="Cell_natural">alveolar macrophages</term> in <term id="T2" lex="intrapulmonary_activation" sem="Other">intrapulmonary activation</term> of <term id="T3" lex="NF-kappaB" sem="Protein_complex">NF-kappaB</term>.</sentence>
<event KT="Other" id="E1">
<type class="Positive_regulation"/>
<theme idref="T3"/>
<clue>Essential role of alveolar macrophages in <clueLoc>intrapulmonary</clueLoc> <clueType>activation</clueType> <linkTheme>of</linkTheme> NF-kappaB.</clue>
</event>
<event KT="Investigation" id="E2">
<type class="Positive_regulation"/>
<theme idref="E1"/>
<cause idref="T1"/>
<clue>Essential <clueType>role</clueType> <linkCause>of</linkCause> alveolar macrophages <linkTheme>in</linkTheme> intrapulmonary activation of NF-kappaB.</clue>
</event>
</ArticleTitle>
<Abstract>
<AbstractText>
<sentence id="S2"><term id="T4" lex="acute_inflammatory_injury" sem="Other">Acute inflammatory injury</term> in <term id="T5" lex="rat_lung" sem="Body_region">rat lung</term> induced by deposition of <term id="T6" lex="immunoglobulin_G_immune_complex" sem="Protein_complex">immunoglobulin G immune complexes</term> requires expression of <term id="T7" lex="cytokine" sem="Protein_family_or_group">cytokines</term> and <term id="T8" lex="chemokine" sem="Protein_family_or_group">chemokines</term> as well as activation of the <term id="T9" lex="transcription_factor" sem="Protein_family_or_group">transcription factor</term> <term id="T10" lex="nuclear_factor_(NF)-kappaB" sem="Protein_complex">nuclear factor (NF)-kappaB</term>.</sentence>
<event KT="Other" id="E3">
<type class="Localization"/>
<theme idref="T6"/>
<clue>Acute inflammatory injury in rat lung induced by <clueType>deposition</clueType> <linkTheme>of</linkTheme> immunoglobulin G immune complexes requires expression of cytokines and chemokines as well as activation of the transcription factor nuclear factor (NF)-kappaB.</clue>
</event>
<event KT="Other" id="E4">
<type class="Positive_regulation"/>
<theme idref="T4"/>
<cause idref="E3"/>
<clue>Acute inflammatory injury <clueLoc>in rat lung</clueLoc> <clueType>induced</clueType> <linkCause>by</linkCause> deposition of immunoglobulin G immune complexes requires expression of cytokines and chemokines as well as activation of the transcription factor nuclear factor (NF)-kappaB.</clue>
</event>
<event KT="Other" id="E5">
<type class="Gene_expression"/>
<theme idref="T7"/>
<clue>Acute inflammatory injury in rat lung induced by deposition of immunoglobulin G immune complexes requires <clueType>expression</clueType> <linkTheme>of</linkTheme> cytokines and chemokines as well as activation of the transcription factor nuclear factor (NF)-kappaB.</clue>
</event>
<event KT="Other" id="E6">
<type class="Gene_expression"/>
<theme idref="T8"/>
<clue>Acute inflammatory injury in rat lung induced by deposition of immunoglobulin G immune complexes requires <clueType>expression</clueType> <linkTheme>of</linkTheme> cytokines and chemokines as well as activation of the transcription factor nuclear factor (NF)-kappaB.</clue>
</event>
<event KT="Other" id="E7">
<type class="Positive_regulation"/>
<theme idref="T10"/>
<clue>Acute inflammatory injury in rat lung induced by deposition of immunoglobulin G immune complexes requires expression of cytokines and chemokines as well as <clueType>activation</clueType> <linkTheme>of</linkTheme> the transcription factor nuclear factor (NF)-kappaB.</clue>
</event>
<event KT="Fact" id="E8">
<type class="Correlation"/>
<theme idref="E4"/>
<theme idref="E5"/>
<clue>Acute inflammatory injury in rat lung induced by deposition of immunoglobulin G immune complexes <clueType>requires</clueType> expression of cytokines and chemokines as well as activation of the transcription factor nuclear factor (NF)-kappaB.</clue>
</event>
<event KT="Fact" id="E9">
<type class="Correlation"/>
<theme idref="E4"/>
<theme idref="E6"/>
<clue>Acute inflammatory injury in rat lung induced by deposition of immunoglobulin G immune complexes <clueType>requires</clueType> expression of cytokines and chemokines as well as activation of the transcription factor nuclear factor (NF)-kappaB.</clue>
</event>
<event KT="Fact" id="E10">
<type class="Correlation"/>
<theme idref="E4"/>
<theme idref="E7"/>
<clue>Acute inflammatory injury in rat lung induced by deposition of immunoglobulin G immune complexes <clueType>requires</clueType> expression of cytokines and chemokines as well as activation of the transcription factor nuclear factor (NF)-kappaB.</clue>
</event>
<sentence id="S3">There is little direct evidence regarding the role of <term id="T11" lex="alveolar_macrophage" sem="Cell_natural">alveolar macrophages</term> in these activation events.</sentence>
<event CL="L2" KT="Analysis" id="E11" uncertainty="doubtful">
<type class="Correlation"/>
<theme idref="T11"/>
<theme idref="E5"/>
<clue>There is little direct <clueKT><clueCL>evidence</clueCL></clueKT> regarding the <clueType>role</clueType> <linkTheme>of</linkTheme> alveolar macrophages <linkTheme>in</linkTheme> <corefTheme>these activation events</corefTheme>.</clue>
</event>
<event CL="L2" KT="Analysis" id="E12" uncertainty="doubtful">
<type class="Correlation"/>
<theme idref="T11"/>
<theme idref="E6"/>
<clue>There is little direct <clueKT><clueCL>evidence</clueCL></clueKT> regarding the <clueType>role</clueType> <linkTheme>of</linkTheme> alveolar macrophages <linkTheme>in</linkTheme> <corefTheme>these activation events</corefTheme>.</clue>
</event>
<event CL="L2" KT="Analysis" id="E13" uncertainty="doubtful">
<type class="Correlation"/>
<theme idref="T11"/>
<theme idref="E7"/>
<clue>There is little direct <clueKT><clueCL>evidence</clueCL></clueKT> regarding the <clueType>role</clueType> <linkTheme>of</linkTheme> alveolar macrophages <linkTheme>in</linkTheme> <corefTheme>these activation events</corefTheme>.</clue>
</event>
<sentence id="S4">In the present studies, <term id="T12" lex="rat_lung" sem="Body_region">rat lungs</term> were depleted of <term id="T13" lex="alveolar_macrophage" sem="Cell_natural">alveolar macrophages</term> by airway instillation of <term id="T14" lex="liposome-encapsulated_dichloromethylene_diphosphonate" sem="Organic_compound_other">liposome-encapsulated dichloromethylene diphosphonate</term>.</sentence>
<event id="E15">
<type class="Negative_regulation"/>
<theme idref="T13"/>
<cause idref="E14"/>
<clue>In the present studies, rat lungs were <clueType>depleted</clueType> <linkTheme>of</linkTheme> alveolar macrophages <linkCause>by</linkCause> airway instillation of liposome-encapsulated dichloromethylene diphosphonate.</clue>
</event>
<event KT="Method" id="E14">
<type class="Artificial_process"/>
<theme idref="T12"/>
<theme idref="T14"/>
<clue>In the present studies, rat lungs were depleted of alveolar macrophages by <clueType>airway instillation</clueType> <linkTheme>of</linkTheme> liposome-encapsulated dichloromethylene diphosphonate.</clue>
</event>
<sentence id="S5">These procedures, which greatly reduced the number of retrievable <term id="T15" lex="alveolar_macrophage" sem="Cell_natural">alveolar macrophages</term>, suppressed activation of <term id="T16" lex="lung_NF-kappaB" sem="Protein_complex"><term id="T17" sem="Tissue_natural">lung</term> NF-kappaB</term> in the inflammatory model.</sentence>
<event Manner="High" id="E16">
<type class="Negative_regulation"/>
<theme idref="T15"/>
<cause idref="E14"/>
<clue><corefCause>These procedures</corefCause>, which <clueManner>greatly</clueManner> <clueType>reduced</clueType> the number of retrievable alveolar macrophages, suppressed activation of lung NF-kappaB in the inflammatory model.</clue>
</event>
<event KT="Other" id="E17">
<type class="Positive_regulation"/>
<theme idref="T16"/>
<clue>These procedures, which greatly reduced the number of retrievable alveolar macrophages, suppressed <clueType>activation</clueType> <linkTheme>of</linkTheme> <clueLoc>lung</clueLoc> NF-kappaB in the inflammatory model.</clue>
</event>
<event id="E18">
<type class="Negative_regulation"/>
<theme idref="E17"/>
<cause idref="E14"/>
<clue><corefCause>These procedures</corefCause>, which greatly reduced the number of retrievable alveolar macrophages, <clueType>suppressed</clueType> activation of lung NF-kappaB <clueLoc>in the inflammatory model</clueLoc>.</clue>
</event>
<sentence id="S6">In addition, bronchoalveolar lavage levels of <term id="T18" lex="tumor_necrosis_factor-alpha" sem="Protein_molecule">tumor necrosis factor-alpha</term> (<term id="T19" lex="TNF-alpha" sem="Protein_molecule">TNF-alpha</term>) and the <term id="T20" lex="CXC_chemokine" sem="Protein_molecule">CXC chemokine</term>, <term id="T21" lex="macrophage_inflammatory_protein-2" sem="Protein_molecule">macrophage inflammatory protein-2</term>, were substantially reduced.</sentence>
<event Manner="High" id="E19">
<type class="Negative_regulation"/>
<theme idref="T19"/>
<cause idref="E14"/>
<clue>In addition, bronchoalveolar lavage levels of tumor necrosis factor-alpha (TNF-alpha) and the CXC chemokine, macrophage inflammatory protein-2, were <clueManner>substantially</clueManner> <clueType>reduced</clueType>.</clue>
<comment>No corefCause</comment></event>
<event Manner="High" id="E20">
<type class="Negative_regulation"/>
<theme idref="T20"/>
<cause idref="E14"/>
<clue>In addition, bronchoalveolar lavage levels of tumor necrosis factor-alpha (TNF-alpha) and the CXC chemokine, macrophage inflammatory protein-2, were <clueManner>substantially</clueManner> <clueType>reduced</clueType>.</clue>
<comment>No corefCause</comment></event>
<event Manner="High" id="E21">
<type class="Negative_regulation"/>
<theme idref="T21"/>
<cause idref="E14"/>
<clue>In addition, bronchoalveolar lavage levels of tumor necrosis factor-alpha (TNF-alpha) and the CXC chemokine, macrophage inflammatory protein-2, were <clueManner>substantially</clueManner> <clueType>reduced</clueType>.</clue>
<comment>No corefCause</comment></event>
<sentence id="S7">In parallel, upregulation of the <term id="T22" lex="lung_vascular_adhesion_molecule" sem="Protein_molecule">lung vascular adhesion molecule</term>, <term id="T23" lex="intercellular_adhesion_molecule-1" sem="Protein_molecule">intercellular adhesion molecule-1</term>, was greatly reduced by <term id="T24" lex="intrapulmonary_instillation" sem="Other">intrapulmonary instillation</term> of <term id="T25" lex="phosphonate-containing_liposome" sem="Cell_component">phosphonate-containing liposomes</term>.</sentence>
<event id="E22">
<type class="Positive_regulation"/>
<theme idref="T23"/>
<clue>In parallel, <clueType>upregulation</clueType> <linkTheme>of</linkTheme> the lung vascular adhesion molecule, intercellular adhesion molecule-1, was greatly reduced by intrapulmonary instillation of phosphonate-containing liposomes.</clue>
</event>
<event Manner="High" id="E24">
<type class="Negative_regulation"/>
<theme idref="E22"/>
<cause idref="T25"/>
<clue>In parallel, upregulation of the lung vascular adhesion molecule, intercellular adhesion molecule-1, was <clueManner>greatly</clueManner> <clueType>reduced</clueType> <linkCause>by intrapulmonary instillation of</linkCause> phosphonate-containing liposomes.</clue>
</event>
<sentence id="S8"><term id="A1" sem="Cell_natural">Neutrophil</term> accumulation and development of <term id="A2" sem="Other"><term id="T37" sem="Tissue_natural">lung</term> injury</term> were also substantially diminished.</sentence>
<event id="E25">
<type class="Cellular_physiological_process"/>
<theme idref="A1"/>
<clue>Neutrophil <clueType>accumulation</clueType> and development of lung injury were also substantially diminished.</clue>
</event>
<event id="E26">
<type class="Positive_regulation"/>
<theme idref="A2"/>
<clue>Neutrophil accumulation and <clueType>development</clueType> <linkTheme>of</linkTheme> lung injury were also substantially diminished.</clue>
</event>
<event Manner="High" id="E27">
<type class="Negative_regulation"/>
<theme idref="E25"/>
<cause idref="T25"/>
<clue>Neutrophil accumulation and development of lung injury were also <clueManner>substantially</clueManner> <clueType>diminished</clueType>.</clue>
<comment>No corefCause</comment></event>
<event Manner="High" id="E28">
<type class="Negative_regulation"/>
<theme idref="E26"/>
<cause idref="T25"/>
<clue>Neutrophil accumulation and development of lung injury were also <clueManner>substantially</clueManner> <clueType>diminished</clueType>.</clue>
<comment>No corefCause</comment></event>
<sentence id="S9">Lung instillation of <term id="T26" lex="TNF-alpha" sem="Protein_molecule">TNF-alpha</term> in <term id="T27" lex="alveolar_macrophage-depleted_rat" sem="Multicellular_organism_genetically_modified">alveolar macrophage-depleted rats</term> restored the <term id="T28" lex="NF-kappaB" sem="Protein_complex">NF-kappaB</term> activation response in <term id="T29" lex="whole_lung" sem="Body_region">whole lung</term>.</sentence>
<event KT="Method" id="E29">
<type class="Artificial_process"/>
<theme idref="T26"/>
<clue><clueLoc>Lung</clueLoc> <clueType>instillation</clueType> <linkTheme>of</linkTheme> TNF-alpha <clueLoc>in alveolar macrophage-depleted rats</clueLoc> restored the NF-kappaB activation response in whole lung.</clue>
</event>
<event id="E30">
<type class="Positive_regulation"/>
<theme idref="T28"/>
<clue>Lung instillation of TNF-alpha in alveolar macrophage-depleted rats restored the NF-kappaB <clueType>activation</clueType> response in whole lung.</clue>
</event>
<event id="E31">
<type class="Positive_regulation"/>
<theme idref="E30"/>
<cause idref="E29"/>
<clue>Lung instillation of TNF-alpha in alveolar macrophage-depleted rats <clueType>restored</clueType> the NF-kappaB activation response <clueLoc>in whole lung</clueLoc>.</clue>
</event>
<sentence id="S10">These data suggest that, in this <term id="T30" lex="inflammatory_model" sem="Other">inflammatory model</term>, initial activation of <term id="T31" lex="NF-kappaB" sem="Protein_complex">NF-kappaB</term> occurs in <term id="T32" lex="alveolar_macrophage" sem="Cell_natural">alveolar macrophages</term> and the ensuing production of <term id="T33" lex="TNF-alpha" sem="Protein_molecule">TNF-alpha</term> may propagate <term id="T34" lex="NF-kappaB_activation" sem="Other"><term id="T35" lex="NF-kappaB" sem="Protein_complex">NF-kappaB</term> activation</term> to other cell types in the <term id="T36" lex="lung" sem="Body_region">lung</term>.</sentence>
<event KT="Other" id="E32">
<type class="Positive_regulation"/>
<theme idref="T31"/>
<clue>These data suggest that, in this inflammatory model, initial <clueType>activation</clueType> <linkTheme>of</linkTheme> NF-kappaB occurs in alveolar macrophages and the ensuing production of TNF-alpha may propagate NF-kappaB activation to other cell types in the lung.</clue>
</event>
<event CL="L2" KT="Analysis" id="E33">
<type class="Positive_regulation"/>
<theme idref="E32"/>
<clue>These data <clueKT><clueCL>suggest</clueCL></clueKT> that, <clueLoc>in this inflammatory model</clueLoc>, initial activation of NF-kappaB <clueType>occurs</clueType> <clueLoc>in alveolar macrophages</clueLoc> and the ensuing production of TNF-alpha may propagate NF-kappaB activation to other cell types in the lung.</clue>
</event>
<event KT="Other" id="E34">
<type class="Gene_expression"/>
<theme idref="T33"/>
<clue>These data suggest that, in this inflammatory model, initial activation of NF-kappaB occurs in alveolar macrophages and the ensuing <clueType>production</clueType> <linkTheme>of</linkTheme> TNF-alpha may propagate NF-kappaB activation to other cell types in the lung.</clue>
</event>
<event KT="Other" id="E35">
<type class="Positive_regulation"/>
<theme idref="T35"/>
<clue>These data suggest that, in this inflammatory model, initial activation of NF-kappaB occurs in alveolar macrophages and the ensuing production of TNF-alpha may propagate NF-kappaB <clueType>activation</clueType> to other cell types in the lung.</clue>
</event>
<event CL="L1" KT="Analysis" id="E36" uncertainty="probable">
<type class="Positive_regulation"/>
<theme idref="E35"/>
<cause idref="E34"/>
<clue>These data <clueKT>suggest</clueKT> that, in this inflammatory model, initial activation of NF-kappaB occurs in alveolar macrophages and the ensuing production of TNF-alpha <clueCL>may</clueCL> <clueType>propagate</clueType> NF-kappaB activation <clueLoc>to other cell types in the lung</clueLoc>.</clue>
</event>
</AbstractText>
</Abstract></Article></MedlineCitation></PubmedArticle></PubmedArticleSet></Annotation>
