<?xml version='1.0'?><!DOCTYPE Annotation PUBLIC "//GENIA//DTD GENIA ANNOTATION EVENT 2.0//EN_Modified" "../ModifiedGENIAtypes/Modified_GENIA_event_20.dtd"><Annotation annotates="http://www.ncbi.nlm.nih.gov/entrez/eutils/efetch.fcgi?db=pubmed&amp;retmode=xml&amp;rettype=medline&amp;id=10206480" created="19/05/2006" creator="Yo Shidahara"><PubmedArticleSet><PubmedArticle><MedlineCitation>
<PMID>10206480</PMID>
<Article>
<ArticleTitle>
<sentence id="S1"><term id="T1" lex="amelioration" sem="Other">Amelioration</term> of <term id="T2" lex="rat_cerulein_pancreatitis" sem="Other"><term id="T51" sem="Multicellular_organism_genetically_modified">rat</term> <term id="T7" sem="Organic_compound_other">cerulein</term> pancreatitis</term> by <term id="T3" lex="guamerin-derived_peptide" sem="Peptide">guamerin-derived peptide</term>, a novel <term id="T500" sem="Organic_compound_other"><term id="T5" lex="elastase" sem="Protein_family_or_group">elastase</term> inhibitor</term>.</sentence>
<event id="E1">
<type class="Negative_regulation"/>
<theme idref="T2"/>
<cause idref="T3"/>
<clue><clueType>Amelioration</clueType> <linkTheme>of</linkTheme> rat cerulein pancreatitis <linkCause>by</linkCause> guamerin-derived peptide, a novel elastase inhibitor.</clue>
</event>
</ArticleTitle>
<Abstract>
<AbstractText>
<sentence id="S2">Increased activity of various <term id="T6" lex="protease" sem="Protein_family_or_group">proteases</term> is observed in both human and experimental <term id="A1" sem="Other">pancreatitis</term>; however, the information on the effects of specific <term id="T8" lex="protease_inhibitor" sem="Organic_compound_other">protease inhibitors</term> on the disease is limited.</sentence>
<event id="E2">
<type class="Positive_regulation"/>
<theme idref="T6"/>
<clue><clueType>Increased</clueType> activity <linkTheme>of</linkTheme> various proteases <clueKT>is observed</clueKT> <clueLoc>in</clueLoc> both <clueLoc>human</clueLoc> and experimental <clueLoc>pancreatitis</clueLoc>; however, the information on the effects of specific protease inhibitors on the disease is limited.</clue>
</event>
<event id="E102">
<type class="Positive_regulation"/>
<theme idref="T6"/>
<clue><clueType>Increased</clueType> activity <linkTheme>of</linkTheme> various proteases <clueKT>is observed</clueKT> <clueLoc>in</clueLoc> both human and <clueLoc>experimental pancreatitis</clueLoc>; however, the information on the effects of specific protease inhibitors on the disease is limited.</clue>
</event>
<event KT="Other" id="E3" uncertainty="doubtful">
<type class="Regulation"/>
<theme idref="A1"/>
<cause idref="T8"/>
<clue>Increased activity of various proteases is observed in both human and experimental pancreatitis; however, the information on the <clueType>effects</clueType> <linkCause>of</linkCause> specific protease inhibitors <linkTheme>on</linkTheme> <corefTheme>the disease</corefTheme> is limited.</clue>
</event>
<sentence id="S3">In this study we show that a novel <term id="T9" lex="elastase_inhibitor" sem="Organic_compound_other">elastase inhibitor</term>, <term id="T10" lex="guamerin-derived_synthetic_peptide" sem="Peptide">guamerin-derived synthetic peptide</term> (<term id="T11" lex="GDSP" sem="Peptide">GDSP</term>), improves the parameters of <term id="A3" sem="Peptide">cerulein</term>-induced <term id="A2" sem="Other">acute pancreatitis</term> in the <term id="T13" lex="rat" sem="Multicellular_organism_natural">rat</term>.</sentence>
<event KT="Other" id="E4">
<type class="Positive_regulation"/>
<theme idref="A2"/>
<cause idref="A3"/>
<clue>In this study we show that a novel elastase inhibitor, guamerin-derived synthetic peptide (GDSP), improves the parameters of cerulein-<clueType>induced</clueType> acute pancreatitis in the rat.</clue>
</event>
<event KT="Analysis" id="E5">
<type class="Negative_regulation"/>
<theme idref="E4"/>
<cause idref="T11"/>
<clue>In this study we <clueKT>show</clueKT> that a novel elastase inhibitor, guamerin-derived synthetic peptide (GDSP), <clueType>improves</clueType> the parameters of cerulein-induced acute pancreatitis <clueLoc>in the rat</clueLoc>.</clue>
</event>
<sentence id="S4">The effects of <term id="T14" lex="GDSP" sem="Peptide">GDSP</term> on <term id="T15" lex="pancreatic_weight" sem="Other">pancreatic weight</term>, <cons id="T16" lex="(AND serum_amylase serum__lipase)" sem="(AND Protein_family_or_group Protein_family_or_group)"><frag id="F1">serum</frag> <frag id="F2"><term id="A4" sem="Protein_family_or_group">amylase</term></frag> and <frag id="F3"><term id="A5" sem="Protein_family_or_group">lipase</term></frag></cons>, <term id="T17" lex="morphologic_change" sem="Other">morphologic changes</term> in the <term id="T18" lex="pancreas" sem="Body_region">pancreas</term>, <term id="T19" lex="neutrophil_infiltration" sem="Other"><term id="A6" sem="Cell_natural">neutrophil</term> infiltration</term>, and <term id="T20" lex="nuclear_factor_KB_(NF-KB)_activation" sem="Other"><term id="T21" lex="nuclear_factor_KB" sem="Protein_molecule">nuclear factor KB</term> (<term id="T22" lex="NF-KB" sem="Protein_molecule">NF-KB</term>) activation</term> were measured in <term id="T23" lex="rat" sem="Multicellular_organism_natural">rats</term> infused with supramaximal dose of <term id="T24" lex="cerulein" sem="Organic_compound_other">cerulein</term> (5 (g/kg/h) for 6 h.</sentence>
<event KT="Investigation" id="E6" uncertainty="doubtful">
<type class="Regulation"/>
<theme idref="T15"/>
<cause idref="T14"/>
<clue>The <clueType>effects</clueType> <linkCause>of</linkCause> GDSP <linkTheme>on</linkTheme> pancreatic weight, serum amylase and lipase, morphologic changes in the pancreas, neutrophil infiltration, and nuclear factor KB (NF-KB) activation <clueKT>were measured</clueKT> <clueLoc>in rats infused with supramaximal dose of cerulein (5 (g/kg/h) for 6 h</clueLoc>.</clue>
</event>
<event KT="Investigation" id="E7" uncertainty="doubtful">
<type class="Regulation"/>
<theme idref="A4"/>
<cause idref="T14"/>
<clue>The <clueType>effects</clueType> <linkCause>of</linkCause> GDSP <linkTheme>on</linkTheme> pancreatic weight, serum amylase and lipase, morphologic changes in the pancreas, neutrophil infiltration, and nuclear factor KB (NF-KB) activation <clueKT>were measured</clueKT> <clueLoc>in rats infused with supramaximal dose of cerulein (5 (g/kg/h) for 6 h</clueLoc>.</clue>
</event>
<event KT="Investigation" id="E8" uncertainty="doubtful">
<type class="Regulation"/>
<theme idref="A5"/>
<cause idref="T14"/>
<clue>The <clueType>effects</clueType> <linkCause>of</linkCause> GDSP <linkTheme>on</linkTheme> pancreatic weight, serum amylase and lipase, morphologic changes in the pancreas, neutrophil infiltration, and nuclear factor KB (NF-KB) activation <clueKT>were measured</clueKT> <clueLoc>in rats infused with supramaximal dose of cerulein (5 (g/kg/h) for 6 h</clueLoc>.</clue>
</event>
<event KT="Investigation" id="E9">
<type class="Regulation"/>
<theme idref="T18"/>
<clue>The effects of GDSP on pancreatic weight, serum amylase and lipase, morphologic <clueType>changes</clueType> <linkTheme>in</linkTheme> the pancreas, neutrophil infiltration, and nuclear factor KB (NF-KB) activation <clueKT>were measured</clueKT> in rats infused with supramaximal dose of cerulein (5 (g/kg/h) for 6 h.</clue>
</event>
<event KT="Investigation" id="E10" uncertainty="doubtful">
<type class="Regulation"/>
<theme idref="E9"/>
<cause idref="T14"/>
<clue>The <clueType>effects</clueType> <linkCause>of</linkCause> GDSP <linkTheme>on</linkTheme> pancreatic weight, serum amylase and lipase, morphologic changes in the pancreas, neutrophil infiltration, and nuclear factor KB (NF-KB) activation <clueKT>were measured</clueKT> <clueLoc>in rats infused with supramaximal dose of cerulein (5 (g/kg/h) for 6 h</clueLoc>.</clue>
</event>
<event KT="Other" id="E11">
<type class="Cellular_physiological_process"/>
<theme idref="A6"/>
<clue>The effects of GDSP on pancreatic weight, serum amylase and lipase, morphologic changes in the pancreas, neutrophil <clueType>infiltration</clueType>, and nuclear factor KB (NF-KB) activation were measured in rats infused with supramaximal dose of cerulein (5 (g/kg/h) for 6 h.</clue>
</event>
<event KT="Investigation" id="E12" uncertainty="doubtful">
<type class="Regulation"/>
<theme idref="E11"/>
<cause idref="T14"/>
<clue>The <clueType>effects</clueType> <linkCause>of</linkCause> GDSP <linkTheme>on</linkTheme> pancreatic weight, serum amylase and lipase, morphologic changes in the pancreas, neutrophil infiltration, and nuclear factor KB (NF-KB) activation <clueKT>were measured</clueKT> <clueLoc>in rats infused with supramaximal dose of cerulein (5 (g/kg/h) for 6 h</clueLoc>.</clue>
</event>
<event KT="Other" id="E13">
<type class="Positive_regulation"/>
<theme idref="T22"/>
<clue>The effects of GDSP on pancreatic weight, serum amylase and lipase, morphologic changes in the pancreas, neutrophil infiltration, and nuclear factor KB (NF-KB) <clueType>activation</clueType> were measured in rats infused with supramaximal dose of cerulein (5 (g/kg/h) for 6 h.</clue>
</event>
<event KT="Investigation" id="E14" uncertainty="doubtful">
<type class="Regulation"/>
<theme idref="E13"/>
<cause idref="T14"/>
<clue>The <clueType>effects</clueType> <linkCause>of</linkCause> GDSP <linkTheme>on</linkTheme> pancreatic weight, serum amylase and lipase, morphologic changes in the pancreas, neutrophil infiltration, and nuclear factor KB (NF-KB) activation <clueKT>were measured</clueKT> <clueLoc>in rats infused with supramaximal dose of cerulein (5 (g/kg/h) for 6 h</clueLoc>.</clue>
</event>
<event KT="Method" Manner="High" id="E15">
<type class="Artificial_process"/>
<theme idref="T23"/>
<theme idref="T24"/>
<clue>The effects of GDSP on pancreatic weight, serum amylase and lipase, morphologic changes in the pancreas, neutrophil infiltration, and nuclear factor KB (NF-KB) activation were measured in rats <clueType><clueKT>infused</clueKT></clueType> <linkTheme><clueKT>with</clueKT></linkTheme> <clueManner>supramaximal</clueManner> <clueKT>dose</clueKT> of cerulein (5 (g/kg/h) <clueTime>for 6 h</clueTime>.</clue>
</event>
<sentence id="S5">The effects of <term id="T25" lex="GDSP" sem="Peptide">GDSP</term> were also measured on <term id="T26" lex="superoxide_formation" sem="Other"><term id="A7" lex="superoxide" sem="Organic_compound_other">superoxide</term> formation</term> by <term id="T27" lex="activated_human_neutrophil" sem="Cell_natural">activated human neutrophils</term>.</sentence>
<event KT="Other" id="E16">
<type class="Metabolism"/>
<theme idref="A7"/>
<clue>The effects of GDSP were also measured on superoxide <clueType>formation</clueType> <clueLoc>by activated human neutrophils</clueLoc>.</clue>
</event>
<event KT="Investigation" id="E17" uncertainty="doubtful">
<type class="Metabolism"/>
<theme idref="A7"/>
<clue>The <clueType>effects</clueType> <linkCause>of</linkCause> GDSP were also <clueKT>measured</clueKT> <linkTheme>on</linkTheme> superoxide formation by activated human neutrophils.</clue>
</event>
<sentence id="S6">The effects of <term id="T28" lex="GDSP" sem="Peptide">GDSP</term> were compared with those of another <term id="T29" lex="elastase_inhibitor" sem="Organic_compound_other">elastase inhibitor</term>, <term id="T30" lex="elastatinal" sem="Organic_compound_other">elastatinal</term>.</sentence>
<sentence id="S7"><term id="T31" lex="GDSP" sem="Peptide">GDSP</term> significantly inhibited <term id="T32" lex="edema_formation" sem="Other"><term id="A8" sem="Other">edema</term> formation</term>, <term id="T33" lex="neutrophil_infiltration" sem="Other"><term id="A9" sem="Cell_natural">neutrophil</term> infiltration</term>, <term id="T34" lex="acinar_cell_damage" sem="Other"><term id="T4" sem="Cell_natural">acinar cell</term> damage</term>, and <term id="T35" lex="plasma_lipase" sem="Protein_family_or_group">plasma lipase</term> and <term id="T36" lex="amylase" sem="Protein_family_or_group">amylase</term> increases caused by <term id="T37" lex="cerulein" sem="Organic_compound_other">cerulein</term>.</sentence>
<event id="E18">
<type class="Positive_regulation"/>
<theme idref="A8"/>
<clue>GDSP significantly inhibited edema <clueType>formation</clueType>, neutrophil infiltration, acinar cell damage, and plasma lipase and amylase increases caused by cerulein.</clue>
</event>
<event id="E19">
<type class="Cellular_physiological_process"/>
<theme idref="A9"/>
<clue>GDSP significantly inhibited edema formation, neutrophil <clueType>infiltration</clueType>, acinar cell damage, and plasma lipase and amylase increases caused by cerulein.</clue>
</event>
<event id="E20">
<type class="Positive_regulation"/>
<theme idref="T35"/>
<cause idref="T37"/>
<clue>GDSP significantly inhibited edema formation, neutrophil infiltration, acinar cell damage, and <clueLoc>plasma</clueLoc> lipase and amylase <clueType>increases</clueType> <linkCause>caused by</linkCause> cerulein.</clue>
</event>
<event id="E21">
<type class="Positive_regulation"/>
<theme idref="T36"/>
<cause idref="T37"/>
<clue>GDSP significantly inhibited edema formation, neutrophil infiltration, acinar cell damage, and <clueLoc>plasma</clueLoc> lipase and amylase <clueType>increases</clueType> <linkCause>caused by</linkCause> cerulein.</clue>
</event>
<event Manner="High" id="E22">
<type class="Negative_regulation"/>
<theme idref="E18"/>
<cause idref="T31"/>
<clue>GDSP <clueManner>significantly</clueManner> <clueType>inhibited</clueType> edema formation, neutrophil infiltration, acinar cell damage, and plasma lipase and amylase increases caused by cerulein.</clue>
</event>
<event Manner="High" id="E23">
<type class="Negative_regulation"/>
<theme idref="E19"/>
<cause idref="T31"/>
<clue>GDSP <clueManner>significantly</clueManner> <clueType>inhibited</clueType> edema formation, neutrophil infiltration, acinar cell damage, and plasma lipase and amylase increases caused by cerulein.</clue>
</event>
<event Manner="High" id="E24">
<type class="Negative_regulation"/>
<theme idref="T34"/>
<cause idref="T31"/>
<clue>GDSP <clueManner>significantly</clueManner> <clueType>inhibited</clueType> edema formation, neutrophil infiltration, acinar cell damage, and plasma lipase and amylase increases caused by cerulein.</clue>
</event>
<event Manner="High" id="E25">
<type class="Negative_regulation"/>
<theme idref="E20"/>
<cause idref="T31"/>
<clue>GDSP <clueManner>significantly</clueManner> <clueType>inhibited</clueType> edema formation, neutrophil infiltration, acinar cell damage, and plasma lipase and amylase increases caused by cerulein.</clue>
</event>
<event Manner="High" id="E26">
<type class="Negative_regulation"/>
<theme idref="E21"/>
<cause idref="T31"/>
<clue>GDSP <clueManner>significantly</clueManner> <clueType>inhibited</clueType> edema formation, neutrophil infiltration, acinar cell damage, and plasma lipase and amylase increases caused by cerulein.</clue>
</event>
<sentence id="S8"><term id="T38" lex="GDSP" sem="Peptide">GDSP</term> also completely inhibited <term id="T39" lex="superoxide_formation" sem="Other"><term id="A10" lex="superoxide" sem="Organic_compound_other">superoxide</term> formation</term> in the <term id="T40" lex="human_neutrophil" sem="Cell_natural">human neutrophils</term> stimulated by <term id="T41" lex="N-formyl-methionine-leucine-phenyl-alanine" sem="Peptide">N-formyl-methionine-leucine-phenyl-alanine</term> (<term id="T42" lex="fMLP" sem="Peptide">fMLP</term>) or <term id="T43" lex="12-O-tetradecanoylphorbol-13-acetate" sem="Organic_compound_other">12-O-tetradecanoylphorbol-13-acetate</term> (<term id="T44" lex="TPA" sem="Organic_compound_other">TPA</term>).</sentence>
<event id="E27">
<type class="Metabolism"/>
<theme idref="A10"/>
<clue>GDSP also completely inhibited superoxide <clueType>formation</clueType> <clueLoc>in the human neutrophils stimulated by N-formyl-methionine-leucine-phenyl-alanine (fMLP</clueLoc>) or 12-O-tetradecanoylphorbol-13-acetate (TPA).</clue>
</event>
<event id="E127">
<type class="Metabolism"/>
<theme idref="A10"/>
<clue>GDSP also completely inhibited superoxide <clueType>formation</clueType> <clueLoc>in the human neutrophils stimulated by</clueLoc> N-formyl-methionine-leucine-phenyl-alanine (fMLP) or <clueLoc>12-O-tetradecanoylphorbol-13-acetate (TPA)</clueLoc>.</clue>
</event>
<event Manner="High" id="E28">
<type class="Negative_regulation"/>
<theme idref="E27"/>
<cause idref="T38"/>
<clue>GDSP also <clueManner>completely</clueManner> <clueType>inhibited</clueType> superoxide formation in the human neutrophils stimulated by N-formyl-methionine-leucine-phenyl-alanine (fMLP) or 12-O-tetradecanoylphorbol-13-acetate (TPA).</clue>
</event>
<event id="E29">
<type class="Physiological_process"/>
<theme idref="T40"/>
<cause idref="T42"/>
<clue>GDSP also completely inhibited superoxide formation in the human neutrophils <clueType>stimulated</clueType> <linkCause>by</linkCause> N-formyl-methionine-leucine-phenyl-alanine (fMLP) or 12-O-tetradecanoylphorbol-13-acetate (TPA).</clue>
</event>
<event id="E30">
<type class="Physiological_process"/>
<theme idref="T40"/>
<cause idref="T44"/>
<clue>GDSP also completely inhibited superoxide formation in the human neutrophils <clueType>stimulated</clueType> <linkCause>by</linkCause> N-formyl-methionine-leucine-phenyl-alanine (fMLP) or 12-O-tetradecanoylphorbol-13-acetate (TPA).</clue>
</event>
<sentence id="S9"><term id="A11" lex="Elastatinal" sem="Organic_compound_other">Elastatinal</term> had some of the same effects as <term id="T45" lex="GDSP" sem="Peptide">GDSP</term> but was less potent and effective.</sentence>
<sentence id="S10">These results demonstrate a beneficial effect of <term id="T46" lex="GDSP" sem="Peptide">GDSP</term>, a novel specific <term id="T47" lex="elastase_inhibitor" sem="Organic_compound_other">elastase inhibitor</term>, on the development of <term id="T48" lex="rat_cerulein_pancreatitis" sem="Other"><term id="T49" lex="rat" sem="Multicellular_organism_natural">rat</term> <term id="T50" lex="cerulein" sem="Organic_compound_other">cerulein</term> pancreatitis</term>.</sentence>
<event KT="Other" id="E31">
<type class="Positive_regulation"/>
<theme idref="T48"/>
<clue>These results demonstrate a beneficial effect of GDSP, a novel specific elastase inhibitor, on the <clueType>development</clueType> <linkTheme>of</linkTheme> rat cerulein pancreatitis.</clue>
</event>
<event KT="Analysis" id="E32">
<type class="Regulation"/>
<theme idref="E31"/>
<cause idref="T46"/>
<clue>These results <clueKT>demonstrate</clueKT> a beneficial <clueType>effect</clueType> <linkCause>of</linkCause> GDSP, a novel specific elastase inhibitor, <linkTheme>on</linkTheme> the development of rat cerulein pancreatitis.</clue>
</event>
</AbstractText>
</Abstract></Article></MedlineCitation></PubmedArticle></PubmedArticleSet></Annotation>
