<?xml version='1.0'?><!DOCTYPE Annotation PUBLIC "//GENIA//DTD GENIA ANNOTATION EVENT 2.0//EN_Modified" "../ModifiedGENIAtypes/Modified_GENIA_event_20.dtd"><Annotation annotates="http://www.ncbi.nlm.nih.gov/entrez/eutils/efetch.fcgi?db=pubmed&amp;retmode=xml&amp;rettype=medline&amp;id=10202027" created="16/05/2006" creator="Yo Shidahara"><PubmedArticleSet><PubmedArticle><MedlineCitation>
<PMID>10202027</PMID>
<Article>
<ArticleTitle>
<sentence id="S1"><term id="T1" lex="signal_transduction_pathway" sem="Other">Signal transduction pathways</term> activated in <term id="T2" lex="endothelial_cell" sem="Cell_natural">endothelial cells</term> following infection with <term id="T3" lex="Chlamydia_pneumoniae" sem="Unicellular_organism">Chlamydia pneumoniae</term>.</sentence>
<event id="E1">
<type/>
<theme idref="T2"/>
<theme idref="T3"/>
<clue>Signal transduction pathways activated in endothelial cells following <clueType>infection</clueType> <linkTheme>with</linkTheme> Chlamydia pneumoniae.</clue>
<comment>SOO</comment></event>
<event id="E2">
<type class="Positive_regulation"/>
<theme idref="T1"/>
<cause idref="E1"/>
<clue>Signal transduction pathways <clueType>activated</clueType> <clueLoc>in endothelial cells</clueLoc> <linkCause>following</linkCause> infection with Chlamydia pneumoniae.</clue>
</event>
</ArticleTitle>
<Abstract>
<AbstractText>
<sentence id="S2"><term id="T4" lex="Chlamydia_pneumoniae" sem="Unicellular_organism">Chlamydia pneumoniae</term> is an important <term id="T5" lex="respiratory_pathogen" sem="Unicellular_organism">respiratory pathogen</term>.</sentence>
<sentence id="S3">Recently, its presence has been demonstrated in <term id="T6" lex="atherosclerotic_lesion" sem="Tissue_natural">atherosclerotic lesions</term>.</sentence>
<sentence id="S4">In this study, we characterized <term id="A1" sem="Unicellular_organism">C. pneumoniae</term>-mediated <term id="T31" sem="Other">activation</term> of <term id="T8" lex="endothelial_cell" sem="Cell_natural">endothelial cells</term> and demonstrated an enhanced expression of <term id="T9" lex="endothelial_adhesion_molecule" sem="Protein_family_or_group">endothelial adhesion molecules</term> followed by subsequent rolling, adhesion, and transmigration of <term id="T10" lex="leukocyte" sem="Cell_natural">leukocytes</term> (<term id="T11" lex="monocyte" sem="Cell_natural">monocytes</term>, <term id="T12" lex="granulocyte" sem="Cell_natural">granulocytes</term>).</sentence>
<event KT="Analysis" id="E3">
<type class="Physiological_process"/>
<theme idref="T8"/>
<cause idref="A1"/>
<clue>In this study, we <clueKT>characterized</clueKT> C. pneumoniae-<linkCause>mediated</linkCause> <clueType>activation</clueType> <linkTheme>of</linkTheme> endothelial cells and demonstrated an enhanced expression of endothelial adhesion molecules followed by subsequent rolling, adhesion, and transmigration of leukocytes (monocytes, granulocytes).</clue>
</event>
<event KT="Other" id="E4">
<type class="Gene_expression"/>
<theme idref="T9"/>
<clue>In this study, we characterized C. pneumoniae-mediated activation of endothelial cells and demonstrated an enhanced <clueType>expression</clueType> <linkTheme>of</linkTheme> endothelial adhesion molecules followed by subsequent rolling, adhesion, and transmigration of leukocytes (monocytes, granulocytes).</clue>
</event>
<event KT="Other" id="E5">
<type class="Positive_regulation"/>
<theme idref="E4"/>
<clue>In this study, we characterized C. pneumoniae-mediated activation of endothelial cells and demonstrated an <clueType>enhanced</clueType> expression of endothelial adhesion molecules followed by subsequent rolling, adhesion, and transmigration of leukocytes (monocytes, granulocytes).</clue>
</event>
<event KT="Other" id="E6">
<type class="Cellular_physiological_process"/>
<theme idref="T11"/>
<clue>In this study, we characterized C. pneumoniae-mediated activation of endothelial cells and demonstrated an enhanced expression of endothelial adhesion molecules followed by subsequent <clueType>rolling</clueType>, adhesion, and transmigration <linkTheme>of</linkTheme> leukocytes (monocytes, granulocytes).</clue>
</event>
<event KT="Other" id="E7">
<type class="Cellular_physiological_process"/>
<theme idref="T12"/>
<clue>In this study, we characterized C. pneumoniae-mediated activation of endothelial cells and demonstrated an enhanced expression of endothelial adhesion molecules followed by subsequent <clueType>rolling</clueType>, adhesion, and transmigration <linkTheme>of</linkTheme> leukocytes (monocytes, granulocytes).</clue>
</event>
<event KT="Other" id="E8">
<type class="Cell_adhesion"/>
<theme idref="T11"/>
<clue>In this study, we characterized C. pneumoniae-mediated activation of endothelial cells and demonstrated an enhanced expression of endothelial adhesion molecules followed by subsequent rolling, <clueType>adhesion</clueType>, and transmigration <linkTheme>of</linkTheme> leukocytes (monocytes, granulocytes).</clue>
</event>
<event KT="Other" id="E9">
<type class="Cell_adhesion"/>
<theme idref="T12"/>
<clue>In this study, we characterized C. pneumoniae-mediated activation of endothelial cells and demonstrated an enhanced expression of endothelial adhesion molecules followed by subsequent rolling, <clueType>adhesion</clueType>, and transmigration <linkTheme>of</linkTheme> leukocytes (monocytes, granulocytes).</clue>
</event>
<event KT="Other" id="E10">
<type class="Cellular_physiological_process"/>
<theme idref="T11"/>
<clue>In this study, we characterized C. pneumoniae-mediated activation of endothelial cells and demonstrated an enhanced expression of endothelial adhesion molecules followed by subsequent rolling, adhesion, and <clueType>transmigration</clueType> <linkTheme>of</linkTheme> leukocytes (monocytes, granulocytes).</clue>
</event>
<event KT="Other" id="E11">
<type class="Cellular_physiological_process"/>
<theme idref="T12"/>
<clue>In this study, we characterized C. pneumoniae-mediated activation of endothelial cells and demonstrated an enhanced expression of endothelial adhesion molecules followed by subsequent rolling, adhesion, and <clueType>transmigration</clueType> <linkTheme>of</linkTheme> leukocytes (monocytes, granulocytes).</clue>
</event>
<event KT="Analysis" id="E12">
<type class="Positive_regulation"/>
<theme idref="E6"/>
<cause idref="E5"/>
<clue>In this study, we characterized C. pneumoniae-mediated activation of endothelial cells and <clueKT>demonstrated</clueKT> an enhanced expression of endothelial adhesion molecules <clueType>followed</clueType> <linkTheme>by</linkTheme> subsequent rolling, adhesion, and transmigration of leukocytes (monocytes, granulocytes).</clue>
</event>
<event KT="Analysis" id="E13">
<type class="Positive_regulation"/>
<theme idref="E7"/>
<cause idref="E5"/>
<clue>In this study, we characterized C. pneumoniae-mediated activation of endothelial cells and <clueKT>demonstrated</clueKT> an enhanced expression of endothelial adhesion molecules <clueType>followed</clueType> <linkTheme>by</linkTheme> subsequent rolling, adhesion, and transmigration of leukocytes (monocytes, granulocytes).</clue>
</event>
<event KT="Analysis" id="E14">
<type class="Positive_regulation"/>
<theme idref="E8"/>
<cause idref="E5"/>
<clue>In this study, we characterized C. pneumoniae-mediated activation of endothelial cells and <clueKT>demonstrated</clueKT> an enhanced expression of endothelial adhesion molecules <clueType>followed</clueType> <linkTheme>by</linkTheme> subsequent rolling, adhesion, and transmigration of leukocytes (monocytes, granulocytes).</clue>
</event>
<event KT="Analysis" id="E15">
<type class="Positive_regulation"/>
<theme idref="E9"/>
<cause idref="E5"/>
<clue>In this study, we characterized C. pneumoniae-mediated activation of endothelial cells and <clueKT>demonstrated</clueKT> an enhanced expression of endothelial adhesion molecules <clueType>followed</clueType> <linkTheme>by</linkTheme> subsequent rolling, adhesion, and transmigration of leukocytes (monocytes, granulocytes).</clue>
</event>
<event KT="Analysis" id="E16">
<type class="Positive_regulation"/>
<theme idref="E10"/>
<cause idref="E5"/>
<clue>In this study, we characterized C. pneumoniae-mediated activation of endothelial cells and <clueKT>demonstrated</clueKT> an enhanced expression of endothelial adhesion molecules <clueType>followed</clueType> <linkTheme>by</linkTheme> subsequent rolling, adhesion, and transmigration of leukocytes (monocytes, granulocytes).</clue>
</event>
<event KT="Analysis" id="E17">
<type class="Positive_regulation"/>
<theme idref="E11"/>
<cause idref="E5"/>
<clue>In this study, we characterized C. pneumoniae-mediated activation of endothelial cells and <clueKT>demonstrated</clueKT> an enhanced expression of endothelial adhesion molecules <clueType>followed</clueType> <linkTheme>by</linkTheme> subsequent rolling, adhesion, and transmigration of leukocytes (monocytes, granulocytes).</clue>
</event>
<sentence id="S5">These effects were blocked by <term id="A5" sem="Protein_family_or_group"><term id="T13" lex="mAb" sem="Protein_family_or_group">mAbs</term> against</term> <cons id="T14" lex="(AND/OR endothelial_adhesion_molecule leukocyte_adhesion_molecule)" sem="(AND/OR Protein_family_or_group Protein_family_or_group)"><frag id="F1">endothelial</frag> and/or <frag id="F2">leukocyte</frag> <frag id="F3">adhesion molecules</frag></cons> (<cons id="T15" lex="(AND beta1_integrin beta2_integrin)" sem="(AND Protein_family_or_group Protein_family_or_group)"><frag id="F4"><term id="A2" sem="Protein_molecule">beta1</term></frag> and <frag id="F5"><term id="A3" sem="Protein_family_or_group">beta2</term></frag> <frag id="F6"><term id="A4" sem="Protein_family_or_group">integrins</term></frag></cons>).</sentence>
<event id="E118">
<type class="Negative_regulation"/>
<theme idref="E12"/>
<cause idref="A5" idref1="A2" idref2="A4"/>
<clue><corefTheme>These effects</corefTheme> were <clueType>blocked</clueType> <linkCause>by</linkCause> mAbs against endothelial and/or leukocyte adhesion molecules (beta1 and beta2 integrins).</clue>
</event>
<event id="E218">
<type class="Negative_regulation"/>
<theme idref="E13"/>
<cause idref="A5" idref1="A2" idref2="A4"/>
<clue><corefTheme>These effects</corefTheme> were <clueType>blocked</clueType> <linkCause>by</linkCause> mAbs against endothelial and/or leukocyte adhesion molecules (beta1 and beta2 integrins).</clue>
</event>
<event id="E318">
<type class="Negative_regulation"/>
<theme idref="E14"/>
<cause idref="A5" idref1="A2" idref2="A4"/>
<clue><corefTheme>These effects</corefTheme> were <clueType>blocked</clueType> <linkCause>by</linkCause> mAbs against endothelial and/or leukocyte adhesion molecules (beta1 and beta2 integrins).</clue>
</event>
<event id="E418">
<type class="Negative_regulation"/>
<theme idref="E15"/>
<cause idref="A5" idref1="A2" idref2="A4"/>
<clue><corefTheme>These effects</corefTheme> were <clueType>blocked</clueType> <linkCause>by</linkCause> mAbs against endothelial and/or leukocyte adhesion molecules (beta1 and beta2 integrins).</clue>
</event>
<event id="E518">
<type class="Negative_regulation"/>
<theme idref="E16"/>
<cause idref="A5" idref1="A2" idref2="A4"/>
<clue><corefTheme>These effects</corefTheme> were <clueType>blocked</clueType> <linkCause>by</linkCause> mAbs against endothelial and/or leukocyte adhesion molecules (beta1 and beta2 integrins).</clue>
</event>
<event id="E618">
<type class="Negative_regulation"/>
<theme idref="E17"/>
<cause idref="A5" idref1="A2" idref2="A4"/>
<clue><corefTheme>These effects</corefTheme> were <clueType>blocked</clueType> <linkCause>by</linkCause> mAbs against endothelial and/or leukocyte adhesion molecules (beta1 and beta2 integrins).</clue>
</event>
<event id="E119">
<type class="Negative_regulation"/>
<theme idref="E12"/>
<cause idref="A5" idref1="A3" idref2="A4"/>
<clue><corefTheme>These effects</corefTheme> were <clueType>blocked</clueType> <linkCause>by</linkCause> mAbs against endothelial and/or leukocyte adhesion molecules (beta1 and beta2 integrins).</clue>
</event>
<event id="E219">
<type class="Negative_regulation"/>
<theme idref="E13"/>
<cause idref="A5" idref1="A3" idref2="A4"/>
<clue><corefTheme>These effects</corefTheme> were <clueType>blocked</clueType> <linkCause>by</linkCause> mAbs against endothelial and/or leukocyte adhesion molecules (beta1 and beta2 integrins).</clue>
</event>
<event id="E319">
<type class="Negative_regulation"/>
<theme idref="E14"/>
<cause idref="A5" idref1="A3" idref2="A4"/>
<clue><corefTheme>These effects</corefTheme> were <clueType>blocked</clueType> <linkCause>by</linkCause> mAbs against endothelial and/or leukocyte adhesion molecules (beta1 and beta2 integrins).</clue>
</event>
<event id="E419">
<type class="Negative_regulation"/>
<theme idref="E15"/>
<cause idref="A5" idref1="A3" idref2="A4"/>
<clue><corefTheme>These effects</corefTheme> were <clueType>blocked</clueType> <linkCause>by</linkCause> mAbs against endothelial and/or leukocyte adhesion molecules (beta1 and beta2 integrins).</clue>
</event>
<event id="E519">
<type class="Negative_regulation"/>
<theme idref="E16"/>
<cause idref="A5" idref1="A3" idref2="A4"/>
<clue><corefTheme>These effects</corefTheme> were <clueType>blocked</clueType> <linkCause>by</linkCause> mAbs against endothelial and/or leukocyte adhesion molecules (beta1 and beta2 integrins).</clue>
</event>
<event id="E619">
<type class="Negative_regulation"/>
<theme idref="E17"/>
<cause idref="A5" idref1="A3" idref2="A4"/>
<clue><corefTheme>These effects</corefTheme> were <clueType>blocked</clueType> <linkCause>by</linkCause> mAbs against endothelial and/or leukocyte adhesion molecules (beta1 and beta2 integrins).</clue>
</event>
<sentence id="S6">Additionally, activation of different <term id="T7" sem="Other">signal transduction pathways</term> in <term id="T16" lex="C._pneumoniae-infected_endothelial_cell" sem="Cell_natural"><term id="T17" lex="C._pneumoniae" sem="Unicellular_organism">C. pneumoniae</term>-infected <term id="T18" lex="endothelial_cell" sem="Cell_natural">endothelial cells</term></term> was shown: <term id="T19" lex="protein_tyrosine_phosphorylation" sem="Other"><term id="A6" sem="Protein_family_or_group">protein</term> <term id="T20" lex="tyrosine" sem="Amino_acid_monomer">tyrosine</term> phosphorylation</term>, up-regulation of phosphorylated <term id="T21" lex="p42/p44_mitogen-activated_protein_kinase" sem="Protein_molecule">p42/p44 mitogen-activated protein kinase</term>, and <term id="T22" lex="NF-kappaB" sem="Protein_complex">NF-kappaB</term> activation/translocation occurred within 10-15 min.</sentence>
<event KT="Analysis" id="E20">
<type class="Positive_regulation"/>
<theme idref="T7"/>
<clue>Additionally, <clueType>activation</clueType> <linkTheme>of</linkTheme> different signal transduction pathways <clueLoc>in C. pneumoniae-infected endothelial cells</clueLoc> was <clueKT>shown</clueKT>: protein tyrosine phosphorylation, up-regulation of phosphorylated p42/p44 mitogen-activated protein kinase, and NF-kappaB activation/translocation occurred within 10-15 min.</clue>
</event>
<event id="E21">
<type class="Protein_amino_acid_phosphorylation"/>
<theme idref="A6"/>
<clue>Additionally, activation of different signal transduction pathways in C. pneumoniae-infected endothelial cells was shown: protein tyrosine <clueType>phosphorylation</clueType>, up-regulation of phosphorylated p42/p44 mitogen-activated protein kinase, and NF-kappaB activation/translocation occurred within 10-15 min.</clue>
</event>
<event id="E22">
<type class="Positive_regulation"/>
<theme idref="T21"/>
<clue>Additionally, activation of different signal transduction pathways in C. pneumoniae-infected endothelial cells was shown: protein tyrosine phosphorylation, <clueType>up-regulation</clueType> <linkTheme>of</linkTheme> phosphorylated p42/p44 mitogen-activated protein kinase, and NF-kappaB activation/translocation occurred within 10-15 min.</clue>
</event>
<event id="E23">
<type class="Positive_regulation"/>
<theme idref="T22"/>
<clue>Additionally, activation of different signal transduction pathways in C. pneumoniae-infected endothelial cells was shown: protein tyrosine phosphorylation, up-regulation of phosphorylated p42/p44 mitogen-activated protein kinase, and NF-kappaB <clueType>activation</clueType>/translocation occurred within 10-15 min.</clue>
</event>
<event id="E24">
<type class="Localization"/>
<theme idref="T22"/>
<clue>Additionally, activation of different signal transduction pathways in C. pneumoniae-infected endothelial cells was shown: protein tyrosine phosphorylation, up-regulation of phosphorylated p42/p44 mitogen-activated protein kinase, and NF-kappaB activation/<clueType>translocation</clueType> occurred within 10-15 min.</clue>
</event>
<event id="E25">
<type class="Positive_regulation"/>
<theme idref="E21"/>
<cause idref="E1"/>
<clue>Additionally, activation of different signal transduction pathways in C. pneumoniae-infected endothelial cells was shown: protein tyrosine phosphorylation, up-regulation of phosphorylated p42/p44 mitogen-activated protein kinase, and NF-kappaB activation/translocation <clueType>occurred</clueType> <clueTime>within 10-15 min</clueTime>.</clue>
<comment>No corefCause</comment></event>
<event id="E26">
<type class="Positive_regulation"/>
<theme idref="E22"/>
<cause idref="E1"/>
<clue>Additionally, activation of different signal transduction pathways in C. pneumoniae-infected endothelial cells was shown: protein tyrosine phosphorylation, up-regulation of phosphorylated p42/p44 mitogen-activated protein kinase, and NF-kappaB activation/translocation <clueType>occurred</clueType> <clueTime>within 10-15 min</clueTime>.</clue>
<comment>No corefCause</comment></event>
<event id="E27">
<type class="Positive_regulation"/>
<theme idref="E23"/>
<cause idref="E1"/>
<clue>Additionally, activation of different signal transduction pathways in C. pneumoniae-infected endothelial cells was shown: protein tyrosine phosphorylation, up-regulation of phosphorylated p42/p44 mitogen-activated protein kinase, and NF-kappaB activation/translocation <clueType>occurred</clueType> <clueTime>within 10-15 min</clueTime>.</clue>
<comment>No corefCause</comment></event>
<event id="E28">
<type class="Positive_regulation"/>
<theme idref="E24"/>
<cause idref="E1"/>
<clue>Additionally, activation of different signal transduction pathways in C. pneumoniae-infected endothelial cells was shown: protein tyrosine phosphorylation, up-regulation of phosphorylated p42/p44 mitogen-activated protein kinase, and NF-kappaB activation/translocation <clueType>occurred</clueType> <clueTime>within 10-15 min</clueTime>.</clue>
<comment>No corefCause</comment></event>
<sentence id="S7">Increased <term id="T23" lex="mRNA" sem="RNA_family_or_group">mRNA</term> and surface expression of <term id="T24" lex="E-selectin" sem="Protein_molecule">E-selectin</term>, <term id="T25" lex="ICAM-1" sem="Protein_molecule">ICAM-1</term>, and <term id="T26" lex="VCAM-1" sem="Protein_molecule">VCAM-1</term> were noted within hours.</sentence>
<event id="E29">
<type class="Gene_expression"/>
<theme idref="T24"/>
<clue>Increased mRNA and <clueLoc>surface</clueLoc> <clueType>expression</clueType> <linkTheme>of</linkTheme> E-selectin, ICAM-1, and VCAM-1 were noted within hours.</clue>
</event>
<event id="E30">
<type class="Gene_expression"/>
<theme idref="T25"/>
<clue>Increased mRNA and <clueLoc>surface</clueLoc> <clueType>expression</clueType> <linkTheme>of</linkTheme> E-selectin, ICAM-1, and VCAM-1 were noted within hours.</clue>
</event>
<event id="E31">
<type class="Gene_expression"/>
<theme idref="T26"/>
<clue>Increased mRNA and <clueLoc>surface</clueLoc> <clueType>expression</clueType> <linkTheme>of</linkTheme> E-selectin, ICAM-1, and VCAM-1 were noted within hours.</clue>
</event>
<event id="E32">
<type class="Transcription"/>
<theme idref="T24"/>
<clue>Increased <clueType>mRNA</clueType> and surface <clueType>expression</clueType> <linkTheme>of</linkTheme> E-selectin, ICAM-1, and VCAM-1 were noted within hours.</clue>
</event>
<event id="E33">
<type class="Transcription"/>
<theme idref="T25"/>
<clue>Increased <clueType>mRNA</clueType> and surface <clueType>expression</clueType> <linkTheme>of</linkTheme> E-selectin, ICAM-1, and VCAM-1 were noted within hours.</clue>
</event>
<event id="E34">
<type class="Transcription"/>
<theme idref="T26"/>
<clue>Increased <clueType>mRNA</clueType> and surface <clueType>expression</clueType> <linkTheme>of</linkTheme> E-selectin, ICAM-1, and VCAM-1 were noted within hours.</clue>
</event>
<event id="E35">
<type class="Positive_regulation"/>
<theme idref="E29"/>
<cause idref="E1"/>
<clue><clueType>Increased</clueType> mRNA and surface expression of E-selectin, ICAM-1, and VCAM-1 were <clueKT>noted</clueKT> <clueTime>within hours</clueTime>.</clue>
<comment>No corefCause</comment></event>
<event id="E36">
<type class="Positive_regulation"/>
<theme idref="E30"/>
<cause idref="E1"/>
<clue><clueType>Increased</clueType> mRNA and surface expression of E-selectin, ICAM-1, and VCAM-1 were <clueKT>noted</clueKT> <clueTime>within hours</clueTime>.</clue>
<comment>No corefCause</comment></event>
<event id="E37">
<type class="Positive_regulation"/>
<theme idref="E31"/>
<cause idref="E1"/>
<clue><clueType>Increased</clueType> mRNA and surface expression of E-selectin, ICAM-1, and VCAM-1 were <clueKT>noted</clueKT> <clueTime>within hours</clueTime>.</clue>
<comment>No corefCause</comment></event>
<event id="E38">
<type class="Positive_regulation"/>
<theme idref="E32"/>
<cause idref="E1"/>
<clue><clueType>Increased</clueType> mRNA and surface expression of E-selectin, ICAM-1, and VCAM-1 were <clueKT>noted</clueKT> <clueTime>within hours</clueTime>.</clue>
<comment>No corefCause</comment></event>
<event id="E39">
<type class="Positive_regulation"/>
<theme idref="E33"/>
<cause idref="E1"/>
<clue><clueType>Increased</clueType> mRNA and surface expression of E-selectin, ICAM-1, and VCAM-1 were <clueKT>noted</clueKT> <clueTime>within hours</clueTime>.</clue>
<comment>No corefCause</comment></event>
<event id="E40">
<type class="Positive_regulation"/>
<theme idref="E34"/>
<cause idref="E1"/>
<clue><clueType>Increased</clueType> mRNA and surface expression of E-selectin, ICAM-1, and VCAM-1 were <clueKT>noted</clueKT> <clueTime>within hours</clueTime>.</clue>
<comment>No corefCause</comment></event>
<sentence id="S8">Thus, <term id="T27" lex="C._pneumoniae" sem="Unicellular_organism">C. pneumoniae</term> triggers a <term id="T32" sem="Other">cascade</term> of events that could lead to endothelial activation, <term id="T28" lex="inflammation" sem="Other">inflammation</term>, and <term id="T29" lex="thrombosis" sem="Other">thrombosis</term>, which in turn may result in or may promote <term id="T30" lex="atherosclerosis" sem="Other">atherosclerosis</term>.</sentence>
<event KT="Other" id="E41">
<type class="Physiological_process"/>
<theme idref="T18"/>
<clue>Thus, C. pneumoniae triggers a cascade of events that could lead to <corefTheme>endothelial</corefTheme> <clueType>activation</clueType>, inflammation, and thrombosis, which in turn may result in or may promote atherosclerosis.</clue>
</event>
<event CL="L1" KT="Analysis" id="E42">
<type class="Positive_regulation"/>
<theme idref="E41"/>
<cause idref="T32"/>
<clue>Thus, C. pneumoniae triggers a cascade of events that <clueKT><clueCL>could</clueCL></clueKT> <clueType>lead</clueType> <linkTheme>to</linkTheme> endothelial activation, inflammation, and thrombosis, which in turn may result in or may promote atherosclerosis.</clue>
</event>
<event CL="L1" KT="Analysis" id="E43">
<type class="Positive_regulation"/>
<theme idref="T28"/>
<cause idref="T32"/>
<clue>Thus, C. pneumoniae triggers a cascade of events that <clueKT><clueCL>could</clueCL></clueKT> <clueType>lead</clueType> <linkTheme>to</linkTheme> endothelial activation, inflammation, and thrombosis, which in turn may result in or may promote atherosclerosis.</clue>
</event>
<event CL="L1" KT="Analysis" id="E44">
<type class="Positive_regulation"/>
<theme idref="T29"/>
<cause idref="T32"/>
<clue>Thus, C. pneumoniae triggers a cascade of events that <clueKT><clueCL>could</clueCL></clueKT> <clueType>lead</clueType> <linkTheme>to</linkTheme> endothelial activation, inflammation, and thrombosis, which in turn may result in or may promote atherosclerosis.</clue>
</event>
<event CL="L1" KT="Analysis" id="E45" uncertainty="probable">
<type class="Positive_regulation"/>
<theme idref="T30"/>
<cause idref="E42"/>
<clue>Thus, C. pneumoniae triggers a cascade of events that could lead to endothelial activation, inflammation, and thrombosis, <corefCause>which</corefCause> in turn <clueKT><clueCL>may</clueCL></clueKT> <clueType>result</clueType> <linkTheme>in</linkTheme> or may promote atherosclerosis.</clue>
</event>
<event CL="L1" KT="Analysis" id="E46" uncertainty="probable">
<type class="Positive_regulation"/>
<theme idref="T30"/>
<cause idref="E42"/>
<clue>Thus, C. pneumoniae triggers a cascade of events that could lead to endothelial activation, inflammation, and thrombosis, <corefCause>which</corefCause> in turn may result in or <clueKT><clueCL>may</clueCL></clueKT> <clueType>promote</clueType> atherosclerosis.</clue>
</event>
<event CL="L1" KT="Analysis" id="E47" uncertainty="probable">
<type class="Positive_regulation"/>
<theme idref="T30"/>
<cause idref="E43"/>
<clue>Thus, C. pneumoniae triggers a cascade of events that could lead to endothelial activation, inflammation, and thrombosis, <corefCause>which</corefCause> in turn <clueKT><clueCL>may</clueCL></clueKT> <clueType>result</clueType> <linkTheme>in</linkTheme> or may promote atherosclerosis.</clue>
</event>
<event CL="L1" KT="Analysis" id="E48" uncertainty="probable">
<type class="Positive_regulation"/>
<theme idref="T30"/>
<cause idref="E43"/>
<clue>Thus, C. pneumoniae triggers a cascade of events that could lead to endothelial activation, inflammation, and thrombosis, <corefCause>which</corefCause> in turn may result in or <clueKT><clueCL>may</clueCL></clueKT> <clueType>promote</clueType> atherosclerosis.</clue>
</event>
<event CL="L1" KT="Analysis" id="E49" uncertainty="probable">
<type class="Positive_regulation"/>
<theme idref="T30"/>
<cause idref="E44"/>
<clue>Thus, C. pneumoniae triggers a cascade of events that could lead to endothelial activation, inflammation, and thrombosis, <corefCause>which</corefCause> in turn <clueKT><clueCL>may</clueCL></clueKT> <clueType>result</clueType> <linkTheme>in</linkTheme> or may promote atherosclerosis.</clue>
</event>
<event CL="L1" KT="Analysis" id="E50" uncertainty="probable">
<type class="Positive_regulation"/>
<theme idref="T30"/>
<cause idref="E44"/>
<clue>Thus, C. pneumoniae triggers a cascade of events that could lead to endothelial activation, inflammation, and thrombosis, <corefCause>which</corefCause> in turn may result in or <clueKT><clueCL>may</clueCL></clueKT> <clueType>promote</clueType> atherosclerosis.</clue>
</event>
</AbstractText>
</Abstract></Article></MedlineCitation></PubmedArticle></PubmedArticleSet></Annotation>
