<?xml version='1.0'?><!DOCTYPE Annotation PUBLIC "//GENIA//DTD GENIA ANNOTATION EVENT 2.0//EN_Modified" "../ModifiedGENIAtypes/Modified_GENIA_event_20.dtd"><Annotation annotates="http://www.ncbi.nlm.nih.gov/entrez/eutils/efetch.fcgi?db=pubmed&amp;retmode=xml&amp;rettype=medline&amp;id=10202178" created="18/05/2006" creator="Yo Shidahara"><PubmedArticleSet><PubmedArticle><MedlineCitation>
<PMID>10202178</PMID>
<Article>
<ArticleTitle>
<sentence id="S1"><term id="T1" lex="differential_induction" sem="Other">Differential induction</term> of <term id="T2" lex="interferon_(IFN)-inducible_protein_10" sem="Protein_molecule">interferon (IFN)-inducible protein 10</term> following differentiation of a <term id="T4" lex="macrophage_cell_lineage" sem="Cell_natural"><term id="T3" lex="monocyte" sem="Cell_natural">monocyte</term>, <term id="T5" lex="macrophage_cell" sem="Cell_natural">macrophage</term> cell lineage</term> is related to the changes of <term id="T6" lex="nuclear_protein" sem="Protein_family_or_group">nuclear proteins</term> bound to <term id="T7" lex="IFN_stimulus_response_element" sem="DNA_domain_or_region">IFN stimulus response element</term> and <term id="T8" lex="kappaB_site" sem="DNA_domain_or_region">kappaB sites</term>.</sentence>
<event KT="Other" id="E1">
<type class="Cell_differentiation"/>
<theme idref="T4"/>
<clue>Differential induction of interferon (IFN)-inducible protein 10 following <clueType>differentiation</clueType> <linkTheme>of</linkTheme> a monocyte, macrophage cell lineage is related to the changes of nuclear proteins bound to IFN stimulus response element and kappaB sites.</clue>
<comment>NER T4, T5 mod</comment></event>
<event KT="Other" id="E2">
<type class="Positive_regulation"/>
<theme idref="T2"/>
<clue>Differential <clueType>induction</clueType> <linkTheme>of</linkTheme> interferon (IFN)-inducible protein 10 following differentiation of a monocyte, macrophage cell lineage is related to the changes of nuclear proteins bound to IFN stimulus response element and kappaB sites.</clue>
</event>
<event KT="Other" id="E3">
<type class="Positive_regulation"/>
<theme idref="E2"/>
<cause idref="E1"/>
<clue>Differential induction of interferon (IFN)-inducible protein 10 <clueType>following</clueType> differentiation of a monocyte, macrophage cell lineage is related to the changes of nuclear proteins bound to IFN stimulus response element and kappaB sites.</clue>
</event>
<event KT="Other" id="E4">
<type class="Binding"/>
<theme idref="T6"/>
<theme idref="T7"/>
<clue>Differential induction of interferon (IFN)-inducible protein 10 following differentiation of a monocyte, macrophage cell lineage is related to the changes of nuclear proteins <clueType>bound</clueType> <linkTheme>to</linkTheme> IFN stimulus response element and kappaB sites.</clue>
</event>
<event KT="Other" id="E5">
<type class="Binding"/>
<theme idref="T6"/>
<theme idref="T8"/>
<clue>Differential induction of interferon (IFN)-inducible protein 10 following differentiation of a monocyte, macrophage cell lineage is related to the changes of nuclear proteins <clueType>bound</clueType> <linkTheme>to</linkTheme> IFN stimulus response element and kappaB sites.</clue>
</event>
<event KT="Other" id="E6">
<type class="Regulation"/>
<theme idref="E4"/>
<clue>Differential induction of interferon (IFN)-inducible protein 10 following differentiation of a monocyte, macrophage cell lineage is related to the <clueType>changes</clueType> <linkTheme>of</linkTheme> nuclear proteins bound to IFN stimulus response element and kappaB sites.</clue>
</event>
<event KT="Other" id="E7">
<type class="Regulation"/>
<theme idref="E5"/>
<clue>Differential induction of interferon (IFN)-inducible protein 10 following differentiation of a monocyte, macrophage cell lineage is related to the <clueType>changes</clueType> <linkTheme>of</linkTheme> nuclear proteins bound to IFN stimulus response element and kappaB sites.</clue>
</event>
<event KT="Analysis" id="E8">
<type class="Correlation"/>
<theme idref="E2"/>
<theme idref="E6"/>
<clue>Differential induction of interferon (IFN)-inducible protein 10 following differentiation of a monocyte, macrophage cell lineage is <clueType><clueKT>related</clueKT></clueType> <linkTheme>to</linkTheme> the changes of nuclear proteins bound to IFN stimulus response element and kappaB sites.</clue>
</event>
<event KT="Analysis" id="E9">
<type class="Correlation"/>
<theme idref="E2"/>
<theme idref="E7"/>
<clue>Differential induction of interferon (IFN)-inducible protein 10 following differentiation of a monocyte, macrophage cell lineage is <clueType><clueKT>related</clueKT></clueType> <linkTheme>to</linkTheme> the changes of nuclear proteins bound to IFN stimulus response element and kappaB sites.</clue>
</event>
</ArticleTitle>
<Abstract>
<AbstractText>
<sentence id="S2">We examined <term id="T10" lex="chemokine_gene_expression" sem="Other"><term id="T11" lex="chemokine" sem="DNA_family_or_group">chemokine gene</term> expression</term> following the differentiation of a <term id="T13" lex="macrophage_cell_lineage" sem="Cell_cultured"><term id="T12" lex="monocyte" sem="Cell_natural">monocyte</term>, <term id="T14" lex="macrophage" sem="Cell_natural">macrophage</term> cell lineage</term>.</sentence>
<event KT="Other" id="E10">
<type class="Gene_expression"/>
<theme idref="T11"/>
<clue>We examined chemokine gene <clueType>expression</clueType> following the differentiation of a monocyte, macrophage cell lineage.</clue>
<comment>NER T11 mod</comment></event>
<event KT="Other" id="E11">
<type class="Cell_differentiation"/>
<theme idref="T13"/>
<clue>We examined chemokine gene expression following the <clueType>differentiation</clueType> <linkTheme>of</linkTheme> a monocyte, macrophage cell lineage.</clue>
<comment>NER T13 mod</comment></event>
<event KT="Investigation" id="E12" uncertainty="doubtful">
<type class="Regulation"/>
<theme idref="E10"/>
<cause idref="E11"/>
<clue>We <clueKT>examined</clueKT> chemokine gene expression <clueType>following</clueType> the differentiation of a monocyte, macrophage cell lineage.</clue>
</event>
<sentence id="S3">The <term id="T15" lex="human_monoblastic_cell_line" sem="Cell_cultured">human monoblastic cell line</term>, <term id="T16" lex="U937" sem="Cell_cultured">U937</term> was differentiated to <term id="T17" lex="macrophage" sem="Cell_natural">macrophages</term> by the treatment with either <term id="T18" lex="phorbol_12-myristate_13-acetate_(PMA)" sem="Organic_compound_other"><term id="T19" lex="phorbol_12-myristate_13-acetate" sem="Organic_compound_other">phorbol 12-myristate 13-acetate</term> (<term id="T20" lex="PMA" sem="Organic_compound_other">PMA</term>)</term>, <term id="T21" lex="retinoic_acid_(RA)" sem="Organic_compound_other"><term id="T22" lex="retinoic_acid" sem="Organic_compound_other">retinoic acid</term> (<term id="T23" lex="RA" sem="Organic_compound_other">RA</term>)</term>, or <term id="T24" lex="vitamin_D3_(VitD3)" sem="Lipid">vitamin D3 (<term id="T25" lex="VitD3" sem="Lipid">VitD3</term>)</term>.</sentence>
<event id="E13">
<type class="Cell_differentiation"/>
<theme idref="T16"/>
<theme idref="T17"/>
<clue>The human monoblastic cell line, U937 was <clueType>differentiated</clueType> <linkTheme>to</linkTheme> macrophages by the treatment with either phorbol 12-myristate 13-acetate (PMA), retinoic acid (RA), or vitamin D3 (VitD3).</clue>
</event>
<event id="E17">
<type class="Positive_regulation"/>
<theme idref="E13"/>
<cause idref="T20"/>
<clue>The human monoblastic cell line, U937 was differentiated to macrophages <clueType>by the treatment with</clueType> either phorbol 12-myristate 13-acetate (PMA), retinoic acid (RA), or vitamin D3 (VitD3).</clue>
</event>
<event id="E18">
<type class="Positive_regulation"/>
<theme idref="E13"/>
<cause idref="T23"/>
<clue>The human monoblastic cell line, U937 was differentiated to macrophages <clueType>by the treatment with</clueType> either phorbol 12-myristate 13-acetate (PMA), retinoic acid (RA), or vitamin D3 (VitD3).</clue>
</event>
<event id="E19">
<type class="Positive_regulation"/>
<theme idref="E13"/>
<cause idref="T25"/>
<clue>The human monoblastic cell line, U937 was differentiated to macrophages <clueType>by the treatment with</clueType> either phorbol 12-myristate 13-acetate (PMA), retinoic acid (RA), or vitamin D3 (VitD3).</clue>
</event>
<sentence id="S4">The gene expression of <term id="T26" lex="interferon_(IFN)-inducible_protein_10" sem="Protein_molecule">interferon (IFN)-inducible protein 10</term> (<term id="T27" lex="IP-10" sem="Protein_molecule">IP-10</term>) (a <term id="T28" lex="CXC_chemokine" sem="Protein_family_or_group">CXC chemokine</term>) was markedly augmented by the <term id="T29" lex="IFNgamma" sem="Protein_molecule">IFNgamma</term> treatment in <term id="A1" sem="Cell_natural"><term id="T30" lex="PMA" sem="Organic_compound_other">PMA</term>- or <term id="T31" lex="RA" sem="Organic_compound_other">RA</term>-differentiated <term id="T32" lex="U937_cell" sem="Cell_cultured">U937 cells</term>,</term> but only marginally in undifferentiated or <term id="T33" lex="VitD3-treated_cell" sem="Cell_cultured"><term id="T34" lex="VitD3" sem="Lipid">VitD3</term>-treated cells</term>.</sentence>
<event id="E20">
<type class="Gene_expression"/>
<theme idref="T27"/>
<clue>The gene <clueType>expression</clueType> <linkTheme>of</linkTheme> interferon (IFN)-inducible protein 10 (IP-10) (a CXC chemokine) was markedly augmented by the IFNgamma treatment in PMA- or RA-differentiated U937 cells, but only marginally in undifferentiated or VitD3-treated cells.</clue>
</event>
<event Manner="High" id="E21">
<type class="Positive_regulation"/>
<theme idref="E20"/>
<cause idref="T29"/>
<clue>The gene expression of interferon (IFN)-inducible protein 10 (IP-10) (a CXC chemokine) was <clueManner>markedly</clueManner> <clueType>augmented</clueType> <linkCause>by</linkCause> the IFNgamma treatment i<clueLoc>n PMA-</clueLoc> or RA-<clueLoc>differentiated U937 cells</clueLoc>, but only marginally in undifferentiated or VitD3-treated cells.</clue>
</event>
<event Manner="High" id="E121">
<type class="Positive_regulation"/>
<theme idref="E20"/>
<cause idref="T29"/>
<clue>The gene expression of interferon (IFN)-inducible protein 10 (IP-10) (a CXC chemokine) was <clueManner>markedly</clueManner> <clueType>augmented</clueType> <linkCause>by</linkCause> the IFNgamma treatment <clueLoc>in</clueLoc> PMA- or <clueLoc>RA-differentiated U937 cells</clueLoc>, but only marginally in undifferentiated or VitD3-treated cells.</clue>
</event>
<event Manner="Low" assertion="non-exist" id="E22">
<type class="Positive_regulation"/>
<theme idref="E20"/>
<cause idref="T29"/>
<clue>The gene expression of interferon (IFN)-inducible protein 10 (IP-10) (a CXC chemokine) was markedly <clueType>augmented</clueType> <linkCause>by</linkCause> the IFNgamma treatment in PMA- or RA-differentiated U937 cells, but <clueManner>only marginally</clueManner> <clueLoc>in undifferentiated</clueLoc> or VitD3-treated <clueLoc>cells</clueLoc>.</clue>
</event>
<event Manner="Low" assertion="non-exist" id="E122">
<type class="Positive_regulation"/>
<theme idref="E20"/>
<cause idref="T29"/>
<clue>The gene expression of interferon (IFN)-inducible protein 10 (IP-10) (a CXC chemokine) was <clueManner>markedly</clueManner> <clueType>augmented</clueType> <linkCause>by</linkCause> the IFNgamma treatment in PMA- or RA-differentiated U937 cells, but <clueManner>only marginally</clueManner> <clueLoc>in</clueLoc> undifferentiated or <clueLoc>VitD3-treated cells</clueLoc>.</clue>
</event>
<event id="E222">
<type class="Cell_differentiation"/>
<theme idref="T32"/>
<clue>The gene expression of interferon (IFN)-inducible protein 10 (IP-10) (a CXC chemokine) was markedly augmented by the IFNgamma treatment in PMA- or RA-<clueType>differentiated</clueType> U937 cells, but only marginally in undifferentiated or VitD3-treated cells.</clue>
</event>
<event id="E223">
<type class="Positive_regulation"/>
<theme idref="E222"/>
<cause idref="T30"/>
<clue>The gene expression of interferon (IFN)-inducible protein 10 (IP-10) (a CXC chemokine) was markedly augmented by the IFNgamma treatment in PMA- or RA-differentiated U937 cells, but only marginally in undifferentiated or VitD3-treated cells.</clue>
<comment>NO CLUETYPE</comment></event>
<event id="E224">
<type class="Positive_regulation"/>
<theme idref="E222"/>
<cause idref="T31"/>
<clue>The gene expression of interferon (IFN)-inducible protein 10 (IP-10) (a CXC chemokine) was markedly augmented by the IFNgamma treatment in PMA- or RA-differentiated U937 cells, but only marginally in undifferentiated or VitD3-treated cells.</clue>
<comment>NO CLUETYPE</comment></event>
<event Polarity="Negative" assertion="non-exist" id="E225">
<type class="Cell_differentiation"/>
<theme idref="T32"/>
<clue>The gene expression of interferon (IFN)-inducible protein 10 (IP-10) (a CXC chemokine) was markedly augmented by the IFNgamma treatment in PMA- or RA-differentiated U937 cells, but only marginally in <clueType><cluePolarity>undifferentiated</cluePolarity></clueType> or VitD3-treated <corefTheme>cells</corefTheme>.</clue>
</event>
<event KT="Method" id="E226">
<type class="Artificial_process"/>
<theme idref="T32"/>
<theme idref="T34"/>
<clue>The gene expression of interferon (IFN)-inducible protein 10 (IP-10) (a CXC chemokine) was markedly augmented by the IFNgamma treatment in PMA- or RA-differentiated U937 cells, but only marginally in undifferentiated or VitD3-<clueType>treated</clueType> <corefTheme>cells</corefTheme>.</clue>
</event>
<sentence id="S5">In contrast, another inducible gene expression of <term id="T35" lex="monocyte_chemotactic_protein-1" sem="Protein_molecule">monocyte chemotactic protein-1</term> (a <term id="T36" lex="CC_chemokine" sem="Protein_family_or_group">CC chemokine</term>) and the activation of the <term id="T37" lex="transcriptional_factor" sem="Protein_family_or_group">transcriptional factor</term> (<term id="T38" lex="FcRFgamma" sem="Protein_molecule">FcRFgamma</term>) bound to the <term id="T39" lex="gamma_response_region" sem="DNA_domain_or_region">gamma response region</term> were similarly or less abundantly induced by <term id="T40" lex="IFNgamma" sem="Protein_molecule">IFNgamma</term> treatment in <term id="T41" lex="PMA" sem="Organic_compound_other">PMA</term>- or <term id="T42" lex="RA" sem="Organic_compound_other">RA</term>-differentiated <term id="T43" lex="U937_cell" sem="Cell_cultured">U937 cells</term>, indicating that increased <term id="T44" lex="IP-10_mRNA" sem="RNA_molecule"><term id="T45" lex="IP-10" sem="Protein_molecule">IP-10</term> mRNA</term> induction was not due to the augmented ability of the cells to respond to the presence of <term id="T46" lex="IFNgamma" sem="Protein_molecule">IFNgamma</term>.</sentence>
<event id="E23">
<type class="Gene_expression"/>
<theme idref="T35"/>
<clue>In contrast, another inducible gene <clueType>expression</clueType> <linkTheme>of</linkTheme> monocyte chemotactic protein-1 (a CC chemokine) and the activation of the transcriptional factor (FcRFgamma) bound to the gamma response region were similarly or less abundantly induced by IFNgamma treatment in PMA- or RA-differentiated U937 cells, indicating that increased IP-10 mRNA induction was not due to the augmented ability of the cells to respond to the presence of IFNgamma.</clue>
</event>
<event id="E24">
<type class="Binding"/>
<theme idref="T38"/>
<theme idref="T39"/>
<clue>In contrast, another inducible gene expression of monocyte chemotactic protein-1 (a CC chemokine) and the activation of the transcriptional factor (FcRFgamma) <clueType>bound</clueType> <linkTheme>to</linkTheme> the gamma response region were similarly or less abundantly induced by IFNgamma treatment in PMA- or RA-differentiated U937 cells, indicating that increased IP-10 mRNA induction was not due to the augmented ability of the cells to respond to the presence of IFNgamma.</clue>
</event>
<event id="E25">
<type class="Positive_regulation"/>
<theme idref="T38"/>
<clue>In contrast, another inducible gene expression of monocyte chemotactic protein-1 (a CC chemokine) and the <clueType>activation</clueType> <linkTheme>of</linkTheme> the transcriptional factor (FcRFgamma) bound to the gamma response region were similarly or less abundantly induced by IFNgamma treatment in PMA- or RA-differentiated U937 cells, indicating that increased IP-10 mRNA induction was not due to the augmented ability of the cells to respond to the presence of IFNgamma.</clue>
</event>
<event id="E26">
<type class="Positive_regulation"/>
<theme idref="E24"/>
<cause idref="T40"/>
<clue>In contrast, another inducible gene expression of monocyte chemotactic protein-1 (a CC chemokine) and the activation of the transcriptional factor (FcRFgamma) bound to the gamma response region were similarly or less abundantly <clueType>induced</clueType> <linkCause>by</linkCause> IFNgamma treatment <clueLoc>in PMA-</clueLoc> or RA-<clueLoc>differentiated U937 cells</clueLoc>, indicating that increased IP-10 mRNA induction was not due to the augmented ability of the cells to respond to the presence of IFNgamma.</clue>
</event>
<event id="E126">
<type class="Positive_regulation"/>
<theme idref="E24"/>
<cause idref="T40"/>
<clue>In contrast, another inducible gene expression of monocyte chemotactic protein-1 (a CC chemokine) and the activation of the transcriptional factor (FcRFgamma) bound to the gamma response region were similarly or less abundantly <clueType>induced</clueType> <linkCause>by</linkCause> IFNgamma treatment <clueLoc>in</clueLoc> PMA- or <clueLoc>RA-differentiated U937 cells</clueLoc>, indicating that increased IP-10 mRNA induction was not due to the augmented ability of the cells to respond to the presence of IFNgamma.</clue>
</event>
<event id="E27">
<type class="Positive_regulation"/>
<theme idref="E23"/>
<cause idref="T40"/>
<clue>In contrast, another inducible gene expression of monocyte chemotactic protein-1 (a CC chemokine) and the activation of the transcriptional factor (FcRFgamma) bound to the gamma response region were similarly or less abundantly <clueType>induced</clueType> <linkCause>by</linkCause> IFNgamma treatment <clueLoc>in PMA-</clueLoc> or RA-<clueLoc>differentiated U937 cells</clueLoc>, indicating that increased IP-10 mRNA induction was not due to the augmented ability of the cells to respond to the presence of IFNgamma.</clue>
</event>
<event id="E127">
<type class="Positive_regulation"/>
<theme idref="E23"/>
<cause idref="T40"/>
<clue>In contrast, another inducible gene expression of monocyte chemotactic protein-1 (a CC chemokine) and the activation of the transcriptional factor (FcRFgamma) bound to the gamma response region were similarly or less abundantly <clueType>induced</clueType> <linkCause>by</linkCause> IFNgamma treatment <clueLoc>in</clueLoc> PMA- or <clueLoc>RA-differentiated U937 cells</clueLoc>, indicating that increased IP-10 mRNA induction was not due to the augmented ability of the cells to respond to the presence of IFNgamma.</clue>
</event>
<event KT="Other" id="E28">
<type class="Positive_regulation"/>
<theme idref="T44"/>
<clue>In contrast, another inducible gene expression of monocyte chemotactic protein-1 (a CC chemokine) and the activation of the transcriptional factor (FcRFgamma) bound to the gamma response region were similarly or less abundantly induced by IFNgamma treatment in PMA- or RA-differentiated U937 cells, indicating that increased IP-10 mRNA <clueType>induction</clueType> was not due to the augmented ability of the cells to respond to the presence of IFNgamma.</clue>
</event>
<event KT="Other" id="E29">
<type class="Positive_regulation"/>
<theme idref="E28"/>
<clue>In contrast, another inducible gene expression of monocyte chemotactic protein-1 (a CC chemokine) and the activation of the transcriptional factor (FcRFgamma) bound to the gamma response region were similarly or less abundantly induced by IFNgamma treatment in PMA- or RA-differentiated U937 cells, indicating that <clueType>increased</clueType> IP-10 mRNA induction was not due to the augmented ability of the cells to respond to the presence of IFNgamma.</clue>
</event>
<event KT="Other" id="E30">
<type class="Physiological_process"/>
<theme idref="A1"/>
<cause idref="T46"/>
<clue>In contrast, another inducible gene expression of monocyte chemotactic protein-1 (a CC chemokine) and the activation of the transcriptional factor (FcRFgamma) bound to the gamma response region were similarly or less abundantly induced by IFNgamma treatment in PMA- or RA-differentiated U937 cells, indicating that increased IP-10 mRNA induction was not due to the augmented ability of the <corefTheme>cells</corefTheme> to <clueType>respond</clueType> <linkCause>to</linkCause> the presence of IFNgamma.</clue>
</event>
<event CL="L2" KT="Analysis" id="E31">
<type class="Positive_regulation"/>
<theme idref="E30"/>
<clue>In contrast, another inducible gene expression of monocyte chemotactic protein-1 (a CC chemokine) and the activation of the transcriptional factor (FcRFgamma) bound to the gamma response region were similarly or less abundantly induced by IFNgamma treatment in PMA- or RA-differentiated U937 cells, indicating that increased IP-10 mRNA induction was not due to the <clueType>augmented</clueType> <clueKT><clueCL>ability</clueCL></clueKT> of the cells to respond to the presence of IFNgamma.</clue>
</event>
<event Polarity="Negative" assertion="non-exist" id="E32">
<type class="Positive_regulation"/>
<theme idref="E29"/>
<cause idref="E31"/>
<clue>In contrast, another inducible gene expression of monocyte chemotactic protein-1 (a CC chemokine) and the activation of the transcriptional factor (FcRFgamma) bound to the gamma response region were similarly or less abundantly induced by IFNgamma treatment in PMA- or RA-differentiated U937 cells, indicating that increased IP-10 mRNA induction was <cluePolarity>not</cluePolarity> <clueType>due</clueType> <linkTheme>to</linkTheme> the augmented ability of the cells to respond to the presence of IFNgamma.</clue>
</event>
<event id="E132">
<type class="Cell_differentiation"/>
<theme idref="T43"/>
<clue>In contrast, another inducible gene expression of monocyte chemotactic protein-1 (a CC chemokine) and the activation of the transcriptional factor (FcRFgamma) bound to the gamma response region were similarly or less abundantly induced by IFNgamma treatment in PMA- or RA-<clueType>differentiated</clueType> U937 cells, indicating that increased IP-10 mRNA induction was not due to the augmented ability of the cells to respond to the presence of IFNgamma.</clue>
</event>
<event id="E133">
<type class="Positive_regulation"/>
<theme idref="E132"/>
<cause idref="T41"/>
<clue>In contrast, another inducible gene expression of monocyte chemotactic protein-1 (a CC chemokine) and the activation of the transcriptional factor (FcRFgamma) bound to the gamma response region were similarly or less abundantly induced by IFNgamma treatment in PMA- or RA-differentiated U937 cells, indicating that increased IP-10 mRNA induction was not due to the augmented ability of the cells to respond to the presence of IFNgamma.</clue>
<comment>NO CLUETYPE</comment></event>
<event id="E134">
<type class="Positive_regulation"/>
<theme idref="E132"/>
<cause idref="T42"/>
<clue>In contrast, another inducible gene expression of monocyte chemotactic protein-1 (a CC chemokine) and the activation of the transcriptional factor (FcRFgamma) bound to the gamma response region were similarly or less abundantly induced by IFNgamma treatment in PMA- or RA-differentiated U937 cells, indicating that increased IP-10 mRNA induction was not due to the augmented ability of the cells to respond to the presence of IFNgamma.</clue>
<comment>NO CLUETYPE</comment></event>
<sentence id="S6">Increased expression of <term id="T47" lex="IFNgamma" sem="Protein_molecule">IFNgamma</term>-induced <term id="T48" lex="IP-10_mRNA" sem="RNA_molecule"><term id="T49" lex="IP-10" sem="Protein_molecule">IP-10</term> mRNA</term> following the differentiation of <term id="T50" lex="U937_cell" sem="Cell_cultured">U937 cells</term> was mediated largely by augmented <term id="T9" sem="Other">transcriptional activity</term> of the gene and was related to differentiation-dependent changes of the <term id="A101" sem="Protein_family_or_group"><term id="A3" sem="Protein_family_or_group">proteins</term> bound to <term id="T51" lex="IFN_stimulus_response_element_(ISRE)" sem="DNA_domain_or_region">IFN stimulus response element (<term id="T52" lex="ISRE" sem="DNA_domain_or_region">ISRE</term>)</term> and <term id="T53" lex="kB_site" sem="DNA_domain_or_region">kB sites</term></term>, suggesting that these <term id="T54" lex="nuclear_protein" sem="Protein_family_or_group">nuclear proteins</term> may determine the <term id="T55" lex="IP-10_mRNA" sem="RNA_molecule"><term id="T56" lex="IP-10" sem="Protein_molecule">IP-10</term> mRNA</term> inducibility by <term id="T57" lex="IFNgamma" sem="Protein_molecule">IFNgamma</term>.</sentence>
<event id="E33">
<type class="Transcription"/>
<theme idref="T48"/>
<clue>Increased <clueType>expression</clueType> <linkTheme>of</linkTheme> IFNgamma-induced IP-10 mRNA following the differentiation of U937 cells was mediated largely by augmented transcriptional activity of the gene and was related to differentiation-dependent changes of the proteins bound to IFN stimulus response element (ISRE) and kB sites, suggesting that these nuclear proteins may determine the IP-10 mRNA inducibility by IFNgamma.</clue>
<comment>TPS A101</comment></event>
<event id="E35">
<type class="Positive_regulation"/>
<theme idref="E33"/>
<cause idref="T47"/>
<clue>Increased expression of IFNgamma-<clueType>induced</clueType> IP-10 mRNA following the differentiation of U937 cells was mediated largely by augmented transcriptional activity of the gene and was related to differentiation-dependent changes of the proteins bound to IFN stimulus response element (ISRE) and kB sites, suggesting that these nuclear proteins may determine the IP-10 mRNA inducibility by IFNgamma.</clue>
</event>
<event id="E36">
<type class="Cell_differentiation"/>
<theme idref="T50"/>
<clue>Increased expression of IFNgamma-induced IP-10 mRNA following the <clueType>differentiation</clueType> <linkTheme>of</linkTheme> U937 cells was mediated largely by augmented transcriptional activity of the gene and was related to differentiation-dependent changes of the proteins bound to IFN stimulus response element (ISRE) and kB sites, suggesting that these nuclear proteins may determine the IP-10 mRNA inducibility by IFNgamma.</clue>
</event>
<event id="E37">
<type class="Positive_regulation"/>
<theme idref="E35"/>
<cause idref="E36"/>
<clue><clueType>Increased</clueType> expression of IFNgamma-induced IP-10 mRNA <linkCause>following</linkCause> the differentiation of U937 cells was mediated largely by augmented transcriptional activity of the gene and was related to differentiation-dependent changes of the proteins bound to IFN stimulus response element (ISRE) and kB sites, suggesting that these nuclear proteins may determine the IP-10 mRNA inducibility by IFNgamma.</clue>
</event>
<event id="E138">
<type class="Positive_regulation"/>
<theme idref="T49"/>
<clue>Increased expression of IFNgamma-induced IP-10 mRNA following the differentiation of U937 cells was mediated largely by augmented <clueType>transcriptional activity</clueType> <linkTheme>of</linkTheme> <corefTheme>the gene</corefTheme> and was related to differentiation-dependent changes of the proteins bound to IFN stimulus response element (ISRE) and kB sites, suggesting that these nuclear proteins may determine the IP-10 mRNA inducibility by IFNgamma.</clue>
</event>
<event id="E38">
<type class="Positive_regulation"/>
<theme idref="E138"/>
<clue>Increased expression of IFNgamma-induced IP-10 mRNA following the differentiation of U937 cells was mediated largely by <clueType>augmented</clueType> transcriptional activity of the gene and was related to differentiation-dependent changes of the proteins bound to IFN stimulus response element (ISRE) and kB sites, suggesting that these nuclear proteins may determine the IP-10 mRNA inducibility by IFNgamma.</clue>
</event>
<event id="E39">
<type class="Positive_regulation"/>
<theme idref="E37"/>
<cause idref="E38"/>
<clue>Increased expression of IFNgamma-induced IP-10 mRNA following the differentiation of U937 cells was <clueType>mediated</clueType> largely <linkCause>by</linkCause> augmented transcriptional activity of the gene and was related to differentiation-dependent changes of the proteins bound to IFN stimulus response element (ISRE) and kB sites, suggesting that these nuclear proteins may determine the IP-10 mRNA inducibility by IFNgamma.</clue>
</event>
<event KT="Other" id="E40">
<type class="Binding"/>
<theme idref="A3"/>
<theme idref="T52"/>
<clue>Increased expression of IFNgamma-induced IP-10 mRNA following the differentiation of U937 cells was mediated largely by augmented transcriptional activity of the gene and was related to differentiation-dependent changes of the proteins <clueType>bound</clueType> <linkTheme>to</linkTheme> IFN stimulus response element (ISRE) and kB sites, suggesting that these nuclear proteins may determine the IP-10 mRNA inducibility by IFNgamma.</clue>
</event>
<event KT="Other" id="E101">
<type class="Binding"/>
<theme idref="A3"/>
<theme idref="T53"/>
<clue>Increased expression of IFNgamma-induced IP-10 mRNA following the differentiation of U937 cells was mediated largely by augmented transcriptional activity of the gene and was related to differentiation-dependent changes of the proteins <clueType>bound</clueType> <linkTheme>to</linkTheme> IFN stimulus response element (ISRE) and kB sites, suggesting that these nuclear proteins may determine the IP-10 mRNA inducibility by IFNgamma.</clue>
</event>
<event KT="Other" id="E41">
<type class="Regulation"/>
<theme idref="E40"/>
<clue>Increased expression of IFNgamma-induced IP-10 mRNA following the differentiation of U937 cells was mediated largely by augmented transcriptional activity of the gene and was related to differentiation-dependent <clueType>changes</clueType> <linkTheme>of</linkTheme> the proteins bound to IFN stimulus response element (ISRE) and kB sites, suggesting that these nuclear proteins may determine the IP-10 mRNA inducibility by IFNgamma.</clue>
</event>
<event KT="Other" id="E102">
<type class="Regulation"/>
<theme idref="E101"/>
<clue>Increased expression of IFNgamma-induced IP-10 mRNA following the differentiation of U937 cells was mediated largely by augmented transcriptional activity of the gene and was related to differentiation-dependent <clueType>changes</clueType> <linkTheme>of</linkTheme> the proteins bound to IFN stimulus response element (ISRE) and kB sites, suggesting that these nuclear proteins may determine the IP-10 mRNA inducibility by IFNgamma.</clue>
</event>
<event KT="Other" id="E42">
<type class="Regulation"/>
<theme idref="E41"/>
<cause idref="E36"/>
<clue>Increased expression of IFNgamma-induced IP-10 mRNA following the differentiation of U937 cells was mediated largely by augmented transcriptional activity of the gene and was related to <corefCause>differentiation</corefCause>-<clueType>dependent</clueType> changes of the proteins bound to IFN stimulus response element (ISRE) and kB sites, suggesting that these nuclear proteins may determine the IP-10 mRNA inducibility by IFNgamma.</clue>
</event>
<event KT="Other" id="E103">
<type class="Regulation"/>
<theme idref="E102"/>
<cause idref="E36"/>
<clue>Increased expression of IFNgamma-induced IP-10 mRNA following the differentiation of U937 cells was mediated largely by augmented transcriptional activity of the gene and was related to <corefCause>differentiation</corefCause>-<clueType>dependent</clueType> changes of the proteins bound to IFN stimulus response element (ISRE) and kB sites, suggesting that these nuclear proteins may determine the IP-10 mRNA inducibility by IFNgamma.</clue>
</event>
<event KT="Analysis" id="E43">
<type class="Correlation"/>
<theme idref="E35"/>
<theme idref="E42"/>
<clue>Increased expression of IFNgamma-induced IP-10 mRNA following the differentiation of U937 cells was mediated largely by augmented transcriptional activity of the gene and was <clueType><clueKT>related</clueKT></clueType> <linkTheme>to</linkTheme> differentiation-dependent changes of the proteins bound to IFN stimulus response element (ISRE) and kB sites, suggesting that these nuclear proteins may determine the IP-10 mRNA inducibility by IFNgamma.</clue>
</event>
<event KT="Analysis" id="E104">
<type class="Correlation"/>
<theme idref="E35"/>
<theme idref="E103"/>
<clue>Increased expression of IFNgamma-induced IP-10 mRNA following the differentiation of U937 cells was mediated largely by augmented transcriptional activity of the gene and was <clueType><clueKT>related</clueKT></clueType> <linkTheme>to</linkTheme> differentiation-dependent changes of the proteins bound to IFN stimulus response element (ISRE) and kB sites, suggesting that these nuclear proteins may determine the IP-10 mRNA inducibility by IFNgamma.</clue>
</event>
<event KT="Other" id="E44">
<type class="Positive_regulation"/>
<theme idref="T57"/>
<cause idref="T55"/>
<clue>Increased expression of IFNgamma-induced IP-10 mRNA following the differentiation of U937 cells was mediated largely by augmented transcriptional activity of the gene and was related to differentiation-dependent changes of the proteins bound to IFN stimulus response element (ISRE) and kB sites, suggesting that these nuclear proteins may determine the IP-10 mRNA <clueType>inducibility</clueType> <linkCause>by</linkCause> IFNgamma.</clue>
</event>
<event CL="L1" KT="Analysis" id="E45" uncertainty="probable">
<type class="Regulation"/>
<theme idref="E44"/>
<cause idref="A101"/>
<clue>Increased expression of IFNgamma-induced IP-10 mRNA following the differentiation of U937 cells was mediated largely by augmented transcriptional activity of the gene and was related to differentiation-dependent changes of the proteins bound to IFN stimulus response element (ISRE) and kB sites, <clueKT>suggesting</clueKT> that <corefCause>these nuclear proteins</corefCause> <clueCL>may</clueCL> <clueType>determine</clueType> the IP-10 mRNA inducibility by IFNgamma.</clue>
</event>
</AbstractText>
</Abstract></Article></MedlineCitation></PubmedArticle></PubmedArticleSet></Annotation>
