<?xml version='1.0'?><!DOCTYPE Annotation PUBLIC "//GENIA//DTD GENIA ANNOTATION EVENT 2.0//EN_Modified" "../ModifiedGENIAtypes/Modified_GENIA_event_20.dtd"><Annotation annotates="http://www.ncbi.nlm.nih.gov/entrez/eutils/efetch.fcgi?db=pubmed&amp;retmode=xml&amp;rettype=medline&amp;id=10201929" created="22/01/2007" creator="Junko Matsuura"><PubmedArticleSet><PubmedArticle><MedlineCitation>
<PMID>10201929</PMID>
<Article>
<ArticleTitle>
<sentence id="S1">Engagement of <term id="T1" lex="natural_cytotoxicity_programs" sem="Other">natural cytotoxicity programs</term> regulates <term id="T2" lex="AP-1_expression" sem="Other"><term id="T3" lex="AP-1" sem="Protein_molecule">AP-1</term> expression</term> in the <term id="T4" lex="NKL_human_NK_cell_line" sem="Cell_cultured">NKL human NK cell line</term>.</sentence>
<event id="E1">
<type class="Gene_expression"/>
<theme idref="T3"/>
<clue>Engagement of natural cytotoxicity programs regulates AP-1 <clueType>expression</clueType> in the NKL human NK cell line.</clue>
</event>
<event id="E2">
<type class="Regulation"/>
<theme idref="E1"/>
<cause idref="T1"/>
<clue>Engagement of natural cytotoxicity programs <clueType>regulates</clueType> AP-1 expression in the NKL human NK cell line.</clue>
</event>
</ArticleTitle>
<Abstract>
<AbstractText>
<sentence id="S2"><term id="T5" lex="NK_cell_cytotoxicity" sem="Other">NK cell cytotoxicity</term> is a fast and efficient mechanism of <term id="T6" lex="target_cell_lysis" sem="Other">target cell lysis</term>.</sentence>
<sentence id="S3">Using <term id="T7" lex="transcription_analysis" sem="Other">transcription analysis</term>, such as <term id="T8" lex="multiplex_messenger_assay" sem="Other">multiplex messenger assays</term>, we show here that <term id="T9" lex="natural_cytotoxicity" sem="Other">natural cytotoxicity</term> exerted by the <term id="T10" lex="human_NKL_cell_line" sem="Cell_cultured">human NKL cell line</term> correlates with <term id="T11" lex="mRNA_accumulation" sem="Other">mRNA accumulation</term> of <term id="A1" sem="RNA_molecule"><term id="T12" lex="very_early_activator_protein_(AP)-1" sem="Protein_molecule">very early activator protein (AP)-1</term> <term id="T13" lex="transcription_factor_gene" sem="DNA_family_or_group">transcription factor genes</term></term> such as <term id="T14" lex="JunB" sem="RNA_molecule">JunB</term>, <term id="T15" lex="FosB" sem="RNA_molecule">FosB</term> and <term id="T16" lex="c-Fos" sem="RNA_molecule">c-Fos</term>.</sentence>
<event KT="Other" id="E3">
<type class="Positive_regulation"/>
<theme idref="T9"/>
<cause idref="T10"/>
<clue>Using transcription analysis, such as multiplex messenger assays, we show here that natural cytotoxicity <clueType>exerted</clueType> <linkCause>by</linkCause> the human NKL cell line correlates with mRNA accumulation of very early activator protein (AP)-1 transcription factor genes such as JunB, FosB and c-Fos.</clue>
</event>
<event KT="Other" id="E4">
<type class="Positive_regulation"/>
<theme idref="A1"/>
<clue>Using transcription analysis, such as multiplex messenger assays, we show here that natural cytotoxicity exerted by the human NKL cell line correlates with <clueType>mRNA accumulation</clueType> <linkTheme>of</linkTheme> very early activator protein (AP)-1 transcription factor genes such as JunB, FosB and c-Fos.</clue>
<comment>TPS: A1</comment></event>
<event KT="Other" id="E5">
<type class="Positive_regulation"/>
<theme idref="T14"/>
<clue>Using transcription analysis, such as multiplex messenger assays, we show here that natural cytotoxicity exerted by the human NKL cell line correlates with <clueType>mRNA accumulation</clueType> <linkTheme>of</linkTheme> <corefTheme>very early activator protein (AP)-1 transcription factor genes</corefTheme> such as JunB, FosB and c-Fos.</clue>
<comment>NER: T14 MOD</comment></event>
<event KT="Other" id="E6">
<type class="Positive_regulation"/>
<theme idref="T15"/>
<clue>Using transcription analysis, such as multiplex messenger assays, we show here that natural cytotoxicity exerted by the human NKL cell line correlates with <clueType>mRNA accumulation</clueType> <linkTheme>of</linkTheme> <corefTheme>very early activator protein (AP)-1 transcription factor genes</corefTheme> such as JunB, FosB and c-Fos.</clue>
<comment>NER: T15 MOD</comment></event>
<event KT="Other" id="E7">
<type class="Positive_regulation"/>
<theme idref="T16"/>
<clue>Using transcription analysis, such as multiplex messenger assays, we show here that natural cytotoxicity exerted by the human NKL cell line correlates with <clueType>mRNA accumulation</clueType> <linkTheme>of</linkTheme> <corefTheme>very early activator protein (AP)-1 transcription factor genes</corefTheme> such as JunB, FosB and c-Fos.</clue>
<comment>NER: T16 MOD</comment></event>
<event KT="Analysis" id="E8">
<type class="Correlation"/>
<theme idref="E3"/>
<theme idref="E4"/>
<clue>Using transcription analysis, such as multiplex messenger assays, we <clueKT>show</clueKT> here that natural cytotoxicity exerted by the human NKL cell line <clueType><clueKT>correlates</clueKT></clueType> with mRNA accumulation of very early activator protein (AP)-1 transcription factor genes such as JunB, FosB and c-Fos.</clue>
</event>
<event KT="Analysis" id="E9">
<type class="Correlation"/>
<theme idref="E3"/>
<theme idref="E6"/>
<clue>Using transcription analysis, such as multiplex messenger assays, we <clueKT>show</clueKT> here that natural cytotoxicity exerted by the human NKL cell line <clueType><clueKT>correlates</clueKT></clueType> with mRNA accumulation of very early activator protein (AP)-1 transcription factor genes such as JunB, FosB and c-Fos.</clue>
</event>
<event KT="Analysis" id="E10">
<type class="Correlation"/>
<theme idref="E3"/>
<theme idref="E6"/>
<clue>Using transcription analysis, such as multiplex messenger assays, we <clueKT>show</clueKT> here that natural cytotoxicity exerted by the human NKL cell line <clueType><clueKT>correlates</clueKT></clueType> with mRNA accumulation of very early activator protein (AP)-1 transcription factor genes such as JunB, FosB and c-Fos.</clue>
</event>
<event KT="Analysis" id="E11">
<type class="Correlation"/>
<theme idref="E3"/>
<theme idref="E7"/>
<clue>Using transcription analysis, such as multiplex messenger assays, we <clueKT>show</clueKT> here that natural cytotoxicity exerted by the human NKL cell line <clueType><clueKT>correlates</clueKT></clueType> with mRNA accumulation of very early activator protein (AP)-1 transcription factor genes such as JunB, FosB and c-Fos.</clue>
</event>
<sentence id="S4">In addition, <term id="T17" lex="DNA-binding_activity" sem="Other"><term id="A2" sem="DNA_molecule">DNA</term>-binding activities</term> of <term id="T18" lex="Jun-Fos_heterodimer" sem="Protein_complex">Jun-Fos heterodimers</term> were observed by <term id="T19" lex="electrophoretic_mobility_shift_assay" sem="Other">electrophoretic mobility shift assays</term> during the course of <term id="T20" lex="natural_cytotoxicity" sem="Other">natural cytotoxicity</term>.</sentence>
<event id="E12">
<type class="Binding"/>
<theme idref="A2"/>
<theme idref="T18"/>
<clue>In addition, DNA-<clueType>binding activities</clueType> <linkTheme>of</linkTheme> Jun-Fos heterodimers were <clueKT>observed</clueKT> <clueExperiment>by electrophoretic mobility shift assays</clueExperiment> <clueTime>during the course of natural cytotoxicity.</clueTime></clue>
</event>
<sentence id="S5">Interaction between <term id="T21" lex="immunoglobulin-like_transcript-2/leukocyte_Ig-like_receptor_1" sem="Protein_complex">immunoglobulin-like transcript-2/leukocyte Ig-like receptor 1</term> on <term id="T22" lex="NKL_cell" sem="Cell_natural">NKL cells</term> and <term id="T23" lex="HLA-B27" sem="Protein_molecule">HLA-B27</term> on <term id="T24" lex="target_cell" sem="Cell_natural">target cells</term> leads to an impairment of NKL <term id="T25" lex="natural_cytotoxicity" sem="Other">natural cytotoxicity</term>, which correlates with an absence of <cons id="T26" lex="(AND JunB_transcription FosB_transcription c-Fos_transcription)" sem="(AND Other Other Other)"><frag id="F1"><term id="A3" sem="DNA_domain_or_region">JunB</term></frag>, <frag id="F2"><term id="A4" sem="DNA_domain_or_region">FosB</term></frag>, and <frag id="F3"><term id="A5" sem="DNA_domain_or_region">c-Fos</term></frag> <frag id="F4">transcription</frag></cons>, as well as an absence of their <term id="T27" lex="DNA-binding_activity" sem="Other"><term id="A8" sem="DNA_molecule">DNA</term>-binding activity</term>.</sentence>
<event id="E13">
<type class="Binding"/>
<theme idref="T21"/>
<theme idref="T23"/>
<clue><clueType>Interaction</clueType> <linkTheme>between</linkTheme> immunoglobulin-like transcript-2/leukocyte Ig-like receptor 1 on NKL cells <linkTheme>and</linkTheme> HLA-B27 on target cells leads to an impairment of NKL natural cytotoxicity, which correlates with an absence of JunB, FosB, and c-Fos transcription, as well as an absence of their DNA-binding activity.</clue>
</event>
<event id="E14">
<type class="Negative_regulation"/>
<theme idref="T25"/>
<cause idref="E13"/>
<clue>Interaction between immunoglobulin-like transcript-2/leukocyte Ig-like receptor 1 on NKL cells and HLA-B27 on target cells leads to an <clueType>impairment</clueType> <linkTheme>of</linkTheme> <clueLoc>NKL</clueLoc> natural cytotoxicity, which correlates with an absence of JunB, FosB, and c-Fos transcription, as well as an absence of their DNA-binding activity.</clue>
</event>
<event KT="Other" id="E15">
<type class="Transcription"/>
<theme idref="A3"/>
<clue>Interaction between immunoglobulin-like transcript-2/leukocyte Ig-like receptor 1 on NKL cells and HLA-B27 on target cells leads to an impairment of NKL natural cytotoxicity, which correlates with an absence of JunB, FosB, and c-Fos <clueType>transcription</clueType>, as well as an absence of their DNA-binding activity.</clue>
</event>
<event KT="Other" id="E16">
<type class="Transcription"/>
<theme idref="A4"/>
<clue>Interaction between immunoglobulin-like transcript-2/leukocyte Ig-like receptor 1 on NKL cells and HLA-B27 on target cells leads to an impairment of NKL natural cytotoxicity, which correlates with an absence of JunB, FosB, and c-Fos <clueType>transcription</clueType>, as well as an absence of their DNA-binding activity.</clue>
</event>
<event KT="Other" id="E17">
<type class="Transcription"/>
<theme idref="A5"/>
<clue>Interaction between immunoglobulin-like transcript-2/leukocyte Ig-like receptor 1 on NKL cells and HLA-B27 on target cells leads to an impairment of NKL natural cytotoxicity, which correlates with an absence of JunB, FosB, and c-Fos <clueType>transcription</clueType>, as well as an absence of their DNA-binding activity.</clue>
</event>
<event KT="Other" id="E18">
<type class="Negative_regulation"/>
<theme idref="E15"/>
<clue>Interaction between immunoglobulin-like transcript-2/leukocyte Ig-like receptor 1 on NKL cells and HLA-B27 on target cells leads to an impairment of NKL natural cytotoxicity, which correlates with an <clueType>absence</clueType> <linkTheme>of</linkTheme> JunB, FosB, and c-Fos transcription, as well as an absence of their DNA-binding activity.</clue>
</event>
<event KT="Other" id="E19">
<type class="Negative_regulation"/>
<theme idref="E16"/>
<clue>Interaction between immunoglobulin-like transcript-2/leukocyte Ig-like receptor 1 on NKL cells and HLA-B27 on target cells leads to an impairment of NKL natural cytotoxicity, which correlates with an <clueType>absence</clueType> <linkTheme>of</linkTheme> JunB, FosB, and c-Fos transcription, as well as an absence of their DNA-binding activity.</clue>
</event>
<event KT="Other" id="E20">
<type class="Negative_regulation"/>
<theme idref="E17"/>
<clue>Interaction between immunoglobulin-like transcript-2/leukocyte Ig-like receptor 1 on NKL cells and HLA-B27 on target cells leads to an impairment of NKL natural cytotoxicity, which correlates with an <clueType>absence</clueType> <linkTheme>of</linkTheme> JunB, FosB, and c-Fos transcription, as well as an absence of their DNA-binding activity.</clue>
</event>
<event KT="Other" id="E21">
<type class="Binding"/>
<theme idref="A8"/>
<theme idref="A3"/>
<clue>Interaction between immunoglobulin-like transcript-2/leukocyte Ig-like receptor 1 on NKL cells and HLA-B27 on target cells leads to an impairment of NKL natural cytotoxicity, which correlates with an absence of JunB, FosB, and c-Fos transcription, as well as an absence of <corefTheme idref1="A3">their</corefTheme> DNA-<clueType>binding activity</clueType>.</clue>
</event>
<event KT="Other" id="E22">
<type class="Binding"/>
<theme idref="A8"/>
<theme idref="A4"/>
<clue>Interaction between immunoglobulin-like transcript-2/leukocyte Ig-like receptor 1 on NKL cells and HLA-B27 on target cells leads to an impairment of NKL natural cytotoxicity, which correlates with an absence of JunB, FosB, and c-Fos transcription, as well as an absence of <corefTheme idref1="A4">their</corefTheme> DNA-<clueType>binding activity</clueType>.</clue>
</event>
<event KT="Other" id="E23">
<type class="Binding"/>
<theme idref="A8"/>
<theme idref="A5"/>
<clue>Interaction between immunoglobulin-like transcript-2/leukocyte Ig-like receptor 1 on NKL cells and HLA-B27 on target cells leads to an impairment of NKL natural cytotoxicity, which correlates with an absence of JunB, FosB, and c-Fos transcription, as well as an absence of <corefTheme idref1="A5">their</corefTheme> DNA-<clueType>binding activity</clueType>.</clue>
</event>
<event KT="Other" id="E24">
<type class="Negative_regulation"/>
<theme idref="E21"/>
<clue>Interaction between immunoglobulin-like transcript-2/leukocyte Ig-like receptor 1 on NKL cells and HLA-B27 on target cells leads to an impairment of NKL natural cytotoxicity, which correlates with an absence of JunB, FosB, and c-Fos transcription, as well as an <clueType>absence</clueType> <linkTheme>of</linkTheme> their DNA-binding activity.</clue>
</event>
<event KT="Other" id="E25">
<type class="Negative_regulation"/>
<theme idref="E22"/>
<clue>Interaction between immunoglobulin-like transcript-2/leukocyte Ig-like receptor 1 on NKL cells and HLA-B27 on target cells leads to an impairment of NKL natural cytotoxicity, which correlates with an absence of JunB, FosB, and c-Fos transcription, as well as an <clueType>absence</clueType> <linkTheme>of</linkTheme> their DNA-binding activity.</clue>
</event>
<event KT="Other" id="E26">
<type class="Negative_regulation"/>
<theme idref="E23"/>
<clue>Interaction between immunoglobulin-like transcript-2/leukocyte Ig-like receptor 1 on NKL cells and HLA-B27 on target cells leads to an impairment of NKL natural cytotoxicity, which correlates with an absence of JunB, FosB, and c-Fos transcription, as well as an <clueType>absence</clueType> <linkTheme>of</linkTheme> their DNA-binding activity.</clue>
</event>
<event KT="Analysis" id="E27">
<type class="Correlation"/>
<theme idref="E14"/>
<theme idref="E18"/>
<clue>Interaction between immunoglobulin-like transcript-2/leukocyte Ig-like receptor 1 on NKL cells and HLA-B27 on target cells leads to an impairment of NKL natural cytotoxicity, which <clueType><clueKT>correlates</clueKT></clueType> <linkTheme>with</linkTheme> an absence of JunB, FosB, and c-Fos transcription, as well as an absence of their DNA-binding activity.</clue>
</event>
<event KT="Analysis" id="E28">
<type class="Correlation"/>
<theme idref="E14"/>
<theme idref="E19"/>
<clue>Interaction between immunoglobulin-like transcript-2/leukocyte Ig-like receptor 1 on NKL cells and HLA-B27 on target cells leads to an impairment of NKL natural cytotoxicity, which <clueType><clueKT>correlates</clueKT></clueType> <linkTheme>with</linkTheme> an absence of JunB, FosB, and c-Fos transcription, as well as an absence of their DNA-binding activity.</clue>
</event>
<event KT="Analysis" id="E29">
<type class="Correlation"/>
<theme idref="E14"/>
<theme idref="E20"/>
<clue>Interaction between immunoglobulin-like transcript-2/leukocyte Ig-like receptor 1 on NKL cells and HLA-B27 on target cells leads to an impairment of NKL natural cytotoxicity, which <clueType><clueKT>correlates</clueKT></clueType> <linkTheme>with</linkTheme> an absence of JunB, FosB, and c-Fos transcription, as well as an absence of their DNA-binding activity.</clue>
</event>
<event KT="Analysis" id="E30">
<type class="Correlation"/>
<theme idref="E14"/>
<theme idref="E24"/>
<clue>Interaction between immunoglobulin-like transcript-2/leukocyte Ig-like receptor 1 on NKL cells and HLA-B27 on target cells leads to an impairment of NKL natural cytotoxicity, which <clueType><clueKT>correlates</clueKT></clueType> <linkTheme>with</linkTheme> an absence of JunB, FosB, and c-Fos transcription, as well as an absence of their DNA-binding activity.</clue>
</event>
<event KT="Analysis" id="E31">
<type class="Correlation"/>
<theme idref="E14"/>
<theme idref="E25"/>
<clue>Interaction between immunoglobulin-like transcript-2/leukocyte Ig-like receptor 1 on NKL cells and HLA-B27 on target cells leads to an impairment of NKL natural cytotoxicity, which <clueType><clueKT>correlates</clueKT></clueType> <linkTheme>with</linkTheme> an absence of JunB, FosB, and c-Fos transcription, as well as an absence of their DNA-binding activity.</clue>
</event>
<event KT="Analysis" id="E32">
<type class="Correlation"/>
<theme idref="E14"/>
<theme idref="E26"/>
<clue>Interaction between immunoglobulin-like transcript-2/leukocyte Ig-like receptor 1 on NKL cells and HLA-B27 on target cells leads to an impairment of NKL natural cytotoxicity, which <clueType><clueKT>correlates</clueKT></clueType> <linkTheme>with</linkTheme> an absence of JunB, FosB, and c-Fos transcription, as well as an absence of their DNA-binding activity.</clue>
</event>
<sentence id="S6">Our studies thus indicate that, despite the rapidity of <term id="T28" lex="NK_cell-mediated_lysis" sem="Other"><term id="A9" sem="Cell_natural">NK cell</term>-mediated <term id="A10" sem="Other">lysis</term></term>, <term id="T29" lex="AP-1_transcription_factor" sem="Protein_molecule">AP-1 transcription factor</term> is activated during the early stage of <term id="T30" lex="NK_cell_cytolytic_program" sem="Other">NK cell cytolytic programs</term> and that engagement of <term id="A11" sem="Protein_molecule"><term id="T31" lex="NK_cell_inhibitory_receptor" sem="Protein_family_or_group">NK cell inhibitory receptors</term> for <term id="T32" lex="MHC_class_I_molecule" sem="Protein_family_or_group">MHC class I molecules</term></term> impairs the very early activation of <term id="T33" lex="AP-1" sem="Protein_molecule">AP-1</term>.</sentence>
<event id="E33">
<type class="Positive_regulation"/>
<theme idref="A10"/>
<cause idref="E1"/>
<clue>Our studies thus indicate that, despite the rapidity of NK cell-<clueType>mediated</clueType> lysis, AP-1 transcription factor is activated during the early stage of NK cell cytolytic programs and that engagement of NK cell inhibitory receptors for MHC class I molecules impairs the very early activation of AP-1.</clue>
</event>
<event CL="L2" KT="Analysis" id="E34">
<type class="Positive_regulation"/>
<theme idref="T29"/>
<clue>Our studies <clueKT>thus</clueKT> <clueCL>indicate</clueCL> that, despite the rapidity of NK cell-mediated lysis, AP-1 transcription factor is <clueType>activated</clueType> <clueTime>during the early stage of NK cell cytolytic programs</clueTime> and that engagement of NK cell inhibitory receptors for MHC class I molecules impairs the very early activation of AP-1.</clue>
</event>
<event KT="Other" id="E35">
<type class="Binding"/>
<theme idref="A11"/>
<clue>Our studies thus indicate that, despite the rapidity of NK cell-mediated lysis, AP-1 transcription factor is activated during the early stage of NK cell cytolytic programs and that <clueType>engagement</clueType> <linkTheme>of</linkTheme> NK cell inhibitory receptors for MHC class I molecules impairs the very early activation of AP-1.</clue>
<comment>TPS: A11</comment></event>
<event KT="Other" id="E36">
<type class="Positive_regulation"/>
<theme idref="T33"/>
<clue>Our studies thus indicate that, despite the rapidity of NK cell-mediated lysis, AP-1 transcription factor is activated during the early stage of NK cell cytolytic programs and that engagement of NK cell inhibitory receptors for MHC class I molecules impairs the very early <clueType>activation</clueType> <linkTheme>of</linkTheme> AP-1.</clue>
</event>
<event CL="L2" KT="Analysis" id="E37">
<type class="Negative_regulation"/>
<theme idref="E36"/>
<cause idref="E35"/>
<clue>Our studies <clueKT>thus</clueKT> <clueCL>indicate</clueCL> that, despite the rapidity of NK cell-mediated lysis, AP-1 transcription factor is activated during the early stage of NK cell cytolytic programs and that engagement of NK cell inhibitory receptors for MHC class I molecules <clueType>impairs</clueType> the very early activation of AP-1.</clue>
</event>
</AbstractText>
</Abstract></Article></MedlineCitation></PubmedArticle></PubmedArticleSet></Annotation>
