<?xml version='1.0'?><!DOCTYPE Annotation PUBLIC "//GENIA//DTD GENIA ANNOTATION EVENT 2.0//EN_Modified" "../ModifiedGENIAtypes/Modified_GENIA_event_20.dtd"><Annotation annotates="http://www.ncbi.nlm.nih.gov/entrez/eutils/efetch.fcgi?db=pubmed&amp;retmode=xml&amp;rettype=medline&amp;id=10209036" created="23/01/2007" creator="Junko Matsuura"><PubmedArticleSet><PubmedArticle><MedlineCitation>
<PMID>10209036</PMID>
<Article>
<ArticleTitle>
<sentence id="S1"><term id="T1" lex="SHP2-interacting_transmembrane_adaptor_protein" sem="Protein_molecule">SHP2-interacting transmembrane adaptor protein</term> (<term id="T2" lex="SIT" sem="Protein_molecule">SIT</term>), a novel <term id="T3" lex="disulfide-linked_dimer" sem="Protein_complex">disulfide-linked dimer</term> regulating <term id="T4" lex="human_T_cell_activation" sem="Other">human <term id="A1" sem="Cell_natural">T cell</term> activation</term>.</sentence>
<event id="E1">
<type class="Physiological_process"/>
<theme idref="A1"/>
<clue>SHP2-interacting transmembrane adaptor protein (SIT), a novel disulfide-linked dimer regulating human T cell <clueType>activation</clueType>.</clue>
</event>
<event id="E2">
<type class="Regulation"/>
<theme idref="E1"/>
<cause idref="T3"/>
<clue>SHP2-interacting transmembrane adaptor protein (SIT), a novel disulfide-linked dimer <clueType>regulating</clueType> human T cell activation.</clue>
</event>
<event id="E3">
<type class="Regulation"/>
<theme idref="E1"/>
<cause idref="T2"/>
<clue>SHP2-interacting transmembrane adaptor protein (SIT), a novel <corefCause>disulfide-linked dimer</corefCause> <clueType>regulating</clueType> human T cell activation.</clue>
</event>
</ArticleTitle>
<Abstract>
<AbstractText>
<sentence id="S2"><term id="T5" lex="T_lymphocyte" sem="Cell_natural">T lymphocytes</term> express several <term id="T6" lex="low_molecular_weight_transmembrane_adaptor_protein" sem="Protein_family_or_group">low molecular weight transmembrane adaptor proteins</term> that recruit <term id="T7" lex="src_homology_(SH)2_domain-containing_intracellular_molecule" sem="Protein_family_or_group"><term id="T8" lex="src_homology_(SH)2_domain" sem="Protein_domain_or_region">src homology (SH)2 domain</term>-containing intracellular molecules</term> to the cell membrane via <term id="A20" sem="Protein_domain_or_region">tyrosine-based signaling motifs</term>.</sentence>
<event KT="Fact" id="E4">
<type class="Gene_expression"/>
<theme idref="T6"/>
<clue><clueLoc>T lymphocytes</clueLoc> <clueType>express</clueType> several low molecular weight transmembrane adaptor proteins that recruit src homology (SH)2 domain-containing intracellular molecules to the cell membrane via tyrosine-based signaling motifs.</clue>
</event>
<event KT="Fact" id="E105">
<type class="Localization"/>
<theme idref="T7"/>
<clue>T lymphocytes express several low molecular weight transmembrane adaptor proteins that <clueType>recruit</clueType> src homology (SH)2 domain-containing intracellular molecules <clueLoc>to the cell membrane</clueLoc> via tyrosine-based signaling motifs.</clue>
</event>
<event KT="Fact" id="E106">
<type class="Positive_regulation"/>
<theme idref="E105"/>
<cause idref="T6"/>
<clue>T lymphocytes express several low molecular weight transmembrane adaptor proteins that <clueType>recruit</clueType> src homology (SH)2 domain-containing intracellular molecules to the cell membrane via tyrosine-based signaling motifs.</clue>
</event>
<event KT="Other" id="E107">
<type class="Positive_regulation"/>
<theme idref="E106"/>
<cause idref="A20"/>
<clue>T lymphocytes express several low molecular weight transmembrane adaptor proteins that recruit src homology (SH)2 domain-containing intracellular molecules to the cell membrane <linkCause>via</linkCause> tyrosine-based signaling motifs.</clue>
<comment>NO CLUETYPE</comment></event>
<sentence id="S3">We describe here a novel molecule of this group termed <term id="T9" lex="SIT" sem="Protein_molecule">SIT</term> (<term id="T10" lex="SHP2_interacting_transmembrane_adaptor_protein" sem="Protein_molecule">SHP2 interacting transmembrane adaptor protein</term>).</sentence>
<sentence id="S4"><term id="T11" lex="SIT" sem="Protein_molecule">SIT</term> is a <term id="T12" lex="disulfide-linked_homodimeric_glycoprotein" sem="Protein_molecule">disulfide-linked homodimeric glycoprotein</term> that is expressed in <term id="T13" lex="lymphocyte" sem="Cell_natural">lymphocytes</term>.</sentence>
<event id="E6">
<type class="Gene_expression"/>
<theme idref="T12"/>
<clue>SIT is a disulfide-linked homodimeric glycoprotein that is <clueType>expressed</clueType> <clueLoc>in lymphocytes</clueLoc>.</clue>
</event>
<event id="E7">
<type class="Gene_expression"/>
<theme idref="T11"/>
<clue>SIT is a <corefTheme>disulfide-linked homodimeric glycoprotein</corefTheme> that is <clueType>expressed</clueType> <clueLoc>in lymphocytes</clueLoc>.</clue>
</event>
<sentence id="S5">After <term id="T14" lex="tyrosine_phosphorylation" sem="Other"><term id="A2" lex="tyrosine" sem="Amino_acid_monomer">tyrosine</term> phosphorylation</term> by <term id="T15" lex="src" sem="Protein_molecule">src</term> and possibly <term id="T16" lex="syk" sem="Protein_molecule">syk</term> <term id="T17" lex="protein_tyrosine_kinase" sem="Protein_family_or_group">protein tyrosine kinases</term> <term id="T18" lex="SIT" sem="Protein_molecule">SIT</term> recruits the <term id="T19" lex="SH2_domain-containing_tyrosine_phosphatase" sem="Protein_family_or_group"><term id="T20" lex="SH2_domain" sem="Protein_domain_or_region">SH2 domain</term>-containing tyrosine phosphatase</term> <term id="T21" lex="SHP2" sem="Protein_molecule">SHP2</term> via an immunoreceptor tyrosine-based inhibition motif.</sentence>
<event id="E8">
<type class="Protein_amino_acid_phosphorylation"/>
<theme idref="T18"/>
<site idref="A2"/>
<clue>After tyrosine <clueType>phosphorylation</clueType> by src and possibly syk protein tyrosine kinases SIT recruits the SH2 domain-containing tyrosine phosphatase SHP2 via an immunoreceptor tyrosine-based inhibition motif.</clue>
</event>
<event id="E9">
<type class="Positive_regulation"/>
<theme idref="E8"/>
<cause idref="T15"/>
<clue>After tyrosine phosphorylation <linkCause>by</linkCause> src and possibly syk protein tyrosine kinases SIT recruits the SH2 domain-containing tyrosine phosphatase SHP2 via an immunoreceptor tyrosine-based inhibition motif.</clue>
<comment>NO CLUETYPE</comment></event>
<event CL="L2" KT="Analysis" id="E10">
<type class="Positive_regulation"/>
<theme idref="E8"/>
<cause idref="T16"/>
<clue>After tyrosine phosphorylation <linkCause>by</linkCause> src and <clueKT><clueCL>possibly</clueCL></clueKT> syk protein tyrosine kinases SIT recruits the SH2 domain-containing tyrosine phosphatase SHP2 via an immunoreceptor tyrosine-based inhibition motif.</clue>
<comment>NO CLUETYPE</comment></event>
<sentence id="S6">Overexpression of <term id="T22" lex="SIT" sem="Protein_molecule">SIT</term> in <term id="T23" lex="Jurkat_cell" sem="Cell_cultured">Jurkat cells</term> downmodulates <cons id="T24" lex="(AND T_cell_receptor-mediated_activation phytohemagglutinin-mediated_activation)" sem="(AND Other Other)"><frag id="F1"><term id="A5" sem="Protein_family_or_group">T cell receptor</term>-</frag> and <frag id="F2"><term id="A6" sem="Protein_molecule">phytohemagglutinin</term>-</frag><frag id="F3">mediated activation</frag></cons> of the <term id="T25" lex="nuclear_factor_of_activated_T_cells" sem="Protein_molecule">nuclear factor of activated <term id="T26" lex="T_cell" sem="Cell_natural">T cells</term></term> (<term id="T27" lex="NF-AT" sem="Protein_molecule">NF-AT</term>) by interfering with <term id="A7" sem="Other">signaling processes</term> that are probably located upstream of activation of <term id="T28" lex="phospholipase_C" sem="Protein_molecule">phospholipase C</term>.</sentence>
<event Manner="High" id="E11">
<type class="Gene_expression"/>
<theme idref="T22"/>
<clue><clueType><clueManner>Overexpression</clueManner></clueType> <linkTheme>of</linkTheme> SIT in Jurkat cells downmodulates T cell receptor- and phytohemagglutinin-mediated activation of the nuclear factor of activated T cells (NF-AT) by interfering with signaling processes that are probably located upstream of activation of phospholipase C.</clue>
</event>
<event Manner="High" id="E12">
<type class="Positive_regulation"/>
<theme idref="E4"/>
<clue><clueType><clueManner>Overexpression</clueManner></clueType> of SIT <clueLoc>in Jurkat cells</clueLoc> downmodulates T cell receptor- and phytohemagglutinin-mediated activation of the nuclear factor of activated T cells (NF-AT) by interfering with signaling processes that are probably located upstream of activation of phospholipase C.</clue>
</event>
<event id="E13">
<type class="Positive_regulation"/>
<theme idref="T27"/>
<cause idref="A5"/>
<clue>Overexpression of SIT in Jurkat cells downmodulates T cell receptor- and phytohemagglutinin-<linkCause>mediated</linkCause> <clueType>activation</clueType> <linkTheme>of</linkTheme> the nuclear factor of activated T cells (NF-AT) by interfering with signaling processes that are probably located upstream of activation of phospholipase C.</clue>
</event>
<event id="E14">
<type class="Positive_regulation"/>
<theme idref="T27"/>
<cause idref="A6"/>
<clue>Overexpression of SIT in Jurkat cells downmodulates T cell receptor- and phytohemagglutinin-<linkCause>mediated</linkCause> <clueType>activation</clueType> <linkTheme>of</linkTheme> the nuclear factor of activated T cells (NF-AT) by interfering with signaling processes that are probably located upstream of activation of phospholipase C.</clue>
</event>
<event id="E15">
<type class="Negative_regulation"/>
<theme idref="A7"/>
<cause idref="E11"/>
<clue>Overexpression of SIT in Jurkat cells downmodulates T cell receptor- and phytohemagglutinin-mediated activation of the nuclear factor of activated T cells (NF-AT) by <clueType>interfering</clueType> <linkTheme>with</linkTheme> signaling processes that are probably located upstream of activation of phospholipase C.</clue>
</event>
<event id="E16">
<type class="Negative_regulation"/>
<theme idref="A7"/>
<cause idref="E12"/>
<clue>Overexpression of SIT in Jurkat cells downmodulates T cell receptor- and phytohemagglutinin-mediated activation of the nuclear factor of activated T cells (NF-AT) by <clueType>interfering</clueType> <linkTheme>with</linkTheme> signaling processes that are probably located upstream of activation of phospholipase C.</clue>
</event>
<event Manner="Low" id="E17">
<type class="Negative_regulation"/>
<theme idref="E13"/>
<cause idref="E15"/>
<clue>Overexpression of SIT in Jurkat cells <clueType><clueManner>downmodulates</clueManner></clueType> T cell receptor- and phytohemagglutinin-mediated activation of the nuclear factor of activated T cells (NF-AT) <linkCause>by</linkCause> interfering with signaling processes that are probably located upstream of activation of phospholipase C.</clue>
</event>
<event Manner="Low" id="E18">
<type class="Negative_regulation"/>
<theme idref="E14"/>
<cause idref="E15"/>
<clue>Overexpression of SIT in Jurkat cells <clueType><clueManner>downmodulates</clueManner></clueType> T cell receptor- and phytohemagglutinin-mediated activation of the nuclear factor of activated T cells (NF-AT) <linkCause>by</linkCause> interfering with signaling processes that are probably located upstream of activation of phospholipase C.</clue>
</event>
<event Manner="Low" id="E19">
<type class="Negative_regulation"/>
<theme idref="E13"/>
<cause idref="E16"/>
<clue>Overexpression of SIT in Jurkat cells <clueType><clueManner>downmodulates</clueManner></clueType> T cell receptor- and phytohemagglutinin-mediated activation of the nuclear factor of activated T cells (NF-AT) <linkCause>by</linkCause> interfering with signaling processes that are probably located upstream of activation of phospholipase C.</clue>
</event>
<event Manner="Low" id="E20">
<type class="Negative_regulation"/>
<theme idref="E14"/>
<cause idref="E16"/>
<clue>Overexpression of SIT in Jurkat cells <clueType><clueManner>downmodulates</clueManner></clueType> T cell receptor- and phytohemagglutinin-mediated activation of the nuclear factor of activated T cells (NF-AT) <linkCause>by</linkCause> interfering with signaling processes that are probably located upstream of activation of phospholipase C.</clue>
</event>
<event KT="Other" id="E21">
<type class="Positive_regulation"/>
<theme idref="T28"/>
<clue>Overexpression of SIT in Jurkat cells downmodulates T cell receptor- and phytohemagglutinin-mediated activation of the nuclear factor of activated T cells (NF-AT) by interfering with signaling processes that are probably located upstream of <clueType>activation</clueType> <linkTheme>of</linkTheme> phospholipase C.</clue>
</event>
<event CL="L2" KT="Analysis" id="E22" uncertainty="probable">
<type class="Positive_regulation"/>
<theme idref="E21"/>
<cause idref="A7"/>
<clue>Overexpression of SIT in Jurkat cells downmodulates T cell receptor- and phytohemagglutinin-mediated activation of the nuclear factor of activated T cells (NF-AT) by interfering with signaling processes that are <clueKT><clueCL>probably</clueCL></clueKT> located <clueType>upstream</clueType> <linkTheme>of</linkTheme> activation of phospholipase C.</clue>
</event>
<sentence id="S7">However, binding of <term id="T29" lex="SHP2" sem="Protein_molecule">SHP2</term> to <term id="T30" lex="SIT" sem="Protein_molecule">SIT</term> is not required for inhibition of <term id="T31" lex="NF-AT_induction" sem="Other"><term id="T32" lex="NF-AT" sem="Protein_molecule">NF-AT</term> induction</term>, suggesting that <term id="T33" lex="SIT" sem="Protein_molecule">SIT</term> not only regulates <term id="T34" lex="NF-AT_activity" sem="Other"><term id="T35" lex="NF-AT" sem="Protein_molecule">NF-AT</term> activity</term> but also controls <term id="A10" sem="Other"><term id="T36" lex="NF-AT" sem="Protein_molecule">NF-AT</term> unrelated pathways</term> of <term id="T37" lex="T_cell_activation" sem="Other"><term id="A11" sem="Cell_natural">T cell</term> activation</term> involving <term id="T38" lex="SHP2" sem="Protein_molecule">SHP2</term>.</sentence>
<event KT="Other" id="E23">
<type class="Binding"/>
<theme idref="T29"/>
<theme idref="T30"/>
<clue>However, <clueType>binding</clueType> <linkTheme>of</linkTheme> SHP2 <linkTheme>to</linkTheme> SIT is not required for inhibition of NF-AT induction, suggesting that SIT not only regulates NF-AT activity but also controls NF-AT unrelated pathways of T cell activation involving SHP2.</clue>
</event>
<event KT="Other" id="E24">
<type class="Positive_regulation"/>
<theme idref="T32"/>
<clue>However, binding of SHP2 to SIT is not required for inhibition of NF-AT <clueType>induction</clueType>, suggesting that SIT not only regulates NF-AT activity but also controls NF-AT unrelated pathways of T cell activation involving SHP2.</clue>
</event>
<event KT="Other" id="E25">
<type class="Negative_regulation"/>
<theme idref="E24"/>
<clue>However, binding of SHP2 to SIT is not required for <clueType>inhibition</clueType> <linkTheme>of</linkTheme> NF-AT induction, suggesting that SIT not only regulates NF-AT activity but also controls NF-AT unrelated pathways of T cell activation involving SHP2.</clue>
</event>
<event Polarity="Negative" id="E26">
<type class="Positive_regulation"/>
<theme idref="E25"/>
<cause idref="E23"/>
<clue>However, binding of SHP2 to SIT is <cluePolarity>not</cluePolarity> <clueType>required</clueType> <linkTheme>for</linkTheme> inhibition of NF-AT induction, suggesting that SIT not only regulates NF-AT activity but also controls NF-AT unrelated pathways of T cell activation involving SHP2.</clue>
</event>
<event CL="L2" KT="Analysis" id="E27">
<type class="Regulation"/>
<theme idref="T35"/>
<cause idref="T33"/>
<clue>However, binding of SHP2 to SIT is not required for inhibition of NF-AT induction, <clueKT><clueCL>suggesting</clueCL></clueKT> that SIT not only <clueType>regulates</clueType> NF-AT activity but also controls NF-AT unrelated pathways of T cell activation involving SHP2.</clue>
</event>
<event CL="L2" KT="Analysis" id="E28" uncertainty="probable">
<type class="Regulation"/>
<theme idref="A10"/>
<cause idref="T33"/>
<clue>However, binding of SHP2 to SIT is not required for inhibition of NF-AT induction, <clueKT><clueCL>suggesting</clueCL></clueKT> that SIT not only regulates NF-AT activity but also <clueType>controls</clueType> NF-AT unrelated pathways of T cell activation involving SHP2.</clue>
</event>
<event KT="Other" id="E29">
<type class="Correlation"/>
<theme idref="T38"/>
<theme idref="A10"/>
<clue>However, binding of SHP2 to SIT is not required for inhibition of NF-AT induction, suggesting that SIT not only regulates NF-AT activity but also controls NF-AT unrelated pathways of T cell activation <clueType>involving</clueType> SHP2.</clue>
</event>
<event KT="Other" id="E30">
<type class="Physiological_process"/>
<theme idref="A11"/>
<clue>However, binding of SHP2 to SIT is not required for inhibition of NF-AT induction, suggesting that SIT not only regulates NF-AT activity but also controls NF-AT unrelated pathways of T cell <clueType>activation</clueType> involving SHP2.</clue>
</event>
<event KT="Other" id="E31">
<type class="Positive_regulation"/>
<theme idref="E30"/>
<cause idref="A11"/>
<clue>However, binding of SHP2 to SIT is not required for inhibition of NF-AT induction, suggesting that SIT not only regulates NF-AT activity but also controls NF-AT unrelated pathways <clueType>of</clueType> T cell activation involving SHP2.</clue>
<comment>NO CLUETYPE</comment></event>
</AbstractText>
</Abstract></Article></MedlineCitation></PubmedArticle></PubmedArticleSet></Annotation>
