<?xml version='1.0'?><!DOCTYPE Annotation PUBLIC "//GENIA//DTD GENIA ANNOTATION EVENT 2.0//EN_Modified" "../ModifiedGENIAtypes/Modified_GENIA_event_20.dtd"><Annotation annotates="http://www.ncbi.nlm.nih.gov/entrez/eutils/efetch.fcgi?db=pubmed&amp;retmode=xml&amp;rettype=medline&amp;id=10200294" created="23/10/2006" creator="Noriko Katsu"><PubmedArticleSet><PubmedArticle><MedlineCitation>
<PMID>10200294</PMID>
<Article>
<ArticleTitle>
<sentence id="S1">A novel <term id="T1" lex="lipopolysaccharide-induced_transcription_factor" sem="Protein_family_or_group"><term id="A1" sem="Lipid">lipopolysaccharide</term>-induced <term id="A2" sem="Protein_molecule">transcription factor</term></term> regulating <term id="T2" lex="tumor_necrosis_factor_alpha_gene_expression" sem="Other"><term id="T3" lex="tumor_necrosis_factor_alpha" sem="Protein_molecule">tumor necrosis factor alpha</term> gene expression</term>: <term id="T4" lex="molecular_cloning" sem="Other">molecular cloning</term>, <term id="T5" lex="sequencing" sem="Other">sequencing</term>, <term id="T6" lex="characterization" sem="Other">characterization</term>, and <term id="T7" lex="chromosomal_assignment" sem="Other">chromosomal assignment</term>.</sentence>
<event KT="Other" id="E1">
<type class="Regulation"/>
<theme idref="A2"/>
<cause idref="A1"/>
<clue>A novel lipopolysaccharide-<clueType>induced</clueType> transcription factor regulating tumor necrosis factor alpha gene expression: molecular cloning, sequencing, characterization, and chromosomal assignment.</clue>
</event>
<event KT="Investigation" id="E2">
<type class="Regulation"/>
<theme idref="E3"/>
<cause idref="A2"/>
<clue>A novel lipopolysaccharide-induced transcription factor <clueType>regulating</clueType> tumor necrosis factor alpha gene expression: molecular cloning, sequencing, characterization, and chromosomal assignment.</clue>
</event>
<event KT="Other" id="E3">
<type class="Gene_expression"/>
<theme idref="T3"/>
<clue>A novel lipopolysaccharide-induced transcription factor regulating tumor necrosis factor alpha <clueType>gene expression</clueType>: molecular cloning, sequencing, characterization, and chromosomal assignment.</clue>
</event>
<event KT="Investigation" id="E4">
<type class="Regulation"/>
<cause idref="T1"/>
<clue>A novel lipopolysaccharide-induced transcription factor regulating tumor necrosis factor alpha gene expression: molecular cloning, sequencing, characterization, and <clueLoc>chromosomal</clueLoc> <clueType>assignment</clueType>.</clue>
<comment>NO THEME</comment></event>
</ArticleTitle>
<Abstract>
<AbstractText>
<sentence id="S2"><term id="T8" lex="lipopolysaccharide" sem="Lipid">Lipopolysaccharide</term> (<term id="T9" lex="LPS" sem="Lipid">LPS</term>) is a potent stimulator of <term id="T10" lex="monocyte" sem="Cell_natural">monocytes</term> and <term id="T11" lex="macrophage" sem="Cell_natural">macrophages</term>, causing secretion of <term id="T12" lex="tumor_necrosis_factor_alpha" sem="Protein_molecule">tumor necrosis factor alpha</term> (<term id="T13" lex="TNF-alpha" sem="Protein_molecule">TNF-alpha</term>) and other <term id="T14" lex="inflammatory_mediator" sem="Protein_family_or_group">inflammatory mediators</term>.</sentence>
<event KT="Fact" Manner="High" id="E5">
<type class="Physiological_process"/>
<theme idref="T10"/>
<cause idref="T9"/>
<clue>Lipopolysaccharide (LPS) is a <clueManner>potent</clueManner> <clueType>stimulator</clueType> <linkTheme>of</linkTheme> monocytes and macrophages, causing secretion of tumor necrosis factor alpha (TNF-alpha) and other inflammatory mediators.</clue>
</event>
<event KT="Fact" Manner="High" id="E6">
<type class="Physiological_process"/>
<theme idref="T11"/>
<cause idref="T9"/>
<clue>Lipopolysaccharide (LPS) is a <clueManner>potent</clueManner> <clueType>stimulator</clueType> <linkTheme>of</linkTheme> monocytes and macrophages, causing secretion of tumor necrosis factor alpha (TNF-alpha) and other inflammatory mediators.</clue>
</event>
<event KT="Other" id="E7">
<type class="Positive_regulation"/>
<theme idref="E9"/>
<cause idref="E5"/>
<clue>Lipopolysaccharide (LPS) is a potent stimulator of monocytes and macrophages, <clueType>causing</clueType> secretion of tumor necrosis factor alpha (TNF-alpha) and other inflammatory mediators.</clue>
</event>
<event KT="Other" id="E8">
<type class="Positive_regulation"/>
<theme idref="E10"/>
<cause idref="E5"/>
<clue>Lipopolysaccharide (LPS) is a potent stimulator of monocytes and macrophages, <clueType>causing</clueType> secretion of tumor necrosis factor alpha (TNF-alpha) and other inflammatory mediators.</clue>
</event>
<event KT="Other" id="E11">
<type class="Positive_regulation"/>
<theme idref="E13"/>
<cause idref="E6"/>
<clue>Lipopolysaccharide (LPS) is a potent stimulator of monocytes and macrophages, <clueType>causing</clueType> secretion of tumor necrosis factor alpha (TNF-alpha) and other inflammatory mediators.</clue>
</event>
<event KT="Other" id="E12">
<type class="Positive_regulation"/>
<theme idref="E14"/>
<cause idref="E6"/>
<clue>Lipopolysaccharide (LPS) is a potent stimulator of monocytes and macrophages, <clueType>causing</clueType> secretion of tumor necrosis factor alpha (TNF-alpha) and other inflammatory mediators.</clue>
</event>
<event KT="Other" id="E9">
<type class="Localization"/>
<theme idref="T13"/>
<clue>Lipopolysaccharide (LPS) is a potent stimulator of <clueLoc>monocytes</clueLoc> and macrophages, causing <clueType>secretion</clueType> <linkTheme>of</linkTheme> tumor necrosis factor alpha (TNF-alpha) and other inflammatory mediators.</clue>
</event>
<event KT="Other" id="E13">
<type class="Localization"/>
<theme idref="T13"/>
<clue>Lipopolysaccharide (LPS) is a potent stimulator of monocytes and <clueLoc>macrophages</clueLoc>, causing <clueType>secretion</clueType> <linkTheme>of</linkTheme> tumor necrosis factor alpha (TNF-alpha) and other inflammatory mediators.</clue>
</event>
<event KT="Other" id="E10">
<type class="Localization"/>
<theme idref="T14"/>
<clue>Lipopolysaccharide (LPS) is a potent stimulator of <clueLoc>monocytes</clueLoc> and macrophages, causing <clueType>secretion</clueType> <linkTheme>of</linkTheme> tumor necrosis factor alpha (TNF-alpha) and other inflammatory mediators.</clue>
<comment>NER: T14 sem mod, Other_name -&gt; Protein_family_or_group</comment></event>
<event KT="Other" id="E14">
<type class="Localization"/>
<theme idref="T14"/>
<clue>Lipopolysaccharide (LPS) is a potent stimulator of monocytes and <clueLoc>macrophages</clueLoc>, causing <clueType>secretion</clueType> <linkTheme>of</linkTheme> tumor necrosis factor alpha (TNF-alpha) and other inflammatory mediators.</clue>
<comment>NER: T14 sem mod, Other_name -&gt; Protein_family_or_group</comment></event>
<sentence id="S3">Given the deleterious effects to the <term id="A3" sem="Cell_natural">host</term> of <term id="T15" lex="TNF-alpha" sem="Protein_molecule">TNF-alpha</term>, it has been postulated that <term id="T16" lex="TNF-alpha_gene_expression" sem="Other"><term id="T17" lex="TNF-alpha" sem="Protein_molecule">TNF-alpha</term> gene expression</term> must be tightly regulated.</sentence>
<event KT="Fact" id="E15" uncertainty="probable">
<type class="Negative_regulation"/>
<theme idref="A3"/>
<cause idref="T15"/>
<clue>Given the <clueType>deleterious effects</clueType> <linkTheme>to</linkTheme> the host <linkCause>of</linkCause> TNF-alpha, it has been postulated that TNF-alpha gene expression must be tightly regulated.</clue>
</event>
<event KT="Other" id="E16">
<type class="Gene_expression"/>
<theme idref="T17"/>
<clue>Given the deleterious effects to the host of TNF-alpha, it has been postulated that TNF-alpha <clueType>gene expression</clueType> must be tightly regulated.</clue>
</event>
<event CL="L2" KT="Analysis" Source="Other" id="E17" uncertainty="probable">
<type class="Regulation"/>
<theme idref="E16"/>
<clue>Given the deleterious effects to the host of TNF-alpha, it <clueSource>has been</clueSource> <clueKT>postulated</clueKT> that TNF-alpha gene expression <clueCL>must</clueCL> be tightly <clueType>regulated</clueType>.</clue>
</event>
<sentence id="S4">The nature of the <term id="T18" lex="nuclear_factor" sem="Protein_family_or_group">nuclear factor</term>(s) that control <term id="T19" lex="TNF-alpha_gene_transcription" sem="Other"><term id="T20" lex="TNF-alpha" sem="Protein_molecule">TNF-alpha</term> gene transcription</term> in humans remains obscure, although <term id="T21" lex="NF-kappaB" sem="Protein_complex">NF-kappaB</term> has been suggested.</sentence>
<event KT="Other" id="E18">
<type class="Regulation"/>
<theme idref="E19"/>
<cause idref="T18"/>
<clue>The nature of the nuclear factor(s) that <clueType>control</clueType> TNF-alpha gene transcription in humans remains obscure, although NF-kappaB has been suggested.</clue>
</event>
<event KT="Other" id="E19">
<type class="Transcription"/>
<theme idref="T20"/>
<clue>The nature of the nuclear factor(s) that control TNF-alpha <clueType>gene transcription</clueType> <clueLoc>in humans</clueLoc> remains obscure, although NF-kappaB has been suggested.</clue>
</event>
<event CL="L2" KT="Analysis" Source="Other" id="E20" uncertainty="probable">
<type class="Regulation"/>
<theme idref="E19"/>
<cause idref="T21"/>
<clue>The nature of the nuclear factor(s) that <clueType>control</clueType> TNF-alpha gene transcription in humans remains obscure, although NF-kappaB <clueSource>has been</clueSource> <clueKT><clueCL>suggested</clueCL></clueKT>.</clue>
</event>
<sentence id="S5">Our previous studies pertaining to <term id="A4" sem="Cell_natural">macrophage</term> response to <term id="T22" lex="LPS" sem="Lipid">LPS</term> identified a novel <term id="T23" lex="DNA-binding_domain" sem="Protein_domain_or_region">DNA-binding domain</term> located from -550 to -487 in the <term id="T24" lex="human_TNF-alpha_promoter" sem="DNA_domain_or_region">human <term id="T25" lex="TNF-alpha" sem="Protein_molecule">TNF-alpha</term> promoter</term> that contains <term id="T26" lex="transcriptional_activity" sem="Other">transcriptional activity</term>, but lacks any known <term id="T27" lex="NF-kappaB" sem="Protein_complex">NF-kappaB</term><term id="T28" lex="binding_site" sem="DNA_domain_or_region">-binding sites</term>.</sentence>
<event KT="Investigation" Source="Other" id="E21">
<type class="Physiological_process"/>
<theme idref="A4"/>
<cause idref="T22"/>
<clue>Our <clueSource>previous <clueKT>studies</clueKT></clueSource> <linkTheme>pertaining to</linkTheme> macrophage <clueType>response</clueType> <linkCause>to</linkCause> LPS identified a novel DNA-binding domain located from -550 to -487 in the human TNF-alpha promoter that contains transcriptional activity, but lacks any known NF-kappaB-binding sites.</clue>
</event>
<event KT="Analysis" id="E22">
<type class="Positive_regulation"/>
<cause idref="T24"/>
<clue>Our previous studies pertaining to macrophage response to LPS <clueKT>identified</clueKT> a novel DNA-binding domain located from -550 to -487 in the human TNF-alpha promoter <corefCause>that</corefCause> contains <clueType>transcriptional activity</clueType>, but lacks any known NF-kappaB-binding sites.</clue>
</event>
<sentence id="S6">We have used this DNA fragment to isolate and purify a <term id="T29" lex="60-kDa_protein" sem="Protein_molecule">60-kDa protein</term> binding to this fragment and obtained its <term id="T30" lex="amino-terminal_sequence" sem="Protein_domain_or_region">amino-terminal sequence</term>, which was used to design <term id="T31" lex="degenerate_probe" sem="DNA_molecule">degenerate probes</term> to screen a <term id="T32" lex="cDNA_library" sem="DNA_family_or_group">cDNA library</term> from <term id="T33" lex="THP-1_cell" sem="Cell_cultured">THP-1 cells</term>.</sentence>
<event id="E24">
<type class="Binding"/>
<theme idref="T23"/>
<theme idref="T29"/>
<clue>We have used this DNA fragment to isolate and purify a 60-kDa protein <clueType>binding</clueType> <linkTheme>to</linkTheme> <corefTheme>this fragment</corefTheme> and obtained its amino-terminal sequence, which was used to design degenerate probes to screen a cDNA library from THP-1 cells.</clue>
</event>
<sentence id="S7">A novel <term id="T34" lex="cDNA_clone" sem="DNA_molecule">cDNA clone</term> (1.8 kb) was isolated and fully sequenced.</sentence>
<sentence id="S8">Characterization of this <term id="T35" lex="cDNA_clone" sem="DNA_molecule">cDNA clone</term> revealed that its induction was dependent on <term id="T36" lex="LPS_activation" sem="Other"><term id="T37" lex="LPS" sem="Lipid">LPS</term> activation</term> of <term id="T38" lex="THP-1_cell" sem="Cell_cultured">THP-1 cells</term>; hence, the name <term id="T39" lex="LPS-induced_TNF-alpha_factor" sem="Protein_molecule"><term id="T40" lex="LPS" sem="Lipid">LPS</term>-induced <term id="T41" lex="TNF-alpha" sem="Protein_molecule">TNF-alpha</term> factor</term> (<term id="T42" lex="LITAF" sem="Protein_molecule">LITAF</term>).</sentence>
<event KT="Other" id="E25">
<type class="Positive_regulation"/>
<theme idref="T29"/>
<clue><clueExperiment>Characterization of this cDNA clone</clueExperiment> revealed that <corefTheme>its</corefTheme> <clueType>induction</clueType> was dependent on LPS activation of THP-1 cells; hence, the name LPS-induced TNF-alpha factor (LITAF).</clue>
</event>
<event KT="Other" id="E28">
<type class="Positive_regulation"/>
<theme idref="T42"/>
<clue><clueExperiment>Characterization of this cDNA clone</clueExperiment> revealed that <corefTheme>its</corefTheme> <clueType>induction</clueType> was dependent on LPS activation of THP-1 cells; hence, the name LPS-induced TNF-alpha factor (LITAF).</clue>
</event>
<event KT="Analysis" id="E26">
<type class="Regulation"/>
<theme idref="E25"/>
<cause idref="E27"/>
<clue>Characterization of this cDNA clone <clueKT>revealed</clueKT> that its induction was <clueType>dependent</clueType> <linkCause>on</linkCause> LPS activation of THP-1 cells; hence, the name LPS-induced TNF-alpha factor (LITAF).</clue>
</event>
<event KT="Analysis" id="E29">
<type class="Regulation"/>
<theme idref="E28"/>
<cause idref="E27"/>
<clue>Characterization of this cDNA clone <clueKT>revealed</clueKT> that its induction was <clueType>dependent</clueType> <linkCause>on</linkCause> LPS activation of THP-1 cells; hence, the name LPS-induced TNF-alpha factor (LITAF).</clue>
</event>
<event KT="Other" id="E27">
<type class="Physiological_process"/>
<theme idref="T38"/>
<cause idref="T37"/>
<clue>Characterization of this cDNA clone revealed that its induction was dependent on LPS <clueType>activation</clueType> <linkTheme>of</linkTheme> THP-1 cells; hence, the name LPS-induced TNF-alpha factor (LITAF).</clue>
</event>
<sentence id="S9">Inhibition of <term id="T43" lex="LITAF_mRNA_expression" sem="Other"><term id="T44" lex="LITAF_mRNA" sem="RNA_molecule"><term id="T45" lex="LITAF" sem="Protein_molecule">LITAF</term> mRNA</term> expression</term> in <term id="T46" lex="THP-1_cell" sem="Cell_cultured">THP-1 cells</term> resulted in a reduction of <term id="A6" sem="RNA_molecule"><term id="T47" lex="TNF-alpha" sem="Protein_molecule">TNF-alpha</term></term> transcripts.</sentence>
<event id="E30">
<type class="Negative_regulation"/>
<theme idref="E31"/>
<clue><clueType>Inhibition</clueType> <linkTheme>of</linkTheme> LITAF mRNA expression in THP-1 cells resulted in a reduction of TNF-alpha transcripts.</clue>
</event>
<event KT="Other" id="E31">
<type class="Transcription"/>
<theme idref="T44"/>
<clue>Inhibition of LITAF mRNA <clueType>expression</clueType> <clueLoc>in THP-1 cells</clueLoc> resulted in a reduction of TNF-alpha transcripts.</clue>
</event>
<event id="E32">
<type class="Negative_regulation"/>
<theme idref="E33"/>
<cause idref="E30"/>
<clue>Inhibition of LITAF mRNA expression in THP-1 cells <clueType>resulted in a reduction</clueType> <linkTheme>of</linkTheme> TNF-alpha transcripts.</clue>
</event>
<event id="E33">
<type class="Transcription"/>
<theme idref="A6"/>
<clue>Inhibition of LITAF mRNA expression in THP-1 cells resulted in a reduction of TNF-alpha <clueType>transcripts</clueType>.</clue>
</event>
<sentence id="S10">In addition, high level of expression of <term id="T48" lex="LITAF_mRNA" sem="RNA_molecule"><term id="T49" lex="LITAF" sem="Protein_molecule">LITAF</term> mRNA</term> was observed predominantly in the <term id="T50" lex="placenta" sem="Body_region">placenta</term>, <term id="T51" lex="peripheral_blood_leukocyte" sem="Cell_natural">peripheral blood leukocytes</term>, <term id="T52" lex="lymph_node" sem="Body_region">lymph nodes</term>, and the <term id="T53" lex="spleen" sem="Body_region">spleen</term>.</sentence>
<event id="E34">
<type class="Positive_regulation"/>
<theme idref="E35"/>
<clue>In addition, <clueType>high level</clueType> <linkTheme>of</linkTheme> expression of LITAF mRNA was <clueKT>observed</clueKT> predominantly <clueLoc>in the placenta</clueLoc>, peripheral blood leukocytes, lymph nodes, and the spleen.</clue>
</event>
<event id="E23">
<type class="Positive_regulation"/>
<theme idref="E35"/>
<clue>In addition, <clueType>high level</clueType> <linkTheme>of</linkTheme> expression of LITAF mRNA was <clueKT>observed</clueKT> predominantly <clueLoc>in</clueLoc> the placenta, <clueLoc>peripheral blood leukocytes</clueLoc>, lymph nodes, and the spleen.</clue>
</event>
<event id="E40">
<type class="Positive_regulation"/>
<theme idref="E35"/>
<clue>In addition, <clueType>high level</clueType> <linkTheme>of</linkTheme> expression of LITAF mRNA was <clueKT>observed</clueKT> predominantly <clueLoc>in</clueLoc> the placenta, peripheral blood leukocytes, <clueLoc>lymph nodes</clueLoc>, and the spleen.</clue>
</event>
<event id="E41">
<type class="Positive_regulation"/>
<theme idref="E35"/>
<clue>In addition, <clueType>high level</clueType> <linkTheme>of</linkTheme> expression of LITAF mRNA was <clueKT>observed</clueKT> predominantly <clueLoc>in</clueLoc> the placenta, peripheral blood leukocytes, lymph nodes, and the <clueLoc>spleen</clueLoc>.</clue>
</event>
<event Manner="High" id="E35">
<type class="Transcription"/>
<theme idref="T48"/>
<clue>In addition, <clueManner>high level</clueManner> of <clueType>expression</clueType> <linkTheme>of</linkTheme> LITAF mRNA was observed predominantly in the placenta, peripheral blood leukocytes, lymph nodes, and the spleen.</clue>
</event>
<sentence id="S11">Finally, <term id="T54" lex="chromosomal_localization" sem="Other">chromosomal localization</term> using <term id="T55" lex="fluorescence_in_situ_hybridization" sem="Other">fluorescence in situ hybridization</term> revealed that <term id="T56" lex="LITAF" sem="Protein_molecule">LITAF</term> mapped to <term id="T57" lex="chromosome_16p12-16p13.3" sem="DNA_domain_or_region">chromosome 16p12-16p13.3</term>.</sentence>
<sentence id="S12">Together, these findings suggest that <term id="T58" lex="LITAF" sem="Protein_molecule">LITAF</term> plays an important role in the activation of the <term id="T59" lex="human_TNF-alpha_gene" sem="DNA_domain_or_region">human <term id="A7" sem="DNA_domain_or_region"><term id="T60" lex="TNF-alpha" sem="Protein_molecule">TNF-alpha</term> gene</term></term> and proposes a new mechanism to control <term id="T61" lex="TNF-alpha_gene_expression" sem="Other"><term id="T62" lex="TNF-alpha" sem="Protein_molecule">TNF-alpha</term> gene expression</term>.</sentence>
<event CL="L2" KT="Analysis" id="E36" uncertainty="probable">
<type class="Regulation"/>
<theme idref="E37"/>
<cause idref="T58"/>
<clue>Together, these findings <clueKT><clueCL>suggest</clueCL></clueKT> that LITAF <clueType>plays</clueType> an important <clueType>role</clueType> <linkTheme>in</linkTheme> the activation of the human TNF-alpha gene and proposes a new mechanism to control TNF-alpha gene expression.</clue>
</event>
<event KT="Other" id="E37">
<type class="Positive_regulation"/>
<theme idref="A7"/>
<clue>Together, these findings suggest that LITAF plays an important role in the <clueType>activation</clueType> <linkTheme>of</linkTheme> the human TNF-alpha gene and proposes a new mechanism to control TNF-alpha gene expression.</clue>
</event>
<event CL="L2" KT="Analysis" id="E38" uncertainty="probable">
<type class="Regulation"/>
<theme idref="E39"/>
<cause idref="T58"/>
<clue>Together, these findings suggest that LITAF plays an important role in the activation of the human TNF-alpha gene and <clueKT><clueCL>proposes</clueCL></clueKT> a new mechanism to <clueType>control</clueType> TNF-alpha gene expression.</clue>
</event>
<event KT="Other" id="E39">
<type class="Gene_expression"/>
<theme idref="T62"/>
<clue>Together, these findings suggest that LITAF plays an important role in the activation of the human TNF-alpha gene and proposes a new mechanism to control TNF-alpha <clueType>gene expression</clueType>.</clue>
</event>
</AbstractText>
</Abstract></Article></MedlineCitation></PubmedArticle></PubmedArticleSet></Annotation>
