<?xml version='1.0'?><!DOCTYPE Annotation PUBLIC "//GENIA//DTD GENIA ANNOTATION EVENT 2.0//EN_Modified" "../ModifiedGENIAtypes/Modified_GENIA_event_20.dtd"><Annotation annotates="http://www.ncbi.nlm.nih.gov/entrez/eutils/efetch.fcgi?db=pubmed&amp;retmode=xml&amp;rettype=medline&amp;id=10210321" created="24/01/2007" creator="Junko Matsuura"><PubmedArticleSet><PubmedArticle><MedlineCitation>
<PMID>10210321</PMID>
<Article>
<ArticleTitle>
<sentence id="S1">Unexpected and <term id="T1" lex="coordinated_expression" sem="Other">coordinated expression</term> of <term id="T2" lex="Spi-1" sem="Protein_molecule">Spi-1</term>, <term id="T3" lex="Fli-1" sem="Protein_molecule">Fli-1</term>, and <term id="T4" lex="megakaryocytic_gene" sem="DNA_family_or_group">megakaryocytic genes</term> in four <term id="T5" lex="Epo-dependent_cell_line" sem="Cell_cultured"><term id="A1" sem="Protein_molecule">Epo</term>-dependent <term id="A2" sem="Cell_cultured">cell lines</term></term> established from <term id="T6" lex="transgenic_mouse" sem="Multicellular_organism_genetically_modified">transgenic mice</term> displaying <term id="T7" lex="erythroid-specific_expression" sem="Other">erythroid-specific expression</term> of a <term id="T8" lex="thermosensitive_SV40_T_antigen" sem="Protein_molecule">thermosensitive SV40 T antigen</term>.</sentence>
<event id="E1">
<type class="Gene_expression"/>
<theme idref="T2"/>
<clue>Unexpected and coordinated <clueType>expression</clueType> <linkTheme>of</linkTheme> Spi-1, Fli-1, and megakaryocytic genes <clueLoc>in four Epo-dependent cell lines established from transgenic mice displaying erythroid-specific expression of a thermosensitive SV40 T antigen.</clueLoc></clue>
</event>
<event id="E2">
<type class="Gene_expression"/>
<theme idref="T3"/>
<clue>Unexpected and coordinated <clueType>expression</clueType> <linkTheme>of</linkTheme> Spi-1, Fli-1, and megakaryocytic genes <clueLoc>in four Epo-dependent cell lines established from transgenic mice displaying erythroid-specific expression of a thermosensitive SV40 T antigen.</clueLoc></clue>
</event>
<event id="E3">
<type class="Gene_expression"/>
<theme idref="T4"/>
<clue>Unexpected and coordinated <clueType>expression</clueType> <linkTheme>of</linkTheme> Spi-1, Fli-1, and megakaryocytic genes <clueLoc>in four Epo-dependent cell lines established from transgenic mice displaying erythroid-specific expression of a thermosensitive SV40 T antigen.</clueLoc></clue>
</event>
<event KT="Analysis" id="E4">
<type class="Gene_expression"/>
<theme idref="T8"/>
<clue>Unexpected and coordinated expression of Spi-1, Fli-1, and megakaryocytic genes in four Epo-dependent cell lines established from <clueLoc>transgenic mice</clueLoc> <clueKT>displaying</clueKT> erythroid-specific <clueType>expression</clueType> <linkTheme>of</linkTheme> a thermosensitive SV40 T antigen.</clue>
</event>
<event id="E5">
<type class="Positive_regulation"/>
<theme idref="A2"/>
<cause idref="A1"/>
<clue>Unexpected and coordinated expression of Spi-1, Fli-1, and megakaryocytic genes in four Epo-<clueType>dependent</clueType> cell lines established from transgenic mice displaying erythroid-specific expression of a thermosensitive SV40 T antigen.</clue>
</event>
<event KT="Method" id="E6">
<type class="Artificial_process"/>
<theme idref="T5"/>
<clue>Unexpected and coordinated expression of Spi-1, Fli-1, and megakaryocytic genes in four Epo-dependent cell lines <clueType>established</clueType> <clueLoc>from transgenic mice displaying erythroid-specific expression of a thermosensitive SV40 T antigen.</clueLoc></clue>
</event>
</ArticleTitle>
<Abstract>
<AbstractText>
<sentence id="S2">Most <term id="T9" lex="erythroleukemic_cell_line" sem="Cell_cultured">erythroleukemic cell lines</term> established in vitro coexpress <cons id="T10" lex="(AND erythrocytic_marker megakaryocytic_marker)" sem="(AND Protein_family_or_group Protein_family_or_group)"><frag id="F1"><term id="A3" sem="Protein_family_or_group">erythrocytic</term></frag> and <frag id="F2"><term id="A4" sem="Protein_family_or_group">megakaryocytic</term></frag> <frag id="F3"><term id="A5" sem="Protein_family_or_group">markers</term></frag></cons> that often are associated with expression of <term id="T11" lex="Spi-1" sem="Protein_molecule">Spi-1</term> and/or <term id="T12" lex="Fli-1_transcription_factor" sem="Protein_family_or_group"><term id="T13" lex="Fli-1" sem="Protein_molecule">Fli-1</term> transcription factors</term> known as <term id="T14" lex="transactivators_of_megakaryocyte-specific_promoters" sem="Protein_family_or_group">transactivators of <term id="T15" lex="megakaryocyte-specific_promoter" sem="DNA_family_or_group">megakaryocyte-specific promoters</term></term>.</sentence>
<event KT="Fact" id="E7">
<type class="Gene_expression"/>
<theme idref="A3" idref1="A5"/>
<clue>Most erythroleukemic cell lines established in vitro <clueType>coexpress</clueType> erythrocytic and megakaryocytic markers that often are associated with expression of Spi-1 and/or Fli-1 transcription factors known as transactivators of megakaryocyte-specific promoters.</clue>
</event>
<event KT="Fact" id="E8">
<type class="Gene_expression"/>
<theme idref="A4" idref1="A5"/>
<clue>Most erythroleukemic cell lines established in vitro <clueType>coexpress</clueType> erythrocytic and megakaryocytic markers that often are associated with expression of Spi-1 and/or Fli-1 transcription factors known as transactivators of megakaryocyte-specific promoters.</clue>
</event>
<event KT="Other" id="E9">
<type class="Gene_expression"/>
<theme idref="T11"/>
<clue>Most erythroleukemic cell lines established in vitro coexpress erythrocytic and megakaryocytic markers that often are associated with <clueType>expression</clueType> <linkTheme>of</linkTheme> Spi-1 and/or Fli-1 transcription factors known as transactivators of megakaryocyte-specific promoters.</clue>
</event>
<event KT="Other" id="E10">
<type class="Gene_expression"/>
<theme idref="T13"/>
<clue>Most erythroleukemic cell lines established in vitro coexpress erythrocytic and megakaryocytic markers that often are associated with <clueType>expression</clueType> <linkTheme>of</linkTheme> Spi-1 and/or Fli-1 transcription factors known as transactivators of megakaryocyte-specific promoters.</clue>
</event>
<event CL="L2" KT="Analysis" id="E11">
<type class="Correlation"/>
<theme idref="A3" idref1="A5"/>
<theme idref="E9"/>
<clue>Most erythroleukemic cell lines established in vitro coexpress erythrocytic and megakaryocytic markers that <clueKT><clueCL>often</clueCL></clueKT> are <clueType><clueKT>associated</clueKT></clueType> <linkTheme>with</linkTheme> expression of Spi-1 and/or Fli-1 transcription factors known as transactivators of megakaryocyte-specific promoters.</clue>
</event>
<event CL="L2" KT="Analysis" id="E12">
<type class="Correlation"/>
<theme idref="A4" idref1="A5"/>
<theme idref="E9"/>
<clue>Most erythroleukemic cell lines established in vitro coexpress erythrocytic and megakaryocytic markers that <clueKT><clueCL>often</clueCL></clueKT> are <clueType><clueKT>associated</clueKT></clueType> <linkTheme>with</linkTheme> expression of Spi-1 and/or Fli-1 transcription factors known as transactivators of megakaryocyte-specific promoters.</clue>
</event>
<event CL="L2" KT="Analysis" id="E13">
<type class="Correlation"/>
<theme idref="A3" idref1="A5"/>
<theme idref="E10"/>
<clue>Most erythroleukemic cell lines established in vitro coexpress erythrocytic and megakaryocytic markers that <clueKT><clueCL>often</clueCL></clueKT> are <clueType><clueKT>associated</clueKT></clueType> <linkTheme>with</linkTheme> expression of Spi-1 and/or Fli-1 transcription factors known as transactivators of megakaryocyte-specific promoters.</clue>
</event>
<event CL="L2" KT="Analysis" id="E14">
<type class="Correlation"/>
<theme idref="A4" idref1="A5"/>
<theme idref="E10"/>
<clue>Most erythroleukemic cell lines established in vitro coexpress erythrocytic and megakaryocytic markers that <clueKT><clueCL>often</clueCL></clueKT> are <clueType><clueKT>associated</clueKT></clueType> <linkTheme>with</linkTheme> expression of Spi-1 and/or Fli-1 transcription factors known as transactivators of megakaryocyte-specific promoters.</clue>
</event>
<event KT="Fact" id="E15">
<type class="Positive_regulation"/>
<theme idref="T15"/>
<cause idref="T11"/>
<clue>Most erythroleukemic cell lines established in vitro coexpress erythrocytic and megakaryocytic markers that often are associated with expression of Spi-1 and/or Fli-1 transcription factors <clueKT>known</clueKT> as <clueType>transactivators</clueType> <linkTheme>of</linkTheme> megakaryocyte-specific promoters.</clue>
</event>
<event KT="Fact" id="E16">
<type class="Positive_regulation"/>
<theme idref="T15"/>
<cause idref="T13"/>
<clue>Most erythroleukemic cell lines established in vitro coexpress erythrocytic and megakaryocytic markers that often are associated with expression of Spi-1 and/or Fli-1 transcription factors <clueKT>known</clueKT> as <clueType>transactivators</clueType> <linkTheme>of</linkTheme> megakaryocyte-specific promoters.</clue>
</event>
<sentence id="S3">In the present study, we examined the possibility of establishing <term id="A6" sem="Cell_cultured"><term id="T16" lex="new_cell_line" sem="Cell_cultured">new cell lines</term> keeping strictly <term id="T17" lex="erythroid-specific_properties" sem="Other">erythroid-specific properties</term> in vitro</term> through the targeted and conditional immortalization of <term id="T18" lex="erythrocytic_progenitor" sem="Cell_natural">erythrocytic progenitors</term>.</sentence>
<event KT="Other" id="E17">
<type class="Physiological_process"/>
<theme idref="T18"/>
<clue>In the present study, we examined the possibility of establishing new cell lines keeping strictly erythroid-specific properties in vitro through the targeted and conditional <clueType>immortalization</clueType> <linkTheme>of</linkTheme> erythrocytic progenitors.</clue>
</event>
<event CL="L2" KT="Analysis" id="E18">
<type class="Artificial_process"/>
<theme idref="A6"/>
<clue>In the present study, we examined the <clueKT><clueCL>possibility</clueCL></clueKT> of <clueType>establishing</clueType> new cell lines keeping strictly erythroid-specific properties in vitro <clueExperiment>through the targeted and conditional immortalization of erythrocytic progenitors.</clueExperiment></clue>
<comment>TPS: A6</comment></event>
<sentence id="S4">For that purpose, we established several lines of <term id="A7" sem="Multicellular_organism_natural"><term id="T19" lex="transgenic_mouse" sem="Multicellular_organism_genetically_modified">transgenic mice</term> displaying <term id="T20" lex="erythroid-specific_expression" sem="Other">erythroid-specific expression</term> of a <term id="T21" lex="thermosensitive_SV40_T_antigen" sem="Protein_molecule">thermosensitive SV40 T antigen</term>.</term></sentence>
<event KT="Analysis" id="E19">
<type class="Gene_expression"/>
<theme idref="T21"/>
<clue>For that purpose, we established several lines of <clueLoc>transgenic mice</clueLoc> <clueKT>displaying</clueKT> <clueLoc>erythroid</clueLoc>-specific <clueType>expression</clueType> <linkTheme>of</linkTheme> a thermosensitive SV40 T antigen.</clue>
</event>
<event KT="Method" id="E20">
<type class="Artificial_process"/>
<theme idref="A7"/>
<clue>For that purpose, we <clueType>established</clueType> several lines of transgenic mice displaying erythroid-specific expression of a thermosensitive SV40 T antigen.</clue>
<comment>TPS: A7</comment></event>
<sentence id="S5">As expected, these <term id="T22" lex="transgenic_mouse" sem="Multicellular_organism_genetically_modified">transgenic mice</term> developed <term id="T23" lex="splenomegaly" sem="Other">splenomegaly</term> due to the <term id="T24" lex="massive_amplification" sem="Other">massive amplification</term> of <term id="T25" lex="Ter_119_positive_erythroid_nucleated_cell" sem="Cell_cultured">Ter 119 positive erythroid nucleated cells</term> expressing <term id="T26" lex="T_antigen" sem="Protein_family_or_group">T antigen</term>.</sentence>
<event Manner="High" id="E21">
<type class="Positive_regulation"/>
<theme idref="T25"/>
<clue>As expected, these transgenic mice developed splenomegaly due to the <clueManner>massive</clueManner> <clueType>amplification</clueType> <linkTheme>of</linkTheme> Ter 119 positive erythroid nucleated cells expressing T antigen.</clue>
</event>
<event id="E22">
<type class="Positive_regulation"/>
<theme idref="T23"/>
<cause idref="E21"/>
<clue>As expected, <clueLoc>these transgenic mice</clueLoc> <clueType>developed</clueType> splenomegaly <linkCause>due to</linkCause> the massive amplification of Ter 119 positive erythroid nucleated cells expressing T antigen.</clue>
</event>
<event id="E23">
<type class="Positive_regulation"/>
<theme idref="T26"/>
<clue>As expected, these transgenic mice developed splenomegaly due to the massive amplification of <clueLoc>Ter 119 positive erythroid nucleated cells</clueLoc> <clueType>expressing</clueType> T antigen.</clue>
</event>
<sentence id="S6">Despite this drastic effect in vivo, the <term id="T27" lex="in_vitro_immortalization" sem="Other">in vitro immortalization</term> of <term id="T28" lex="erythropoietin-dependent_erythroid_progenitor" sem="Cell_natural"><term id="A9" sem="Protein_molecule">erythropoietin</term>-dependent <term id="A10" sem="Cell_natural">erythroid progenitors</term></term> unexpectedly occurred at low frequency, and all four <term id="T29" lex="cell_line" sem="Cell_cultured">cell lines</term> established expressed both <cons id="T30" lex="(AND erythrocytic_(globins)_marker megakaryocytic_marker)" sem="(AND Protein_family_or_group Protein_family_or_group)"><frag id="F4"><term id="A11" sem="Protein_family_or_group">erythrocytic</term> (<term id="A14" sem="Protein_family_or_group">globins</term>)</frag> and <frag id="F5"><term id="A12" sem="Protein_family_or_group">megakaryocytic</term></frag> <frag id="F6"><term id="A13" sem="Protein_family_or_group">markers</term></frag></cons> (<term id="T31" lex="glycoprotein_IIb" sem="Protein_family_or_group">glycoprotein IIb</term>, <term id="T32" lex="platelet_factor_4" sem="Protein_molecule">platelet factor 4</term>) as well as <term id="T33" lex="Spi-1" sem="Protein_molecule">Spi-1</term> and <term id="T34" lex="Fli-1_transcript" sem="Protein_family_or_group">Fli-1 transcripts</term> at <term id="T35" lex="permissive_temperature" sem="Other">permissive temperature</term>.</sentence>
<event id="E24">
<type class="Physiological_process"/>
<theme idref="T28"/>
<clue>Despite this drastic effect in vivo, the in vitro <clueType>immortalization</clueType> <linkTheme>of</linkTheme> erythropoietin-dependent erythroid progenitors unexpectedly occurred at low frequency, and all four cell lines established expressed both erythrocytic (globins) and megakaryocytic markers (glycoprotein IIb, platelet factor 4) as well as Spi-1 and Fli-1 transcripts at permissive temperature.</clue>
</event>
<event id="E25">
<type class="Gene_expression"/>
<theme idref="A11" idref1="A13"/>
<clue>Despite this drastic effect in vivo, the in vitro immortalization of erythropoietin-dependent erythroid progenitors unexpectedly occurred at low frequency, and <clueLoc>all four cell lines established</clueLoc> <clueType>expressed</clueType> both erythrocytic (globins) and megakaryocytic markers (glycoprotein IIb, platelet factor 4) as well as Spi-1 and Fli-1 transcripts at permissive temperature.</clue>
</event>
<event id="E26">
<type class="Gene_expression"/>
<theme idref="A14"/>
<clue>Despite this drastic effect in vivo, the in vitro immortalization of erythropoietin-dependent erythroid progenitors unexpectedly occurred at low frequency, and <clueLoc>all four cell lines established</clueLoc> <clueType>expressed</clueType> both <corefTheme idref1="A14">erythrocytic</corefTheme> (globins) and megakaryocytic <corefTheme idref1="A14">markers</corefTheme> (glycoprotein IIb, platelet factor 4) as well as Spi-1 and Fli-1 transcripts at permissive temperature.</clue>
</event>
<event id="E27">
<type class="Gene_expression"/>
<theme idref="A12" idref1="A13"/>
<clue>Despite this drastic effect in vivo, the in vitro immortalization of erythropoietin-dependent erythroid progenitors unexpectedly occurred at low frequency, and <clueLoc>all four cell lines established</clueLoc> <clueType>expressed</clueType> both erythrocytic (globins) and <corefTheme>megakaryocytic markers</corefTheme> (glycoprotein IIb, platelet factor 4) as well as Spi-1 and Fli-1 transcripts at permissive temperature.</clue>
</event>
<event id="E28">
<type class="Gene_expression"/>
<theme idref="T31"/>
<clue>Despite this drastic effect in vivo, the in vitro immortalization of erythropoietin-dependent erythroid progenitors unexpectedly occurred at low frequency, and <clueLoc>all four cell lines established</clueLoc> <clueType>expressed</clueType> both erythrocytic (globins) and megakaryocytic markers (glycoprotein IIb, platelet factor 4) as well as Spi-1 and Fli-1 transcripts at permissive temperature.</clue>
</event>
<event id="E29">
<type class="Gene_expression"/>
<theme idref="T32"/>
<clue>Despite this drastic effect in vivo, the in vitro immortalization of erythropoietin-dependent erythroid progenitors unexpectedly occurred at low frequency, and <clueLoc>all four cell lines established</clueLoc> <clueType>expressed</clueType> both erythrocytic (globins) and megakaryocytic markers (glycoprotein IIb, platelet factor 4) as well as Spi-1 and Fli-1 transcripts at permissive temperature.</clue>
</event>
<event id="E30">
<type class="Gene_expression"/>
<theme idref="T33"/>
<clue>Despite this drastic effect in vivo, the in vitro immortalization of erythropoietin-dependent erythroid progenitors unexpectedly occurred at low frequency, and <clueLoc>all four cell lines established</clueLoc> <clueType>expressed</clueType> both erythrocytic (globins) and megakaryocytic markers (glycoprotein IIb, platelet factor 4) as well as Spi-1 and Fli-1 transcripts at permissive temperature.</clue>
</event>
<event id="E31">
<type class="Gene_expression"/>
<theme idref="T34"/>
<clue>Despite this drastic effect in vivo, the in vitro immortalization of erythropoietin-dependent erythroid progenitors unexpectedly occurred at low frequency, and <clueLoc>all four cell lines established</clueLoc> <clueType>expressed</clueType> both erythrocytic (globins) and megakaryocytic markers (glycoprotein IIb, platelet factor 4) as well as Spi-1 and Fli-1 transcripts at permissive temperature.</clue>
</event>
<sentence id="S7">Switching the cells to the <term id="T36" lex="nonpermissive_temperature" sem="Other">nonpermissive temperature</term> led to a marked increase in <term id="T37" lex="globin_gene_expression" sem="Other"><term id="T38" lex="globin_gene" sem="DNA_family_or_group">globin gene</term> expression</term> and concomitant decrease in expression of <term id="T39" lex="Spi-1" sem="Protein_molecule">Spi-1</term>, <term id="T40" lex="Fli-1" sem="Protein_molecule">Fli-1</term>, and <term id="T41" lex="megakaryocytic_gene" sem="DNA_family_or_group">megakaryocytic genes</term> in an <term id="T42" lex="erythropoietin-dependent_manner" sem="Other"><term id="T43" lex="erythropoietin" sem="Protein_molecule">erythropoietin</term>-dependent manner</term>.</sentence>
<event KT="Method" id="E32">
<type class="Artificial_process"/>
<theme idref="T29"/>
<clue><clueType>Switching</clueType> <corefTheme>the cells</corefTheme> <clueType>to the nonpermissive temperature</clueType> led to a marked increase in globin gene expression and concomitant decrease in expression of Spi-1, Fli-1, and megakaryocytic genes in an erythropoietin-dependent manner.</clue>
</event>
<event id="E33">
<type class="Gene_expression"/>
<theme idref="T38"/>
<clue>Switching the cells to the nonpermissive temperature led to a marked increase in globin gene <clueType>expression</clueType> and concomitant decrease in expression of Spi-1, Fli-1, and megakaryocytic genes in an erythropoietin-dependent manner.</clue>
</event>
<event Manner="High" id="E34">
<type class="Positive_regulation"/>
<theme idref="E33"/>
<cause idref="E32"/>
<clue>Switching the cells to the nonpermissive temperature led to a <clueManner>marked</clueManner> <clueType>increase</clueType> <linkTheme>in</linkTheme> globin gene expression and concomitant decrease in expression of Spi-1, Fli-1, and megakaryocytic genes in an erythropoietin-dependent manner.</clue>
</event>
<event id="E35">
<type class="Gene_expression"/>
<theme idref="T39"/>
<clue>Switching the cells to the nonpermissive temperature led to a marked increase in globin gene expression and concomitant decrease in <clueType>expression</clueType> <linkTheme>of</linkTheme> Spi-1, Fli-1, and megakaryocytic genes in an erythropoietin-dependent manner.</clue>
</event>
<event id="E36">
<type class="Gene_expression"/>
<theme idref="T40"/>
<clue>Switching the cells to the nonpermissive temperature led to a marked increase in globin gene expression and concomitant decrease in <clueType>expression</clueType> <linkTheme>of</linkTheme> Spi-1, Fli-1, and megakaryocytic genes in an erythropoietin-dependent manner.</clue>
</event>
<event id="E37">
<type class="Gene_expression"/>
<theme idref="T41"/>
<clue>Switching the cells to the nonpermissive temperature led to a marked increase in globin gene expression and concomitant decrease in <clueType>expression</clueType> <linkTheme>of</linkTheme> Spi-1, Fli-1, and megakaryocytic genes in an erythropoietin-dependent manner.</clue>
</event>
<event id="E38">
<type class="Negative_regulation"/>
<theme idref="E35"/>
<cause idref="E32"/>
<clue>Switching the cells to the nonpermissive temperature led to a marked increase in globin gene expression and concomitant <clueType>decrease</clueType> <linkTheme>in</linkTheme> expression of Spi-1, Fli-1, and megakaryocytic genes in an erythropoietin-dependent manner.</clue>
</event>
<event id="E39">
<type class="Negative_regulation"/>
<theme idref="E36"/>
<cause idref="E32"/>
<clue>Switching the cells to the nonpermissive temperature led to a marked increase in globin gene expression and concomitant <clueType>decrease</clueType> <linkTheme>in</linkTheme> expression of Spi-1, Fli-1, and megakaryocytic genes in an erythropoietin-dependent manner.</clue>
</event>
<event id="E40">
<type class="Negative_regulation"/>
<theme idref="E37"/>
<cause idref="E32"/>
<clue>Switching the cells to the nonpermissive temperature led to a marked increase in globin gene expression and concomitant <clueType>decrease</clueType> <linkTheme>in</linkTheme> expression of Spi-1, Fli-1, and megakaryocytic genes in an erythropoietin-dependent manner.</clue>
</event>
<event id="E41">
<type class="Positive_regulation"/>
<theme idref="E38"/>
<cause idref="T43"/>
<clue>Switching the cells to the nonpermissive temperature led to a marked increase in globin gene expression and concomitant decrease in expression of Spi-1, Fli-1, and megakaryocytic genes in an erythropoietin-<clueType>dependent</clueType> manner.</clue>
</event>
<event id="E42">
<type class="Positive_regulation"/>
<theme idref="E39"/>
<cause idref="T43"/>
<clue>Switching the cells to the nonpermissive temperature led to a marked increase in globin gene expression and concomitant decrease in expression of Spi-1, Fli-1, and megakaryocytic genes in an erythropoietin-<clueType>dependent</clueType> manner.</clue>
</event>
<event id="E43">
<type class="Positive_regulation"/>
<theme idref="E40"/>
<cause idref="T43"/>
<clue>Switching the cells to the nonpermissive temperature led to a marked increase in globin gene expression and concomitant decrease in expression of Spi-1, Fli-1, and megakaryocytic genes in an erythropoietin-<clueType>dependent</clueType> manner.</clue>
</event>
<sentence id="S8">Interestingly, <term id="T44" lex="enhanced_expression" sem="Other">enhanced expression</term> of <cons id="T45" lex="(AND Spi-1_gene Fli-1_gene)" sem="(AND DNA_domain_or_region DNA_domain_or_region)"><frag id="F7"><term id="A15" sem="DNA_domain_or_region">Spi-1</term></frag> and <frag id="F8"><term id="A16" sem="DNA_domain_or_region">Fli-1</term></frag> <frag id="F9">genes</frag></cons> already was detected in the <term id="T46" lex="Ter_119_positive_cell_population" sem="Cell_cultured">Ter 119 positive cell population</term> of <term id="T47" lex="transgenic_mice_spleen" sem="Body_region"><term id="T48" lex="transgenic_mouse" sem="Multicellular_organism_genetically_modified">transgenic mice</term> spleen</term> in vivo.</sentence>
<event Manner="High" id="E44">
<type class="Gene_expression"/>
<theme idref="A15"/>
<clue>Interestingly, <clueManner>enhanced</clueManner> <clueType>expression</clueType> <linkTheme>of</linkTheme> Spi-1 and Fli-1 genes already was detected <clueLoc>in the Ter 119 positive cell population of transgenic mice spleen</clueLoc> in vivo.</clue>
</event>
<event Manner="High" id="E45">
<type class="Gene_expression"/>
<theme idref="A16"/>
<clue>Interestingly, <clueManner>enhanced</clueManner> <clueType>expression</clueType> <linkTheme>of</linkTheme> Spi-1 and Fli-1 genes already was detected <clueLoc>in the Ter 119 positive cell population of transgenic mice spleen</clueLoc> in vivo.</clue>
</event>
<sentence id="S9">However, like <term id="T49" lex="normal_Ter_119_erythroid_cell" sem="Cell_cultured">normal Ter 119 erythroid cells</term>, these <term id="T50" lex="Ter_119_positive_cell" sem="Cell_cultured">Ter 119 positive cells</term> from <term id="T51" lex="transgenic_mouse" sem="Multicellular_organism_genetically_modified">transgenic mice</term> still expressed high levels of <term id="T52" lex="beta-globin" sem="RNA_molecule">beta-globin</term> and very low or undetectable <term id="T53" lex="glycoprotein_IIb" sem="RNA_molecule">glycoprotein IIb</term> and <term id="T54" lex="platelet_factor_4_megakaryocytic_transcript" sem="Protein_family_or_group"><term id="T55" lex="platelet_factor_4" sem="RNA_molecule">platelet factor 4</term> <term id="A18" sem="RNA_molecule">megakaryocytic transcripts</term></term>.</sentence>
<event Manner="High" id="E46">
<type class="Transcription"/>
<theme idref="T52" idref1="A18"/>
<clue>However, like normal Ter 119 erythroid cells, these Ter 119 positive cells from transgenic mice still <clueType>expressed</clueType> <clueManner>high levels</clueManner> of beta-globin and very low or undetectable glycoprotein IIb and platelet factor 4 megakaryocytic transcripts.</clue>
<comment>NER: T52 MOD</comment></event>
<event Manner="Low" id="E47">
<type class="Transcription"/>
<theme idref="T53" idref1="A18"/>
<clue>However, like normal Ter 119 erythroid cells, these Ter 119 positive cells from transgenic mice still <clueType>expressed</clueType> high levels of beta-globin and <clueManner>very low</clueManner> or <clueManner>undetectable</clueManner> glycoprotein IIb and platelet factor 4 megakaryocytic transcripts.</clue>
<comment>NER: T53 MOD</comment></event>
<event Manner="Low" id="E48">
<type class="Transcription"/>
<theme idref="T55" idref1="A18"/>
<clue>However, like normal Ter 119 erythroid cells, these Ter 119 positive cells from transgenic mice still <clueType>expressed</clueType> high levels of beta-globin and <clueManner>very low</clueManner> or <clueManner>undetectable</clueManner> glycoprotein IIb and platelet factor 4 megakaryocytic transcripts.</clue>
<comment>NER: T55 MOD</comment></event>
<event Manner="Low" assertion="non-exist" id="E49">
<type class="Transcription"/>
<theme idref="T53" idref1="A18"/>
<clue>However, like normal Ter 119 erythroid cells, these Ter 119 positive cells from transgenic mice still <clueType>expressed</clueType> high levels of beta-globin and <clueManner>very low</clueManner> or <clueManner>undetectable</clueManner> glycoprotein IIb and platelet factor 4 megakaryocytic transcripts.</clue>
<comment>NER: T53 MOD</comment></event>
<event Manner="Low" assertion="non-exist" id="E50">
<type class="Transcription"/>
<theme idref="T55" idref1="A18"/>
<clue>However, like normal Ter 119 erythroid cells, these Ter 119 positive cells from transgenic mice still <clueType>expressed</clueType> high levels of beta-globin and <clueManner>very low</clueManner> or <clueManner>undetectable</clueManner> glycoprotein IIb and platelet factor 4 megakaryocytic transcripts.</clue>
<comment>NER: T55 MOD</comment></event>
<sentence id="S10">Taken together, these data indicate that the unexpected expression of <term id="T56" lex="megakaryocytic_gene" sem="DNA_family_or_group">megakaryocytic genes</term> is a specific property of <term id="T57" lex="immortalized_cell" sem="Cell_cultured">immortalized cells</term> that cannot be explained only by <term id="T58" lex="enhanced_expression" sem="Other">enhanced expression</term> of <cons id="T59" lex="(AND/OR Spi-1_gene Fli-1_gene)" sem="(AND/OR DNA_domain_or_region DNA_domain_or_region)"><frag id="F10"><term id="A20" sem="DNA_domain_or_region">Spi-1</term></frag> and/or <frag id="F11"><term id="A21" sem="DNA_domain_or_region">Fli-1</term></frag> <frag id="F12">genes</frag></cons>.</sentence>
<event CL="L2" id="E51">
<type class="Gene_expression"/>
<theme idref="T56"/>
<clue>Taken together, these data indicate that the unexpected <clueType>expression</clueType> <linkTheme>of</linkTheme> megakaryocytic genes is a specific property of <clueLoc>immortalized cells</clueLoc> that cannot be explained only by enhanced expression of Spi-1 and/or Fli-1 genes.</clue>
</event>
<event KT="Other" id="E52">
<type class="Gene_expression"/>
<theme idref="A20"/>
<clue>Taken together, these data indicate that the unexpected expression of megakaryocytic genes is a specific property of immortalized cells that cannot be explained only by enhanced <clueType>expression</clueType> <linkTheme>of</linkTheme> Spi-1 and/or Fli-1 genes.</clue>
</event>
<event KT="Other" id="E53">
<type class="Gene_expression"/>
<theme idref="A21"/>
<clue>Taken together, these data indicate that the unexpected expression of megakaryocytic genes is a specific property of immortalized cells that cannot be explained only by enhanced <clueType>expression</clueType> <linkTheme>of</linkTheme> Spi-1 and/or Fli-1 genes.</clue>
</event>
<event KT="Other" id="E54">
<type class="Positive_regulation"/>
<theme idref="E52"/>
<clue>Taken together, these data indicate that the unexpected expression of megakaryocytic genes is a specific property of immortalized cells that cannot be explained only by <clueType>enhanced</clueType> expression of Spi-1 and/or Fli-1 genes.</clue>
</event>
<event KT="Other" id="E55">
<type class="Positive_regulation"/>
<theme idref="E53"/>
<clue>Taken together, these data indicate that the unexpected expression of megakaryocytic genes is a specific property of immortalized cells that cannot be explained only by <clueType>enhanced</clueType> expression of Spi-1 and/or Fli-1 genes.</clue>
</event>
<event KT="Other" id="E56">
<type class="Positive_regulation"/>
<theme idref="E52"/>
<theme idref="E53"/>
<clue>Taken together, these data indicate that the unexpected expression of megakaryocytic genes is a specific property of immortalized cells that cannot be explained only by <clueType>enhanced</clueType> expression of Spi-1 and/or Fli-1 genes.</clue>
</event>
<event CL="L2" KT="Analysis" id="E57">
<type class="Positive_regulation"/>
<theme idref="E51"/>
<cause idref="E54"/>
<clue>Taken together, these data <clueKT>indicate</clueKT> that the unexpected expression of megakaryocytic genes is a specific property of immortalized cells that <clueCL>cannot be explained only</clueCL> <linkCause>by</linkCause> enhanced expression of Spi-1 and/or Fli-1 genes.</clue>
<comment>NO CLUETYPE</comment></event>
<event CL="L2" KT="Analysis" id="E58">
<type class="Positive_regulation"/>
<theme idref="E51"/>
<cause idref="E55"/>
<clue>Taken together, these data <clueKT>indicate</clueKT> that the unexpected expression of megakaryocytic genes is a specific property of immortalized cells that <clueCL>cannot be explained only</clueCL> <linkCause>by</linkCause> enhanced expression of Spi-1 and/or Fli-1 genes.</clue>
<comment>NO CLUETYPE</comment></event>
<event CL="L2" KT="Analysis" id="E59">
<type class="Positive_regulation"/>
<theme idref="E51"/>
<cause idref="E56"/>
<clue>Taken together, these data <clueKT>indicate</clueKT> that the unexpected expression of megakaryocytic genes is a specific property of immortalized cells that <clueCL>cannot be explained only</clueCL> <linkCause>by</linkCause> enhanced expression of Spi-1 and/or Fli-1 genes.</clue>
<comment>NO CLUETYPE</comment></event>
<event KT="Other" id="E60">
<type class="Physiological_process"/>
<theme idref="T28"/>
<clue>Taken together, these data indicate that the unexpected expression of megakaryocytic genes is a specific property of <clueType>immortalized</clueType> <corefTheme>cells</corefTheme> that cannot be explained only by enhanced expression of Spi-1 and/or Fli-1 genes.</clue>
</event>
</AbstractText>
</Abstract></Article></MedlineCitation></PubmedArticle></PubmedArticleSet></Annotation>
