<?xml version='1.0'?><!DOCTYPE Annotation PUBLIC "//GENIA//DTD GENIA ANNOTATION EVENT 2.0//EN_Modified" "../ModifiedGENIAtypes/Modified_GENIA_event_20.dtd"><Annotation annotates="http://www.ncbi.nlm.nih.gov/entrez/eutils/efetch.fcgi?db=pubmed&amp;retmode=xml&amp;rettype=medline&amp;id=10210645" created="19/05/2006" creator="Yo Shidahara"><PubmedArticleSet><PubmedArticle><MedlineCitation>
<PMID>10210645</PMID>
<Article>
<ArticleTitle>
<sentence id="S1"><term id="T2" lex="LPS" sem="Lipid">LPS</term>-Induced <term id="T3" lex="NF-kappaB_activation" sem="Other"><term id="T4" lex="NF-kappaB" sem="Protein_complex">NF-kappaB</term> activation</term> and <term id="T5" lex="TNF-alpha_release" sem="Other"><term id="T6" lex="TNF-alpha" sem="Protein_molecule">TNF-alpha</term> release</term> in <term id="T7" lex="human_monocyte" sem="Cell_natural">human monocytes</term> are <term id="T8" lex="protein_tyrosine_kinase_dependent" sem="Other"><term id="T9" lex="protein_tyrosine_kinase" sem="Protein_family_or_group">protein <term id="T10" lex="tyrosine" sem="Amino_acid_monomer">tyrosine</term> kinase</term> dependent</term> and <term id="T11" lex="protein_kinase_C_independent" sem="Other"><term id="T12" lex="protein_kinase_C" sem="Protein_molecule">protein kinase C</term> independent</term>.</sentence>
<event id="E1">
<type class="Positive_regulation"/>
<theme idref="T4"/>
<clue>LPS-Induced NF-kappaB <clueType>activation</clueType> and TNF-alpha release in human monocytes are protein tyrosine kinase dependent and protein kinase C independent.</clue>
</event>
<event id="E2">
<type class="Localization"/>
<theme idref="T6"/>
<clue>LPS-Induced NF-kappaB activation and TNF-alpha <clueType>release</clueType> in human monocytes are protein tyrosine kinase dependent and protein kinase C independent.</clue>
</event>
<event id="E3">
<type class="Positive_regulation"/>
<theme idref="E1"/>
<cause idref="T2"/>
<clue>LPS-<clueType>Induced</clueType> NF-kappaB activation and TNF-alpha release <clueLoc>in human monocytes</clueLoc> are protein tyrosine kinase dependent and protein kinase C independent.</clue>
</event>
<event id="E4">
<type class="Positive_regulation"/>
<theme idref="E2"/>
<cause idref="T2"/>
<clue>LPS-<clueType>Induced</clueType> NF-kappaB activation and TNF-alpha release <clueLoc>in human monocytes</clueLoc> are protein tyrosine kinase dependent and protein kinase C independent.</clue>
</event>
<event id="E5">
<type class="Correlation"/>
<theme idref="E3"/>
<theme idref="T9"/>
<clue>LPS-Induced NF-kappaB activation and TNF-alpha release in human monocytes are protein tyrosine kinase <clueType>dependent</clueType> and protein kinase C independent.</clue>
</event>
<event id="E6">
<type class="Correlation"/>
<theme idref="E4"/>
<theme idref="T9"/>
<clue>LPS-Induced NF-kappaB activation and TNF-alpha release in human monocytes are protein tyrosine kinase <clueType>dependent</clueType> and protein kinase C independent.</clue>
</event>
<event Polarity="Negative" assertion="non-exist" id="E7">
<type class="Correlation"/>
<theme idref="E3"/>
<theme idref="T12"/>
<clue>LPS-Induced NF-kappaB activation and TNF-alpha release in human monocytes are protein tyrosine kinase dependent and protein kinase C <clueType><cluePolarity>independent</cluePolarity></clueType>.</clue>
</event>
<event Polarity="Negative" assertion="non-exist" id="E8">
<type class="Correlation"/>
<theme idref="E4"/>
<theme idref="T12"/>
<clue>LPS-Induced NF-kappaB activation and TNF-alpha release in human monocytes are protein tyrosine kinase dependent and protein kinase C <clueType><cluePolarity>independent</cluePolarity></clueType>.</clue>
</event>
</ArticleTitle>
<Abstract>
<AbstractText>
<sentence id="S2">BACKGROUND: <term id="T13" lex="tumor_necrosis_factor_alpha" sem="Protein_molecule">Tumor necrosis factor alpha</term> (<term id="T14" lex="TNF-alpha" sem="Protein_molecule">TNF-alpha</term>) is an important mediator of <term id="T15" lex="septic_shock" sem="Other">septic shock</term>.</sentence>
<event KT="Fact" id="E9">
<type class="Positive_regulation"/>
<theme idref="T15"/>
<cause idref="T14"/>
<clue>BACKGROUND: Tumor necrosis factor alpha (TNF-alpha) is an important <clueType>mediator</clueType> <linkTheme>of</linkTheme> septic shock.</clue>
</event>
<sentence id="S3"><term id="T16" lex="endotoxin_(LPS)_signal_transduction" sem="Other"><term id="T1" sem="Lipid">Endotoxin</term> (<term id="T17" lex="LPS" sem="Lipid">LPS</term>) signal transduction</term> in <term id="T18" lex="human_monocyte" sem="Cell_natural">human monocytes</term> leads to <term id="T113" sem="Other">activation</term> of <term id="T19" lex="nuclear_factor-kappa_B" sem="Protein_complex">nuclear factor-kappa B</term> (<term id="T20" lex="NF-kappaB" sem="Protein_complex">NF-kappaB</term>) and <term id="T21" lex="TNF-alpha_release" sem="Other"><term id="T22" lex="TNF-alpha" sem="Protein_molecule">TNF-alpha</term> release</term>.</sentence>
<event KT="Other" id="E10">
<type class="Positive_regulation"/>
<theme idref="T20"/>
<clue>Endotoxin (LPS) signal transduction in human monocytes leads to <clueType>activation</clueType> <linkTheme>of</linkTheme> nuclear factor-kappa B (NF-kappaB) and TNF-alpha release.</clue>
</event>
<event KT="Other" id="E11">
<type class="Localization"/>
<theme idref="T22"/>
<clue>Endotoxin (LPS) signal transduction in human monocytes leads to activation of nuclear factor-kappa B (NF-kappaB) and TNF-alpha <clueType>release</clueType>.</clue>
</event>
<event KT="Fact" id="E12">
<type class="Positive_regulation"/>
<theme idref="E10"/>
<cause idref="T17"/>
<clue>Endotoxin (LPS) signal transduction <clueLoc>in human monocytes</clueLoc> <clueType>leads</clueType> to activation of nuclear factor-kappa B (NF-kappaB) and TNF-alpha release.</clue>
</event>
<event KT="Fact" id="E13">
<type class="Positive_regulation"/>
<theme idref="E11"/>
<cause idref="T17"/>
<clue>Endotoxin (LPS) signal transduction <clueLoc>in human monocytes</clueLoc> <clueType>leads</clueType> to activation of nuclear factor-kappa B (NF-kappaB) and TNF-alpha release.</clue>
</event>
<sentence id="S4">Previous studies have implicated activation of both <term id="T23" lex="protein_kinase_C" sem="Protein_molecule">protein kinase C</term> (<term id="T24" lex="PKC" sem="Protein_molecule">PKC</term>) and <term id="T25" lex="protein_tyrosine_kinase" sem="Protein_family_or_group">protein <term id="T26" lex="tyrosine" sem="Amino_acid_monomer">tyrosine</term> kinases</term> (<term id="T27" lex="PTK" sem="Protein_family_or_group">PTK</term>) in <term id="T28" lex="LPS" sem="Lipid">LPS</term>-induced <term id="T29" lex="NF-kappaB_activation" sem="Other"><term id="T30" lex="NF-kappaB" sem="Protein_complex">NF-kappaB</term> activation</term> and <term id="T31" lex="TNF-alpha_production" sem="Other"><term id="T32" lex="TNF-alpha" sem="Protein_molecule">TNF-alpha</term> production</term>.</sentence>
<event id="E14">
<type class="Positive_regulation"/>
<theme idref="T30"/>
<clue>Previous studies have implicated activation of both protein kinase C (PKC) and protein tyrosine kinases (PTK) in LPS-induced NF-kappaB <clueType>activation</clueType> and TNF-alpha production.</clue>
</event>
<event id="E15">
<type class="Gene_expression"/>
<theme idref="T32"/>
<clue>Previous studies have implicated activation of both protein kinase C (PKC) and protein tyrosine kinases (PTK) in LPS-induced NF-kappaB activation and TNF-alpha <clueType>production</clueType>.</clue>
</event>
<event id="E16">
<type class="Positive_regulation"/>
<theme idref="E14"/>
<cause idref="T28"/>
<clue>Previous studies have implicated activation of both protein kinase C (PKC) and protein tyrosine kinases (PTK) in LPS-<clueType>induced</clueType> NF-kappaB activation and TNF-alpha production.</clue>
</event>
<event id="E17">
<type class="Positive_regulation"/>
<theme idref="E15"/>
<cause idref="T28"/>
<clue>Previous studies have implicated activation of both protein kinase C (PKC) and protein tyrosine kinases (PTK) in LPS-<clueType>induced</clueType> NF-kappaB activation and TNF-alpha production.</clue>
</event>
<event KT="Other" id="E18">
<type class="Positive_regulation"/>
<theme idref="T24"/>
<clue>Previous studies have implicated <clueType>activation</clueType> <linkTheme>of</linkTheme> both protein kinase C (PKC) and protein tyrosine kinases (PTK) in LPS-induced NF-kappaB activation and TNF-alpha production.</clue>
</event>
<event KT="Other" id="E19">
<type class="Positive_regulation"/>
<theme idref="T27"/>
<clue>Previous studies have implicated <clueType>activation</clueType> <linkTheme>of</linkTheme> both protein kinase C (PKC) and protein tyrosine kinases (PTK) in LPS-induced NF-kappaB activation and TNF-alpha production.</clue>
</event>
<event KT="Analysis" Source="Other" id="E20">
<type class="Correlation"/>
<theme idref="E16"/>
<theme idref="E18"/>
<clue><clueSource>Previous studies</clueSource> have <clueType><clueKT>implicated</clueKT></clueType> activation of both protein kinase C (PKC) and protein tyrosine kinases (PTK) <linkTheme>in</linkTheme> LPS-induced NF-kappaB activation and TNF-alpha production.</clue>
</event>
<event KT="Analysis" Source="Other" id="E21">
<type class="Correlation"/>
<theme idref="E17"/>
<theme idref="E18"/>
<clue><clueSource>Previous studies</clueSource> have <clueType><clueKT>implicated</clueKT></clueType> activation of both protein kinase C (PKC) and protein tyrosine kinases (PTK) <linkTheme>in</linkTheme> LPS-induced NF-kappaB activation and TNF-alpha production.</clue>
</event>
<event KT="Analysis" Source="Other" id="E22">
<type class="Correlation"/>
<theme idref="E16"/>
<theme idref="E19"/>
<clue><clueSource>Previous studies</clueSource> have <clueType><clueKT>implicated</clueKT></clueType> activation of both protein kinase C (PKC) and protein tyrosine kinases (PTK) <linkTheme>in</linkTheme> LPS-induced NF-kappaB activation and TNF-alpha production.</clue>
</event>
<event KT="Analysis" Source="Other" id="E23">
<type class="Correlation"/>
<theme idref="E17"/>
<theme idref="E19"/>
<clue><clueSource>Previous studies</clueSource> have <clueType><clueKT>implicated</clueKT></clueType> activation of both protein kinase C (PKC) and protein tyrosine kinases (PTK) <linkTheme>in</linkTheme> LPS-induced NF-kappaB activation and TNF-alpha production.</clue>
</event>
<sentence id="S5">We hypothesized that inhibition of either <term id="T33" lex="PKC" sem="Protein_molecule">PKC</term> or <term id="T34" lex="PTK" sem="Protein_family_or_group">PTK</term> would decrease <term id="T36" lex="LPS" sem="Lipid">LPS</term>-induced <term id="T370" sem="Other"><term id="T37" lex="NF-kappaB" sem="Protein_complex">NF-kappaB</term> DNA binding</term> and <term id="T38" lex="TNF-alpha_release" sem="Other"><term id="T39" lex="TNF-alpha" sem="Protein_molecule">TNF-alpha</term> release</term> in <term id="T40" lex="human_monocyte" sem="Cell_natural">human monocytes</term>.</sentence>
<sentence id="S6">MATERIALS AND METHODS: <term id="T41" lex="human_monocyte" sem="Cell_natural">Human monocytes</term> were stimulated with <term id="T42" lex="PMA" sem="Organic_compound_other">PMA</term> (50 ng/ml) alone or <term id="T43" lex="LPS" sem="Lipid">LPS</term> (100 ng/ml) with and without a <term id="T44" lex="nonspecific_serine/threonine_protein_kinase_inhibitor" sem="Organic_compound_other">nonspecific <term id="T45" lex="serine/threonine_protein_kinase" sem="Protein_family_or_group"><term id="T46" lex="serine" sem="Amino_acid_monomer">serine</term><term id="T47" lex="threonine" sem="Amino_acid_monomer">/threonine</term> protein kinase</term> inhibitor</term> <term id="A1" sem="Inorganic_compound">staurosporine</term> (<term id="A2" sem="Inorganic_compound">Stauro</term>), a specific <term id="T48" lex="pan-PKC_inhibitor_bisindolylmaleimide" sem="Organic_compound_other">pan-<term id="T49" lex="PKC" sem="Protein_molecule">PKC</term> inhibitor bisindolylmaleimide</term> (<term id="T50" lex="Bis" sem="Organic_compound_other">Bis</term>), or an inhibitor of <term id="T51" lex="PTK" sem="Protein_family_or_group">PTK</term> <term id="T52" lex="genistein" sem="Organic_compound_other">genistein</term> (<term id="T53" lex="Gen" sem="Organic_compound_other">Gen</term>).</sentence>
<event KT="Method" id="E24">
<type class="Physiological_process"/>
<theme idref="T41"/>
<cause idref="T42"/>
<clue>MATERIALS AND <clueKT>METHODS</clueKT>: Human monocytes were <clueType>stimulated</clueType> <linkCause>with</linkCause> PMA (50 <clueKT>ng/ml</clueKT>) alone or LPS (100 ng/ml) with and without a nonspecific serine/threonine protein kinase inhibitor staurosporine (Stauro), a specific pan-PKC inhibitor bisindolylmaleimide (Bis), or an inhibitor of PTK genistein (Gen).</clue>
</event>
<event KT="Method" id="E25">
<type class="Physiological_process"/>
<theme idref="T41"/>
<cause idref="T43"/>
<clue>MATERIALS AND <clueKT>METHODS</clueKT>: Human monocytes were <clueType>stimulated</clueType> <linkCause>with</linkCause> PMA (50 ng/ml) alone or LPS (100 <clueKT>ng/ml</clueKT>) with and without a nonspecific serine/threonine protein kinase inhibitor staurosporine (Stauro), a specific pan-PKC inhibitor bisindolylmaleimide (Bis), or an inhibitor of PTK genistein (Gen).</clue>
</event>
<event KT="Method" id="E26">
<type class="Physiological_process"/>
<theme idref="T41"/>
<cause idref="T43"/>
<cause idref="A2"/>
<clue>MATERIALS AND <clueKT>METHODS</clueKT>: Human monocytes were <clueType>stimulated</clueType> <linkCause>with</linkCause> PMA (50 ng/ml) alone or LPS (100 ng/ml) <linkCause>with</linkCause> and without a nonspecific serine/threonine protein kinase inhibitor staurosporine (Stauro), a specific pan-PKC inhibitor bisindolylmaleimide (Bis), or an inhibitor of PTK genistein (Gen).</clue>
</event>
<event KT="Method" id="E27">
<type class="Physiological_process"/>
<theme idref="T41"/>
<cause idref="T43"/>
<cause idref="T50"/>
<clue>MATERIALS AND <clueKT>METHODS</clueKT>: Human monocytes were <clueType>stimulated</clueType> <linkTheme>with</linkTheme> PMA (50 ng/ml) alone or LPS (100 ng/ml) <linkCause>with</linkCause> and without a nonspecific serine/threonine protein kinase inhibitor staurosporine (Stauro), a specific pan-PKC inhibitor bisindolylmaleimide (Bis), or an inhibitor of PTK genistein (Gen).</clue>
</event>
<event KT="Method" id="E28">
<type class="Physiological_process"/>
<theme idref="T41"/>
<cause idref="T43"/>
<cause idref="T53"/>
<clue>MATERIALS AND <clueKT>METHODS</clueKT>: Human monocytes were <clueType>stimulated</clueType> <linkTheme>with</linkTheme> PMA (50 ng/ml) alone or LPS (100 ng/ml) <linkCause>with</linkCause> and without a nonspecific serine/threonine protein kinase inhibitor staurosporine (Stauro), a specific pan-PKC inhibitor bisindolylmaleimide (Bis), or an inhibitor of PTK genistein (Gen).</clue>
</event>
<sentence id="S7"><term id="T54" lex="TNF-alpha_release" sem="Other"><term id="T55" lex="TNF-alpha" sem="Protein_molecule">TNF-alpha</term> release</term> in culture supernatants was measured by an <term id="T56" lex="ELISA" sem="Other">ELISA</term>.</sentence>
<sentence id="S8"><term id="T57" lex="NF-kappaB_DNA_binding" sem="Other"><term id="T58" lex="NF-kappaB" sem="Protein_complex">NF-kappaB</term> DNA binding</term> was evaluated by <term id="T59" lex="electrophoretic_mobility_shift_assay" sem="Other">electrophoretic mobility shift assay</term>.</sentence>
<sentence id="S9">RESULTS: <term id="T60" lex="LPS" sem="Lipid">LPS</term> increased <term id="T61" lex="NF-kappaB_DNA_binding" sem="Other"><term id="T62" lex="NF-kappaB" sem="Protein_complex">NF-kappaB</term> <term id="A3" sem="DNA_domain_or_region">DNA</term> binding</term> and <term id="T63" lex="TNF-alpha_release" sem="Other"><term id="T64" lex="TNF-alpha" sem="Protein_molecule">TNF-alpha</term> release</term> in <term id="T65" lex="human_monocyte" sem="Cell_natural">human monocytes</term>.</sentence>
<event id="E29">
<type class="Binding"/>
<theme idref="T63"/>
<theme idref="A3"/>
<clue>RESULTS: LPS increased NF-kappaB DNA <clueType>binding</clueType> and TNF-alpha release in human monocytes.</clue>
</event>
<event id="E30">
<type class="Localization"/>
<theme idref="T64"/>
<clue>RESULTS: LPS increased NF-kappaB DNA binding and TNF-alpha <clueType>release</clueType> in human monocytes.</clue>
</event>
<event id="E31">
<type class="Positive_regulation"/>
<theme idref="E29"/>
<cause idref="T60"/>
<clue><clueKT>RESULTS</clueKT>: LPS <clueType>increased</clueType> NF-kappaB DNA binding and TNF-alpha release <clueLoc>in human monocytes</clueLoc>.</clue>
</event>
<event id="E32">
<type class="Positive_regulation"/>
<theme idref="E30"/>
<cause idref="T60"/>
<clue><clueKT>RESULTS</clueKT>: LPS <clueType>increased</clueType> NF-kappaB DNA binding and TNF-alpha release <clueLoc>in human monocytes</clueLoc>.</clue>
</event>
<sentence id="S10"><term id="T66" lex="nonspecific_protein_kinase_inhibition" sem="Other">Nonspecific <term id="T67" lex="protein_kinase" sem="Protein_family_or_group">protein kinase</term> inhibition</term> inhibited <term id="T68" lex="NF-kappaB_activation" sem="Other"><term id="T69" lex="NF-kappaB" sem="Protein_complex">NF-kappaB</term> activation</term> and <term id="T70" lex="TNF-alpha_release" sem="Other"><term id="T71" lex="TNF-alpha" sem="Protein_molecule">TNF-alpha</term> release</term>, while specific <term id="T72" lex="PKC" sem="Protein_molecule">PKC</term> inhibition with <term id="T73" lex="Bis" sem="Organic_compound_other">Bis</term> had no effect on <term id="T75" lex="LPS" sem="Lipid">LPS</term>-induced <term id="T35" sem="Other"><term id="T76" lex="NF-kappaB" sem="Protein_complex">NF-kappaB</term> <term id="A4" sem="DNA_domain_or_region">DNA</term> binding</term> or <term id="T77" lex="TNF-alpha_release" sem="Other"><term id="T78" lex="TNF-alpha" sem="Protein_molecule">TNF-alpha</term> release</term>.</sentence>
<event id="E33">
<type class="Negative_regulation"/>
<theme idref="T67"/>
<clue>Nonspecific protein kinase <clueType>inhibition</clueType> inhibited NF-kappaB activation and TNF-alpha release, while specific PKC inhibition with Bis had no effect on LPS-induced NF-kappaB DNA binding or TNF-alpha release.</clue>
</event>
<event KT="Other" id="E34">
<type class="Positive_regulation"/>
<theme idref="T69"/>
<clue>Nonspecific protein kinase inhibition inhibited NF-kappaB <clueType>activation</clueType> and TNF-alpha release, while specific PKC inhibition with Bis had no effect on LPS-induced NF-kappaB DNA binding or TNF-alpha release.</clue>
</event>
<event KT="Other" id="E35">
<type class="Localization"/>
<theme idref="T71"/>
<clue>Nonspecific protein kinase inhibition inhibited NF-kappaB activation and TNF-alpha <clueType>release</clueType>, while specific PKC inhibition with Bis had no effect on LPS-induced NF-kappaB DNA binding or TNF-alpha release.</clue>
</event>
<event id="E36">
<type class="Negative_regulation"/>
<theme idref="E34"/>
<cause idref="E33"/>
<clue>Nonspecific protein kinase inhibition <clueType>inhibited</clueType> NF-kappaB activation and TNF-alpha release, while specific PKC inhibition with Bis had no effect on LPS-induced NF-kappaB DNA binding or TNF-alpha release.</clue>
</event>
<event id="E37">
<type class="Negative_regulation"/>
<theme idref="E35"/>
<cause idref="E33"/>
<clue>Nonspecific protein kinase inhibition <clueType>inhibited</clueType> NF-kappaB activation and TNF-alpha release, while specific PKC inhibition with Bis had no effect on LPS-induced NF-kappaB DNA binding or TNF-alpha release.</clue>
</event>
<event id="E38">
<type class="Binding"/>
<theme idref="T76"/>
<theme idref="A4"/>
<clue>Nonspecific protein kinase inhibition inhibited NF-kappaB activation and TNF-alpha release, while specific PKC inhibition with Bis had no effect on LPS-induced NF-kappaB DNA <clueType>binding</clueType> or TNF-alpha release.</clue>
</event>
<event id="E39">
<type class="Localization"/>
<theme idref="T78"/>
<clue>Nonspecific protein kinase inhibition inhibited NF-kappaB activation and TNF-alpha release, while specific PKC inhibition with Bis had no effect on LPS-induced NF-kappaB DNA binding or TNF-alpha <clueType>release</clueType>.</clue>
</event>
<event id="E40">
<type class="Positive_regulation"/>
<theme idref="E38"/>
<cause idref="T75"/>
<clue>Nonspecific protein kinase inhibition inhibited NF-kappaB activation and TNF-alpha release, while specific PKC inhibition with Bis had no effect on LPS-<clueType>induced</clueType> NF-kappaB DNA binding or TNF-alpha release.</clue>
</event>
<event id="E41">
<type class="Positive_regulation"/>
<theme idref="E39"/>
<cause idref="T75"/>
<clue>Nonspecific protein kinase inhibition inhibited NF-kappaB activation and TNF-alpha release, while specific PKC inhibition with Bis had no effect on LPS-<clueType>induced</clueType> NF-kappaB DNA binding or TNF-alpha release.</clue>
</event>
<event id="E42">
<type class="Negative_regulation"/>
<theme idref="T72"/>
<cause idref="T73"/>
<clue>Nonspecific protein kinase inhibition inhibited NF-kappaB activation and TNF-alpha release, while specific PKC <clueType>inhibition</clueType> <linkCause>with</linkCause> Bis had no effect on LPS-induced NF-kappaB DNA binding or TNF-alpha release.</clue>
</event>
<event Polarity="Negative" assertion="non-exist" id="E43">
<type class="Regulation"/>
<theme idref="E40"/>
<cause idref="E42"/>
<clue>Nonspecific protein kinase inhibition inhibited NF-kappaB activation and TNF-alpha release, while specific PKC inhibition with Bis had <cluePolarity>no</cluePolarity> <clueType>effect</clueType> <linkTheme>on</linkTheme> LPS-induced NF-kappaB DNA binding or TNF-alpha release.</clue>
</event>
<event Polarity="Negative" assertion="non-exist" id="E44">
<type class="Regulation"/>
<theme idref="E41"/>
<cause idref="E42"/>
<clue>Nonspecific protein kinase inhibition inhibited NF-kappaB activation and TNF-alpha release, while specific PKC inhibition with Bis had <cluePolarity>no</cluePolarity> <clueType>effect</clueType> <linkTheme>on</linkTheme> LPS-induced NF-kappaB DNA binding or TNF-alpha release.</clue>
</event>
<sentence id="S11"><term id="T79" lex="PTK" sem="Protein_family_or_group">PTK</term> inhibition with <term id="T80" lex="Gen" sem="Organic_compound_other">Gen</term> attenuated both <term id="T82" lex="LPS" sem="Lipid">LPS</term>-induced <term id="T74" sem="Other"><term id="T83" lex="NF-kappaB" sem="Protein_complex">NF-kappaB</term> <term id="A5" sem="DNA_domain_or_region">DNA</term> binding</term> and <term id="T84" lex="TNF-alpha_production" sem="Other"><term id="T85" lex="TNF-alpha" sem="Protein_molecule">TNF-alpha</term> production</term> in <term id="T86" lex="human_monocyte" sem="Cell_natural">human monocytes</term>.</sentence>
<event id="E45">
<type class="Negative_regulation"/>
<theme idref="T79"/>
<cause idref="T80"/>
<clue>PTK <clueType>inhibition</clueType> <linkCause>with</linkCause> Gen attenuated both LPS-induced NF-kappaB DNA binding and TNF-alpha production in human monocytes.</clue>
</event>
<event id="E46">
<type class="Binding"/>
<theme idref="T83"/>
<theme idref="A5"/>
<clue>PTK inhibition with Gen attenuated both LPS-induced NF-kappaB DNA <clueType>binding</clueType> and TNF-alpha production in human monocytes.</clue>
</event>
<event id="E47">
<type class="Gene_expression"/>
<theme idref="T85"/>
<clue>PTK inhibition with Gen attenuated both LPS-induced NF-kappaB DNA binding and TNF-alpha <clueType>production</clueType> in human monocytes.</clue>
</event>
<event id="E48">
<type class="Positive_regulation"/>
<theme idref="E46"/>
<cause idref="T82"/>
<clue>PTK inhibition with Gen attenuated both LPS-<clueType>induced</clueType> NF-kappaB DNA binding and TNF-alpha production in human monocytes.</clue>
</event>
<event id="E49">
<type class="Positive_regulation"/>
<theme idref="E47"/>
<cause idref="T82"/>
<clue>PTK inhibition with Gen attenuated both LPS-<clueType>induced</clueType> NF-kappaB DNA binding and TNF-alpha production in human monocytes.</clue>
</event>
<event id="E50">
<type class="Negative_regulation"/>
<theme idref="E48"/>
<cause idref="E45"/>
<clue>PTK inhibition with Gen <clueType>attenuated</clueType> both LPS-induced NF-kappaB DNA binding and TNF-alpha production <clueLoc>in human monocytes</clueLoc>.</clue>
</event>
<event id="E51">
<type class="Negative_regulation"/>
<theme idref="E49"/>
<cause idref="E45"/>
<clue>PTK inhibition with Gen <clueType>attenuated</clueType> both LPS-induced NF-kappaB DNA binding and TNF-alpha production <clueLoc>in human monocytes</clueLoc>.</clue>
</event>
<sentence id="S12">Direct activation of <term id="T87" lex="PKC" sem="Protein_molecule">PKC</term> with <term id="T88" lex="PMA" sem="Organic_compound_other">PMA</term> induced both <term id="T89" lex="NF-kappaB_activation" sem="Other"><term id="T90" lex="NF-kappaB" sem="Protein_complex">NF-kappaB</term> activation</term> and <term id="T91" lex="TNF-alpha_production" sem="Other"><term id="T92" lex="TNF-alpha" sem="Protein_molecule">TNF-alpha</term> production</term> by <term id="T93" lex="human_monocyte" sem="Cell_natural">human monocytes</term>.</sentence>
<event id="E52">
<type class="Positive_regulation"/>
<theme idref="T87"/>
<cause idref="T88"/>
<clue>Direct <clueType>activation</clueType> <linkTheme>of</linkTheme> PKC <linkCause>with</linkCause> PMA induced both NF-kappaB activation and TNF-alpha production by human monocytes.</clue>
</event>
<event id="E53">
<type class="Positive_regulation"/>
<theme idref="T90"/>
<clue>Direct activation of PKC with PMA induced both NF-kappaB <clueType>activation</clueType> and TNF-alpha production by human monocytes.</clue>
</event>
<event id="E54">
<type class="Gene_expression"/>
<theme idref="T92"/>
<clue>Direct activation of PKC with PMA induced both NF-kappaB activation and TNF-alpha <clueType>production</clueType> <clueLoc>by human monocytes</clueLoc>.</clue>
</event>
<event id="E55">
<type class="Positive_regulation"/>
<theme idref="E53"/>
<cause idref="E52"/>
<clue>Direct activation of PKC with PMA <clueType>induced</clueType> both NF-kappaB activation and TNF-alpha production by human monocytes.</clue>
</event>
<event id="E56">
<type class="Positive_regulation"/>
<theme idref="E54"/>
<cause idref="E52"/>
<clue>Direct activation of PKC with PMA <clueType>induced</clueType> both NF-kappaB activation and TNF-alpha production by human monocytes.</clue>
</event>
<sentence id="S13">CONCLUSIONS: These results suggest that <term id="T95" lex="LPS" sem="Lipid">LPS</term>-induced <term id="T96" lex="NF-kappaB_activation" sem="Other"><term id="T97" lex="NF-kappaB" sem="Protein_complex">NF-kappaB</term> activation</term> and <term id="T98" lex="TNF-alpha_release" sem="Other"><term id="T99" lex="TNF-alpha" sem="Protein_molecule">TNF-alpha</term> release</term> in <term id="T100" lex="human_monocyte" sem="Cell_natural">human monocytes</term> are independent of <term id="T101" lex="PKC_activity" sem="Other"><term id="T102" lex="PKC" sem="Protein_molecule">PKC</term> activity</term>.</sentence>
<event id="E57">
<type class="Positive_regulation"/>
<theme idref="T97"/>
<clue>CONCLUSIONS: These results suggest that LPS-induced NF-kappaB <clueType>activation</clueType> and TNF-alpha release in human monocytes are independent of PKC activity.</clue>
</event>
<event id="E58">
<type class="Localization"/>
<theme idref="T99"/>
<clue>CONCLUSIONS: These results suggest that LPS-induced NF-kappaB activation and TNF-alpha <clueType>release</clueType> in human monocytes are independent of PKC activity.</clue>
</event>
<event id="E59">
<type class="Positive_regulation"/>
<theme idref="E57"/>
<cause idref="T95"/>
<clue>CONCLUSIONS: These results suggest that LPS-<clueType>induced</clueType> NF-kappaB activation and TNF-alpha release <clueLoc>in human monocytes</clueLoc> are independent of PKC activity.</clue>
</event>
<event id="E60">
<type class="Positive_regulation"/>
<theme idref="E58"/>
<cause idref="T95"/>
<clue>CONCLUSIONS: These results suggest that LPS-<clueType>induced</clueType> NF-kappaB activation and TNF-alpha release <clueLoc>in human monocytes</clueLoc> are independent of PKC activity.</clue>
</event>
<event CL="L2" KT="Analysis" Polarity="Negative" assertion="non-exist" id="E61">
<type class="Correlation"/>
<theme idref="E59"/>
<theme idref="T102"/>
<clue><clueKT>CONCLUSIONS</clueKT>: These results <clueKT><clueCL>suggest</clueCL></clueKT> that LPS-induced NF-kappaB activation and TNF-alpha release in human monocytes are <clueType><cluePolarity>independent</cluePolarity></clueType> <linkTheme>of</linkTheme> PKC activity.</clue>
</event>
<event CL="L2" KT="Analysis" Polarity="Negative" assertion="non-exist" id="E62">
<type class="Correlation"/>
<theme idref="E60"/>
<theme idref="T102"/>
<clue><clueKT>CONCLUSIONS</clueKT>: These results <clueKT><clueCL>suggest</clueCL></clueKT> that LPS-induced NF-kappaB activation and TNF-alpha release in human monocytes are <clueType><cluePolarity>independent</cluePolarity></clueType> <linkTheme>of</linkTheme> PKC activity.</clue>
</event>
<sentence id="S14">Furthermore, our results provide evidence that <term id="T103" lex="PTK" sem="Protein_family_or_group">PTK</term> plays a role in <term id="T105" lex="LPS" sem="Lipid">LPS</term>-induced <term id="T106" lex="NF-kappaB_activation" sem="Other"><term id="T107" lex="NF-kappaB" sem="Protein_complex">NF-kappaB</term> activation</term> and <term id="T108" lex="TNF-alpha_release" sem="Other"><term id="T109" lex="TNF-alpha" sem="Protein_molecule">TNF-alpha</term> release</term> in <term id="T110" lex="human_monocyte" sem="Cell_natural">human monocytes</term> and thus could be a <term id="T111" lex="potential_therapeutic_target" sem="Other">potential therapeutic target</term> in <term id="T112" lex="inflammatory_state" sem="Other">inflammatory states</term>.</sentence>
<event id="E63">
<type class="Positive_regulation"/>
<theme idref="T107"/>
<clue>Furthermore, our results provide evidence that PTK plays a role in LPS-induced NF-kappaB <clueType>activation</clueType> and TNF-alpha release in human monocytes and thus could be a potential therapeutic target in inflammatory states.</clue>
</event>
<event id="E64">
<type class="Localization"/>
<theme idref="T109"/>
<clue>Furthermore, our results provide evidence that PTK plays a role in LPS-induced NF-kappaB activation and TNF-alpha <clueType>release</clueType> in human monocytes and thus could be a potential therapeutic target in inflammatory states.</clue>
</event>
<event id="E65">
<type class="Positive_regulation"/>
<theme idref="E63"/>
<cause idref="T105"/>
<clue>Furthermore, our results provide evidence that PTK plays a role in LPS-<clueType>induced</clueType> NF-kappaB activation and TNF-alpha release <clueLoc>in human monocytes</clueLoc> and thus could be a potential therapeutic target in inflammatory states.</clue>
</event>
<event id="E66">
<type class="Positive_regulation"/>
<theme idref="E64"/>
<cause idref="T105"/>
<clue>Furthermore, our results provide evidence that PTK plays a role in LPS-<clueType>induced</clueType> NF-kappaB activation and TNF-alpha release <clueLoc>in human monocytes</clueLoc> and thus could be a potential therapeutic target in inflammatory states.</clue>
</event>
<sentence id="S15">Copyright 1999 Academic Press.</sentence>
</AbstractText>
</Abstract></Article></MedlineCitation></PubmedArticle></PubmedArticleSet></Annotation>
