<?xml version='1.0'?><!DOCTYPE Annotation PUBLIC "//GENIA//DTD GENIA ANNOTATION EVENT 2.0//EN_Modified" "../ModifiedGENIAtypes/Modified_GENIA_event_20.dtd"><Annotation annotates="http://www.ncbi.nlm.nih.gov/entrez/eutils/efetch.fcgi?db=pubmed&amp;retmode=xml&amp;rettype=medline&amp;id=10229815" created="25/10/2006" creator="Noriko Katsu"><PubmedArticleSet><PubmedArticle><MedlineCitation>
<PMID>10229815</PMID>
<Article>
<ArticleTitle>
<sentence id="S1"><term id="T1" lex="CTLA-4-mediated_inhibition" sem="Other"><term id="T2" lex="CTLA-4" sem="Protein_molecule">CTLA-4</term>-Mediated inhibition</term> of early events of <term id="T3" lex="T_cell_proliferation" sem="Other"><term id="A1" sem="Cell_natural">T cell</term> proliferation</term>.</sentence>
<event KT="Investigation" id="E1">
<type class="Negative_regulation"/>
<theme idref="E2"/>
<cause idref="T2"/>
<clue>CTLA-4<linkCause>-Mediated</linkCause> <clueType>inhibition</clueType> <linkTheme>of</linkTheme> early events of T cell proliferation.</clue>
</event>
<event KT="Other" id="E2">
<type class="Cellular_physiological_process"/>
<theme idref="A1"/>
<clue>CTLA-4-Mediated inhibition of <clueTime>early</clueTime> events of T cell <clueType>proliferation</clueType>.</clue>
</event>
</ArticleTitle>
<Abstract>
<AbstractText>
<sentence id="S2"><term id="T4" lex="CTLA-4" sem="Protein_molecule">CTLA-4</term> engagement by <term id="T5" lex="mAb" sem="Protein_family_or_group">mAbs</term> inhibits, while <term id="T6" lex="CD28" sem="Protein_molecule">CD28</term> enhances, <term id="T7" lex="IL-2_production" sem="Other"><term id="T8" lex="IL-2" sem="Protein_molecule">IL-2</term> production</term> and <term id="T9" lex="proliferation" sem="Other">proliferation</term> upon <term id="T10" lex="T_cell_activation" sem="Other"><term id="A2" sem="Cell_natural">T cell</term> activation</term>.</sentence>
<event id="E3">
<type class="Binding"/>
<theme idref="T4"/>
<theme idref="T5"/>
<clue>CTLA-4 <clueType>engagement</clueType> <linkTheme>by</linkTheme> mAbs inhibits, while CD28 enhances, IL-2 production and proliferation upon T cell activation.</clue>
</event>
<event KT="Fact" id="E4">
<type class="Negative_regulation"/>
<theme idref="E9"/>
<cause idref="E3"/>
<clue>CTLA-4 engagement by mAbs <clueType>inhibits</clueType>, while CD28 enhances, IL-2 production and proliferation upon T cell activation.</clue>
</event>
<event KT="Fact" id="E5">
<type class="Negative_regulation"/>
<theme idref="E7"/>
<cause idref="E3"/>
<clue>CTLA-4 engagement by mAbs <clueType>inhibits</clueType>, while CD28 enhances, IL-2 production and proliferation upon T cell activation.</clue>
</event>
<event KT="Fact" id="E54">
<type class="Positive_regulation"/>
<theme idref="E9"/>
<cause idref="T6"/>
<clue>CTLA-4 engagement by mAbs inhibits, while CD28 <clueType>enhances</clueType>, IL-2 production and proliferation upon T cell activation.</clue>
</event>
<event KT="Fact" id="E55">
<type class="Positive_regulation"/>
<theme idref="E7"/>
<cause idref="T6"/>
<clue>CTLA-4 engagement by mAbs inhibits, while CD28 <clueType>enhances</clueType>, IL-2 production and proliferation upon T cell activation.</clue>
</event>
<event KT="Other" id="E6">
<type class="Gene_expression"/>
<theme idref="T8"/>
<clue>CTLA-4 engagement by mAbs inhibits, while CD28 enhances, IL-2 <clueType>production</clueType> and proliferation upon T cell activation.</clue>
</event>
<event KT="Other" id="E9">
<type class="Positive_regulation"/>
<theme idref="E6"/>
<cause idref="E8"/>
<clue>CTLA-4 engagement by mAbs inhibits, while CD28 enhances, IL-2 production and proliferation <linkCause>upon</linkCause> T cell activation.</clue>
<comment>NO CLUETYPE</comment></event>
<event KT="Other" id="E51">
<type class="Cellular_physiological_process"/>
<theme idref="A2"/>
<clue>CTLA-4 engagement by mAbs inhibits, while CD28 enhances, IL-2 production and <clueType>proliferation</clueType> upon T cell activation.</clue>
</event>
<event KT="Other" id="E7">
<type class="Positive_regulation"/>
<theme idref="E51"/>
<cause idref="E8"/>
<clue>CTLA-4 engagement by mAbs inhibits, while CD28 enhances, IL-2 production and proliferation <linkCause>upon</linkCause> T cell activation.</clue>
<comment>NO CLUETYPE</comment></event>
<event KT="Other" id="E8">
<type class="Physiological_process"/>
<theme idref="A2"/>
<clue>CTLA-4 engagement by mAbs inhibits, while CD28 enhances, IL-2 production and proliferation upon T cell <clueType>activation</clueType>.</clue>
</event>
<sentence id="S3">Here, we have analyzed the mechanisms involved in <term id="T11" lex="CTLA-4-mediated_inhibition" sem="Other"><term id="T12" lex="CTLA-4" sem="Protein_molecule">CTLA-4</term>-mediated inhibition</term> of <term id="T13" lex="T_cell_activation" sem="Other">T cell activation</term> of naive <term id="T14" lex="CD4+_T_cell" sem="Cell_natural">CD4+ T cells</term> using <term id="T15" lex="Ab_cross-linking" sem="Other">Ab cross-linking</term>.</sentence>
<event KT="Other" id="E10">
<type class="Negative_regulation"/>
<theme idref="E11"/>
<cause idref="T12"/>
<clue>Here, we have analyzed the mechanisms involved in CTLA-4<linkCause>-mediated</linkCause> <clueType>inhibition</clueType> <linkTheme>of</linkTheme> T cell activation of naive CD4+ T cells using Ab cross-linking.</clue>
</event>
<event KT="Other" id="E11">
<type class="Physiological_process"/>
<theme idref="T14"/>
<clue>Here, we have analyzed the mechanisms involved in CTLA-4-mediated inhibition of <clueType>T cell activation</clueType> <linkTheme>of</linkTheme> naive CD4+ T cells using Ab cross-linking.</clue>
</event>
<event KT="Analysis" id="E12" uncertainty="doubtful">
<type class="Regulation"/>
<theme idref="E10"/>
<clue>Here, we have <clueKT>analyzed</clueKT> the mechanisms <clueType>involved</clueType> <linkTheme>in</linkTheme> CTLA-4-mediated inhibition of T cell activation of naive CD4+ T cells <clueExperiment>using Ab cross-linking</clueExperiment>.</clue>
</event>
<sentence id="S4"><term id="T16" lex="CTLA-4_ligation" sem="Other"><term id="T17" lex="CTLA-4" sem="Protein_molecule">CTLA-4</term> ligation</term> inhibited <term id="T18" lex="CD3/CD28-induced_IL-2_mRNA_accumulation" sem="Other"><term id="A3" sem="Protein_complex">CD3/<term id="T19" lex="CD28" sem="Protein_molecule">CD28</term></term>-induced <term id="T20" lex="IL-2_mRNA" sem="RNA_molecule"><term id="T21" lex="IL-2" sem="Protein_molecule">IL-2</term> mRNA</term> accumulation</term> by inhibiting <term id="T22" lex="IL-2_transcription" sem="Other"><term id="T23" lex="IL-2" sem="Protein_molecule">IL-2</term> transcription</term>, which appears to be mediated in part through decreasing <term id="T24" lex="NF-AT_accumulation" sem="Other"><term id="T25" lex="NF-AT" sem="Protein_molecule">NF-AT</term> accumulation</term> in the <term id="T26" lex="nuclei" sem="Cell_component">nuclei</term>.</sentence>
<event id="E13">
<type class="Binding"/>
<theme idref="T17"/>
<clue>CTLA-4 <clueType>ligation</clueType> inhibited CD3/CD28-induced IL-2 mRNA accumulation by inhibiting IL-2 transcription, which appears to be mediated in part through decreasing NF-AT accumulation in the nuclei.</clue>
</event>
<event id="E14">
<type class="Negative_regulation"/>
<theme idref="E15"/>
<cause idref="E16"/>
<clue>CTLA-4 ligation <clueType>inhibited</clueType> CD3/CD28-induced IL-2 mRNA accumulation <linkCause>by</linkCause> inhibiting IL-2 transcription, which appears to be mediated in part through decreasing NF-AT accumulation in the nuclei.</clue>
</event>
<event KT="Other" id="E15">
<type class="Positive_regulation"/>
<theme idref="T20"/>
<cause idref="A3"/>
<clue>CTLA-4 ligation inhibited CD3/CD28<linkCause>-induced</linkCause> IL-2 mRNA <clueType>accumulation</clueType> by inhibiting IL-2 transcription, which appears to be mediated in part through decreasing NF-AT accumulation in the nuclei.</clue>
</event>
<event id="E16">
<type class="Negative_regulation"/>
<theme idref="E17"/>
<cause idref="E13"/>
<clue>CTLA-4 ligation inhibited CD3/CD28-induced IL-2 mRNA accumulation by <clueType>inhibiting</clueType> IL-2 transcription, which appears to be mediated in part through decreasing NF-AT accumulation in the nuclei.</clue>
</event>
<event KT="Other" id="E17">
<type class="Transcription"/>
<theme idref="T23"/>
<clue>CTLA-4 ligation inhibited CD3/CD28-induced IL-2 mRNA accumulation by inhibiting IL-2 <clueType>transcription</clueType>, which appears to be mediated in part through decreasing NF-AT accumulation in the nuclei.</clue>
</event>
<event CL="L2" KT="Analysis" id="E18">
<type class="Positive_regulation"/>
<theme idref="E16"/>
<cause idref="E19"/>
<clue>CTLA-4 ligation inhibited CD3/CD28-induced IL-2 mRNA accumulation by inhibiting IL-2 transcription, which <clueKT><clueCL>appears</clueCL></clueKT> to be <clueType>mediated</clueType> in part <linkCause>through</linkCause> decreasing NF-AT accumulation in the nuclei.</clue>
</event>
<event CL="L2" KT="Analysis" id="E19">
<type class="Negative_regulation"/>
<theme idref="E20"/>
<clue>CTLA-4 ligation inhibited CD3/CD28-induced IL-2 mRNA accumulation by inhibiting IL-2 transcription, which <clueKT><clueCL>appears</clueCL></clueKT> to be mediated in part through <clueType>decreasing</clueType> NF-AT accumulation in the nuclei.</clue>
</event>
<event KT="Other" id="E20">
<type class="Positive_regulation"/>
<theme idref="T25"/>
<clue>CTLA-4 ligation inhibited CD3/CD28-induced IL-2 mRNA accumulation by inhibiting IL-2 transcription, which appears to be mediated in part through decreasing NF-AT <clueType>accumulation</clueType> <clueLoc>in the nuclei</clueLoc>.</clue>
</event>
<sentence id="S5">However, <term id="T27" lex="CTLA-4_ligation" sem="Other"><term id="T28" lex="CTLA-4" sem="Protein_molecule">CTLA-4</term> ligation</term> did not appear to affect the <term id="T29" lex="CD28-mediated_stabilization" sem="Other"><term id="T30" lex="CD28" sem="Protein_molecule">CD28</term>-mediated stabilization</term> of <term id="T31" lex="IL-2_mRNA" sem="RNA_molecule"><term id="T32" lex="IL-2" sem="Protein_molecule">IL-2</term> mRNA</term>.</sentence>
<event id="E21">
<type class="Binding"/>
<theme idref="T28"/>
<clue>However, CTLA-4 <clueType>ligation</clueType> did not appear to affect the CD28-mediated stabilization of IL-2 mRNA.</clue>
</event>
<event CL="L2" KT="Analysis" Polarity="Negative" assertion="non-exist" id="E22" uncertainty="probable">
<type class="Regulation"/>
<theme idref="E23"/>
<cause idref="E21"/>
<clue>However, CTLA-4 ligation did <cluePolarity>not</cluePolarity> <clueKT><clueCL>appear</clueCL></clueKT> to <clueType>affect</clueType> the CD28-mediated stabilization of IL-2 mRNA.</clue>
</event>
<event KT="Other" id="E23">
<type class="Positive_regulation"/>
<theme idref="E24"/>
<cause idref="T30"/>
<clue>However, CTLA-4 ligation did not appear to affect the CD28-<clueType>mediated</clueType> stabilization of IL-2 mRNA.</clue>
</event>
<event KT="Other" id="E24">
<type class="Positive_regulation"/>
<theme idref="T31"/>
<clue>However, CTLA-4 ligation did not appear to affect the CD28-mediated <clueType>stabilization</clueType> <linkTheme>of</linkTheme> IL-2 mRNA.</clue>
</event>
<sentence id="S6">Further, <term id="T33" lex="CTLA-4_engagement" sem="Other"><term id="T34" lex="CTLA-4" sem="Protein_molecule">CTLA-4</term> engagement</term> inhibited progression through the <term id="T35" lex="cell_cycle" sem="Other">cell cycle</term> by inhibiting the production of <term id="T36" lex="cyclin_D3" sem="Protein_molecule">cyclin D3</term>, <term id="T37" lex="cyclin-dependent_kinase" sem="Protein_molecule">cyclin-dependent kinase</term> <term id="T38" lex="(cdk)4" sem="Protein_molecule">(cdk)4</term>, and <term id="T39" lex="cdk6" sem="Protein_molecule">cdk6</term> when the <term id="T40" lex="T_cell" sem="Cell_natural">T cells</term> were stimulated with <cons id="C1" lex="(/ anti-CD3 anti-CD28)" sem="(/ Protein_family_or_group Protein_family_or_group)"><frag id="F1">anti-</frag><frag id="F2">CD3</frag>/<frag id="F3">CD28</frag></cons> and with <term id="T43" lex="anti-CD3" sem="Protein_family_or_group">anti-CD3</term> alone.</sentence>
<event id="E25">
<type class="Binding"/>
<theme idref="T34"/>
<clue>Further, CTLA-4 <clueType>engagement</clueType> inhibited progression through the cell cycle by inhibiting the production of cyclin D3, cyclin-dependent kinase (cdk)4, and cdk6 when the T cells were stimulated with anti-CD3/CD28 and with anti-CD3 alone.</clue>
</event>
<event id="E26">
<type class="Negative_regulation"/>
<theme idref="E27"/>
<cause idref="E28"/>
<clue>Further, CTLA-4 engagement <clueType>inhibited</clueType> progression through the cell cycle <linkCause>by</linkCause> inhibiting the production of cyclin D3, cyclin-dependent kinase (cdk)4, and cdk6 when the T cells were stimulated with anti-CD3/CD28 and with anti-CD3 alone.</clue>
</event>
<event KT="Other" id="E27">
<type class="Cellular_physiological_process"/>
<theme idref="T40"/>
<clue>Further, CTLA-4 engagement inhibited <clueType>progression through the cell cycle</clueType> by inhibiting the production of cyclin D3, cyclin-dependent kinase (cdk)4, and cdk6 when the T cells were stimulated with anti-CD3/CD28 and with anti-CD3 alone.</clue>
</event>
<event id="E28">
<type class="Negative_regulation"/>
<theme idref="E31"/>
<cause idref="E25"/>
<clue>Further, CTLA-4 engagement inhibited progression through the cell cycle by <clueType>inhibiting</clueType> the production of cyclin D3, cyclin-dependent kinase (cdk)4, and cdk6 when the T cells were stimulated with anti-CD3/CD28 and with anti-CD3 alone.</clue>
</event>
<event id="E29">
<type class="Negative_regulation"/>
<theme idref="E32"/>
<cause idref="E25"/>
<clue>Further, CTLA-4 engagement inhibited progression through the cell cycle by <clueType>inhibiting</clueType> the production of cyclin D3, cyclin-dependent kinase (cdk)4, and cdk6 when the T cells were stimulated with anti-CD3/CD28 and with anti-CD3 alone.</clue>
</event>
<event id="E30">
<type class="Negative_regulation"/>
<theme idref="E33"/>
<cause idref="E25"/>
<clue>Further, CTLA-4 engagement inhibited progression through the cell cycle by <clueType>inhibiting</clueType> the production of cyclin D3, cyclin-dependent kinase (cdk)4, and cdk6 when the T cells were stimulated with anti-CD3/CD28 and with anti-CD3 alone.</clue>
</event>
<event KT="Other" id="E31">
<type class="Gene_expression"/>
<theme idref="T36"/>
<clue>Further, CTLA-4 engagement inhibited progression through the cell cycle by inhibiting the <clueType>production</clueType> <linkTheme>of</linkTheme> cyclin D3, cyclin-dependent kinase (cdk)4, and cdk6 when the <clueLoc>T cells</clueLoc> were stimulated with anti-CD3/CD28 and with anti-CD3 alone.</clue>
</event>
<event KT="Other" id="E32">
<type class="Gene_expression"/>
<theme idref="T38"/>
<clue>Further, CTLA-4 engagement inhibited progression through the cell cycle by inhibiting the <clueType>production</clueType> <linkTheme>of</linkTheme> cyclin D3, cyclin-dependent kinase (cdk)4, and cdk6 when the <clueLoc>T cells</clueLoc> were stimulated with anti-CD3/CD28 and with anti-CD3 alone.</clue>
</event>
<event KT="Other" id="E33">
<type class="Gene_expression"/>
<theme idref="T39"/>
<clue>Further, CTLA-4 engagement inhibited progression through the cell cycle by inhibiting the <clueType>production</clueType> <linkTheme>of</linkTheme> cyclin D3, cyclin-dependent kinase (cdk)4, and cdk6 when the <clueLoc>T cells</clueLoc> were stimulated with anti-CD3/CD28 and with anti-CD3 alone.</clue>
</event>
<event id="E34">
<type class="Positive_regulation"/>
<theme idref="E31"/>
<cause idref="E40"/>
<clue>Further, CTLA-4 engagement inhibited progression through the cell cycle by inhibiting the production of cyclin D3, cyclin-dependent kinase (cdk)4, and cdk6 <linkCause>when</linkCause> the T cells were stimulated with anti-CD3/CD28 and with anti-CD3 alone.</clue>
<comment>NO CLUETYPE</comment></event>
<event id="E35">
<type class="Positive_regulation"/>
<theme idref="E32"/>
<cause idref="E40"/>
<clue>Further, CTLA-4 engagement inhibited progression through the cell cycle by inhibiting the production of cyclin D3, cyclin-dependent kinase (cdk)4, and cdk6 <linkCause>when</linkCause> the T cells were stimulated with anti-CD3/CD28 and with anti-CD3 alone.</clue>
<comment>NO CLUETYPE</comment></event>
<event id="E36">
<type class="Positive_regulation"/>
<theme idref="E33"/>
<cause idref="E40"/>
<clue>Further, CTLA-4 engagement inhibited progression through the cell cycle by inhibiting the production of cyclin D3, cyclin-dependent kinase (cdk)4, and cdk6 <linkCause>when</linkCause> the T cells were stimulated with anti-CD3/CD28 and with anti-CD3 alone.</clue>
<comment>NO CLUETYPE</comment></event>
<event id="E37">
<type class="Positive_regulation"/>
<theme idref="E31"/>
<cause idref="E41"/>
<clue>Further, CTLA-4 engagement inhibited progression through the cell cycle by inhibiting the production of cyclin D3, cyclin-dependent kinase (cdk)4, and cdk6 <linkCause>when</linkCause> the T cells were stimulated with anti-CD3/CD28 and with anti-CD3 alone.</clue>
<comment>NO CLUETYPE</comment></event>
<event id="E38">
<type class="Positive_regulation"/>
<theme idref="E32"/>
<cause idref="E41"/>
<clue>Further, CTLA-4 engagement inhibited progression through the cell cycle by inhibiting the production of cyclin D3, cyclin-dependent kinase (cdk)4, and cdk6 <linkCause>when</linkCause> the T cells were stimulated with anti-CD3/CD28 and with anti-CD3 alone.</clue>
<comment>NO CLUETYPE</comment></event>
<event id="E39">
<type class="Positive_regulation"/>
<theme idref="E33"/>
<cause idref="E41"/>
<clue>Further, CTLA-4 engagement inhibited progression through the cell cycle by inhibiting the production of cyclin D3, cyclin-dependent kinase (cdk)4, and cdk6 <linkCause>when</linkCause> the T cells were stimulated with anti-CD3/CD28 and with anti-CD3 alone.</clue>
<comment>NO CLUETYPE</comment></event>
<event id="E40">
<type class="Physiological_process"/>
<theme idref="T40"/>
<cause idref="F1" idref1="F2"/>
<cause idref="F1" idref1="F3"/>
<clue>Further, CTLA-4 engagement inhibited progression through the cell cycle by inhibiting the production of cyclin D3, cyclin-dependent kinase (cdk)4, and cdk6 when the T cells were <clueType>stimulated</clueType> <linkCause>with</linkCause> anti-CD3/CD28 and with anti-CD3 alone.</clue>
<comment>NER: T41, T42 del &quot;anti-CD3/CD28&quot;</comment></event>
<event id="E41">
<type class="Physiological_process"/>
<theme idref="T40"/>
<cause idref="T43"/>
<clue>Further, CTLA-4 engagement inhibited progression through the cell cycle by inhibiting the production of cyclin D3, cyclin-dependent kinase (cdk)4, and cdk6 when the T cells were <clueType>stimulated</clueType> with anti-CD3/CD28 and <linkCause>with</linkCause> anti-CD3 alone.</clue>
</event>
<sentence id="S7">These results indicate that <term id="T44" lex="CTLA-4_signaling" sem="Other"><term id="T45" lex="CTLA-4" sem="Protein_molecule">CTLA-4</term> signaling</term> inhibits events early in <term id="T46" lex="T_cell_activation" sem="Other"><term id="A6" sem="Cell_natural">T cell</term> activation</term> both at <term id="T47" lex="IL-2_transcription" sem="Other"><term id="T48" lex="IL-2" sem="Protein_molecule">IL-2</term> transcription</term> and at the level of <term id="T49" lex="IL-2-independent_event" sem="Other"><term id="T50" lex="IL-2" sem="Protein_molecule">IL-2</term>-independent events</term> of the <term id="T51" lex="cell_cycle" sem="Other">cell cycle</term>, and does not simply oppose <term id="T52" lex="CD28-mediated_costimulation" sem="Other"><term id="T53" lex="CD28" sem="Protein_molecule">CD28</term>-mediated costimulation</term>.</sentence>
<event id="E42">
<type class="Cell_communication"/>
<theme idref="T45"/>
<clue>These results indicate that CTLA-4 <clueType>signaling</clueType> inhibits events early in T cell activation both at IL-2 transcription and at the level of IL-2-independent events of the cell cycle, and does not simply oppose CD28-mediated costimulation.</clue>
</event>
<event CL="L2" KT="Analysis" id="E43">
<type class="Negative_regulation"/>
<theme idref="T46"/>
<cause idref="E42"/>
<clue>These results <clueKT><clueCL>indicate</clueCL></clueKT> that CTLA-4 signaling <clueType>inhibits</clueType> events early in T cell activation both at IL-2 transcription and at the level of IL-2-independent events of the cell cycle, and does not simply oppose CD28-mediated costimulation.</clue>
</event>
<event CL="L2" KT="Analysis" id="E44">
<type class="Negative_regulation"/>
<theme idref="E47"/>
<cause idref="E42"/>
<clue>These results <clueKT><clueCL>indicate</clueCL></clueKT> that CTLA-4 signaling <clueType>inhibits</clueType> events early in T cell activation both <linkTheme>at</linkTheme> IL-2 transcription and at the level of IL-2-independent events of the cell cycle, and does not simply oppose CD28-mediated costimulation.</clue>
</event>
<event CL="L2" KT="Analysis" id="E45">
<type class="Negative_regulation"/>
<theme idref="E48"/>
<cause idref="E42"/>
<clue>These results <clueKT><clueCL>indicate</clueCL></clueKT> that CTLA-4 signaling <clueType>inhibits</clueType> events early in T cell activation both at IL-2 transcription and <linkTheme>at</linkTheme> the level of IL-2-independent events of the cell cycle, and does not simply oppose CD28-mediated costimulation.</clue>
</event>
<event KT="Other" id="E46">
<type class="Physiological_process"/>
<theme idref="A6"/>
<clue>These results indicate that CTLA-4 signaling inhibits events <clueTime>early</clueTime> in T cell <clueType>activation</clueType> both at IL-2 transcription and at the level of IL-2-independent events of the cell cycle, and does not simply oppose CD28-mediated costimulation.</clue>
</event>
<event KT="Other" id="E47">
<type class="Transcription"/>
<theme idref="T48"/>
<clue>These results indicate that CTLA-4 signaling inhibits events early in T cell activation both at IL-2 <clueType>transcription</clueType> and at the level of IL-2-independent events of the cell cycle, and does not simply oppose CD28-mediated costimulation.</clue>
</event>
<event KT="Other" Polarity="Negative" assertion="non-exist" id="E48">
<type class="Regulation"/>
<theme idref="T51"/>
<cause idref="T50"/>
<clue>These results indicate that CTLA-4 signaling inhibits events early in T cell activation both at IL-2 transcription and at the level of IL-2-<clueType><cluePolarity>independent</cluePolarity></clueType> events of the cell cycle, and does not simply oppose CD28-mediated costimulation.</clue>
</event>
<event CL="L2" KT="Analysis" id="E49">
<type class="Negative_regulation"/>
<theme idref="E40"/>
<cause idref="E42"/>
<clue>These results <clueKT><clueCL>indicate</clueCL></clueKT> that CTLA-4 signaling inhibits events early in T cell activation both at IL-2 transcription and at the level of IL-2-independent events of the cell cycle, and does <clueType>not simply oppose</clueType> <corefTheme>CD28-mediated costimulation</corefTheme>.</clue>
</event>
</AbstractText>
</Abstract></Article></MedlineCitation></PubmedArticle></PubmedArticleSet></Annotation>
