<?xml version='1.0'?><!DOCTYPE Annotation PUBLIC "//GENIA//DTD GENIA ANNOTATION EVENT 2.0//EN_Modified" "../ModifiedGENIAtypes/Modified_GENIA_event_20.dtd"><Annotation annotates="http://www.ncbi.nlm.nih.gov/entrez/eutils/efetch.fcgi?db=pubmed&amp;retmode=xml&amp;rettype=medline&amp;id=10221658" created="22/01/2007" creator="Junko Matsuura"><PubmedArticleSet><PubmedArticle><MedlineCitation>
<PMID>10221658</PMID>
<Article>
<ArticleTitle>
<sentence id="S1"><term id="T1" lex="CIITA-induced_occupation" sem="Other"><term id="T2" lex="CIITA" sem="Protein_molecule">CIITA</term>-induced occupation</term> of <term id="T3" lex="MHC_class_II_promoter" sem="DNA_family_or_group"><term id="T4" lex="MHC_class_II" sem="Cell_natural">MHC class II</term> promoters</term> is independent of the cooperative stabilization of the <term id="T5" lex="promoter-bound_multi-protein_complex" sem="Protein_complex">promoter-bound multi-protein complexes</term>.</sentence>
<event id="E1">
<type class="Binding"/>
<theme idref="T3"/>
<clue>CIITA-induced <clueType>occupation</clueType> <linkTheme>of</linkTheme> MHC class II promoters is independent of the cooperative stabilization of the promoter-bound multi-protein complexes.</clue>
</event>
<event id="E2">
<type class="Positive_regulation"/>
<theme idref="E1"/>
<cause idref="T2"/>
<clue>CIITA-<clueType>induced</clueType> occupation of MHC class II promoters is independent of the cooperative stabilization of the promoter-bound multi-protein complexes.</clue>
</event>
<event KT="Other" id="E3">
<type class="Positive_regulation"/>
<theme idref="T5"/>
<clue>CIITA-induced occupation of MHC class II promoters is independent of the cooperative <clueType>stabilization</clueType> <linkTheme>of</linkTheme> the promoter-bound multi-protein complexes.</clue>
</event>
<event KT="Fact" Polarity="Negative" id="E4">
<type class="Correlation"/>
<theme idref="E2"/>
<theme idref="E3"/>
<clue>CIITA-induced occupation of MHC class II promoters is <clueType><cluePolarity>independent</cluePolarity></clueType> <linkTheme>of</linkTheme> the cooperative stabilization of the promoter-bound multi-protein complexes.</clue>
</event>
</ArticleTitle>
<Abstract>
<AbstractText>
<sentence id="S2">Precise regulation of <term id="T6" lex="MHC_class_II_expression" sem="Other"><term id="T7" lex="MHC_class_II" sem="DNA_domain_or_region">MHC class II</term> expression</term> plays a crucial role in the control of the <term id="T8" lex="immune_response" sem="Other">immune response</term>.</sentence>
<event id="E5">
<type class="Gene_expression"/>
<theme idref="T7"/>
<clue>Precise regulation of MHC class II <clueType>expression</clueType> plays a crucial role in the control of the immune response.</clue>
</event>
<event id="E6">
<type class="Regulation"/>
<theme idref="E5"/>
<clue>Precise <clueType>regulation</clueType> <linkTheme>of</linkTheme> MHC class II expression plays a crucial role in the control of the immune response.</clue>
</event>
<event KT="Other" id="E7">
<type class="Regulation"/>
<theme idref="T8"/>
<clue>Precise regulation of MHC class II expression plays a crucial role in the <clueType>control</clueType> <linkTheme>of</linkTheme> the immune response.</clue>
</event>
<event KT="Fact" id="E8">
<type class="Positive_regulation"/>
<theme idref="E7"/>
<cause idref="E6"/>
<clue>Precise regulation of MHC class II expression <clueType>plays a crucial role</clueType> <linkTheme>in</linkTheme> the control of the immune response.</clue>
</event>
<sentence id="S3">The <term id="T9" lex="transactivator" sem="Protein_family_or_group">transactivator</term> <term id="T10" lex="CIITA" sem="Protein_molecule">CIITA</term> behaves as a master controller of constitutive and inducible <term id="T11" lex="MHC_class_II_gene_activation" sem="Other"><term id="T12" lex="MHC_class_II_gene" sem="DNA_domain_or_region"><term id="T13" lex="MHC_class_II" sem="Cell_natural">MHC class II</term> gene</term> activation</term>, but its exact mechanism of action is not known.</sentence>
<event KT="Other" id="E9">
<type class="Positive_regulation"/>
<theme idref="T12"/>
<clue>The transactivator CIITA behaves as a master controller of constitutive and inducible MHC class II gene <clueType>activation</clueType>, but its exact mechanism of action is not known.</clue>
</event>
<event KT="Other" id="E10">
<type class="Positive_regulation"/>
<theme idref="E9"/>
<clue>The transactivator CIITA behaves as a master controller of constitutive and <clueType>inducible</clueType> MHC class II gene activation, but its exact mechanism of action is not known.</clue>
</event>
<event KT="Fact" id="E11">
<type class="Positive_regulation"/>
<theme idref="E9"/>
<cause idref="T10"/>
<clue>The transactivator CIITA <clueType>behaves as a master controller</clueType> <linkTheme>of</linkTheme> constitutive and inducible MHC class II gene activation, but its exact mechanism of action is not known.</clue>
</event>
<event KT="Fact" id="E12">
<type class="Positive_regulation"/>
<theme idref="E10"/>
<cause idref="T10"/>
<clue>The transactivator CIITA <clueType>behaves as a master controller</clueType> <linkTheme>of</linkTheme> constitutive and inducible MHC class II gene activation, but its exact mechanism of action is not known.</clue>
</event>
<sentence id="S4">Activation of <term id="T14" lex="MHC_class_II_promoter" sem="DNA_domain_or_region"><term id="T15" lex="MHC_class_II" sem="Cell_natural">MHC class II</term> promoters</term> requires binding of at least three distinct <term id="T16" lex="multi-protein_complex" sem="Protein_complex">multi-protein complexes</term> (<term id="T17" lex="RFX" sem="Protein_complex">RFX</term>, <term id="T18" lex="X2BP" sem="Protein_complex">X2BP</term> and <term id="T19" lex="NF-Y" sem="Protein_complex">NF-Y</term>).</sentence>
<event id="E13">
<type class="Positive_regulation"/>
<theme idref="T14"/>
<clue><clueType>Activation</clueType> <linkTheme>of</linkTheme> MHC class II promoters requires binding of at least three distinct multi-protein complexes (RFX, X2BP and NF-Y).</clue>
</event>
<event KT="Other" id="E14">
<type class="Binding"/>
<theme idref="T14"/>
<theme idref="T16"/>
<clue>Activation of MHC class II promoters requires <clueType>binding</clueType> <linkTheme>of</linkTheme> at least three distinct multi-protein complexes (RFX, X2BP and NF-Y).</clue>
</event>
<event KT="Fact" id="E17">
<type class="Positive_regulation"/>
<theme idref="E13"/>
<cause idref="E14"/>
<clue>Activation of MHC class II promoters <clueType>requires</clueType> binding of at least three distinct multi-protein complexes (RFX, X2BP and NF-Y).</clue>
</event>
<sentence id="S5">It is known that the stability of this binding results from cooperative interactions between these proteins.</sentence>
<event KT="Other" id="E20">
<type class="Binding"/>
<theme idref="T17"/>
<theme idref="T18"/>
<theme idref="T19"/>
<clue>It is known that the stability of this binding results from <clueType>cooperative interactions</clueType> <linkTheme>between</linkTheme> <corefTheme idref1="T17" idref2="T18" idref3="T19">these proteins</corefTheme>.</clue>
</event>
<event KT="Fact" id="E25">
<type class="Positive_regulation"/>
<theme idref="E14"/>
<cause idref="E20"/>
<clue>It is <clueKT>known</clueKT> that the stability of this binding <clueType>results</clueType> <linkCause>from</linkCause> cooperative interactions between these proteins.</clue>
</event>
<sentence id="S6">We show here that expression of <term id="T20" lex="CIITA" sem="Protein_molecule">CIITA</term> in <term id="T21" lex="MHC_class_II-_cell" sem="Cell_cultured"><term id="T22" lex="MHC_class_II" sem="Cell_natural">MHC class II</term>- cells</term> triggers occupation of the promoters by these complexes.</sentence>
<event id="E27">
<type class="Gene_expression"/>
<theme idref="T20"/>
<clue>We show here that <clueType>expression</clueType> <linkTheme>of</linkTheme> CIITA <clueLoc>in MHC class II- cells</clueLoc> triggers occupation of the promoters by these complexes.</clue>
</event>
<event KT="Other" id="E28">
<type class="Binding"/>
<theme idref="T14"/>
<theme idref="T16"/>
<clue>We show here that expression of CIITA in MHC class II- cells triggers <clueType>occupation</clueType> <linkTheme>of</linkTheme> <corefTheme idref1="T14">the promoters</corefTheme> <linkTheme>by</linkTheme> <corefTheme idref1="T16">these complexes</corefTheme>.</clue>
</event>
<event KT="Analysis" id="E29">
<type class="Positive_regulation"/>
<theme idref="E28"/>
<cause idref="E27"/>
<clue>We <clueKT>show</clueKT> here that expression of CIITA in MHC class II- cells <clueType>triggers</clueType> occupation of the promoters by these complexes.</clue>
</event>
<sentence id="S7">This observation raised the possibility that the effect of <term id="T23" lex="CIITA" sem="Protein_molecule">CIITA</term> on <term id="T24" lex="promoter_occupation" sem="Other"><term id="A1" sem="DNA_domain_or_region">promoter</term> occupation</term> is mediated by an effect on the cooperative stabilization of the <term id="T25" lex="DNA-bound_multi-protein_complex" sem="Protein_complex">DNA-bound multi-protein complexes</term>.</sentence>
<event KT="Other" id="E31">
<type class="Regulation"/>
<theme idref="E28"/>
<cause idref="T23"/>
<clue>This observation raised the possibility that the <clueType>effect</clueType> <linkCause>of</linkCause> CIITA <linkTheme>on</linkTheme> <corefTheme>promoter occupation</corefTheme> is mediated by an effect on the cooperative stabilization of the DNA-bound multi-protein complexes.</clue>
</event>
<event KT="Other" id="E32">
<type class="Positive_regulation"/>
<theme idref="E28"/>
<clue>This observation raised the possibility that the effect of CIITA on promoter occupation is mediated by an effect on the cooperative <clueType>stabilization</clueType> <linkTheme>of</linkTheme> <corefTheme>the DNA-bound multi-protein complexes.</corefTheme></clue>
</event>
<event KT="Other" id="E33">
<type class="Regulation"/>
<theme idref="E32"/>
<cause idref="T23"/>
<clue>This observation raised the possibility that the effect of CIITA on promoter occupation is mediated by an <clueType>effect</clueType> <linkTheme>on</linkTheme> the cooperative stabilization of the DNA-bound multi-protein complexes.</clue>
</event>
<event CL="L2" KT="Analysis" id="E34" uncertainty="probable">
<type class="Positive_regulation"/>
<theme idref="E31"/>
<cause idref="E33"/>
<clue>This observation <clueKT>raised the <clueCL>possibility</clueCL></clueKT> that the effect of CIITA on promoter occupation is <clueType>mediated</clueType> <linkCause>by</linkCause> an effect on the cooperative stabilization of the DNA-bound multi-protein complexes.</clue>
</event>
<sentence id="S8">We show, however, that the presence of <term id="T26" lex="CIITA" sem="Protein_molecule">CIITA</term> does not affect the stability of the higher-order protein complex formed on DNA by <term id="T27" lex="RFX" sem="Protein_complex">RFX</term>, <term id="T28" lex="X2BP" sem="Protein_complex">X2BP</term> and <term id="T29" lex="NF-Y" sem="Protein_complex">NF-Y</term>.</sentence>
<event KT="Other" id="E35">
<type class="Binding"/>
<theme idref="T27"/>
<theme idref="T28"/>
<theme idref="T29"/>
<clue>We show, however, that the presence of CIITA does not affect the stability of the higher-order protein <clueType>complex formed</clueType> <clueLoc>on DNA</clueLoc> <linkTheme>by</linkTheme> RFX, X2BP and NF-Y.</clue>
</event>
<event KT="Analysis" Polarity="Negative" assertion="non-exist" id="E37">
<type class="Regulation"/>
<theme idref="E35"/>
<cause idref="T26"/>
<clue>We <clueKT>show</clueKT>, however, that the presence of CIITA does <cluePolarity>not</cluePolarity> <clueType>affect</clueType> the stability of the higher-order protein complex formed on DNA by RFX, X2BP and NF-Y.</clue>
</event>
<sentence id="S9">This suggests other mechanisms for <term id="T30" lex="CIITA-induced_promoter_occupancy" sem="Other"><term id="T31" lex="CIITA" sem="Protein_molecule">CIITA</term>-induced promoter occupancy</term>, such as an effect on <term id="A2" sem="Other"><term id="T32" lex="chromatin" sem="DNA_molecule">chromatin</term> structure</term> leading to increased accessibility of <term id="T33" lex="MHC_class_II_promoter" sem="DNA_domain_or_region"><term id="T34" lex="MHC_class_II" sem="Cell_natural">MHC class II</term> promoters</term>.</sentence>
<event KT="Other" id="E39">
<type class="Positive_regulation"/>
<theme idref="E28"/>
<cause idref="T31"/>
<clue>This suggests other mechanisms for CIITA-<clueType>induced</clueType> <corefTheme>promoter occupancy,</corefTheme> such as an effect on chromatin structure leading to increased accessibility of MHC class II promoters.</clue>
</event>
<event CL="L2" KT="Analysis" id="E40">
<type class="Binding"/>
<theme idref="T33"/>
<clue>This <clueKT><clueCL>suggests</clueCL></clueKT> other mechanisms for CIITA-induced promoter occupancy, such as an effect on chromatin structure leading to increased <clueType>accessibility</clueType> <linkTheme>of</linkTheme> MHC class II promoters.</clue>
</event>
<event KT="Other" id="E41">
<type class="Positive_regulation"/>
<theme idref="E40"/>
<cause idref="A2"/>
<clue>This suggests other mechanisms for CIITA-induced promoter occupancy, such as an effect on chromatin structure leading to <clueType>increased</clueType> accessibility of MHC class II promoters.</clue>
</event>
<event CL="L2" KT="Analysis" id="E42">
<type class="Regulation"/>
<theme idref="E41"/>
<cause idref="T31"/>
<clue>This <clueKT><clueCL>suggests</clueCL></clueKT> other mechanisms for CIITA-induced promoter occupancy, such as an <clueType>effect</clueType> <linkTheme>on</linkTheme> chromatin structure leading to increased accessibility of MHC class II promoters.</clue>
</event>
<event CL="L2" KT="Analysis" id="E43" uncertainty="probable">
<type class="Positive_regulation"/>
<theme idref="E39"/>
<cause idref="E42"/>
<clue>This <clueKT><clueCL>suggests</clueCL></clueKT> other <clueType>mechanisms</clueType> <linkTheme>for</linkTheme> CIITA-induced promoter occupancy, such as an effect on chromatin structure leading to increased accessibility of MHC class II promoters.</clue>
</event>
<sentence id="S10">This ability of <term id="T35" lex="CIITA" sem="Protein_molecule">CIITA</term> to facilitate promoter occupation is undissociable from its transactivation potential.</sentence>
<event CL="L2" KT="Analysis" id="E45">
<type class="Positive_regulation"/>
<theme idref="E28"/>
<cause idref="T35"/>
<clue>This <clueKT><clueCL>ability</clueCL></clueKT> of CIITA to <clueType>facilitate</clueType> <corefTheme>promoter occupation</corefTheme> is undissociable from its transactivation potential.</clue>
</event>
<event KT="Other" id="E46">
<type class="Positive_regulation"/>
<cause idref="T35"/>
<clue>This ability of CIITA to facilitate promoter occupation is undissociable from <corefCause>its</corefCause> <clueType>transactivation potential</clueType>.</clue>
</event>
<event KT="Analysis" id="E47">
<type class="Correlation"/>
<theme idref="E45"/>
<theme idref="E5"/>
<clue>This ability of CIITA to facilitate promoter occupation is <clueType><clueKT>undissociable</clueKT></clueType> <linkTheme>from</linkTheme> its transactivation potential.</clue>
</event>
<sentence id="S11">Finally, we conclude that this effect of <term id="T36" lex="CIITA" sem="Protein_molecule">CIITA</term> is cell-type specific, since expression of <term id="T37" lex="CIITA" sem="Protein_molecule">CIITA</term> is not required for normal occupation of <term id="T38" lex="MHC_class_II_promoter" sem="DNA_family_or_group"><term id="T39" lex="MHC_class_II" sem="Cell_natural">MHC class II</term> promoters</term> in <term id="T40" lex="B_lymphocyte" sem="Cell_natural">B lymphocytes</term>.</sentence>
<event id="E48">
<type class="Gene_expression"/>
<theme idref="T37"/>
<clue>Finally, we conclude that this effect of CIITA is cell-type specific, since <clueType>expression</clueType> <linkTheme>of</linkTheme> CIITA is not required for normal occupation of MHC class II promoters in B lymphocytes.</clue>
</event>
<event KT="Other" id="E49">
<type class="Binding"/>
<theme idref="T38"/>
<clue>Finally, we conclude that this effect of CIITA is cell-type specific, since expression of CIITA is not required for normal <clueType>occupation</clueType> <linkTheme>of</linkTheme> MHC class II promoters in B lymphocytes.</clue>
</event>
<event KT="Fact" Polarity="Negative" id="E50">
<type class="Positive_regulation"/>
<theme idref="E49"/>
<cause idref="E48"/>
<clue>Finally, we conclude that this effect of CIITA is cell-type specific, since expression of CIITA is <cluePolarity>not</cluePolarity> <clueType>required</clueType> <linkTheme>for</linkTheme> normal occupation of MHC class II promoters <clueLoc>in B lymphocytes</clueLoc>.</clue>
</event>
</AbstractText>
</Abstract></Article></MedlineCitation></PubmedArticle></PubmedArticleSet></Annotation>
