<?xml version='1.0'?><!DOCTYPE Annotation PUBLIC "//GENIA//DTD GENIA ANNOTATION EVENT 2.0//EN_Modified" "../ModifiedGENIAtypes/Modified_GENIA_event_20.dtd"><Annotation annotates="http://www.ncbi.nlm.nih.gov/entrez/eutils/efetch.fcgi?db=pubmed&amp;retmode=xml&amp;rettype=medline&amp;id=10233927" created="23/05/2006" creator="Yo Shidahara"><PubmedArticleSet><PubmedArticle><MedlineCitation>
<PMID>10233927</PMID>
<Article>
<ArticleTitle>
<sentence id="S1">Control of <term id="T1" lex="cell_cycle_entry" sem="Other">cell cycle entry</term> and <term id="T2" lex="apoptosis" sem="Other">apoptosis</term> in <term id="T3" lex="B_lymphocyte" sem="Cell_natural">B lymphocytes</term> infected by <term id="T4" lex="Epstein-Barr_virus" sem="Virus">Epstein-Barr virus</term>.</sentence>
<event KT="Investigation" id="E1">
<type class="Regulation"/>
<theme idref="T1"/>
<clue><clueType>Control</clueType> <linkTheme>of</linkTheme> cell cycle entry and apoptosis <clueLoc>in B lymphocytes infected by Epstein-Barr virus</clueLoc>.</clue>
</event>
<event KT="Investigation" id="E2">
<type class="Regulation"/>
<theme idref="T2"/>
<clue><clueType>Control</clueType> <linkTheme>of</linkTheme> cell cycle entry and apoptosis <clueLoc>in B lymphocytes infected by Epstein-Barr virus</clueLoc>.</clue>
</event>
<event KT="Other" id="E3">
<type class="Initiation_of_viral_infection"/>
<theme idref="T4"/>
<theme idref="T3"/>
<clue>Control of cell cycle entry and apoptosis in B lymphocytes <clueType>infected</clueType> <linkTheme>by</linkTheme> Epstein-Barr virus.</clue>
</event>
</ArticleTitle>
<Abstract>
<AbstractText>
<sentence id="S2">Infection of <term id="T5" lex="human_B_cell" sem="Cell_natural">human B cells</term> with <term id="T6" lex="Epstein-Barr_virus" sem="Virus">Epstein-Barr virus</term> (<term id="T7" lex="EBV" sem="Virus">EBV</term>) results in activation of the <term id="T8" lex="cell_cycle" sem="Other">cell cycle</term> and <term id="T9" lex="cell_growth" sem="Other">cell growth</term>.</sentence>
<event id="E4">
<type class="Initiation_of_viral_infection"/>
<theme idref="T5"/>
<theme idref="T7"/>
<clue><clueType>Infection</clueType> <linkTheme>of</linkTheme> human B cells <linkTheme>with</linkTheme> Epstein-Barr virus (EBV) results in activation of the cell cycle and cell growth.</clue>
</event>
<event KT="Other" id="E5">
<type class="Positive_regulation"/>
<theme idref="T8"/>
<clue>Infection of human B cells with Epstein-Barr virus (EBV) results in <clueType>activation</clueType> <linkTheme>of</linkTheme> the cell cycle and cell growth.</clue>
</event>
<event KT="Other" id="E6">
<type class="Positive_regulation"/>
<theme idref="T9"/>
<clue>Infection of human B cells with Epstein-Barr virus (EBV) results in <clueType>activation</clueType> <linkTheme>of</linkTheme> the cell cycle and cell growth.</clue>
</event>
<event KT="Fact" id="E7">
<type class="Positive_regulation"/>
<theme idref="E5"/>
<cause idref="E4"/>
<clue>Infection of human B cells with Epstein-Barr virus (EBV) <clueType>results</clueType> <linkTheme>in</linkTheme> activation of the cell cycle and cell growth.</clue>
</event>
<event KT="Fact" id="E8">
<type class="Positive_regulation"/>
<theme idref="E6"/>
<cause idref="E4"/>
<clue>Infection of human B cells with Epstein-Barr virus (EBV) <clueType>results</clueType> <linkTheme>in</linkTheme> activation of the cell cycle and cell growth.</clue>
</event>
<sentence id="S3">To interpret the mechanisms by which <term id="T10" lex="EBV" sem="Virus">EBV</term> activates the <term id="A1" sem="Cell_natural">cell</term>, we have assayed <term id="A2" sem="Protein_family_or_group">many proteins</term> involved in control of <term id="A3" sem="Other">the G0 and G1 phases of the <term id="T12" lex="cell_cycle" sem="Other">cell cycle</term></term> and regulation of <term id="T13" lex="apoptosis" sem="Other">apoptosis</term>.</sentence>
<event KT="Fact" id="E9">
<type class="Physiological_process"/>
<theme idref="A1"/>
<cause idref="T10"/>
<clue>To interpret the mechanisms by which EBV <clueType>activates</clueType> the cell, we have assayed many proteins involved in control of the G0 and G1 phases of the cell cycle and regulation of apoptosis.</clue>
<comment>TPS A3</comment></event>
<event KT="Other" id="E10">
<type class="Regulation"/>
<theme idref="A3"/>
<clue>To interpret the mechanisms by which EBV activates the cell, we have assayed many proteins involved in <clueType>control</clueType> <linkTheme>of</linkTheme> the G0 and G1 phases of the cell cycle and regulation of apoptosis.</clue>
<comment>NER T11 del</comment></event>
<event KT="Other" id="E11">
<type class="Regulation"/>
<theme idref="T13"/>
<clue>To interpret the mechanisms by which EBV activates the cell, we have assayed many proteins involved in control of the G0 and G1 phases of the cell cycle and <clueType>regulation</clueType> <linkTheme>of</linkTheme> apoptosis.</clue>
</event>
<event KT="Fact" id="E12">
<type class="Regulation"/>
<theme idref="E10"/>
<cause idref="A2"/>
<clue>To interpret the mechanisms by which EBV activates the cell, we have assayed many proteins <clueType>involved</clueType> <linkTheme>in</linkTheme> control of the G0 and G1 phases of the cell cycle and regulation of apoptosis.</clue>
</event>
<event KT="Fact" id="E13">
<type class="Regulation"/>
<theme idref="E10"/>
<cause idref="A2"/>
<clue>To interpret the mechanisms by which EBV activates the cell, we have assayed many proteins <clueType>involved</clueType> <linkTheme>in</linkTheme> control of the G0 and G1 phases of the cell cycle and regulation of apoptosis.</clue>
</event>
<sentence id="S4">In <term id="T14" lex="EBV" sem="Virus">EBV</term> infection most of the changes, including the early induction of <term id="T15" lex="cyclin_D2" sem="Protein_molecule">cyclin D2</term>, are dependent on expression of <term id="T16" lex="EBV_gene" sem="DNA_family_or_group"><term id="T17" lex="EBV" sem="Virus">EBV</term> genes</term>, but an alteration in the <term id="T18" lex="E2F-4_profile" sem="Other"><term id="T19" lex="E2F-4" sem="Protein_molecule">E2F-4</term> profile</term> was partly independent of <term id="T20" lex="viral_gene_expression" sem="Other"><term id="T11" sem="Virus">viral</term> gene expression</term>, presumably occurring in response to <term id="A4" sem="Other">signal transduction</term> activated when the virus binds to its receptor, <term id="T21" lex="CD21" sem="Protein_molecule">CD21</term>.</sentence>
<event KT="Fact" id="E14">
<type class="Positive_regulation"/>
<theme idref="T15"/>
<clue>In EBV infection most of the changes, including the early <clueType>induction</clueType> <linkTheme>of</linkTheme> cyclin D2, are dependent on expression of EBV genes, but an alteration in the E2F-4 profile was partly independent of viral gene expression, presumably occurring in response to signal transduction activated when the virus binds to its receptor, CD21.</clue>
</event>
<event KT="Other" id="E15">
<type class="Gene_expression"/>
<theme idref="T16"/>
<clue>In EBV infection most of the changes, including the early induction of cyclin D2, are dependent on <clueType>expression</clueType> <linkTheme>of</linkTheme> EBV genes, but an alteration in the E2F-4 profile was partly independent of viral gene expression, presumably occurring in response to signal transduction activated when the virus binds to its receptor, CD21.</clue>
</event>
<event KT="Fact" id="E16">
<type class="Positive_regulation"/>
<theme idref="E14"/>
<cause idref="E15"/>
<clue>In EBV infection <corefTheme>most of the changes</corefTheme>, including the early induction of cyclin D2, are <clueType>dependent</clueType> <linkCause>on</linkCause> expression of EBV genes, but an alteration in the E2F-4 profile was partly independent of viral gene expression, presumably occurring in response to signal transduction activated when the virus binds to its receptor, CD21.</clue>
</event>
<event id="E17">
<type class="Regulation"/>
<theme idref="T19"/>
<clue>In EBV infection most of the changes, including the early induction of cyclin D2, are dependent on expression of EBV genes, but an <clueType>alteration</clueType> <linkTheme>in</linkTheme> the E2F-4 profile was partly independent of viral gene expression, presumably occurring in response to signal transduction activated when the virus binds to its receptor, CD21.</clue>
</event>
<event KT="Other" id="E18">
<type class="Gene_expression"/>
<theme idref="T16"/>
<clue>In EBV infection most of the changes, including the early induction of cyclin D2, are dependent on expression of EBV genes, but an alteration in the E2F-4 profile was partly independent of <corefTheme>viral gene</corefTheme> <clueType>expression</clueType>, presumably occurring in response to signal transduction activated when the virus binds to its receptor, CD21.</clue>
</event>
<event Polarity="Negative" assertion="non-exist" id="E19">
<type class="Regulation"/>
<theme idref="E17"/>
<cause idref="E18"/>
<clue>In EBV infection most of the changes, including the early induction of cyclin D2, are dependent on expression of EBV genes, but an alteration in the E2F-4 profile was partly <clueType><cluePolarity>independent</cluePolarity></clueType> <linkCause>of</linkCause> viral gene expression, presumably occurring in response to signal transduction activated when the virus binds to its receptor, CD21.</clue>
</event>
<event KT="Fact" id="E20">
<type class="Binding"/>
<theme idref="T14"/>
<theme idref="T21"/>
<clue>In EBV infection most of the changes, including the early induction of cyclin D2, are dependent on expression of EBV genes, but an alteration in the E2F-4 profile was partly independent of viral gene expression, presumably occurring in response to signal transduction activated when <corefTheme>the virus</corefTheme> <clueType>binds</clueType> <linkTheme>to</linkTheme> its receptor, CD21.</clue>
</event>
<event KT="Other" id="E21">
<type class="Positive_regulation"/>
<theme idref="A4"/>
<cause idref="E20"/>
<clue>In EBV infection most of the changes, including the early induction of cyclin D2, are dependent on expression of EBV genes, but an alteration in the E2F-4 profile was partly independent of viral gene expression, presumably occurring in response to signal transduction <clueType>activated</clueType> <linkCause>when</linkCause> the virus binds to its receptor, CD21.</clue>
</event>
<event CL="L2" KT="Analysis" id="E22">
<type class="Positive_regulation"/>
<theme idref="E17"/>
<cause idref="E21"/>
<clue>In EBV infection most of the changes, including the early induction of cyclin D2, are dependent on expression of EBV genes, but an alteration in the E2F-4 profile was partly independent of viral gene expression, <clueKT><clueCL>presumably</clueCL></clueKT> <clueType>occurring</clueType> <linkCause>in response to</linkCause> signal transduction activated when the virus binds to its receptor, CD21.</clue>
</event>
<sentence id="S5">By comparing the expression of genes controlling <term id="T22" lex="apoptosis" sem="Other">apoptosis</term>, including those encoding several members of the <term id="T23" lex="BCL-2_family" sem="Protein_family_or_group">BCL-2 family</term> of proteins, the known relative resistance of <term id="T24" lex="EBV-immortalized_B-cell_line" sem="Cell_cultured"><term id="T25" lex="EBV" sem="Virus">EBV</term>-immortalized <term id="A6" sem="Cell_natural">B-cell lines</term></term> to <term id="T26" lex="apoptosis" sem="Other">apoptosis</term> induced by <term id="A5" sem="Body_region">low serum</term> was found to correlate with expression of both <term id="T27" lex="BCL-2" sem="Protein_molecule">BCL-2</term> and <term id="T28" lex="A20" sem="Protein_molecule">A20</term>.</sentence>
<event KT="Other" id="E23">
<type class="Regulation"/>
<theme idref="T22"/>
<cause idref="T23"/>
<clue>By comparing the expression of <corefCause>genes</corefCause> <clueType>controlling</clueType> apoptosis, including those encoding several members of the BCL-2 family of proteins, the known relative resistance of EBV-immortalized B-cell lines to apoptosis induced by low serum was found to correlate with expression of both BCL-2 and A20.</clue>
</event>
<event KT="Investigation" id="E24">
<type class="Gene_expression"/>
<theme idref="T23"/>
<clue>By <clueKT>comparing</clueKT> the <clueType>expression</clueType> <linkTheme>of</linkTheme> <corefTheme>genes</corefTheme> controlling apoptosis, including those encoding several members of the BCL-2 family of proteins, the known relative resistance of EBV-immortalized B-cell lines to apoptosis induced by low serum was found to correlate with expression of both BCL-2 and A20.</clue>
</event>
<event id="E26">
<type class="Cellular_physiological_process"/>
<theme idref="A6"/>
<clue>By comparing the expression of genes controlling apoptosis, including those encoding several members of the BCL-2 family of proteins, the known relative resistance of EBV-<clueType>immortalized</clueType> B-cell lines to apoptosis induced by low serum was found to correlate with expression of both BCL-2 and A20.</clue>
</event>
<event id="E126">
<type class="Positive_regulation"/>
<theme idref="E26"/>
<cause idref="T25"/>
<clue>By comparing the expression of genes controlling apoptosis, including those encoding several members of the BCL-2 family of proteins, the known relative resistance of EBV-<clueType>immortalized</clueType> B-cell lines to apoptosis induced by low serum was found to correlate with expression of both BCL-2 and A20.</clue>
</event>
<event KT="Other" id="E27">
<type class="Cellular_physiological_process"/>
<theme idref="T24"/>
<clue>By comparing the expression of genes controlling apoptosis, including those encoding several members of the BCL-2 family of proteins, the known relative resistance of EBV-immortalized B-cell lines to <clueType>apoptosis</clueType> induced by low serum was found to correlate with expression of both BCL-2 and A20.</clue>
</event>
<event id="E28">
<type class="Positive_regulation"/>
<theme idref="E27"/>
<cause idref="A5"/>
<clue>By comparing the expression of genes controlling apoptosis, including those encoding several members of the BCL-2 family of proteins, the known relative resistance of EBV-immortalized B-cell lines to apoptosis <clueType>induced</clueType> <linkCause>by</linkCause> low serum was found to correlate with expression of both BCL-2 and A20.</clue>
</event>
<event KT="Fact" Polarity="Negative" id="E29">
<type/>
<theme idref="E28"/>
<clue>By comparing the expression of genes controlling apoptosis, including those encoding several members of the BCL-2 family of proteins, the <clueKT>known</clueKT> relative <clueType><cluePolarity>resistance</cluePolarity></clueType> <linkTheme>of</linkTheme> EBV-immortalized B-cell lines to apoptosis induced by low serum was found to correlate with expression of both BCL-2 and A20.</clue>
<comment>RESISTANCE</comment></event>
<event KT="Other" id="E30">
<type class="Gene_expression"/>
<theme idref="T27"/>
<clue>By comparing the expression of genes controlling apoptosis, including those encoding several members of the BCL-2 family of proteins, the known relative resistance of EBV-immortalized B-cell lines to apoptosis induced by low serum was found to correlate with <clueType>expression</clueType> <linkTheme>of</linkTheme> both BCL-2 and A20.</clue>
</event>
<event KT="Other" id="E31">
<type class="Gene_expression"/>
<theme idref="T28"/>
<clue>By comparing the expression of genes controlling apoptosis, including those encoding several members of the BCL-2 family of proteins, the known relative resistance of EBV-immortalized B-cell lines to apoptosis induced by low serum was found to correlate with <clueType>expression</clueType> <linkTheme>of</linkTheme> both BCL-2 and A20.</clue>
</event>
<event KT="Analysis" id="E32">
<type class="Correlation"/>
<theme idref="E29"/>
<theme idref="E30"/>
<clue>By comparing the expression of genes controlling apoptosis, including those encoding several members of the BCL-2 family of proteins, the known relative resistance of EBV-immortalized B-cell lines to apoptosis induced by low serum was found to <clueType><clueKT>correlate</clueKT></clueType> <linkTheme>with</linkTheme> expression of both BCL-2 and A20.</clue>
</event>
<event KT="Analysis" id="E33">
<type class="Correlation"/>
<theme idref="E29"/>
<theme idref="E31"/>
<clue>By comparing the expression of genes controlling apoptosis, including those encoding several members of the BCL-2 family of proteins, the known relative resistance of EBV-immortalized B-cell lines to apoptosis induced by low serum was found to <clueType><clueKT>correlate</clueKT></clueType> <linkTheme>with</linkTheme> expression of both BCL-2 and A20.</clue>
</event>
<sentence id="S6"><term id="A7" sem="Protein_molecule">A20</term> can be regulated by the <term id="T29" lex="NF-kappaB" sem="Protein_complex">NF-kappaB</term> <term id="T30" lex="transcription_factor" sem="Protein_family_or_group">transcription factor</term>, which is known to be activated by the <term id="T31" lex="EBV_LMP-1_protein" sem="Protein_molecule"><term id="T32" lex="EBV" sem="Virus">EBV</term> LMP-1 protein</term>.</sentence>
<event CL="L2" KT="Analysis" id="E34">
<type class="Regulation"/>
<theme idref="A7"/>
<cause idref="T29"/>
<clue>A20 <clueKT><clueCL>can</clueCL></clueKT> be <clueType>regulated</clueType> <linkCause>by</linkCause> the NF-kappaB transcription factor, which is known to be activated by the EBV LMP-1 protein.</clue>
</event>
<event KT="Fact" id="E35">
<type class="Positive_regulation"/>
<theme idref="T29"/>
<cause idref="T31"/>
<clue>A20 can be regulated by the NF-kappaB transcription factor, which is <clueKT>known</clueKT> to be <clueType>activated</clueType> <linkCause>by</linkCause> the EBV LMP-1 protein.</clue>
</event>
<sentence id="S7"><term id="T33" lex="quantitative_assay" sem="Other">Quantitative assays</term> demonstrated a direct temporal relationship between <term id="T34" lex="LMP-1_protein" sem="Protein_molecule">LMP-1 protein</term> levels and active <term id="T35" lex="NF-kappaB" sem="Protein_complex">NF-kappaB</term> during the time course of infection.</sentence>
<event KT="Analysis" id="E36">
<type class="Correlation"/>
<theme idref="T34"/>
<theme idref="T35"/>
<clue><clueExperiment>Quantitative assays</clueExperiment> <clueKT>demonstrated</clueKT> a direct temporal <clueType>relationship</clueType> <linkTheme>between</linkTheme> LMP-1 protein levels and active NF-kappaB <clueTime>during the time course of infection</clueTime>.</clue>
</event>
</AbstractText>
</Abstract></Article></MedlineCitation></PubmedArticle></PubmedArticleSet></Annotation>
