<?xml version='1.0'?><!DOCTYPE Annotation PUBLIC "//GENIA//DTD GENIA ANNOTATION EVENT 2.0//EN_Modified" "../ModifiedGENIAtypes/Modified_GENIA_event_20.dtd"><Annotation annotates="http://www.ncbi.nlm.nih.gov/entrez/eutils/efetch.fcgi?db=pubmed&amp;retmode=xml&amp;rettype=medline&amp;id=10232385" created="23/05/2006" creator="Yo Shidahara"><PubmedArticleSet><PubmedArticle><MedlineCitation>
<PMID>10232385</PMID>
<Article>
<ArticleTitle>
<sentence id="S1">Resistance to <term id="T2" lex="tumor_necrosis_factor" sem="Protein_family_or_group">tumor necrosis factor</term> induced <term id="T3" lex="apoptosis" sem="Other">apoptosis</term> in vitro correlates with <term id="T4" lex="high_metastatic_capacity" sem="Other">high metastatic capacity</term> of <term id="A1" sem="Cell_natural">cells</term> in vivo.</sentence>
<event id="E1">
<type class="Positive_regulation"/>
<theme idref="T3"/>
<cause idref="T2"/>
<clue>Resistance to tumor necrosis factor <clueType>induced</clueType> apoptosis in vitro correlates with high metastatic capacity of cells in vivo.</clue>
</event>
<event id="E2">
<type/>
<theme idref="E1"/>
<clue><clueType>Resistance</clueType> <linkTheme>to</linkTheme> tumor necrosis factor induced apoptosis in vitro correlates with high metastatic capacity of cells in vivo.</clue>
<comment>RESISTANCE</comment></event>
<event KT="Other" id="E101">
<type class="Cellular_physiological_process"/>
<theme idref="A1"/>
<clue>Resistance to tumor necrosis factor induced apoptosis in vitro correlates with high <clueType>metastatic capacity</clueType> <linkTheme>of</linkTheme> cells in vivo.</clue>
</event>
<event KT="Other" Manner="High" id="E102">
<type class="Positive_regulation"/>
<theme idref="E101"/>
<clue>Resistance to tumor necrosis factor induced apoptosis in vitro correlates with <clueType><clueManner>high</clueManner></clueType> metastatic capacity of cells in vivo.</clue>
</event>
<event KT="Analysis" id="E3">
<type class="Correlation"/>
<theme idref="E2"/>
<theme idref="E102"/>
<clue>Resistance to tumor necrosis factor induced apoptosis in vitro <clueType><clueKT>correlates</clueKT></clueType> <linkTheme>with</linkTheme> high metastatic capacity of cells in vivo.</clue>
</event>
</ArticleTitle>
<Abstract>
<AbstractText>
<sentence id="S2"><term id="T5" lex="TNF" sem="Protein_family_or_group">TNF</term> is one of the <term id="T6" lex="cytokine" sem="Protein_family_or_group">cytokines</term> secreted by the <term id="A2" sem="Cell_natural">cells of the <term id="T7" lex="immune_system" sem="Body_region">immune system</term>.</term></sentence>
<event KT="Fact" id="E4">
<type class="Localization"/>
<theme idref="T5"/>
<clue>TNF is one of the cytokines <clueType>secreted</clueType> <clueLoc>by the cells of the immune system</clueLoc>.</clue>
<comment>TPS A2</comment></event>
<sentence id="S3">Our data demonstrate that those <term id="T8" lex="cell_line" sem="Cell_cultured">cell lines</term> lacking capability to form <term id="T9" lex="metastatic_tumor" sem="Tissue_natural">metastatic tumors</term> in vivo are susceptible to <term id="T10" lex="TNF" sem="Protein_family_or_group">TNF</term> induced <term id="T11" lex="apoptosis" sem="Other">apoptosis</term> in vitro.</sentence>
<event KT="Other" id="E5">
<type/>
<theme idref="T9"/>
<clue>Our data demonstrate that those cell lines lacking capability to <clueType>form</clueType> metastatic tumors in vivo are susceptible to TNF induced apoptosis in vitro.</clue>
<comment>SOO</comment></event>
<event CL="L2" KT="Analysis" id="E6">
<type class="Negative_regulation"/>
<theme idref="E5"/>
<clue>Our data demonstrate that <clueLoc>those cell lines</clueLoc> <clueType>lacking <clueKT><clueCL>capability</clueCL></clueKT></clueType> <linkTheme>to</linkTheme> form metastatic tumors in vivo are susceptible to TNF induced apoptosis in vitro.</clue>
</event>
<event CL="L2" KT="Analysis" id="E7">
<type class="Cellular_physiological_process"/>
<theme idref="A2"/>
<clue>Our data <clueKT>demonstrate</clueKT> that <corefTheme>those cell lines</corefTheme> lacking capability to form metastatic tumors in vivo are <clueCL>susceptible</clueCL> to TNF induced <clueType>apoptosis</clueType> in vitro.</clue>
</event>
<event KT="Other" id="E8">
<type class="Positive_regulation"/>
<theme idref="E7"/>
<cause idref="T10"/>
<clue>Our data demonstrate that those cell lines lacking capability to form metastatic tumors in vivo are susceptible to TNF <clueType>induced</clueType> apoptosis in vitro.</clue>
</event>
<sentence id="S4">However, <term id="A3" sem="Cell_natural"><term id="T12" lex="cell_line" sem="Cell_cultured">cell lines</term> with <term id="T13" lex="high_metastatic_potential" sem="Other">high metastatic potential</term></term> are resistant to <term id="T14" lex="TNF" sem="Protein_family_or_group">TNF</term> in vitro.</sentence>
<event Polarity="Negative" assertion="non-exist" id="E9">
<type class="Regulation"/>
<cause idref="T14"/>
<clue>However, <clueLoc>cell lines with high metastatic potential</clueLoc> are <clueType><cluePolarity>resistant</cluePolarity></clueType> <linkCause>to</linkCause> TNF in vitro.</clue>
<comment>TPS A3, RESISTANCE</comment></event>
<sentence id="S5">Furthermore, the same <term id="T15" lex="cell_line" sem="Cell_cultured">cell lines</term> were resistant to <term id="T16" lex="cytolytic_action" sem="Other">cytolytic action</term> of other <term id="T17" lex="cytotoxic_protein" sem="Protein_family_or_group">cytotoxic proteins</term> secreted by <term id="T18" lex="LAK_cell" sem="Cell_cultured">LAK cells</term>.</sentence>
<event id="E10">
<type class="Localization"/>
<theme idref="T17"/>
<clue>Furthermore, the same cell lines were resistant to cytolytic action of other cytotoxic proteins <clueType>secreted</clueType> <clueLoc>by LAK cells</clueLoc>.</clue>
</event>
<event Polarity="Negative" assertion="non-exist" id="E11">
<type class="Cellular_physiological_process"/>
<theme idref="A3"/>
<cause idref="T17"/>
<clue>Furthermore, <corefTheme>the same cell lines</corefTheme> were <clueType><cluePolarity>resistant</cluePolarity> to cytolytic action</clueType> <linkCause>of</linkCause> other cytotoxic proteins secreted by LAK cells.</clue>
<comment>RESISTANCE</comment></event>
<sentence id="S6">Our data showed that <term id="T19" lex="TNF" sem="Protein_family_or_group">TNF</term> resistance in vitro correlates with the increased level of <term id="T20" lex="transcription_factor" sem="Protein_family_or_group">transcription factor</term> <term id="T21" lex="NF-kappaB" sem="Protein_complex">NF-kappaB</term>.</sentence>
<event Polarity="Negative" assertion="non-exist" id="E12">
<type/>
<cause idref="T19"/>
<clue>Our data showed that TNF <clueType><cluePolarity>resistance</cluePolarity></clueType> in vitro correlates with the increased level of transcription factor NF-kappaB.</clue>
<comment>RESISTANCE</comment></event>
<event KT="Other" id="E13">
<type class="Positive_regulation"/>
<theme idref="T21"/>
<clue>Our data showed that TNF resistance in vitro correlates with the <clueType>increased</clueType> level <linkTheme>of</linkTheme> transcription factor NF-kappaB.</clue>
</event>
<event KT="Analysis" id="E14">
<type class="Correlation"/>
<theme idref="E12"/>
<theme idref="E13"/>
<clue>Our data <clueKT>showed</clueKT> that TNF resistance in vitro <clueType><clueKT>correlates</clueKT></clueType> <linkTheme>with</linkTheme> the increased level of transcription factor NF-kappaB.</clue>
</event>
<sentence id="S7">This finding may provide a tool to improve current protocols of <term id="T22" lex="immunotherapy" sem="Other">immunotherapy</term> and insights to how <term id="T23" lex="tumor_cell" sem="Cell_natural">tumor cells</term> are or are not killed by <term id="T24" lex="LAK_cell" sem="Cell_cultured">LAK cells</term>.</sentence>
<event KT="Fact" id="E15" uncertainty="doubtful">
<type class="Cellular_physiological_process"/>
<theme idref="T23"/>
<cause idref="T24"/>
<clue>This finding may provide a tool to improve current protocols of immunotherapy and insights to how tumor cells are or are not <clueType>killed</clueType> <linkCause>by</linkCause> LAK cells.</clue>
</event>
</AbstractText>
</Abstract></Article></MedlineCitation></PubmedArticle></PubmedArticleSet></Annotation>
