<?xml version='1.0'?><!DOCTYPE Annotation PUBLIC "//GENIA//DTD GENIA ANNOTATION EVENT 2.0//EN_Modified" "../ModifiedGENIAtypes/Modified_GENIA_event_20.dtd"><Annotation annotates="http://www.ncbi.nlm.nih.gov/entrez/eutils/efetch.fcgi?db=pubmed&amp;retmode=xml&amp;rettype=medline&amp;id=10329625" created="25/01/2007" creator="Junko Matsuura"><PubmedArticleSet><PubmedArticle><MedlineCitation>
<PMID>10329625</PMID>
<Article>
<ArticleTitle>
<sentence id="S1">Disruption of <term id="T1" lex="alpha_beta_T_cell_development" sem="Other"><term id="A1" sem="Cell_natural">alpha</term> <term id="A2" sem="Cell_natural">beta</term></term> but not of <term id="T2" lex="gamma_delta_T_cell_development" sem="Other"><term id="A3" sem="Cell_natural">gamma</term> <term id="A4" sem="Cell_natural">delta</term> <term id="A5" sem="Cell_natural">T cell</term> development</term> by <term id="T3" lex="overexpression" sem="Other">overexpression</term> of the <term id="T4" lex="helix-loop-helix_protein" sem="Protein_family_or_group">helix-loop-helix protein</term> <term id="T5" lex="Id3" sem="Protein_molecule">Id3</term> in <term id="T6" lex="committed_T_cell_progenitor" sem="Cell_natural">committed T cell progenitors</term>.</sentence>
<event Manner="High" id="E1">
<type class="Gene_expression"/>
<theme idref="T5"/>
<clue>Disruption of alpha beta but not of gamma delta T cell development by <clueType><clueManner>overexpression</clueManner></clueType> <linkTheme>of</linkTheme> the helix-loop-helix protein Id3 <clueLoc>in committed T cell progenitors</clueLoc>.</clue>
</event>
<event id="E2">
<type class="Positive_regulation"/>
<theme idref="E1"/>
<clue>Disruption of alpha beta but not of gamma delta T cell development by <clueType>overexpression</clueType> of the helix-loop-helix protein Id3 in committed T cell progenitors.</clue>
</event>
<event KT="Other" id="E3">
<type class="Cellular_physiological_process"/>
<theme idref="A1" idref1="A5"/>
<clue>Disruption of alpha beta but not of gamma delta T cell <clueType>development</clueType> by overexpression of the helix-loop-helix protein Id3 in committed T cell progenitors.</clue>
</event>
<event KT="Other" id="E4">
<type class="Cellular_physiological_process"/>
<theme idref="A2" idref1="A5"/>
<clue>Disruption of alpha beta but not of gamma delta T cell <clueType>development</clueType> by overexpression of the helix-loop-helix protein Id3 in committed T cell progenitors.</clue>
</event>
<event id="E5">
<type class="Cellular_physiological_process"/>
<theme idref="A3" idref1="A5"/>
<clue>Disruption of alpha beta but not of gamma delta T cell <clueType>development</clueType> by overexpression of the helix-loop-helix protein Id3 in committed T cell progenitors.</clue>
</event>
<event id="E6">
<type class="Cellular_physiological_process"/>
<theme idref="A4" idref1="A5"/>
<clue>Disruption of alpha beta but not of gamma delta T cell <clueType>development</clueType> by overexpression of the helix-loop-helix protein Id3 in committed T cell progenitors.</clue>
</event>
<event id="E7">
<type class="Negative_regulation"/>
<theme idref="E3"/>
<cause idref="E2"/>
<clue><clueType>Disruption</clueType> <linkTheme>of</linkTheme> alpha beta but not of gamma delta T cell development <linkCause>by</linkCause> overexpression of the helix-loop-helix protein Id3 in committed T cell progenitors.</clue>
</event>
<event id="E8">
<type class="Negative_regulation"/>
<theme idref="E4"/>
<cause idref="E2"/>
<clue><clueType>Disruption</clueType> <linkTheme>of</linkTheme> alpha beta but not of gamma delta T cell development <linkCause>by</linkCause> overexpression of the helix-loop-helix protein Id3 in committed T cell progenitors.</clue>
</event>
<event Polarity="Negative" assertion="non-exist" id="E9">
<type class="Negative_regulation"/>
<theme idref="E5"/>
<cause idref="E2"/>
<clue><clueType>Disruption</clueType> of alpha beta but <cluePolarity>not</cluePolarity> <linkTheme>of</linkTheme> gamma delta T cell development <linkCause>by</linkCause> overexpression of the helix-loop-helix protein Id3 in committed T cell progenitors.</clue>
</event>
<event Polarity="Negative" assertion="non-exist" id="E10">
<type class="Negative_regulation"/>
<theme idref="E6"/>
<cause idref="E2"/>
<clue><clueType>Disruption</clueType> of alpha beta but <cluePolarity>not</cluePolarity> <linkTheme>of</linkTheme> gamma delta T cell development <linkCause>by</linkCause> overexpression of the helix-loop-helix protein Id3 in committed T cell progenitors.</clue>
</event>
</ArticleTitle>
<Abstract>
<AbstractText>
<sentence id="S2">Enforced expression of <term id="T7" lex="Id3" sem="Protein_molecule">Id3</term>, which has the capacity to inhibit many <term id="T8" lex="basic_helix-loop-helix_(bHLH)_transcription_factor" sem="Protein_family_or_group">basic helix-loop-helix (bHLH) transcription factors</term>, in <term id="T9" lex="human_CD34(+)_hematopoietic_progenitor_cell" sem="Cell_natural">human CD34(+) hematopoietic progenitor cells</term> that have not undergone <term id="T10" lex="T_cell_receptor_(TCR)_gene_rearrangement" sem="DNA_domain_or_region"><term id="A7" sem="DNA_domain_or_region"><term id="T11" lex="T_cell_receptor" sem="Protein_family_or_group">T cell receptor</term> (<term id="T12" lex="TCR" sem="Protein_family_or_group">TCR</term>) gene</term> rearrangements</term> inhibits development of the <term id="T13" lex="transduced_cell" sem="Cell_natural">transduced cells</term> into <cons id="T14" lex="(AND TCRalpha_beta_cell TCRgamma_delta_cell)" sem="(AND Cell_cultured Cell_cultured)"><frag id="F1"><term id="A6" sem="Cell_natural">TCR</term></frag><frag id="F2"><term id="A9" sem="Cell_natural">alpha</term> <term id="A10" sem="Cell_natural">beta</term></frag> and <frag id="F3"><term id="A11" sem="Cell_natural">gamma</term> <term id="A12" sem="Cell_natural">delta</term></frag> <frag id="F4"><term id="A13" sem="Cell_natural">cells</term></frag></cons> in a <term id="T15" lex="fetal_thymic_organ_culture" sem="Tissue_cultured">fetal thymic organ culture</term> (<term id="T16" lex="FTOC" sem="Tissue_cultured">FTOC</term>).</sentence>
<event id="E11">
<type class="Gene_expression"/>
<theme idref="T7"/>
<clue>Enforced <clueType>expression</clueType> <linkTheme>of</linkTheme> Id3, which has the capacity to inhibit many basic helix-loop-helix (bHLH) transcription factors, in human CD34(+) hematopoietic progenitor cells that have not undergone T cell receptor (TCR) gene rearrangements inhibits development of the transduced cells into TCRalpha beta and gamma delta cells in a fetal thymic organ culture (FTOC).</clue>
</event>
<event id="E12">
<type class="Positive_regulation"/>
<theme idref="E11"/>
<clue><clueType>Enforced</clueType> expression of Id3, which has the capacity to inhibit many basic helix-loop-helix (bHLH) transcription factors, <clueLoc>in human CD34(+) hematopoietic progenitor cells that have not undergone T cell receptor (TCR) gene rearrangements</clueLoc> inhibits development of the transduced cells into TCRalpha beta and gamma delta cells in a fetal thymic organ culture (FTOC).</clue>
</event>
<event KT="Other" id="E13">
<type class="Cell_differentiation"/>
<theme idref="T9"/>
<theme idref="A6" idref1="A9" idref2="A13"/>
<clue>Enforced expression of Id3, which has the capacity to inhibit many basic helix-loop-helix (bHLH) transcription factors, in human CD34(+) hematopoietic progenitor cells that have not undergone T cell receptor (TCR) gene rearrangements inhibits <clueType>development</clueType> <linkTheme>of</linkTheme> <corefTheme idref1="T9">the transduced cells</corefTheme> <linkTheme>into</linkTheme> TCRalpha beta and gamma delta cells in a fetal thymic organ culture (FTOC).</clue>
</event>
<event KT="Other" id="E14">
<type class="Cell_differentiation"/>
<theme idref="T9"/>
<theme idref="A6" idref1="A10" idref2="A13"/>
<clue>Enforced expression of Id3, which has the capacity to inhibit many basic helix-loop-helix (bHLH) transcription factors, in human CD34(+) hematopoietic progenitor cells that have not undergone T cell receptor (TCR) gene rearrangements inhibits <clueType>development</clueType> <linkTheme>of</linkTheme> <corefTheme idref1="T9">the transduced cells</corefTheme> <linkTheme>into</linkTheme> TCRalpha beta and gamma delta cells in a fetal thymic organ culture (FTOC).</clue>
</event>
<event KT="Other" id="E15">
<type class="Cell_differentiation"/>
<theme idref="T9"/>
<theme idref="A6" idref1="A11" idref2="A13"/>
<clue>Enforced expression of Id3, which has the capacity to inhibit many basic helix-loop-helix (bHLH) transcription factors, in human CD34(+) hematopoietic progenitor cells that have not undergone T cell receptor (TCR) gene rearrangements inhibits <clueType>development</clueType> <linkTheme>of</linkTheme> <corefTheme idref1="T9">the transduced cells</corefTheme> <linkTheme>into</linkTheme> TCRalpha beta and gamma delta cells in a fetal thymic organ culture (FTOC).</clue>
</event>
<event KT="Other" id="E16">
<type class="Cell_differentiation"/>
<theme idref="T9"/>
<theme idref="A6" idref1="A12" idref2="A13"/>
<clue>Enforced expression of Id3, which has the capacity to inhibit many basic helix-loop-helix (bHLH) transcription factors, in human CD34(+) hematopoietic progenitor cells that have not undergone T cell receptor (TCR) gene rearrangements inhibits <clueType>development</clueType> <linkTheme>of</linkTheme> <corefTheme idref1="T9">the transduced cells</corefTheme> <linkTheme>into</linkTheme> TCRalpha beta and gamma delta cells in a fetal thymic organ culture (FTOC).</clue>
</event>
<event KT="Fact" id="E17">
<type class="Negative_regulation"/>
<theme idref="E13"/>
<cause idref="E12"/>
<clue>Enforced expression of Id3, which has the capacity to inhibit many basic helix-loop-helix (bHLH) transcription factors, in human CD34(+) hematopoietic progenitor cells that have not undergone T cell receptor (TCR) gene rearrangements <clueType>inhibits</clueType> development of the transduced cells into TCRalpha beta and gamma delta cells <clueLoc>in a fetal thymic organ culture (FTOC).</clueLoc></clue>
</event>
<event KT="Fact" id="E18">
<type class="Negative_regulation"/>
<theme idref="E14"/>
<cause idref="E12"/>
<clue>Enforced expression of Id3, which has the capacity to inhibit many basic helix-loop-helix (bHLH) transcription factors, in human CD34(+) hematopoietic progenitor cells that have not undergone T cell receptor (TCR) gene rearrangements <clueType>inhibits</clueType> development of the transduced cells into TCRalpha beta and gamma delta cells <clueLoc>in a fetal thymic organ culture (FTOC).</clueLoc></clue>
</event>
<event KT="Fact" id="E19">
<type class="Negative_regulation"/>
<theme idref="E15"/>
<cause idref="E12"/>
<clue>Enforced expression of Id3, which has the capacity to inhibit many basic helix-loop-helix (bHLH) transcription factors, in human CD34(+) hematopoietic progenitor cells that have not undergone T cell receptor (TCR) gene rearrangements <clueType>inhibits</clueType> development of the transduced cells into TCRalpha beta and gamma delta cells <clueLoc>in a fetal thymic organ culture (FTOC).</clueLoc></clue>
</event>
<event KT="Fact" id="E20">
<type class="Negative_regulation"/>
<theme idref="E16"/>
<cause idref="E12"/>
<clue>Enforced expression of Id3, which has the capacity to inhibit many basic helix-loop-helix (bHLH) transcription factors, in human CD34(+) hematopoietic progenitor cells that have not undergone T cell receptor (TCR) gene rearrangements <clueType>inhibits</clueType> development of the transduced cells into TCRalpha beta and gamma delta cells <clueLoc>in a fetal thymic organ culture (FTOC).</clueLoc></clue>
</event>
<event CL="L2" KT="Analysis" id="E21">
<type class="Negative_regulation"/>
<theme idref="T8"/>
<cause idref="T7"/>
<clue>Enforced expression of Id3, which has the <clueKT><clueCL>capacity</clueCL></clueKT> to <clueType>inhibit</clueType> many basic helix-loop-helix (bHLH) transcription factors, in human CD34(+) hematopoietic progenitor cells that have not undergone T cell receptor (TCR) gene rearrangements inhibits development of the transduced cells into TCRalpha beta and gamma delta cells in a fetal thymic organ culture (FTOC).</clue>
</event>
<event KT="Other" id="E22">
<type class="DNA_recombination"/>
<theme idref="A7"/>
<clue>Enforced expression of Id3, which has the capacity to inhibit many basic helix-loop-helix (bHLH) transcription factors, in human CD34(+) hematopoietic progenitor cells that have not undergone T cell receptor (TCR) gene <clueType>rearrangements</clueType> inhibits development of the transduced cells into TCRalpha beta and gamma delta cells in a fetal thymic organ culture (FTOC).</clue>
</event>
<event Polarity="Negative" assertion="non-exist" id="E23">
<type class="Positive_regulation"/>
<theme idref="E22"/>
<clue>Enforced expression of Id3, which has the capacity to inhibit many basic helix-loop-helix (bHLH) transcription factors, in <clueLoc>human CD34(+) hematopoietic progenitor cells</clueLoc> that have <cluePolarity>not</cluePolarity> <clueType>undergone</clueType> T cell receptor (TCR) gene rearrangements inhibits development of the transduced cells into TCRalpha beta and gamma delta cells in a fetal thymic organ culture (FTOC).</clue>
</event>
<sentence id="S3">Here we document that overexpression of <term id="T17" lex="Id3" sem="Protein_molecule">Id3</term>, in <term id="T18" lex="progenitor" sem="Cell_natural">progenitors</term> that have initiated <term id="T19" lex="TCR_gene_rearrangement" sem="DNA_domain_or_region"><term id="A21" sem="DNA_domain_or_region"><term id="T20" lex="TCR" sem="Protein_family_or_group">TCR</term> gene</term> rearrangements</term> (<term id="T21" lex="pre-T_cell" sem="Cell_natural">pre-T cells</term>), inhibits development into <term id="T22" lex="TCRalpha_beta_cell" sem="Cell_cultured"><term id="A14" sem="Cell_natural">TCR</term><term id="A15" sem="Cell_natural">alpha</term> <term id="A16" sem="Cell_natural">beta</term></term> but not into <term id="T23" lex="TCRgamma_delta_T_cell" sem="Cell_cultured"><term id="A17" sem="Cell_natural">TCR</term><term id="A18" sem="Cell_natural">gamma</term> <term id="A19" sem="Cell_natural">delta</term> <term id="A20" sem="Cell_natural">T cells</term></term>.</sentence>
<event Manner="High" id="E24">
<type class="Gene_expression"/>
<theme idref="T17"/>
<clue>Here we document that <clueType><clueManner>overexpression</clueManner></clueType> <linkTheme>of</linkTheme> Id3, in progenitors that have initiated TCR gene rearrangements (pre-T cells), inhibits development into TCRalpha beta but not into TCRgamma delta T cells.</clue>
</event>
<event id="E25">
<type class="Positive_regulation"/>
<theme idref="E22"/>
<clue>Here we document that <clueType>overexpression</clueType> <linkTheme>of</linkTheme> Id3, <clueLoc>in progenitors that have initiated TCR gene rearrangements (pre-T cells)</clueLoc>, inhibits development into TCRalpha beta but not into TCRgamma delta T cells.</clue>
</event>
<event KT="Other" id="E26">
<type class="Cell_differentiation"/>
<theme idref="T21"/>
<theme idref="A14" idref1="A15" idref2="A20"/>
<clue>Here we document that overexpression of Id3, in progenitors that have initiated TCR gene rearrangements (pre-T cells), inhibits <clueType>development</clueType> <linkTheme>into</linkTheme> TCRalpha beta but not into TCRgamma delta T cells.</clue>
</event>
<event KT="Other" id="E27">
<type class="Cell_differentiation"/>
<theme idref="T21"/>
<theme idref="A14" idref1="A16" idref2="A20"/>
<clue>Here we document that overexpression of Id3, in progenitors that have initiated TCR gene rearrangements (pre-T cells), inhibits <clueType>development</clueType> <linkTheme>into</linkTheme> TCRalpha beta but not into TCRgamma delta T cells.</clue>
</event>
<event KT="Other" id="E28">
<type class="Cell_differentiation"/>
<theme idref="T21"/>
<theme idref="A17" idref1="A18" idref2="A20"/>
<clue>Here we document that overexpression of Id3, in progenitors that have initiated TCR gene rearrangements (pre-T cells), inhibits <clueType>development</clueType> into TCRalpha beta but not <linkTheme>into</linkTheme> TCRgamma delta T cells.</clue>
</event>
<event KT="Other" id="E29">
<type class="Cell_differentiation"/>
<theme idref="T21"/>
<theme idref="A17" idref1="A19" idref2="A20"/>
<clue>Here we document that overexpression of Id3, in progenitors that have initiated TCR gene rearrangements (pre-T cells), inhibits <clueType>development</clueType> into TCRalpha beta but not <linkTheme>into</linkTheme> TCRgamma delta T cells.</clue>
</event>
<event KT="Analysis" id="E30">
<type class="Negative_regulation"/>
<theme idref="E26"/>
<cause idref="E25"/>
<clue>Here we <clueKT>document</clueKT> that overexpression of Id3, in progenitors that have initiated TCR gene rearrangements (pre-T cells), <clueType>inhibits</clueType> development into TCRalpha beta but not into TCRgamma delta T cells.</clue>
</event>
<event KT="Analysis" id="E31">
<type class="Negative_regulation"/>
<theme idref="E27"/>
<cause idref="E25"/>
<clue>Here we <clueKT>document</clueKT> that overexpression of Id3, in progenitors that have initiated TCR gene rearrangements (pre-T cells), <clueType>inhibits</clueType> development into TCRalpha beta but not into TCRgamma delta T cells.</clue>
</event>
<event KT="Analysis" Polarity="Negative" assertion="non-exist" id="E32">
<type class="Negative_regulation"/>
<theme idref="E28"/>
<cause idref="E25"/>
<clue>Here we <clueKT>document</clueKT> that overexpression of Id3, in progenitors that have initiated TCR gene rearrangements (pre-T cells), <clueType>inhibits</clueType> development into TCRalpha beta but <cluePolarity>not</cluePolarity> into TCRgamma delta T cells.</clue>
</event>
<event KT="Analysis" Polarity="Negative" assertion="non-exist" id="E33">
<type class="Negative_regulation"/>
<theme idref="E29"/>
<cause idref="E25"/>
<clue>Here we <clueKT>document</clueKT> that overexpression of Id3, in progenitors that have initiated TCR gene rearrangements (pre-T cells), <clueType>inhibits</clueType> development into TCRalpha beta but <cluePolarity>not</cluePolarity> into TCRgamma delta T cells.</clue>
</event>
<event id="E34">
<type class="DNA_recombination"/>
<theme idref="A21"/>
<clue>Here we document that overexpression of Id3, in progenitors that have initiated TCR gene <clueType>rearrangements</clueType> (pre-T cells), inhibits development into TCRalpha beta but not into TCRgamma delta T cells.</clue>
</event>
<event id="E35">
<type class="Positive_regulation"/>
<theme idref="E34"/>
<clue>Here we document that overexpression of Id3, in progenitors that have <clueType>initiated</clueType> TCR gene rearrangements (<clueLoc>pre-T cells</clueLoc>), inhibits development into TCRalpha beta but not into TCRgamma delta T cells.</clue>
</event>
<sentence id="S4">Furthermore, <term id="T24" lex="Id3" sem="Protein_molecule">Id3</term> impedes expression of <term id="A22" sem="DNA_domain_or_region">recombination activating genes</term> and downregulates <term id="T25" lex="pre-Talpha_mRNA" sem="RNA_molecule">pre-Talpha mRNA</term>.</sentence>
<event KT="Other" id="E36">
<type class="Gene_expression"/>
<theme idref="A22"/>
<clue>Furthermore, Id3 impedes <clueType>expression</clueType> <linkTheme>of</linkTheme> recombination activating genes and downregulates pre-Talpha mRNA.</clue>
</event>
<event id="E37">
<type class="Negative_regulation"/>
<theme idref="E36"/>
<cause idref="T24"/>
<clue>Furthermore, Id3 <clueType>impedes</clueType> expression of recombination activating genes and downregulates pre-Talpha mRNA.</clue>
</event>
<event id="E38">
<type class="Negative_regulation"/>
<theme idref="T25"/>
<cause idref="T24"/>
<clue>Furthermore, Id3 impedes expression of recombination activating genes and <clueType>downregulates</clueType> pre-Talpha mRNA.</clue>
</event>
<sentence id="S5">These observations suggest possible mechanisms by which <term id="T26" lex="Id3_overexpression" sem="Other"><term id="T27" lex="Id3" sem="Protein_molecule">Id3</term> overexpression</term> can differentially affect development of <term id="T28" lex="pre-T_cell" sem="Cell_natural">pre-T cells</term> into <cons id="T29" lex="(AND TCRalpha_beta_cell TCRgamma_delta_cell)" sem="(AND Cell_cultured Cell_cultured)"><frag id="F5"><term id="A23" sem="Cell_natural">TCR</term></frag><frag id="F6"><term id="A24" sem="Cell_natural">alpha</term> <term id="A25" sem="Cell_natural">beta</term></frag> and <frag id="F7"><term id="A26" sem="Cell_natural">gamma</term> <term id="A27" sem="Cell_natural">delta</term></frag> <frag id="F8"><term id="A28" sem="Cell_natural">cells</term></frag></cons>.</sentence>
<event Manner="High" id="E39">
<type class="Gene_expression"/>
<theme idref="T27"/>
<clue>These observations suggest possible mechanisms by which Id3 <clueType><clueManner>overexpression</clueManner></clueType> can differentially affect development of pre-T cells into TCRalpha beta and gamma delta cells.</clue>
</event>
<event Manner="High" id="E40">
<type class="Positive_regulation"/>
<theme idref="E39"/>
<clue>These observations suggest possible mechanisms by which Id3 <clueType><clueManner>overexpression</clueManner></clueType> can differentially affect development of pre-T cells into TCRalpha beta and gamma delta cells.</clue>
</event>
<event KT="Other" id="E41">
<type class="Cell_differentiation"/>
<theme idref="T28"/>
<theme idref="A23" idref1="A24" idref2="A28"/>
<clue>These observations suggest possible mechanisms by which Id3 overexpression can differentially affect <clueType>development</clueType> <linkTheme>of</linkTheme> pre-T cells <linkTheme>into</linkTheme> TCRalpha beta and gamma delta cells.</clue>
</event>
<event KT="Other" id="E42">
<type class="Cell_differentiation"/>
<theme idref="T28"/>
<theme idref="A23" idref1="A25" idref2="A28"/>
<clue>These observations suggest possible mechanisms by which Id3 overexpression can differentially affect <clueType>development</clueType> <linkTheme>of</linkTheme> pre-T cells <linkTheme>into</linkTheme> TCRalpha beta and gamma delta cells.</clue>
</event>
<event KT="Other" id="E43">
<type class="Cell_differentiation"/>
<theme idref="T28"/>
<theme idref="A23" idref1="A26" idref2="A28"/>
<clue>These observations suggest possible mechanisms by which Id3 overexpression can differentially affect <clueType>development</clueType> <linkTheme>of</linkTheme> pre-T cells <linkTheme>into</linkTheme> TCRalpha beta and gamma delta cells.</clue>
</event>
<event KT="Other" id="E44">
<type class="Cell_differentiation"/>
<theme idref="T28"/>
<theme idref="A23" idref1="A27" idref2="A28"/>
<clue>These observations suggest possible mechanisms by which Id3 overexpression can differentially affect <clueType>development</clueType> <linkTheme>of</linkTheme> pre-T cells <linkTheme>into</linkTheme> TCRalpha beta and gamma delta cells.</clue>
</event>
<event CL="L2" KT="Analysis" id="E45">
<type class="Regulation"/>
<theme idref="E41"/>
<cause idref="E40"/>
<clue>These observations suggest possible mechanisms by which Id3 overexpression <clueKT><clueCL>can</clueCL></clueKT> differentially <clueType>affect</clueType> development of pre-T cells into TCRalpha beta and gamma delta cells.</clue>
</event>
<event CL="L2" KT="Analysis" id="E46">
<type class="Regulation"/>
<theme idref="E42"/>
<cause idref="E40"/>
<clue>These observations suggest possible mechanisms by which Id3 overexpression <clueKT><clueCL>can</clueCL></clueKT> differentially <clueType>affect</clueType> development of pre-T cells into TCRalpha beta and gamma delta cells.</clue>
</event>
<event CL="L2" KT="Analysis" id="E47">
<type class="Regulation"/>
<theme idref="E43"/>
<cause idref="E40"/>
<clue>These observations suggest possible mechanisms by which Id3 overexpression <clueKT><clueCL>can</clueCL></clueKT> differentially <clueType>affect</clueType> development of pre-T cells into TCRalpha beta and gamma delta cells.</clue>
</event>
<event CL="L2" KT="Analysis" id="E48">
<type class="Regulation"/>
<theme idref="E44"/>
<cause idref="E40"/>
<clue>These observations suggest possible mechanisms by which Id3 overexpression <clueKT><clueCL>can</clueCL></clueKT> differentially <clueType>affect</clueType> development of pre-T cells into TCRalpha beta and gamma delta cells.</clue>
</event>
<sentence id="S6">We also observed that <term id="A29" sem="Cell_natural"><term id="T30" lex="cell_surface_CD4(-)CD8(-)CD3(-)_cell" sem="Cell_natural">cell surface CD4(-)CD8(-)CD3(-) cells</term> with <term id="T31" lex="rearranged_TCR_gene" sem="DNA_domain_or_region">rearranged <term id="A31" sem="DNA_domain_or_region">TCR genes</term></term></term> developed from <term id="T32" lex="Id3-transduced_pre-T_cell" sem="Cell_cultured"><term id="T33" lex="Id3" sem="Protein_molecule">Id3</term>-transduced</term> but not from <term id="T34" lex="control-transduced_pre-T_cell" sem="Cell_cultured"><term id="A30" sem="DNA_family_or_group">control</term>-transduced <term id="T35" lex="pre-T_cell" sem="Cell_natural">pre-T cells</term></term> in an <term id="T36" lex="FTOC" sem="Tissue_cultured">FTOC</term>.</sentence>
<event id="E49">
<type class="Artificial_process"/>
<theme idref="T33"/>
<theme idref="T35"/>
<clue>We also observed that cell surface CD4(-)CD8(-)CD3(-) cells with rearranged TCR genes developed from Id3-<clueType>transduced</clueType> but not from control-transduced pre-T cells in an FTOC.</clue>
</event>
<event KT="Other" id="E50">
<type class="Artificial_process"/>
<theme idref="A30"/>
<theme idref="T35"/>
<clue>We also observed that cell surface CD4(-)CD8(-)CD3(-) cells with rearranged TCR genes developed from Id3-transduced but not from control-<clueType>transduced</clueType> pre-T cells in an FTOC.</clue>
</event>
<event id="E51">
<type class="Cell_differentiation"/>
<theme idref="T35"/>
<theme idref="A29"/>
<clue>We also <clueKT>observed</clueKT> that cell surface CD4(-)CD8(-)CD3(-) cells with rearranged TCR genes <clueType>developed</clueType> <linkCause>from</linkCause> Id3-transduced but not from control-transduced pre-T cells <clueLoc>in an FTOC</clueLoc>.</clue>
<comment>TPS:A29</comment></event>
<event id="E151">
<type class="Positive_regulation"/>
<theme idref="E51"/>
<cause idref="E49"/>
<clue>We also observed that cell surface CD4(-)CD8(-)CD3(-) cells with rearranged TCR genes developed <linkCause>from</linkCause> Id3-transduced but not from control-transduced pre-T cells in an FTOC.</clue>
<comment>NO CLUETYPE</comment></event>
<event Polarity="Negative" assertion="non-exist" id="E52">
<type class="Positive_regulation"/>
<theme idref="E51"/>
<cause idref="E50"/>
<clue>We also <clueKT>observed</clueKT> that cell surface CD4(-)CD8(-)CD3(-) cells with rearranged TCR genes developed from Id3-transduced but <cluePolarity>not</cluePolarity> <linkCause>from</linkCause> control-transduced pre-T cells <clueLoc>in an FTOC</clueLoc>.</clue>
<comment>NO CLUETYPE</comment></event>
<event id="E53">
<type class="DNA_recombination"/>
<theme idref="A31"/>
<clue>We also observed that <clueLoc>cell surface CD4(-)CD8(-)CD3(-) cells</clueLoc> with <clueType>rearranged</clueType> TCR genes developed from Id3-transduced but not from control-transduced pre-T cells in an FTOC.</clue>
</event>
<sentence id="S7">These cells had properties of both <term id="T37" lex="natural_killer_cell" sem="Cell_natural">natural killer</term> (<term id="T38" lex="NK" sem="Cell_natural">NK</term>) and <term id="T39" lex="pre-T_cell" sem="Cell_natural">pre-T cells</term>.</sentence>
<sentence id="S8">These findings suggest that <term id="T40" lex="bHLH_factor" sem="Protein_family_or_group">bHLH factors</term> are required to control <term id="T41" lex="T_cell_development" sem="Other"><term id="A32" sem="Cell_natural">T cell</term> development</term> after the <term id="T42" lex="T/NK_developmental_checkpoint" sem="Other">T/NK developmental checkpoint</term>.</sentence>
<event KT="Other" id="E54">
<type class="Cellular_physiological_process"/>
<theme idref="A32"/>
<clue>These findings suggest that bHLH factors are required to control T cell <clueType>development</clueType> after the T/NK developmental checkpoint.</clue>
</event>
<event KT="Other" id="E55">
<type class="Regulation"/>
<theme idref="E54"/>
<clue>These findings suggest that bHLH factors are required to <clueType>control</clueType> T cell development <clueTime>after the T/NK developmental checkpoint.</clueTime></clue>
</event>
<event CL="L2" KT="Analysis" id="E56" uncertainty="probable">
<type class="Positive_regulation"/>
<theme idref="E55"/>
<cause idref="T40"/>
<clue>These findings <clueKT><clueCL>suggest</clueCL></clueKT> that bHLH factors are <clueType>required</clueType> to control T cell development after the T/NK developmental checkpoint.</clue>
</event>
</AbstractText>
</Abstract></Article></MedlineCitation></PubmedArticle></PubmedArticleSet></Annotation>
