<?xml version='1.0'?><!DOCTYPE Annotation PUBLIC "//GENIA//DTD GENIA ANNOTATION EVENT 2.0//EN_Modified" "../ModifiedGENIAtypes/Modified_GENIA_event_20.dtd"><Annotation annotates="http://www.ncbi.nlm.nih.gov/entrez/eutils/efetch.fcgi?db=pubmed&amp;retmode=xml&amp;rettype=medline&amp;id=10339475" created="26/06/2006" creator="Noriko Katsu"><PubmedArticleSet><PubmedArticle><MedlineCitation>
<PMID>10339475</PMID>
<Article>
<ArticleTitle>
<sentence id="S1"><term id="T1" lex="monocyte_arrest" sem="Other"><term id="A1" sem="Cell_natural">Monocyte</term> arrest</term> and transmigration on <term id="A30" sem="Cell_cultured">inflamed <term id="A5" sem="Cell_natural">endothelium</term></term> in shear flow is inhibited by <term id="A2" sem="Virus">adenovirus</term>-mediated <term id="A15" sem="Other">gene transfer</term> of <term id="T3" lex="IkappaB-alpha" sem="Protein_molecule">IkappaB-alpha</term>.</sentence>
<event KT="Other" id="E1">
<type class="Cellular_physiological_process"/>
<theme idref="A1"/>
<theme idref="A30"/>
<clue>Monocyte <clueType>arrest</clueType> and transmigration <linkTheme>on</linkTheme> inflamed endothelium in shear flow is inhibited by adenovirus-mediated gene transfer of IkappaB-alpha.</clue>
</event>
<event KT="Other" id="E2">
<type class="Cellular_physiological_process"/>
<theme idref="A1"/>
<clue>Monocyte arrest and <clueType>transmigration</clueType> on inflamed endothelium <clueLoc>in shear flow</clueLoc> is inhibited by adenovirus-mediated gene transfer of IkappaB-alpha.</clue>
</event>
<event id="E3">
<type class="Negative_regulation"/>
<theme idref="E1"/>
<cause idref="E110"/>
<clue>Monocyte arrest and transmigration on inflamed endothelium in shear flow is <clueType>inhibited</clueType> <linkCause>by</linkCause> adenovirus-mediated gene transfer of IkappaB-alpha.</clue>
</event>
<event id="E13">
<type class="Negative_regulation"/>
<theme idref="E2"/>
<cause idref="E110"/>
<clue>Monocyte arrest and transmigration on inflamed endothelium in shear flow is <clueType>inhibited</clueType> <linkCause>by</linkCause> adenovirus-mediated gene transfer of IkappaB-alpha.</clue>
</event>
<event KT="Other" id="E14">
<type class="Physiological_process"/>
<theme idref="A5"/>
<clue>Monocyte arrest and transmigration on <clueType>inflamed</clueType> endothelium in shear flow is inhibited by adenovirus-mediated gene transfer of IkappaB-alpha.</clue>
</event>
<event id="E111">
<type class="Gene_expression"/>
<theme idref="T3"/>
<clue>Monocyte arrest and transmigration on inflamed endothelium in shear flow is inhibited by <clueExperiment>adenovirus-mediated</clueExperiment> <clueType>gene transfer</clueType> <linkTheme>of</linkTheme> IkappaB-alpha.</clue>
<comment>ARTIFICIAL; NER: T2 del &quot;adenovirus-mediated gene transfer&quot;</comment></event>
<event id="E110">
<type class="Positive_regulation"/>
<theme idref="T3"/>
<clue>Monocyte arrest and transmigration on inflamed endothelium in shear flow is inhibited by <clueExperiment>adenovirus-mediated</clueExperiment> <clueType>gene transfer</clueType> of IkappaB-alpha.</clue>
</event>
</ArticleTitle>
<Abstract>
<AbstractText>
<sentence id="S2">Mobilization of <term id="T4" lex="nuclear_factor-kappaB" sem="Protein_complex">nuclear factor-kappaB</term> (<term id="T5" lex="NF-kappaB" sem="Protein_complex">NF-kappaB</term>) activates transcription of <term id="A20" sem="DNA_domain_or_region">genes</term> encoding <term id="T6" lex="endothelial_adhesion_molecule" sem="Protein_family_or_group">endothelial <term id="T7" lex="adhesion_molecule" sem="Protein_family_or_group"><term id="A21" sem="DNA_domain_or_region">adhesion molecules</term></term></term> and <term id="A3" sem="Protein_family_or_group"><term id="A22" sem="DNA_domain_or_region">chemokines</term></term> that contribute to <term id="T8" lex="monocyte_infiltration" sem="Other"><term id="A4" sem="Cell_natural">monocyte</term> infiltration</term> critical in <term id="T9" lex="atherogenesis" sem="Other">atherogenesis</term>.</sentence>
<event id="E4">
<type class="Localization"/>
<theme idref="T5"/>
<clue><clueType>Mobilization</clueType> <linkTheme>of</linkTheme> nuclear factor-kappaB (NF-kappaB) activates transcription of genes encoding endothelial adhesion molecules and chemokines that contribute to monocyte infiltration critical in atherogenesis.</clue>
</event>
<event KT="Fact" id="E5">
<type class="Positive_regulation"/>
<theme idref="E7"/>
<cause idref="E4"/>
<clue>Mobilization of nuclear factor-kappaB (NF-kappaB) <clueType>activates</clueType> transcription of genes encoding endothelial adhesion molecules and chemokines that contribute to monocyte infiltration critical in atherogenesis.</clue>
</event>
<event KT="Fact" id="E6">
<type class="Positive_regulation"/>
<theme idref="E8"/>
<cause idref="E4"/>
<clue>Mobilization of nuclear factor-kappaB (NF-kappaB) <clueType>activates</clueType> transcription of genes encoding endothelial adhesion molecules and chemokines that contribute to monocyte infiltration critical in atherogenesis.</clue>
</event>
<event KT="Other" id="E7">
<type class="Transcription"/>
<theme idref="A20" idref1="A21"/>
<clue>Mobilization of nuclear factor-kappaB (NF-kappaB) activates <clueType>transcription</clueType> <linkTheme>of</linkTheme> genes encoding <clueLoc>endothelial</clueLoc> adhesion molecules and chemokines that contribute to monocyte infiltration critical in atherogenesis.</clue>
</event>
<event KT="Other" id="E8">
<type class="Transcription"/>
<theme idref="A20" idref1="A22"/>
<clue>Mobilization of nuclear factor-kappaB (NF-kappaB) activates <clueType>transcription</clueType> <linkTheme>of</linkTheme> genes encoding <clueLoc>endothelial</clueLoc> adhesion molecules and chemokines that contribute to monocyte infiltration critical in atherogenesis.</clue>
</event>
<event KT="Fact" id="E9">
<type class="Positive_regulation"/>
<theme idref="E12"/>
<cause idref="E7"/>
<clue>Mobilization of nuclear factor-kappaB (NF-kappaB) activates transcription of genes encoding endothelial adhesion molecules and chemokines that <clueType>contribute</clueType> <linkTheme>to</linkTheme> monocyte infiltration critical in atherogenesis.</clue>
</event>
<event KT="Fact" id="E10">
<type class="Positive_regulation"/>
<theme idref="E12"/>
<cause idref="E8"/>
<clue>Mobilization of nuclear factor-kappaB (NF-kappaB) activates transcription of genes encoding endothelial adhesion molecules and chemokines that <clueType>contribute</clueType> <linkTheme>to</linkTheme> monocyte infiltration critical in atherogenesis.</clue>
</event>
<event KT="Other" id="E11">
<type class="Cellular_physiological_process"/>
<theme idref="A4"/>
<clue>Mobilization of nuclear factor-kappaB (NF-kappaB) activates transcription of genes encoding endothelial adhesion molecules and chemokines that contribute to monocyte <clueType>infiltration</clueType> critical in atherogenesis.</clue>
</event>
<event KT="Fact" id="E12">
<type class="Positive_regulation"/>
<theme idref="T9"/>
<cause idref="E11"/>
<clue>Mobilization of nuclear factor-kappaB (NF-kappaB) activates transcription of genes encoding endothelial adhesion molecules and chemokines that contribute to monocyte infiltration <clueType>critical</clueType> <linkTheme>in</linkTheme> atherogenesis.</clue>
</event>
<sentence id="S3">Inhibition of <term id="T10" lex="NF-kappaB" sem="Protein_complex">NF-kappaB</term> has been achieved by pharmacological and genetic approaches; however, <term id="T11" lex="monocyte_interaction" sem="Other"><term id="A6" sem="Cell_natural">monocyte</term> interactions</term> with <term id="A25" sem="Cell_natural">activated <term id="A7" sem="Cell_natural">endothelium</term></term> in shear flow following gene transfer of the <term id="T12" lex="NF-kappaB" sem="Protein_complex">NF-kappaB</term> inhibitor <term id="T13" lex="IkappaB-alpha" sem="Protein_molecule">IkappaB-alpha</term> have not been studied.</sentence>
<event id="E17">
<type class="Negative_regulation"/>
<theme idref="T10"/>
<clue><clueType>Inhibition</clueType> <linkTheme>of</linkTheme> NF-kappaB has been achieved by pharmacological and genetic approaches; however, monocyte interactions with activated endothelium in shear flow following gene transfer of the NF-kappaB inhibitor IkappaB-alpha have not been studied.</clue>
</event>
<event KT="Investigation" id="E18" uncertainty="doubtful">
<type class="Cell_communication"/>
<theme idref="A6"/>
<theme idref="A25"/>
<clue>Inhibition of NF-kappaB has been achieved by pharmacological and genetic approaches; however, monocyte <clueType>interactions</clueType> <linkTheme>with</linkTheme> activated endothelium in shear flow following gene transfer of the NF-kappaB inhibitor IkappaB-alpha have not been <clueKT>studied</clueKT>.</clue>
</event>
<event KT="Other" id="E91" uncertainty="doubtful">
<type class="Positive_regulation"/>
<theme idref="E18"/>
<theme idref="E20"/>
<clue>Inhibition of NF-kappaB has been achieved by pharmacological and genetic approaches; however, monocyte interactions with activated endothelium in shear flow <linkCause>following</linkCause> gene transfer of the NF-kappaB inhibitor IkappaB-alpha have not been studied.</clue>
</event>
<event KT="Other" id="E19">
<type class="Physiological_process"/>
<theme idref="A7"/>
<clue>Inhibition of NF-kappaB has been achieved by pharmacological and genetic approaches; however, monocyte interactions with <clueType>activated</clueType> endothelium <clueLoc>in shear flow</clueLoc> following gene transfer of the NF-kappaB inhibitor IkappaB-alpha have not been studied.</clue>
</event>
<event KT="Other" id="E20">
<type class="Mutagenesis"/>
<theme idref="T13"/>
<clue>Inhibition of NF-kappaB has been achieved by pharmacological and genetic approaches; however, monocyte interactions with activated endothelium in shear flow following <clueType>gene transfer</clueType> <linkTheme>of</linkTheme> the NF-kappaB inhibitor IkappaB-alpha have not been studied.</clue>
<comment>ARTIFICIAL</comment></event>
<sentence id="S4">We found that overexpression of <term id="T14" lex="IkappaB-alpha" sem="Protein_molecule">IkappaB-alpha</term> in <term id="T15" lex="endothelial_cell" sem="Cell_natural">endothelial cells</term> using a recombinant adenovirus prevented <term id="T16" lex="tumor_necrosis_factor-alpha_(TNF-alpha)-induced_degradation" sem="Other"><term id="T17" lex="tumor_necrosis_factor-alpha" sem="Protein_molecule">tumor necrosis factor-alpha</term> (<term id="T18" lex="TNF-alpha" sem="Protein_molecule">TNF-alpha</term>)-induced degradation</term> of <term id="T19" lex="IkappaB-alpha" sem="Protein_molecule">IkappaB-alpha</term> and suppressed the upregulation of <term id="T20" lex="vascular_cell_adhesion_molecule-1" sem="Protein_molecule">vascular cell adhesion molecule-1</term> (<term id="T21" lex="VCAM-1" sem="Protein_molecule"><term id="A17" sem="RNA_molecule">VCAM-1</term></term>), <term id="T22" lex="intercellular_adhesion_molecule-1" sem="Protein_molecule">intercellular adhesion molecule-1</term> (<term id="T23" lex="ICAM-1" sem="Protein_molecule"><term id="A18" sem="RNA_molecule">ICAM-1</term></term>), and <term id="T24" lex="E-selectin_mRNA" sem="RNA_molecule"><term id="T25" lex="E-selectin" sem="Protein_molecule">E-selectin</term> <term id="A19" sem="RNA_molecule">mRNA</term></term> and <term id="T26" lex="surface_protein_expression" sem="Other">surface <term id="A8" sem="Protein_family_or_group">protein</term> expression</term> and the upregulation of transcripts for the <term id="T27" lex="chemokine" sem="Protein_family_or_group">chemokines</term> <term id="T28" lex="monocyte_chemoattractant_protein_1" sem="Protein_molecule">monocyte chemoattractant protein 1</term> (<term id="T29" lex="MCP-1" sem="Protein_molecule"><term id="A23" sem="DNA_domain_or_region">MCP-1</term></term>) and <term id="T30" lex="growth-related_activity-alpha" sem="Protein_molecule">growth-related activity-alpha</term> (<term id="T31" lex="GRO-alpha" sem="Protein_molecule"><term id="A24" sem="DNA_domain_or_region">GRO-alpha</term></term>) by <term id="T32" lex="TNF-alpha" sem="Protein_molecule">TNF-alpha</term>.</sentence>
<event id="E21">
<type class="Gene_expression"/>
<theme idref="T14"/>
<clue>We found that <clueType>overexpression</clueType> <linkTheme>of</linkTheme> IkappaB-alpha <clueLoc>in endothelial cells</clueLoc> <clueExperiment>using a recombinant adenovirus</clueExperiment> prevented tumor necrosis factor-alpha (TNF-alpha)-induced degradation of IkappaB-alpha and suppressed the upregulation of vascular cell adhesion molecule-1 (VCAM-1), intercellular adhesion molecule-1 (ICAM-1), and E-selectin mRNA and surface protein expression and the upregulation of transcripts for the chemokines monocyte chemoattractant protein 1 (MCP-1) and growth-related activity-alpha (GRO-alpha) by TNF-alpha.</clue>
</event>
<event id="E82">
<type class="Positive_regulation"/>
<theme idref="E21"/>
<clue>We found that <clueType>overexpression</clueType> of IkappaB-alpha <clueLoc>in endothelial cells</clueLoc> using a recombinant adenovirus prevented tumor necrosis factor-alpha (TNF-alpha)-induced degradation of IkappaB-alpha and suppressed the upregulation of vascular cell adhesion molecule-1 (VCAM-1), intercellular adhesion molecule-1 (ICAM-1), and E-selectin mRNA and surface protein expression and the upregulation of transcripts for the chemokines monocyte chemoattractant protein 1 (MCP-1) and growth-related activity-alpha (GRO-alpha) by TNF-alpha.</clue>
</event>
<event id="E22">
<type class="Negative_regulation"/>
<theme idref="E23"/>
<cause idref="E82"/>
<clue>We <clueKT>found</clueKT> that overexpression of IkappaB-alpha in endothelial cells using a recombinant adenovirus <clueType>prevented</clueType> tumor necrosis factor-alpha (TNF-alpha)-induced degradation of IkappaB-alpha and suppressed the upregulation of vascular cell adhesion molecule-1 (VCAM-1), intercellular adhesion molecule-1 (ICAM-1), and E-selectin mRNA and surface protein expression and the upregulation of transcripts for the chemokines monocyte chemoattractant protein 1 (MCP-1) and growth-related activity-alpha (GRO-alpha) by TNF-alpha.</clue>
</event>
<event KT="Other" id="E23">
<type class="Protein_catabolism"/>
<theme idref="T19"/>
<clue>We found that overexpression of IkappaB-alpha in endothelial cells using a recombinant adenovirus prevented tumor necrosis factor-alpha (TNF-alpha)-induced <clueType>degradation</clueType> <linkTheme>of</linkTheme> IkappaB-alpha and suppressed the upregulation of vascular cell adhesion molecule-1 (VCAM-1), intercellular adhesion molecule-1 (ICAM-1), and E-selectin mRNA and surface protein expression and the upregulation of transcripts for the chemokines monocyte chemoattractant protein 1 (MCP-1) and growth-related activity-alpha (GRO-alpha) by TNF-alpha.</clue>
</event>
<event KT="Other" id="E16">
<type class="Positive_regulation"/>
<theme idref="E23"/>
<cause idref="T18"/>
<clue>We found that overexpression of IkappaB-alpha in endothelial cells using a recombinant adenovirus prevented tumor necrosis factor-alpha (TNF-alpha)-<clueType>induced</clueType> degradation of IkappaB-alpha and suppressed the upregulation of vascular cell adhesion molecule-1 (VCAM-1), intercellular adhesion molecule-1 (ICAM-1), and E-selectin mRNA and surface protein expression and the upregulation of transcripts for the chemokines monocyte chemoattractant protein 1 (MCP-1) and growth-related activity-alpha (GRO-alpha) by TNF-alpha.</clue>
</event>
<event id="E24">
<type class="Negative_regulation"/>
<theme idref="E28"/>
<cause idref="E21"/>
<clue>We <clueKT>found</clueKT> that overexpression of IkappaB-alpha in endothelial cells using a recombinant adenovirus prevented tumor necrosis factor-alpha (TNF-alpha)-induced degradation of IkappaB-alpha and <clueType>suppressed</clueType> the upregulation of vascular cell adhesion molecule-1 (VCAM-1), intercellular adhesion molecule-1 (ICAM-1), and E-selectin mRNA and surface protein expression and the upregulation of transcripts for the chemokines monocyte chemoattractant protein 1 (MCP-1) and growth-related activity-alpha (GRO-alpha) by TNF-alpha.</clue>
</event>
<event id="E89">
<type class="Negative_regulation"/>
<theme idref="E84"/>
<cause idref="E21"/>
<clue>We <clueKT>found</clueKT> that overexpression of IkappaB-alpha in endothelial cells using a recombinant adenovirus prevented tumor necrosis factor-alpha (TNF-alpha)-induced degradation of IkappaB-alpha and <clueType>suppressed</clueType> the upregulation of vascular cell adhesion molecule-1 (VCAM-1), intercellular adhesion molecule-1 (ICAM-1), and E-selectin mRNA and surface protein expression and the upregulation of transcripts for the chemokines monocyte chemoattractant protein 1 (MCP-1) and growth-related activity-alpha (GRO-alpha) by TNF-alpha.</clue>
</event>
<event id="E25">
<type class="Negative_regulation"/>
<theme idref="E29"/>
<cause idref="E21"/>
<clue>We <clueKT>found</clueKT> that overexpression of IkappaB-alpha in endothelial cells using a recombinant adenovirus prevented tumor necrosis factor-alpha (TNF-alpha)-induced degradation of IkappaB-alpha and <clueType>suppressed</clueType> the upregulation of vascular cell adhesion molecule-1 (VCAM-1), intercellular adhesion molecule-1 (ICAM-1), and E-selectin mRNA and surface protein expression and the upregulation of transcripts for the chemokines monocyte chemoattractant protein 1 (MCP-1) and growth-related activity-alpha (GRO-alpha) by TNF-alpha.</clue>
</event>
<event id="E90">
<type class="Negative_regulation"/>
<theme idref="E87"/>
<cause idref="E21"/>
<clue>We <clueKT>found</clueKT> that overexpression of IkappaB-alpha in endothelial cells using a recombinant adenovirus prevented tumor necrosis factor-alpha (TNF-alpha)-induced degradation of IkappaB-alpha and <clueType>suppressed</clueType> the upregulation of vascular cell adhesion molecule-1 (VCAM-1), intercellular adhesion molecule-1 (ICAM-1), and E-selectin mRNA and surface protein expression and the upregulation of transcripts for the chemokines monocyte chemoattractant protein 1 (MCP-1) and growth-related activity-alpha (GRO-alpha) by TNF-alpha.</clue>
</event>
<event id="E26">
<type class="Negative_regulation"/>
<theme idref="E30"/>
<cause idref="E21"/>
<clue>We <clueKT>found</clueKT> that overexpression of IkappaB-alpha in endothelial cells using a recombinant adenovirus prevented tumor necrosis factor-alpha (TNF-alpha)-induced degradation of IkappaB-alpha and <clueType>suppressed</clueType> the upregulation of vascular cell adhesion molecule-1 (VCAM-1), intercellular adhesion molecule-1 (ICAM-1), and E-selectin mRNA and surface protein expression and the upregulation of transcripts for the chemokines monocyte chemoattractant protein 1 (MCP-1) and growth-related activity-alpha (GRO-alpha) by TNF-alpha.</clue>
</event>
<event id="E27">
<type class="Negative_regulation"/>
<theme idref="E32"/>
<cause idref="E21"/>
<clue>We <clueKT>found</clueKT> that overexpression of IkappaB-alpha in endothelial cells using a recombinant adenovirus prevented tumor necrosis factor-alpha (TNF-alpha)-induced degradation of IkappaB-alpha and <clueType>suppressed</clueType> the upregulation of vascular cell adhesion molecule-1 (VCAM-1), intercellular adhesion molecule-1 (ICAM-1), and E-selectin mRNA and surface protein expression and the upregulation of transcripts for the chemokines monocyte chemoattractant protein 1 (MCP-1) and growth-related activity-alpha (GRO-alpha) by TNF-alpha.</clue>
</event>
<event id="E36">
<type class="Negative_regulation"/>
<theme idref="E34"/>
<cause idref="E21"/>
<clue>We <clueKT>found</clueKT> that overexpression of IkappaB-alpha in endothelial cells using a recombinant adenovirus prevented tumor necrosis factor-alpha (TNF-alpha)-induced degradation of IkappaB-alpha and <clueType>suppressed</clueType> the upregulation of vascular cell adhesion molecule-1 (VCAM-1), intercellular adhesion molecule-1 (ICAM-1), and E-selectin mRNA and surface protein expression and the upregulation of transcripts for the chemokines monocyte chemoattractant protein 1 (MCP-1) and growth-related activity-alpha (GRO-alpha) by TNF-alpha.</clue>
</event>
<event id="E37">
<type class="Negative_regulation"/>
<theme idref="E38"/>
<cause idref="E21"/>
<clue>We <clueKT>found</clueKT> that overexpression of IkappaB-alpha in endothelial cells using a recombinant adenovirus prevented tumor necrosis factor-alpha (TNF-alpha)-induced degradation of IkappaB-alpha and <clueType>suppressed</clueType> the upregulation of vascular cell adhesion molecule-1 (VCAM-1), intercellular adhesion molecule-1 (ICAM-1), and E-selectin mRNA and surface protein expression and the upregulation of transcripts for the chemokines monocyte chemoattractant protein 1 (MCP-1) and growth-related activity-alpha (GRO-alpha) by TNF-alpha.</clue>
</event>
<event KT="Other" id="E28">
<type class="Positive_regulation"/>
<theme idref="E83"/>
<clue>We found that overexpression of IkappaB-alpha in endothelial cells using a recombinant adenovirus prevented tumor necrosis factor-alpha (TNF-alpha)-induced degradation of IkappaB-alpha and suppressed the <clueType>upregulation</clueType> <linkTheme>of</linkTheme> vascular cell adhesion molecule-1 (VCAM-1), intercellular adhesion molecule-1 (ICAM-1), and E-selectin mRNA and surface protein expression and the upregulation of transcripts for the chemokines monocyte chemoattractant protein 1 (MCP-1) and growth-related activity-alpha (GRO-alpha) by TNF-alpha.</clue>
</event>
<event KT="Other" id="E83">
<type class="Transcription"/>
<theme idref="A17" idref1="A19"/>
<clue>We found that overexpression of IkappaB-alpha in endothelial cells using a recombinant adenovirus prevented tumor necrosis factor-alpha (TNF-alpha)-induced degradation of IkappaB-alpha and suppressed the upregulation of vascular cell adhesion molecule-1 (VCAM-1), intercellular adhesion molecule-1 (ICAM-1), and E-selectin mRNA and surface protein <clueType>expression</clueType> and the upregulation of transcripts for the chemokines monocyte chemoattractant protein 1 (MCP-1) and growth-related activity-alpha (GRO-alpha) by TNF-alpha.</clue>
</event>
<event KT="Other" id="E84">
<type class="Positive_regulation"/>
<theme idref="E85"/>
<clue>We found that overexpression of IkappaB-alpha in endothelial cells using a recombinant adenovirus prevented tumor necrosis factor-alpha (TNF-alpha)-induced degradation of IkappaB-alpha and suppressed the <clueType>upregulation</clueType> <linkTheme>of</linkTheme> vascular cell adhesion molecule-1 (VCAM-1), intercellular adhesion molecule-1 (ICAM-1), and E-selectin mRNA and surface protein expression and the upregulation of transcripts for the chemokines monocyte chemoattractant protein 1 (MCP-1) and growth-related activity-alpha (GRO-alpha) by TNF-alpha.</clue>
</event>
<event KT="Other" id="E85">
<type class="Gene_expression"/>
<theme idref="T21" idref1="A8"/>
<clue>We found that overexpression of IkappaB-alpha in endothelial cells using a recombinant adenovirus prevented tumor necrosis factor-alpha (TNF-alpha)-induced degradation of IkappaB-alpha and suppressed the upregulation of vascular cell adhesion molecule-1 (VCAM-1), intercellular adhesion molecule-1 (ICAM-1), and E-selectin mRNA and <clueLoc>surface</clueLoc> protein <clueType>expression</clueType> and the upregulation of transcripts for the chemokines monocyte chemoattractant protein 1 (MCP-1) and growth-related activity-alpha (GRO-alpha) by TNF-alpha.</clue>
</event>
<event KT="Other" id="E29">
<type class="Positive_regulation"/>
<theme idref="E86"/>
<clue>We found that overexpression of IkappaB-alpha in endothelial cells using a recombinant adenovirus prevented tumor necrosis factor-alpha (TNF-alpha)-induced degradation of IkappaB-alpha and suppressed the <clueType>upregulation</clueType> <linkTheme>of</linkTheme> vascular cell adhesion molecule-1 (VCAM-1), intercellular adhesion molecule-1 (ICAM-1), and E-selectin mRNA and surface protein expression and the upregulation of transcripts for the chemokines monocyte chemoattractant protein 1 (MCP-1) and growth-related activity-alpha (GRO-alpha) by TNF-alpha.</clue>
</event>
<event KT="Other" id="E86">
<type class="Transcription"/>
<theme idref="A18" idref1="A19"/>
<clue>We found that overexpression of IkappaB-alpha in endothelial cells using a recombinant adenovirus prevented tumor necrosis factor-alpha (TNF-alpha)-induced degradation of IkappaB-alpha and suppressed the upregulation of vascular cell adhesion molecule-1 (VCAM-1), intercellular adhesion molecule-1 (ICAM-1), and E-selectin mRNA and surface protein <clueType>expression</clueType> and the upregulation of transcripts for the chemokines monocyte chemoattractant protein 1 (MCP-1) and growth-related activity-alpha (GRO-alpha) by TNF-alpha.</clue>
</event>
<event KT="Other" id="E87">
<type class="Positive_regulation"/>
<theme idref="E88"/>
<clue>We found that overexpression of IkappaB-alpha in endothelial cells using a recombinant adenovirus prevented tumor necrosis factor-alpha (TNF-alpha)-induced degradation of IkappaB-alpha and suppressed the <clueType>upregulation</clueType> <linkTheme>of</linkTheme> vascular cell adhesion molecule-1 (VCAM-1), intercellular adhesion molecule-1 (ICAM-1), and E-selectin mRNA and surface protein expression and the upregulation of transcripts for the chemokines monocyte chemoattractant protein 1 (MCP-1) and growth-related activity-alpha (GRO-alpha) by TNF-alpha.</clue>
</event>
<event KT="Other" id="E88">
<type class="Gene_expression"/>
<theme idref="T23" idref1="A8"/>
<clue>We found that overexpression of IkappaB-alpha in endothelial cells using a recombinant adenovirus prevented tumor necrosis factor-alpha (TNF-alpha)-induced degradation of IkappaB-alpha and suppressed the upregulation of vascular cell adhesion molecule-1 (VCAM-1), intercellular adhesion molecule-1 (ICAM-1), and E-selectin mRNA and surface protein <clueType>expression</clueType> and the upregulation of transcripts for the chemokines monocyte chemoattractant protein 1 (MCP-1) and growth-related activity-alpha (GRO-alpha) by TNF-alpha.</clue>
</event>
<event KT="Other" id="E30">
<type class="Positive_regulation"/>
<theme idref="E31"/>
<clue>We found that overexpression of IkappaB-alpha in endothelial cells using a recombinant adenovirus prevented tumor necrosis factor-alpha (TNF-alpha)-induced degradation of IkappaB-alpha and suppressed the <clueType>upregulation</clueType> <linkTheme>of</linkTheme> vascular cell adhesion molecule-1 (VCAM-1), intercellular adhesion molecule-1 (ICAM-1), and E-selectin mRNA and surface protein expression and the upregulation of transcripts for the chemokines monocyte chemoattractant protein 1 (MCP-1) and growth-related activity-alpha (GRO-alpha) by TNF-alpha.</clue>
</event>
<event KT="Other" id="E31">
<type class="Transcription"/>
<theme idref="T24"/>
<clue>We found that overexpression of IkappaB-alpha in endothelial cells using a recombinant adenovirus prevented tumor necrosis factor-alpha (TNF-alpha)-induced degradation of IkappaB-alpha and suppressed the upregulation of vascular cell adhesion molecule-1 (VCAM-1), intercellular adhesion molecule-1 (ICAM-1), and E-selectin mRNA and surface protein <clueType>expression</clueType> and the upregulation of transcripts for the chemokines monocyte chemoattractant protein 1 (MCP-1) and growth-related activity-alpha (GRO-alpha) by TNF-alpha.</clue>
</event>
<event KT="Other" id="E32">
<type class="Positive_regulation"/>
<theme idref="E33"/>
<clue>We found that overexpression of IkappaB-alpha in endothelial cells using a recombinant adenovirus prevented tumor necrosis factor-alpha (TNF-alpha)-induced degradation of IkappaB-alpha and suppressed the <clueType>upregulation</clueType> <linkTheme>of</linkTheme> vascular cell adhesion molecule-1 (VCAM-1), intercellular adhesion molecule-1 (ICAM-1), and E-selectin mRNA and surface protein expression and the upregulation of transcripts for the chemokines monocyte chemoattractant protein 1 (MCP-1) and growth-related activity-alpha (GRO-alpha) by TNF-alpha.</clue>
</event>
<event KT="Other" id="E33">
<type class="Gene_expression"/>
<theme idref="T25" idref1="A8"/>
<clue>We found that overexpression of IkappaB-alpha in endothelial cells using a recombinant adenovirus prevented tumor necrosis factor-alpha (TNF-alpha)-induced degradation of IkappaB-alpha and suppressed the upregulation of vascular cell adhesion molecule-1 (VCAM-1), intercellular adhesion molecule-1 (ICAM-1), and E-selectin mRNA and <clueLoc>surface</clueLoc> protein <clueType>expression</clueType> and the upregulation of transcripts for the chemokines monocyte chemoattractant protein 1 (MCP-1) and growth-related activity-alpha (GRO-alpha) by TNF-alpha.</clue>
</event>
<event KT="Other" id="E34">
<type class="Positive_regulation"/>
<theme idref="E35"/>
<cause idref="T32"/>
<clue>We found that overexpression of IkappaB-alpha in endothelial cells using a recombinant adenovirus prevented tumor necrosis factor-alpha (TNF-alpha)-induced degradation of IkappaB-alpha and suppressed the upregulation of vascular cell adhesion molecule-1 (VCAM-1), intercellular adhesion molecule-1 (ICAM-1), and E-selectin mRNA and surface protein expression and the <clueType>upregulation</clueType> <linkTheme>of</linkTheme> transcripts for the chemokines monocyte chemoattractant protein 1 (MCP-1) and growth-related activity-alpha (GRO-alpha) <linkCause>by</linkCause> TNF-alpha.</clue>
</event>
<event KT="Other" id="E35">
<type class="Transcription"/>
<theme idref="A23"/>
<clue>We found that overexpression of IkappaB-alpha in endothelial cells using a recombinant adenovirus prevented tumor necrosis factor-alpha (TNF-alpha)-induced degradation of IkappaB-alpha and suppressed the upregulation of vascular cell adhesion molecule-1 (VCAM-1), intercellular adhesion molecule-1 (ICAM-1), and E-selectin mRNA and surface protein expression and the upregulation of <clueType>transcripts</clueType> <linkTheme>for</linkTheme> the <corefTheme>chemokines</corefTheme> monocyte chemoattractant protein 1 (MCP-1) and growth-related activity-alpha (GRO-alpha) by TNF-alpha.</clue>
</event>
<event KT="Other" id="E38">
<type class="Positive_regulation"/>
<theme idref="E39"/>
<cause idref="T32"/>
<clue>We found that overexpression of IkappaB-alpha in endothelial cells using a recombinant adenovirus prevented tumor necrosis factor-alpha (TNF-alpha)-induced degradation of IkappaB-alpha and suppressed the upregulation of vascular cell adhesion molecule-1 (VCAM-1), intercellular adhesion molecule-1 (ICAM-1), and E-selectin mRNA and surface protein expression and the <clueType>upregulation</clueType> <linkTheme>of</linkTheme> transcripts for the chemokines monocyte chemoattractant protein 1 (MCP-1) and growth-related activity-alpha (GRO-alpha) <linkCause>by</linkCause> TNF-alpha.</clue>
</event>
<event KT="Other" id="E39">
<type class="Transcription"/>
<theme idref="A24"/>
<clue>We found that overexpression of IkappaB-alpha in endothelial cells using a recombinant adenovirus prevented tumor necrosis factor-alpha (TNF-alpha)-induced degradation of IkappaB-alpha and suppressed the upregulation of vascular cell adhesion molecule-1 (VCAM-1), intercellular adhesion molecule-1 (ICAM-1), and E-selectin mRNA and surface protein expression and the upregulation of <clueType>transcripts</clueType> <linkTheme>for</linkTheme> the <corefTheme>chemokines</corefTheme> monocyte chemoattractant protein 1 (MCP-1) and growth-related activity-alpha (GRO-alpha) by TNF-alpha.</clue>
</event>
<sentence id="S5">This was associated with a reduction in <term id="T33" lex="endothelial_MCP-1_secretion" sem="Other">endothelial <term id="T34" lex="MCP-1" sem="Protein_molecule">MCP-1</term> secretion</term> and <term id="T35" lex="GRO-alpha_immobilization" sem="Other"><term id="T36" lex="GRO-alpha" sem="Protein_molecule">GRO-alpha</term> immobilization</term>.</sentence>
<event KT="Analysis" id="E40">
<type class="Correlation"/>
<theme idref="E22"/>
<theme idref="E42"/>
<clue><corefTheme>This</corefTheme> was <clueType><clueKT>associated</clueKT></clueType> <linkTheme>with</linkTheme> a reduction in endothelial MCP-1 secretion and GRO-alpha immobilization.</clue>
</event>
<event KT="Analysis" id="E79">
<type class="Correlation"/>
<theme idref="E24"/>
<theme idref="E42"/>
<clue><corefTheme>This</corefTheme> was <clueType><clueKT>associated</clueKT></clueType> <linkTheme>with</linkTheme> a reduction in endothelial MCP-1 secretion and GRO-alpha immobilization.</clue>
</event>
<event KT="Analysis" id="E80">
<type class="Correlation"/>
<theme idref="E25"/>
<theme idref="E42"/>
<clue><corefTheme>This</corefTheme> was <clueType><clueKT>associated</clueKT></clueType> <linkTheme>with</linkTheme> a reduction in endothelial MCP-1 secretion and GRO-alpha immobilization.</clue>
</event>
<event KT="Analysis" id="E92">
<type class="Correlation"/>
<theme idref="E26"/>
<theme idref="E42"/>
<clue><corefTheme>This</corefTheme> was <clueType><clueKT>associated</clueKT></clueType> <linkTheme>with</linkTheme> a reduction in endothelial MCP-1 secretion and GRO-alpha immobilization.</clue>
</event>
<event KT="Analysis" id="E93">
<type class="Correlation"/>
<theme idref="E27"/>
<theme idref="E42"/>
<clue><corefTheme>This</corefTheme> was <clueType><clueKT>associated</clueKT></clueType> <linkTheme>with</linkTheme> a reduction in endothelial MCP-1 secretion and GRO-alpha immobilization.</clue>
</event>
<event KT="Analysis" id="E94">
<type class="Correlation"/>
<theme idref="E36"/>
<theme idref="E42"/>
<clue><corefTheme>This</corefTheme> was <clueType><clueKT>associated</clueKT></clueType> <linkTheme>with</linkTheme> a reduction in endothelial MCP-1 secretion and GRO-alpha immobilization.</clue>
</event>
<event KT="Analysis" id="E95">
<type class="Correlation"/>
<theme idref="E37"/>
<theme idref="E42"/>
<clue><corefTheme>This</corefTheme> was <clueType><clueKT>associated</clueKT></clueType> <linkTheme>with</linkTheme> a reduction in endothelial MCP-1 secretion and GRO-alpha immobilization.</clue>
</event>
<event KT="Analysis" id="E96">
<type class="Correlation"/>
<theme idref="E89"/>
<theme idref="E42"/>
<clue><corefTheme>This</corefTheme> was <clueType><clueKT>associated</clueKT></clueType> <linkTheme>with</linkTheme> a reduction in endothelial MCP-1 secretion and GRO-alpha immobilization.</clue>
</event>
<event KT="Analysis" id="E97">
<type class="Correlation"/>
<theme idref="E90"/>
<theme idref="E42"/>
<clue><corefTheme>This</corefTheme> was <clueType><clueKT>associated</clueKT></clueType> <linkTheme>with</linkTheme> a reduction in endothelial MCP-1 secretion and GRO-alpha immobilization.</clue>
</event>
<event KT="Analysis" id="E41">
<type class="Correlation"/>
<theme idref="E22"/>
<theme idref="E44"/>
<clue><corefTheme>This</corefTheme> was <clueType><clueKT>associated</clueKT></clueType> <linkTheme>with</linkTheme> a reduction in endothelial MCP-1 secretion and GRO-alpha immobilization.</clue>
</event>
<event KT="Analysis" id="E98">
<type class="Correlation"/>
<theme idref="E24"/>
<theme idref="E44"/>
<clue><corefTheme>This</corefTheme> was <clueType><clueKT>associated</clueKT></clueType> <linkTheme>with</linkTheme> a reduction in endothelial MCP-1 secretion and GRO-alpha immobilization.</clue>
</event>
<event KT="Analysis" id="E99">
<type class="Correlation"/>
<theme idref="E25"/>
<theme idref="E44"/>
<clue><corefTheme>This</corefTheme> was <clueType><clueKT>associated</clueKT></clueType> <linkTheme>with</linkTheme> a reduction in endothelial MCP-1 secretion and GRO-alpha immobilization.</clue>
</event>
<event KT="Analysis" id="E100">
<type class="Correlation"/>
<theme idref="E26"/>
<theme idref="E44"/>
<clue><corefTheme>This</corefTheme> was <clueType><clueKT>associated</clueKT></clueType> <linkTheme>with</linkTheme> a reduction in endothelial MCP-1 secretion and GRO-alpha immobilization.</clue>
</event>
<event KT="Analysis" id="E101">
<type class="Correlation"/>
<theme idref="E27"/>
<theme idref="E44"/>
<clue><corefTheme>This</corefTheme> was <clueType><clueKT>associated</clueKT></clueType> <linkTheme>with</linkTheme> a reduction in endothelial MCP-1 secretion and GRO-alpha immobilization.</clue>
</event>
<event KT="Analysis" id="E102">
<type class="Correlation"/>
<theme idref="E36"/>
<theme idref="E44"/>
<clue><corefTheme>This</corefTheme> was <clueType><clueKT>associated</clueKT></clueType> <linkTheme>with</linkTheme> a reduction in endothelial MCP-1 secretion and GRO-alpha immobilization.</clue>
</event>
<event KT="Analysis" id="E103">
<type class="Correlation"/>
<theme idref="E37"/>
<theme idref="E44"/>
<clue><corefTheme>This</corefTheme> was <clueType><clueKT>associated</clueKT></clueType> <linkTheme>with</linkTheme> a reduction in endothelial MCP-1 secretion and GRO-alpha immobilization.</clue>
</event>
<event KT="Analysis" id="E104">
<type class="Correlation"/>
<theme idref="E89"/>
<theme idref="E44"/>
<clue><corefTheme>This</corefTheme> was <clueType><clueKT>associated</clueKT></clueType> <linkTheme>with</linkTheme> a reduction in endothelial MCP-1 secretion and GRO-alpha immobilization.</clue>
</event>
<event KT="Analysis" id="E105">
<type class="Correlation"/>
<theme idref="E90"/>
<theme idref="E44"/>
<clue><corefTheme>This</corefTheme> was <clueType><clueKT>associated</clueKT></clueType> <linkTheme>with</linkTheme> a reduction in endothelial MCP-1 secretion and GRO-alpha immobilization.</clue>
</event>
<event KT="Other" id="E42">
<type class="Negative_regulation"/>
<theme idref="E43"/>
<clue>This was associated with a <clueType>reduction</clueType> <linkTheme>in</linkTheme> endothelial MCP-1 secretion and GRO-alpha immobilization.</clue>
</event>
<event KT="Other" id="E43">
<type class="Localization"/>
<theme idref="T34"/>
<clue>This was associated with a reduction in <clueLoc>endothelial</clueLoc> MCP-1 <clueType>secretion</clueType> and GRO-alpha immobilization.</clue>
</event>
<event KT="Other" Polarity="Negative" assertion="non-exist" id="E44">
<type class="Localization"/>
<theme idref="T36"/>
<clue>This was associated with a reduction in endothelial MCP-1 secretion and GRO-alpha <clueType><cluePolarity>immobilization</cluePolarity></clueType>.</clue>
</event>
<sentence id="S6">Adhesion assays under physiological shear flow conditions showed that firm arrest, spreading, and transmigration of <term id="T37" lex="monocyte" sem="Cell_natural">monocytes</term> on <term id="A16" sem="Cell_cultured"><term id="T38" lex="TNF-alpha" sem="Protein_molecule">TNF-alpha</term>-activated <term id="A9" sem="Cell_natural">endothelium</term></term> was markedly inhibited by <term id="T39" lex="IkappaB-alpha" sem="Protein_molecule">IkappaB-alpha</term> overexpression.</sentence>
<event Manner="High" id="E45">
<type class="Gene_expression"/>
<theme idref="T39"/>
<clue>Adhesion assays under physiological shear flow conditions showed that firm arrest, spreading, and transmigration of monocytes on TNF-alpha-activated endothelium was markedly inhibited by IkappaB-alpha <clueType><clueManner>overexpression</clueManner></clueType>.</clue>
</event>
<event Manner="High" id="E81">
<type class="Positive_regulation"/>
<theme idref="E45"/>
<clue>Adhesion assays under physiological shear flow conditions showed that firm arrest, spreading, and transmigration of monocytes on TNF-alpha-activated endothelium was markedly inhibited by IkappaB-alpha <clueType><clueManner>overexpression</clueManner></clueType>.</clue>
</event>
<event KT="Analysis" Manner="High" id="E46">
<type class="Negative_regulation"/>
<theme idref="E49"/>
<cause idref="E81"/>
<clue><clueExperiment>Adhesion assays under physiological shear flow conditions</clueExperiment> <clueKT>showed</clueKT> that firm arrest, spreading, and transmigration of monocytes on TNF-alpha-activated endothelium was <clueManner>markedly</clueManner> <clueType>inhibited</clueType> <linkCause>by</linkCause> IkappaB-alpha overexpression.</clue>
</event>
<event KT="Analysis" Manner="High" id="E47">
<type class="Negative_regulation"/>
<theme idref="E50"/>
<cause idref="E81"/>
<clue><clueExperiment>Adhesion assays under physiological shear flow conditions</clueExperiment> <clueKT>showed</clueKT> that firm arrest, spreading, and transmigration of monocytes on TNF-alpha-activated endothelium was <clueManner>markedly</clueManner> <clueType>inhibited</clueType> <linkCause>by</linkCause> IkappaB-alpha overexpression.</clue>
</event>
<event KT="Analysis" Manner="High" id="E48">
<type class="Negative_regulation"/>
<theme idref="E51"/>
<cause idref="E81"/>
<clue><clueExperiment>Adhesion assays under physiological shear flow conditions</clueExperiment> <clueKT>showed</clueKT> that firm arrest, spreading, and transmigration of monocytes on TNF-alpha-activated endothelium was <clueManner>markedly</clueManner> <clueType>inhibited</clueType> <linkCause>by</linkCause> IkappaB-alpha overexpression.</clue>
</event>
<event KT="Other" Polarity="Negative" assertion="non-exist" id="E49">
<type class="Cellular_physiological_process"/>
<theme idref="T37"/>
<theme idref="A16"/>
<clue>Adhesion assays under physiological shear flow conditions showed that firm <clueType><cluePolarity>arrest</cluePolarity></clueType>, spreading, and transmigration <linkTheme>of</linkTheme> monocytes <linkTheme>on</linkTheme> TNF-alpha-activated endothelium was markedly inhibited by IkappaB-alpha overexpression.</clue>
</event>
<event KT="Other" id="E50">
<type class="Cellular_physiological_process"/>
<theme idref="T37"/>
<theme idref="A16"/>
<clue>Adhesion assays under physiological shear flow conditions showed that firm arrest, <clueType>spreading</clueType>, and transmigration <linkTheme>of</linkTheme> monocytes on TNF-alpha-activated endothelium was markedly inhibited by IkappaB-alpha overexpression.</clue>
</event>
<event KT="Other" id="E51">
<type class="Cellular_physiological_process"/>
<theme idref="T37"/>
<clue>Adhesion assays under physiological shear flow conditions showed that firm arrest, spreading, and <clueType>transmigration</clueType> <linkTheme>of</linkTheme> monocytes on TNF-alpha-activated endothelium was markedly inhibited by IkappaB-alpha overexpression.</clue>
</event>
<event id="E52">
<type class="Physiological_process"/>
<theme idref="A9"/>
<cause idref="T38"/>
<clue>Adhesion assays under physiological shear flow conditions showed that firm arrest, spreading, and transmigration of monocytes on TNF-alpha-<clueType>activated</clueType> endothelium was markedly inhibited by IkappaB-alpha overexpression.</clue>
</event>
<sentence id="S7">Inhibition with <term id="T40" lex="monoclonal_antibody" sem="Protein_family_or_group">monoclonal antibodies</term> and <term id="A10" sem="Peptide">peptide antagonists</term> inferred that this was due to reduced expression of <term id="A11" sem="Protein_family_or_group">Ig integrin ligand</term> as well as of <term id="T41" lex="chemokine" sem="Protein_family_or_group">chemokines</term> specifically involved in these events.</sentence>
<event id="E53">
<type class="Negative_regulation"/>
<cause idref="T40"/>
<clue><clueType>Inhibition</clueType> <linkCause>with</linkCause> monoclonal antibodies and peptide antagonists inferred that this was due to reduced expression of Ig integrin ligand as well as of chemokines specifically involved in these events.</clue>
<comment>NO THEME</comment></event>
<event id="E54">
<type class="Negative_regulation"/>
<cause idref="A10"/>
<clue><clueType>Inhibition</clueType> <linkCause>with</linkCause> monoclonal antibodies and peptide antagonists inferred that this was due to reduced expression of Ig integrin ligand as well as of chemokines specifically involved in these events.</clue>
<comment>NO THEME</comment></event>
<event KT="Analysis" id="E55">
<type class="Positive_regulation"/>
<theme idref="E46"/>
<cause idref="E57"/>
<clue>Inhibition with monoclonal antibodies and peptide antagonists <clueKT>inferred</clueKT> that <corefTheme>this</corefTheme> was <clueType>due</clueType> <linkCause>to</linkCause> reduced expression of Ig integrin ligand as well as of chemokines specifically involved in these events.</clue>
</event>
<event KT="Analysis" id="E106">
<type class="Positive_regulation"/>
<theme idref="E47"/>
<cause idref="E57"/>
<clue>Inhibition with monoclonal antibodies and peptide antagonists <clueKT>inferred</clueKT> that <corefTheme>this</corefTheme> was <clueType>due</clueType> <linkCause>to</linkCause> reduced expression of Ig integrin ligand as well as of chemokines specifically involved in these events.</clue>
</event>
<event KT="Analysis" id="E107">
<type class="Positive_regulation"/>
<theme idref="E48"/>
<cause idref="E57"/>
<clue>Inhibition with monoclonal antibodies and peptide antagonists <clueKT>inferred</clueKT> that <corefTheme>this</corefTheme> was <clueType>due</clueType> <linkCause>to</linkCause> reduced expression of Ig integrin ligand as well as of chemokines specifically involved in these events.</clue>
</event>
<event KT="Analysis" id="E56">
<type class="Positive_regulation"/>
<theme idref="E46"/>
<cause idref="E58"/>
<clue>Inhibition with monoclonal antibodies and peptide antagonists <clueKT>inferred</clueKT> that <corefTheme>this</corefTheme> was <clueType>due</clueType> <linkCause>to</linkCause> reduced expression of Ig integrin ligand as well as of chemokines specifically involved in these events.</clue>
</event>
<event KT="Analysis" id="E108">
<type class="Positive_regulation"/>
<theme idref="E47"/>
<cause idref="E58"/>
<clue>Inhibition with monoclonal antibodies and peptide antagonists <clueKT>inferred</clueKT> that <corefTheme>this</corefTheme> was <clueType>due</clueType> <linkCause>to</linkCause> reduced expression of Ig integrin ligand as well as of chemokines specifically involved in these events.</clue>
</event>
<event KT="Analysis" id="E109">
<type class="Positive_regulation"/>
<theme idref="E48"/>
<cause idref="E58"/>
<clue>Inhibition with monoclonal antibodies and peptide antagonists <clueKT>inferred</clueKT> that <corefTheme>this</corefTheme> was <clueType>due</clueType> <linkCause>to</linkCause> reduced expression of Ig integrin ligand as well as of chemokines specifically involved in these events.</clue>
</event>
<event id="E57">
<type class="Negative_regulation"/>
<theme idref="E59"/>
<clue>Inhibition with monoclonal antibodies and peptide antagonists inferred that this was due to <clueType>reduced</clueType> expression of Ig integrin ligand as well as of chemokines specifically involved in these events.</clue>
</event>
<event id="E58">
<type class="Negative_regulation"/>
<theme idref="E60"/>
<clue>Inhibition with monoclonal antibodies and peptide antagonists inferred that this was due to <clueType>reduced</clueType> expression of Ig integrin ligand as well as of chemokines specifically involved in these events.</clue>
</event>
<event id="E59">
<type class="Gene_expression"/>
<theme idref="A11"/>
<clue>Inhibition with monoclonal antibodies and peptide antagonists inferred that this was due to reduced <clueType>expression</clueType> <linkTheme>of</linkTheme> Ig integrin ligand as well as of chemokines specifically involved in these events.</clue>
</event>
<event id="E60">
<type class="Gene_expression"/>
<theme idref="T41"/>
<clue>Inhibition with monoclonal antibodies and peptide antagonists inferred that this was due to reduced <clueType>expression</clueType> of Ig integrin ligand as well as <linkTheme>of</linkTheme> chemokines specifically involved in these events.</clue>
</event>
<event KT="Fact" id="E61">
<type class="Regulation"/>
<theme idref="T41"/>
<clue>Inhibition with monoclonal antibodies and peptide antagonists inferred that this was due to reduced expression of Ig integrin ligand as well as of chemokines specifically <clueType>involved</clueType> <linkTheme>in</linkTheme> these events.</clue>
</event>
<sentence id="S8">In contrast, rolling of <term id="T42" lex="monocyte" sem="Cell_natural">monocytes</term> was increased by <term id="T43" lex="IkappaB-alpha" sem="Protein_molecule">IkappaB-alpha</term> transfer and was partly mediated by <term id="T44" lex="P-selectin" sem="Protein_molecule">P-selectin</term>; however, it appeared to be unaffected by the inhibition of <term id="T45" lex="E-selectin" sem="Protein_molecule">E-selectin</term> induction.</sentence>
<event id="E62">
<type class="Cellular_physiological_process"/>
<theme idref="T42"/>
<clue>In contrast, <clueType>rolling</clueType> <linkTheme>of</linkTheme> monocytes was increased by IkappaB-alpha transfer and was partly mediated by P-selectin; however, it appeared to be unaffected by the inhibition of E-selectin induction.</clue>
</event>
<event id="E63">
<type class="Positive_regulation"/>
<theme idref="E62"/>
<cause idref="E15"/>
<clue>In contrast, rolling of monocytes was <clueType>increased</clueType> <linkCause>by</linkCause> IkappaB-alpha transfer and was partly mediated by P-selectin; however, it appeared to be unaffected by the inhibition of E-selectin induction.</clue>
</event>
<event id="E64">
<type class="Gene_expression"/>
<theme idref="T43"/>
<clue>In contrast, rolling of monocytes was increased by IkappaB-alpha <clueType>transfer</clueType> and was partly mediated by P-selectin; however, it appeared to be unaffected by the inhibition of E-selectin induction.</clue>
<comment>ARTIFICIAL</comment></event>
<event id="E15">
<type class="Positive_regulation"/>
<theme idref="E64"/>
<clue>In contrast, rolling of monocytes was increased by IkappaB-alpha <clueType>transfer</clueType> and was partly mediated by P-selectin; however, it appeared to be unaffected by the inhibition of E-selectin induction.</clue>
</event>
<event id="E65">
<type class="Positive_regulation"/>
<theme idref="E62"/>
<cause idref="T44"/>
<clue>In contrast, rolling of monocytes was increased by IkappaB-alpha transfer and was partly <clueType>mediated</clueType> <linkCause>by</linkCause> P-selectin; however, it appeared to be unaffected by the inhibition of E-selectin induction.</clue>
</event>
<event CL="L2" KT="Analysis" Polarity="Negative" assertion="non-exist" id="E66" uncertainty="probable">
<type class="Regulation"/>
<theme idref="E63"/>
<cause idref="E67"/>
<clue>In contrast, rolling of monocytes was increased by IkappaB-alpha transfer and was partly mediated by P-selectin; however, <linkTheme>it</linkTheme> <clueKT><clueCL>appeared</clueCL></clueKT> to be <clueType><cluePolarity>unaffected</cluePolarity></clueType> <linkCause>by</linkCause> the inhibition of E-selectin induction.</clue>
</event>
<event id="E67">
<type class="Negative_regulation"/>
<theme idref="E68"/>
<clue>In contrast, rolling of monocytes was increased by IkappaB-alpha transfer and was partly mediated by P-selectin; however, it appeared to be unaffected by the <clueType>inhibition</clueType> <linkTheme>of</linkTheme> E-selectin induction.</clue>
</event>
<event KT="Other" id="E68">
<type class="Positive_regulation"/>
<theme idref="T45"/>
<clue>In contrast, rolling of monocytes was increased by IkappaB-alpha transfer and was partly mediated by P-selectin; however, it appeared to be unaffected by the inhibition of E-selectin <clueType>induction</clueType>.</clue>
</event>
<sentence id="S9">Thus, our data provide novel evidence that selective modulation of <term id="T46" lex="NF-kappaB" sem="Protein_complex">NF-kappaB</term> by <term id="A14" sem="Virus">adenoviral</term> transfer of <term id="T47" lex="IkappaB-alpha" sem="Protein_molecule">IkappaB-alpha</term> impairs the expression of multiple <term id="T48" lex="endothelial_gene_product" sem="Protein_family_or_group">endothelial gene products</term> required for subsequent <term id="T49" lex="monocyte_arrest" sem="Other"><term id="A12" sem="Cell_natural">monocyte</term> arrest</term> and emigration in shear flow and thus for <term id="T50" lex="monocyte_infiltration" sem="Other"><term id="A13" sem="Cell_natural">monocyte</term> infiltration</term> in <term id="T51" lex="atherosclerotic_plaque" sem="Tissue_natural">atherosclerotic plaques</term>.</sentence>
<event id="E69">
<type class="Positive_regulation"/>
<theme idref="T46"/>
<cause idref="E112"/>
<clue>Thus, our data provide novel evidence that selective <clueType>modulation</clueType> <linkTheme>of</linkTheme> NF-kappaB <linkCause>by</linkCause> adenoviral transfer of IkappaB-alpha impairs the expression of multiple endothelial gene products required for subsequent monocyte arrest and emigration in shear flow and thus for monocyte infiltration in atherosclerotic plaques.</clue>
</event>
<event id="E70">
<type class="Gene_expression"/>
<theme idref="T47"/>
<clue>Thus, our data provide novel evidence that selective modulation of NF-kappaB by <clueExperiment>adenoviral</clueExperiment> <clueType>transfer</clueType> <linkTheme>of</linkTheme> IkappaB-alpha impairs the expression of multiple endothelial gene products required for subsequent monocyte arrest and emigration in shear flow and thus for monocyte infiltration in atherosclerotic plaques.</clue>
<comment>ARTIFICIAL</comment></event>
<event id="E112">
<type class="Positive_regulation"/>
<theme idref="E70"/>
<clue>Thus, our data provide novel evidence that selective modulation of NF-kappaB by <clueExperiment>adenoviral</clueExperiment> <clueType>transfer</clueType> of IkappaB-alpha impairs the expression of multiple endothelial gene products required for subsequent monocyte arrest and emigration in shear flow and thus for monocyte infiltration in atherosclerotic plaques.</clue>
</event>
<event CL="L2" KT="Analysis" id="E71">
<type class="Negative_regulation"/>
<theme idref="E72"/>
<cause idref="E69"/>
<clue><clueKT>Thus</clueKT>, our data provide novel <clueKT><clueCL>evidence</clueCL></clueKT> that selective modulation of NF-kappaB by adenoviral transfer of IkappaB-alpha <clueType>impairs</clueType> the expression of multiple endothelial gene products required for subsequent monocyte arrest and emigration in shear flow and thus for monocyte infiltration in atherosclerotic plaques.</clue>
</event>
<event KT="Other" id="E72">
<type class="Gene_expression"/>
<theme idref="T48"/>
<clue>Thus, our data provide novel evidence that selective modulation of NF-kappaB by adenoviral transfer of IkappaB-alpha impairs the <clueType>expression</clueType> <linkTheme>of</linkTheme> multiple endothelial gene products required for subsequent monocyte arrest and emigration in shear flow and thus for monocyte infiltration in atherosclerotic plaques.</clue>
</event>
<event id="E73">
<type class="Positive_regulation"/>
<theme idref="E76"/>
<cause idref="T48"/>
<clue>Thus, our data provide novel evidence that selective modulation of NF-kappaB by adenoviral transfer of IkappaB-alpha impairs the expression of multiple endothelial gene products <clueType>required</clueType> <linkTheme>for</linkTheme> subsequent monocyte arrest and emigration in shear flow and thus for monocyte infiltration in atherosclerotic plaques.</clue>
</event>
<event id="E74">
<type class="Positive_regulation"/>
<theme idref="E77"/>
<cause idref="T48"/>
<clue>Thus, our data provide novel evidence that selective modulation of NF-kappaB by adenoviral transfer of IkappaB-alpha impairs the expression of multiple endothelial gene products <clueType>required</clueType> <linkTheme>for</linkTheme> subsequent monocyte arrest and emigration in shear flow and thus for monocyte infiltration in atherosclerotic plaques.</clue>
</event>
<event KT="Analysis" id="E75">
<type class="Positive_regulation"/>
<theme idref="E78"/>
<cause idref="T48"/>
<clue>Thus, our data provide novel evidence that selective modulation of NF-kappaB by adenoviral transfer of IkappaB-alpha impairs the expression of multiple endothelial gene products <clueType>required</clueType> <linkTheme>for</linkTheme> subsequent monocyte arrest and emigration in shear flow and <clueKT>thus</clueKT> for monocyte infiltration in atherosclerotic plaques.</clue>
</event>
<event id="E76">
<type class="Cellular_physiological_process"/>
<theme idref="A12"/>
<clue>Thus, our data provide novel evidence that selective modulation of NF-kappaB by adenoviral transfer of IkappaB-alpha impairs the expression of multiple endothelial gene products required for <clueTime>subsequent</clueTime> monocyte <clueType>arrest</clueType> and emigration in shear flow and thus for monocyte infiltration in atherosclerotic plaques.</clue>
</event>
<event id="E77">
<type class="Cellular_physiological_process"/>
<theme idref="A12"/>
<clue>Thus, our data provide novel evidence that selective modulation of NF-kappaB by adenoviral transfer of IkappaB-alpha impairs the expression of multiple endothelial gene products required for subsequent monocyte arrest and <clueType>emigration</clueType> <clueLoc>in shear flow</clueLoc> and thus for monocyte infiltration in atherosclerotic plaques.</clue>
</event>
<event KT="Other" id="E78">
<type class="Cellular_physiological_process"/>
<theme idref="A13"/>
<clue>Thus, our data provide novel evidence that selective modulation of NF-kappaB by adenoviral transfer of IkappaB-alpha impairs the expression of multiple endothelial gene products required for subsequent monocyte arrest and emigration in shear flow and thus for monocyte <clueType>infiltration</clueType> <clueLoc>in atherosclerotic plaques</clueLoc>.</clue>
</event>
</AbstractText>
</Abstract></Article></MedlineCitation></PubmedArticle></PubmedArticleSet></Annotation>
