<?xml version='1.0'?><!DOCTYPE Annotation PUBLIC "//GENIA//DTD GENIA ANNOTATION EVENT 2.0//EN_Modified" "../ModifiedGENIAtypes/Modified_GENIA_event_20.dtd"><Annotation annotates="http://www.ncbi.nlm.nih.gov/entrez/eutils/efetch.fcgi?db=pubmed&amp;retmode=xml&amp;rettype=medline&amp;id=10358756" created="01/11/2006" creator="Noriko Katsu"><PubmedArticleSet><PubmedArticle><MedlineCitation>
<PMID>10358756</PMID>
<Article>
<ArticleTitle>
<sentence id="S1"><term id="T1" lex="transcriptional_regulation" sem="Other">Transcriptional regulation</term> of <term id="T2" lex="T_lymphocyte_development" sem="Other"><term id="A2" sem="Cell_natural">T lymphocyte</term> development</term> and function.</sentence>
<event KT="Investigation" id="E1">
<type class="Regulation"/>
<theme idref="E3"/>
<clue><clueType>Transcriptional regulation</clueType> <linkTheme>of</linkTheme> T lymphocyte development and function.</clue>
</event>
<event KT="Investigation" id="E2">
<type class="Regulation"/>
<theme idref="E4"/>
<clue><clueType>Transcriptional regulation</clueType> <linkTheme>of</linkTheme> T lymphocyte development and function.</clue>
</event>
<event KT="Other" id="E3">
<type class="Cell_differentiation"/>
<theme idref="A2"/>
<clue>Transcriptional regulation of T lymphocyte <clueType>development</clueType> and function.</clue>
</event>
<event KT="Other" id="E4">
<type class="Physiological_process"/>
<theme idref="A2"/>
<clue>Transcriptional regulation of T lymphocyte development and <clueType>function</clueType>.</clue>
</event>
</ArticleTitle>
<Abstract>
<AbstractText>
<sentence id="S2">The development and function of <term id="T3" lex="T_lymphocyte" sem="Cell_natural">T lymphocytes</term> are regulated tightly by <term id="T4" lex="signal_transduction_pathway" sem="Other">signal transduction pathways</term> that include specific <term id="T5" lex="cell-surface_receptor" sem="Protein_family_or_group">cell-surface receptors</term>, <term id="T6" lex="intracellular_signaling_molecule" sem="Protein_family_or_group">intracellular signaling molecules</term>, and <term id="T7" lex="nuclear_transcription_factor" sem="Protein_family_or_group">nuclear transcription factors</term>.</sentence>
<event KT="Other" id="E5">
<type class="Cell_differentiation"/>
<theme idref="T3"/>
<clue>The <clueType>development</clueType> and function <linkTheme>of</linkTheme> T lymphocytes are regulated tightly by signal transduction pathways that include specific cell-surface receptors, intracellular signaling molecules, and nuclear transcription factors.</clue>
</event>
<event KT="Other" id="E6">
<type class="Physiological_process"/>
<theme idref="T3"/>
<clue>The development and <clueType>function</clueType> <linkTheme>of</linkTheme> T lymphocytes are regulated tightly by signal transduction pathways that include specific cell-surface receptors, intracellular signaling molecules, and nuclear transcription factors.</clue>
</event>
<event KT="Fact" Manner="High" id="E7">
<type class="Regulation"/>
<theme idref="E13"/>
<cause idref="E5"/>
<clue>The development and function of T lymphocytes are <clueType>regulated</clueType> <clueManner>tightly</clueManner> <linkCause>by</linkCause> signal transduction pathways that include specific cell-surface receptors, intracellular signaling molecules, and nuclear transcription factors.</clue>
</event>
<event KT="Fact" Manner="High" id="E8">
<type class="Regulation"/>
<theme idref="E14"/>
<cause idref="E5"/>
<clue>The development and function of T lymphocytes are <clueType>regulated</clueType> <clueManner>tightly</clueManner> <linkCause>by</linkCause> signal transduction pathways that include specific cell-surface receptors, intracellular signaling molecules, and nuclear transcription factors.</clue>
</event>
<event KT="Fact" Manner="High" id="E9">
<type class="Regulation"/>
<theme idref="E15"/>
<cause idref="E5"/>
<clue>The development and function of T lymphocytes are <clueType>regulated</clueType> <clueManner>tightly</clueManner> <linkCause>by</linkCause> signal transduction pathways that include specific cell-surface receptors, intracellular signaling molecules, and nuclear transcription factors.</clue>
</event>
<event KT="Fact" Manner="High" id="E10">
<type class="Regulation"/>
<theme idref="E13"/>
<cause idref="E6"/>
<clue>The development and function of T lymphocytes are <clueType>regulated</clueType> <clueManner>tightly</clueManner> <linkCause>by</linkCause> signal transduction pathways that include specific cell-surface receptors, intracellular signaling molecules, and nuclear transcription factors.</clue>
</event>
<event KT="Fact" Manner="High" id="E11">
<type class="Regulation"/>
<theme idref="E14"/>
<cause idref="E6"/>
<clue>The development and function of T lymphocytes are <clueType>regulated</clueType> <clueManner>tightly</clueManner> <linkCause>by</linkCause> signal transduction pathways that include specific cell-surface receptors, intracellular signaling molecules, and nuclear transcription factors.</clue>
</event>
<event KT="Fact" Manner="High" id="E12">
<type class="Regulation"/>
<theme idref="E15"/>
<cause idref="E6"/>
<clue>The development and function of T lymphocytes are <clueType>regulated</clueType> <clueManner>tightly</clueManner> <linkCause>by</linkCause> signal transduction pathways that include specific cell-surface receptors, intracellular signaling molecules, and nuclear transcription factors.</clue>
</event>
<event KT="Other" id="E13">
<type class="Cell_communication"/>
<theme idref="T5"/>
<clue>The development and function of T lymphocytes are regulated tightly by <clueType>signal transduction</clueType> pathways that <linkCause>include</linkCause> specific cell-surface receptors, intracellular signaling molecules, and nuclear transcription factors.</clue>
</event>
<event KT="Other" id="E14">
<type class="Cell_communication"/>
<theme idref="T6"/>
<clue>The development and function of T lymphocytes are regulated tightly by <clueType>signal transduction</clueType> pathways that <linkCause>include</linkCause> specific cell-surface receptors, intracellular signaling molecules, and nuclear transcription factors.</clue>
</event>
<event KT="Other" id="E15">
<type class="Cell_communication"/>
<theme idref="T7"/>
<clue>The development and function of T lymphocytes are regulated tightly by <clueType>signal transduction</clueType> pathways that <linkCause>include</linkCause> specific cell-surface receptors, intracellular signaling molecules, and nuclear transcription factors.</clue>
</event>
<sentence id="S3">Since 1988, several families of functionally important <term id="T8" lex="T_cell_transcription_factor" sem="Protein_family_or_group">T cell transcription factors</term> have been identified.</sentence>
<sentence id="S4">These include the <term id="T9" lex="Ikaros" sem="Protein_molecule">Ikaros</term>, <term id="T10" lex="LKLF" sem="Protein_molecule">LKLF</term>, and <term id="T11" lex="GATA3_zinc-finger_protein" sem="Protein_family_or_group">GATA3 zinc-finger proteins</term>; the <term id="T12" lex="Ets" sem="Protein_family_or_group">Ets</term>, <term id="T13" lex="CREB/ATF" sem="Protein_molecule">CREB/ATF</term>, and <term id="T14" lex="NF-kappa_B/Rel/NFAT_transcription_factor" sem="Protein_family_or_group">NF-kappa B/Rel/NFAT transcription factors</term>; the <term id="T15" lex="Stat_protein" sem="Protein_family_or_group">Stat proteins</term>; and <term id="T16" lex="HMG_box_transcription_factor" sem="Protein_family_or_group">HMG box transcription factors</term> such as <term id="T17" lex="LEF1" sem="Protein_molecule">LEF1</term>, <term id="T18" lex="TCF1" sem="Protein_molecule">TCF1</term>, and <term id="T19" lex="Sox4" sem="Protein_molecule">Sox4</term>.</sentence>
<sentence id="S5">In this review, we summarize our current understanding of the <term id="T20" lex="transcriptional_regulation" sem="Other">transcriptional regulation</term> of <term id="T21" lex="T_cell_development" sem="Other"><term id="A4" sem="Cell_natural">T cell</term> development</term> and <term id="T22" lex="T_cell_function" sem="Other">function</term> with particular emphasis on the results of recent <cons id="T23" lex="(AND gene_targeting_experiment transgenic_experiment)" sem="(AND Other Other)"><frag id="F1">gene targeting</frag> and <frag id="F2">transgenic</frag> <frag id="F3">experiments</frag></cons>.</sentence>
<event KT="Analysis" id="E16">
<type class="Regulation"/>
<theme idref="E18"/>
<clue>In this review, we <clueKT>summarize</clueKT> our current <clueKT>understanding</clueKT> of the <clueType>transcriptional regulation</clueType> <linkTheme>of</linkTheme> T cell development and function with particular emphasis on the results of recent <clueExperiment>gene targeting and transgenic experiments</clueExperiment>.</clue>
</event>
<event KT="Analysis" id="E17">
<type class="Regulation"/>
<theme idref="E19"/>
<clue>In this review, we <clueKT>summarize</clueKT> our current <clueKT>understanding</clueKT> of the <clueType>transcriptional regulation</clueType> <linkTheme>of</linkTheme> T cell development and function with particular emphasis on the results of recent <clueExperiment>gene targeting and transgenic experiments</clueExperiment>.</clue>
</event>
<event KT="Other" id="E18">
<type class="Cell_differentiation"/>
<theme idref="A4"/>
<clue>In this review, we summarize our current understanding of the transcriptional regulation of T cell <clueType>development</clueType> and function with particular emphasis on the results of recent gene targeting and transgenic experiments.</clue>
</event>
<event KT="Other" id="E19">
<type class="Physiological_process"/>
<theme idref="A4"/>
<clue>In this review, we summarize our current understanding of the transcriptional regulation of T cell development and <clueType>function</clueType> with particular emphasis on the results of recent gene targeting and transgenic experiments.</clue>
</event>
<sentence id="S6">In addition to increasing our understanding of the <term id="T24" lex="molecular_pathway" sem="Other">molecular pathways</term> that regulate <term id="T25" lex="T_cell_development" sem="Other"><term id="A5" sem="Cell_natural">T cell</term> development</term> and <term id="T26" lex="T_cell_function" sem="Other">function</term>, these results have suggested novel targets for <cons id="T27" lex="(AND genetic__manipulation pharmacological_manipulation)" sem="(AND Other Other)"><frag id="F4">genetic</frag> and <frag id="F5">pharmacological</frag> <frag id="F6">manipulation</frag></cons> of <term id="T28" lex="T_cell_immunity" sem="Other">T cell immunity</term>.</sentence>
<event KT="Fact" id="E20">
<type class="Regulation"/>
<theme idref="E22"/>
<cause idref="T24"/>
<clue>In addition to increasing our understanding of the molecular pathways that <clueType>regulate</clueType> T cell development and function, these results have suggested novel targets for genetic and pharmacological manipulation of T cell immunity.</clue>
</event>
<event KT="Fact" id="E21">
<type class="Regulation"/>
<theme idref="E23"/>
<cause idref="T24"/>
<clue>In addition to increasing our understanding of the molecular pathways that <clueType>regulate</clueType> T cell development and function, these results have suggested novel targets for genetic and pharmacological manipulation of T cell immunity.</clue>
</event>
<event KT="Other" id="E22">
<type class="Cell_differentiation"/>
<theme idref="A5"/>
<clue>In addition to increasing our understanding of the molecular pathways that regulate T cell <clueType>development</clueType> and function, these results have suggested novel targets for genetic and pharmacological manipulation of T cell immunity.</clue>
</event>
<event KT="Other" id="E23">
<type class="Physiological_process"/>
<theme idref="A5"/>
<clue>In addition to increasing our understanding of the molecular pathways that regulate T cell development and <clueType>function</clueType>, these results have suggested novel targets for genetic and pharmacological manipulation of T cell immunity.</clue>
</event>
<event CL="L2" KT="Analysis" id="E24" uncertainty="probable">
<type class="Regulation"/>
<theme idref="E16"/>
<cause idref="T28"/>
<clue>In addition to increasing our understanding of the molecular pathways that regulate T cell development and function, <corefTheme>these results</corefTheme> have <clueKT><clueCL>suggested</clueCL></clueKT> novel <clueType>targets</clueType> <linkCause>for</linkCause> genetic and pharmacological manipulation of T cell immunity.</clue>
</event>
<event CL="L2" KT="Analysis" id="E25" uncertainty="probable">
<type class="Regulation"/>
<theme idref="E17"/>
<cause idref="T28"/>
<clue>In addition to increasing our understanding of the molecular pathways that regulate T cell development and function, <corefTheme>these results</corefTheme> have <clueKT><clueCL>suggested</clueCL></clueKT> novel <clueType>targets</clueType> <linkCause>for</linkCause> genetic and pharmacological manipulation of T cell immunity.</clue>
</event>
</AbstractText>
</Abstract></Article></MedlineCitation></PubmedArticle></PubmedArticleSet></Annotation>
