<?xml version='1.0'?><!DOCTYPE Annotation PUBLIC "//GENIA//DTD GENIA ANNOTATION EVENT 2.0//EN_Modified" "../ModifiedGENIAtypes/Modified_GENIA_event_20.dtd"><Annotation annotates="http://www.ncbi.nlm.nih.gov/entrez/eutils/efetch.fcgi?db=pubmed&amp;retmode=xml&amp;rettype=medline&amp;id=10358173" created="27/01/2007" creator="Junko Matsuura"><PubmedArticleSet><PubmedArticle><MedlineCitation>
<PMID>10358173</PMID>
<Article>
<ArticleTitle>
<sentence id="S1"><term id="T1" lex="IL-12" sem="Protein_molecule">IL-12</term> induces <term id="T2" lex="IFN_regulating_factor-1_(IRF-1)" sem="Protein_molecule">IFN regulating factor-1 (<term id="T3" lex="IRF-1" sem="Protein_molecule">IRF-1</term>)</term> gene expression in human <term id="T4" lex="NK" sem="Cell_natural">NK</term> and <term id="T5" lex="T_cell" sem="Cell_natural">T cells</term>.</sentence>
<event id="E1">
<type class="Gene_expression"/>
<theme idref="T3"/>
<clue>IL-12 induces IFN regulating factor-1 (IRF-1) gene <clueType>expression</clueType> in human NK and T cells.</clue>
</event>
<event id="E300">
<type class="Positive_regulation"/>
<theme idref="E1"/>
<cause idref="T1"/>
<clue>IL-12 <clueType>induces</clueType> IFN regulating factor-1 (IRF-1) gene expression <clueLoc>in human NK</clueLoc> and T <clueLoc>cells</clueLoc>.</clue>
</event>
<event id="E301">
<type class="Positive_regulation"/>
<theme idref="E1"/>
<cause idref="T1"/>
<clue>IL-12 <clueType>induces</clueType> IFN regulating factor-1 (IRF-1) gene expression <clueLoc>in human</clueLoc> NK and <clueLoc>T cells</clueLoc>.</clue>
</event>
</ArticleTitle>
<Abstract>
<AbstractText>
<sentence id="S2"><term id="T6" lex="IL-12" sem="Protein_molecule">IL-12</term> is a <term id="T7" lex="critical_immunoregulatory_cytokine" sem="Protein_family_or_group">critical immunoregulatory cytokine</term> that promotes <term id="T8" lex="cell-mediated_immune_response" sem="Other"><term id="A1" sem="Unicellular_organism">cell</term>-mediated <term id="A2" sem="Other">immune responses</term></term> and the differentiation of naive <term id="T9" lex="CD4+_cell" sem="Cell_natural">CD4+ cells</term> to <term id="T10" lex="Th1_cell" sem="Cell_natural">Th1 cells</term>; however, relatively few <term id="T11" lex="IL-12" sem="Protein_molecule">IL-12</term> target genes have been identified.</sentence>
<event KT="Fact" id="E3">
<type class="Positive_regulation"/>
<theme idref="T8"/>
<cause idref="T6"/>
<clue>IL-12 is a critical immunoregulatory cytokine that <clueType>promotes</clueType> cell-mediated immune responses and the differentiation of naive CD4+ cells to Th1 cells; however, relatively few IL-12 target genes have been identified.</clue>
</event>
<event KT="Other" id="E4">
<type class="Positive_regulation"/>
<theme idref="A2"/>
<cause idref="A1"/>
<clue>IL-12 is a critical immunoregulatory cytokine that promotes cell-<clueType>mediated</clueType> immune responses and the differentiation of naive CD4+ cells to Th1 cells; however, relatively few IL-12 target genes have been identified.</clue>
</event>
<event KT="Other" id="E5">
<type class="Cell_differentiation"/>
<theme idref="T9"/>
<theme idref="T10"/>
<clue>IL-12 is a critical immunoregulatory cytokine that promotes cell-mediated immune responses and the <clueType>differentiation</clueType> <linkTheme>of</linkTheme> naive CD4+ cells <linkTheme>to</linkTheme> Th1 cells; however, relatively few IL-12 target genes have been identified.</clue>
</event>
<event KT="Fact" id="E6">
<type class="Positive_regulation"/>
<theme idref="E5"/>
<cause idref="T6"/>
<clue>IL-12 is a critical immunoregulatory cytokine that <clueType>promotes</clueType> cell-mediated immune responses and the differentiation of naive CD4+ cells to Th1 cells; however, relatively few IL-12 target genes have been identified.</clue>
</event>
<sentence id="S3">To better clarify the molecular basis of <term id="T12" lex="IL-12" sem="Protein_molecule">IL-12</term> action, we set out to characterize <term id="A3" sem="DNA_domain_or_region">genes</term> up-regulated by <term id="T13" lex="IL-12" sem="Protein_molecule">IL-12</term>, first by contrasting <term id="T14" lex="IL-12-inducible_gene" sem="DNA_family_or_group"><term id="T15" lex="IL-12" sem="Protein_molecule">IL-12</term></term>- and <term id="T16" lex="IFN-alpha-inducible_gene" sem="DNA_family_or_group"><term id="A4" sem="Protein_molecule"><term id="T17" lex="IFN" sem="Protein_family_or_group">IFN</term>-alpha</term>-inducible <term id="A5" sem="DNA_domain_or_region">genes</term></term>.</sentence>
<event KT="Investigation" id="E7" uncertainty="doubtful">
<type class="Positive_regulation"/>
<theme idref="A3"/>
<cause idref="T13"/>
<clue>To better clarify the molecular basis of IL-12 action, we set out <clueKT>to characterize</clueKT> genes <clueType>up-regulated</clueType> <linkCause>by</linkCause> IL-12, first <clueExperiment>by contrasting IL-12- and IFN-alpha-inducible genes.</clueExperiment></clue>
</event>
<event id="E8">
<type class="Positive_regulation"/>
<theme idref="A5"/>
<cause idref="T15"/>
<clue>To better clarify the molecular basis of IL-12 action, we set out to characterize genes up-regulated by IL-12, first by contrasting IL-12- and IFN-alpha-<clueType>inducible</clueType> genes.</clue>
</event>
<event id="E9">
<type class="Positive_regulation"/>
<theme idref="A5"/>
<cause idref="A4"/>
<clue>To better clarify the molecular basis of IL-12 action, we set out to characterize genes up-regulated by IL-12, first by contrasting IL-12- and IFN-alpha-<clueType>inducible</clueType> genes.</clue>
</event>
<sentence id="S4">We identified several genes up-regulated by <term id="T18" lex="IL-12" sem="Protein_molecule">IL-12</term>, namely, <term id="T19" lex="MIP-1alpha" sem="Protein_molecule">MIP-1alpha</term>, <term id="T20" lex="MIP-1beta" sem="Protein_molecule">MIP-1beta</term>, <term id="T21" lex="IL-1RA" sem="Protein_molecule">IL-1RA</term>, and <term id="T22" lex="IFN_regulatory_factor-1_(IRF-1)" sem="Protein_molecule">IFN regulatory factor-1 (<term id="T23" lex="IRF-1" sem="Protein_molecule">IRF-1</term>)</term>.</sentence>
<event KT="Analysis" id="E10">
<type class="Positive_regulation"/>
<theme idref="T19"/>
<cause idref="T18"/>
<clue>We <clueKT>identified</clueKT> several genes <clueType>up-regulated</clueType> <linkCause>by</linkCause> IL-12, namely, MIP-1alpha, MIP-1beta, IL-1RA, and IFN regulatory factor-1 (IRF-1).</clue>
</event>
<event KT="Analysis" id="E11">
<type class="Positive_regulation"/>
<theme idref="T20"/>
<cause idref="T18"/>
<clue>We <clueKT>identified</clueKT> several genes <clueType>up-regulated</clueType> <linkCause>by</linkCause> IL-12, namely, MIP-1alpha, MIP-1beta, IL-1RA, and IFN regulatory factor-1 (IRF-1).</clue>
</event>
<event KT="Analysis" id="E12">
<type class="Positive_regulation"/>
<theme idref="T21"/>
<cause idref="T18"/>
<clue>We <clueKT>identified</clueKT> several genes <clueType>up-regulated</clueType> <linkCause>by</linkCause> IL-12, namely, MIP-1alpha, MIP-1beta, IL-1RA, and IFN regulatory factor-1 (IRF-1).</clue>
</event>
<event KT="Analysis" id="E13">
<type class="Positive_regulation"/>
<theme idref="T23"/>
<cause idref="T18"/>
<clue>We <clueKT>identified</clueKT> several genes <clueType>up-regulated</clueType> <linkCause>by</linkCause> IL-12, namely, MIP-1alpha, MIP-1beta, IL-1RA, and IFN regulatory factor-1 (IRF-1).</clue>
</event>
<sentence id="S5"><term id="T24" lex="IRF-1" sem="Protein_molecule">IRF-1</term> is a <term id="T25" lex="transcription_factor" sem="Protein_family_or_group">transcription factor</term> regulated by <term id="T26" lex="IFN" sem="Protein_family_or_group">IFNs</term> that is also essential for <term id="T27" lex="Th1_response" sem="Other"><term id="T28" lex="Th1" sem="Cell_natural">Th1</term> responses</term>.</sentence>
<event KT="Fact" id="E14">
<type class="Regulation"/>
<theme idref="T24"/>
<cause idref="T26"/>
<clue>IRF-1 is a transcription factor <clueType>regulated</clueType> <linkCause>by</linkCause> IFNs that is also essential for Th1 responses.</clue>
</event>
<event KT="Fact" id="E15">
<type class="Positive_regulation"/>
<theme idref="T27"/>
<cause idref="T24"/>
<clue>IRF-1 is a transcription factor regulated by IFNs that is also <clueType>essential</clueType> <linkTheme>for</linkTheme> Th1 responses.</clue>
</event>
<sentence id="S6">We demonstrated that <term id="T29" lex="IL-12" sem="Protein_molecule">IL-12</term> directly up-regulates <term id="T31" lex="IRF-1" sem="Protein_molecule">IRF-1</term> to the same extent as <term id="T32" lex="IFN-alpha" sem="Protein_molecule">IFN-alpha</term> in normal human <term id="T33" lex="T_cell" sem="Cell_natural">T cells</term> and in <term id="T34" lex="NK_cell" sem="Cell_natural">NK cells</term>.</sentence>
<event KT="Analysis" id="E310">
<type class="Positive_regulation"/>
<theme idref="T31"/>
<cause idref="T29"/>
<clue>We <clueKT>demonstrated</clueKT> that IL-12 directly <clueType>up-regulates</clueType> IRF-1 to the same extent as IFN-alpha <clueLoc>in normal human T cells</clueLoc> and in NK cells.</clue>
</event>
<event KT="Analysis" id="E311">
<type class="Positive_regulation"/>
<theme idref="T31"/>
<cause idref="T29"/>
<clue>We <clueKT>demonstrated</clueKT> that IL-12 directly <clueType>up-regulates</clueType> IRF-1 to the same extent as IFN-alpha in normal human T cells and <clueLoc>in NK cells</clueLoc>.</clue>
</event>
<event KT="Analysis" id="E312">
<type class="Positive_regulation"/>
<theme idref="T31"/>
<cause idref="T32"/>
<clue>We <clueKT>demonstrated</clueKT> that IL-12 directly <clueType>up-regulates</clueType> IRF-1 to the same extent as IFN-alpha <clueLoc>in normal human T cells</clueLoc> and in NK cells.</clue>
</event>
<event KT="Analysis" id="E313">
<type class="Positive_regulation"/>
<theme idref="T31"/>
<cause idref="T32"/>
<clue>We <clueKT>demonstrated</clueKT> that IL-12 directly <clueType>up-regulates</clueType> IRF-1 to the same extent as IFN-alpha in normal human T cells and <clueLoc>in NK cells</clueLoc>.</clue>
</event>
<sentence id="S7">We showed that <term id="T35" lex="IL-12" sem="Protein_molecule">IL-12</term> had a direct effect on <term id="T36" lex="IRF-1" sem="Protein_molecule">IRF-1</term>, an effect not mediated indirectly by the induction of <term id="T37" lex="IFN-gamma_production" sem="Other"><term id="T38" lex="IFN-gamma" sem="Protein_molecule">IFN-gamma</term> production</term>.</sentence>
<event KT="Analysis" id="E18">
<type class="Regulation"/>
<theme idref="T36"/>
<cause idref="T35"/>
<clue>We <clueKT>showed</clueKT> that IL-12 had a direct <clueType>effect</clueType> <linkTheme>on</linkTheme> IRF-1, an effect not mediated indirectly by the induction of IFN-gamma production.</clue>
</event>
<event KT="Other" id="E19">
<type class="Gene_expression"/>
<theme idref="T38"/>
<clue>We showed that IL-12 had a direct effect on IRF-1, an effect not mediated indirectly by the induction of IFN-gamma <clueType>production</clueType>.</clue>
</event>
<event KT="Other" id="E20">
<type class="Positive_regulation"/>
<theme idref="E19"/>
<clue>We showed that IL-12 had a direct effect on IRF-1, an effect not mediated indirectly by the <clueType>induction</clueType> <linkTheme>of</linkTheme> IFN-gamma production.</clue>
</event>
<event KT="Analysis" Polarity="Negative" assertion="non-exist" id="E21">
<type class="Positive_regulation"/>
<theme idref="E18"/>
<cause idref="E20"/>
<clue>We <clueKT>showed</clueKT> that IL-12 had a direct effect on IRF-1, an <corefTheme>effect</corefTheme> <cluePolarity>not</cluePolarity> <clueType>mediated</clueType> indirectly <linkCause>by</linkCause> the induction of IFN-gamma production.</clue>
</event>
<sentence id="S8">Furthermore, <term id="T39" lex="IL-2" sem="Protein_molecule">IL-2</term> and <term id="T40" lex="IL-12" sem="Protein_molecule">IL-12</term> synergistically induced <term id="T41" lex="IRF-1" sem="Protein_molecule">IRF-1</term>, whereas <term id="T42" lex="IFN-alpha" sem="Protein_molecule">IFN-alpha</term> and <term id="T43" lex="IL-12" sem="Protein_molecule">IL-12</term> did not.</sentence>
<event id="E22">
<type class="Positive_regulation"/>
<theme idref="T41"/>
<cause idref="T39"/>
<cause idref="T40"/>
<clue>Furthermore, IL-2 and IL-12 <clueType>synergistically induced</clueType> IRF-1, whereas IFN-alpha and IL-12 did not.</clue>
</event>
<event Polarity="Negative" assertion="non-exist" id="E23">
<type class="Positive_regulation"/>
<theme idref="T41"/>
<cause idref="T42"/>
<cause idref="T43"/>
<clue>Furthermore, IL-2 and IL-12 <clueType>synergistically induced</clueType> IRF-1, whereas IFN-alpha and IL-12 did <cluePolarity>not</cluePolarity>.</clue>
</event>
<sentence id="S9">The participation of <term id="T44" lex="STAT4" sem="Protein_molecule">STAT4</term> in the regulation of <term id="T45" lex="IRF-1" sem="Protein_molecule">IRF-1</term> was demonstrated in two ways.</sentence>
<event KT="Other" id="E24">
<type class="Regulation"/>
<theme idref="T45"/>
<clue>The participation of STAT4 in the <clueType>regulation</clueType> <linkTheme>of</linkTheme> IRF-1 was demonstrated in two ways.</clue>
</event>
<event KT="Analysis" id="E25">
<type class="Regulation"/>
<theme idref="E24"/>
<cause idref="T44"/>
<clue>The <clueType>participation</clueType> <linkCause>of</linkCause> STAT4 <linkTheme>in</linkTheme> the regulation of IRF-1 was <clueKT>demonstrated</clueKT> in two ways.</clue>
</event>
<sentence id="S10">First, <term id="T46" lex="STAT4" sem="Protein_molecule">STAT4</term> was required for the <term id="T47" lex="IL-12-dependent_transactivation" sem="Other"><term id="T48" lex="IL-12" sem="Protein_molecule">IL-12</term>-dependent transactivation</term> of an <term id="T49" lex="IRF-1_reporter_construct" sem="DNA_molecule"><term id="T50" lex="IRF-1" sem="Protein_molecule">IRF-1</term> reporter construct</term>, and second, <term id="T51" lex="STAT4" sem="Protein_molecule">STAT4</term> binding to the <term id="T52" lex="IRF-1_promoter" sem="DNA_domain_or_region"><term id="T53" lex="IRF-1" sem="Protein_molecule">IRF-1</term> promoter</term> was shown using <term id="T54" lex="EMSA" sem="Other">EMSA</term>.</sentence>
<event id="E26">
<type class="Positive_regulation"/>
<theme idref="T49"/>
<cause idref="T48"/>
<clue>First, STAT4 was required for the IL-12-<linkCause>dependent</linkCause> <clueType>transactivation</clueType> <linkTheme>of</linkTheme> an IRF-1 reporter construct, and second, STAT4 binding to the IRF-1 promoter was shown using EMSA.</clue>
</event>
<event id="E27">
<type class="Positive_regulation"/>
<theme idref="E26"/>
<cause idref="T46"/>
<clue>First, STAT4 was <clueType>required</clueType> <linkTheme>for</linkTheme> the IL-12-dependent transactivation of an IRF-1 reporter construct, and second, STAT4 binding to the IRF-1 promoter was shown using EMSA.</clue>
</event>
<event KT="Analysis" id="E28">
<type class="Binding"/>
<theme idref="T51"/>
<theme idref="T52"/>
<clue>First, STAT4 was required for the IL-12-dependent transactivation of an IRF-1 reporter construct, and second, STAT4 <clueType>binding</clueType> <linkTheme>to</linkTheme> the IRF-1 promoter was <clueKT>shown</clueKT> <clueExperiment>using EMSA</clueExperiment>.</clue>
</event>
<sentence id="S11">In contrast to <term id="T55" lex="IL-12" sem="Protein_molecule">IL-12</term>, no <term id="T56" lex="up-regulation" sem="Other">up-regulation</term> of <term id="T57" lex="IRF-1" sem="Protein_molecule">IRF-1</term> was found in <term id="T58" lex="IL-4-stimulated_cell" sem="Cell_cultured"><term id="T59" lex="IL-4" sem="Protein_molecule">IL-4</term>-stimulated cells</term>, and <term id="T60" lex="IL-4" sem="Protein_molecule">IL-4</term> did not block <term id="T61" lex="IL-12-dependent_up-regulation" sem="Other"><term id="T62" lex="IL-12" sem="Protein_molecule">IL-12</term>-dependent up-regulation</term> of <term id="T63" lex="IRF-1" sem="Protein_molecule">IRF-1</term>.</sentence>
<event Polarity="Negative" assertion="non-exist" id="E29">
<type class="Positive_regulation"/>
<theme idref="T57"/>
<clue>In contrast to IL-12, <cluePolarity>no</cluePolarity> <clueType>up-regulation</clueType> <linkTheme>of</linkTheme> IRF-1 was <clueKT>found</clueKT> <clueLoc>in IL-4-stimulated cells</clueLoc>, and IL-4 did not block IL-12-dependent up-regulation of IRF-1.</clue>
</event>
<event id="E30">
<type class="Physiological_process"/>
<theme idref="T4"/>
<cause idref="T59"/>
<clue>In contrast to IL-12, no up-regulation of IRF-1 was found in IL-4-<clueType>stimulated</clueType> <corefTheme>cells</corefTheme>, and IL-4 did not block IL-12-dependent up-regulation of IRF-1.</clue>
</event>
<event id="E31">
<type class="Physiological_process"/>
<theme idref="T5"/>
<cause idref="T59"/>
<clue>In contrast to IL-12, no up-regulation of IRF-1 was found in IL-4-<clueType>stimulated</clueType> <corefTheme>cells</corefTheme>, and IL-4 did not block IL-12-dependent up-regulation of IRF-1.</clue>
</event>
<event id="E32">
<type class="Positive_regulation"/>
<theme idref="T63"/>
<cause idref="T62"/>
<clue>In contrast to IL-12, no up-regulation of IRF-1 was found in IL-4-stimulated cells, and IL-4 did not block IL-12-<linkCause>dependent</linkCause> <clueType>up-regulation</clueType> <linkTheme>of</linkTheme> IRF-1.</clue>
</event>
<event Polarity="Negative" assertion="non-exist" id="E33">
<type class="Negative_regulation"/>
<theme idref="E32"/>
<cause idref="T60"/>
<clue>In contrast to IL-12, no up-regulation of IRF-1 was found in IL-4-stimulated cells, and IL-4 did <cluePolarity>not</cluePolarity> <clueType>block</clueType> IL-12-dependent up-regulation of IRF-1.</clue>
</event>
<sentence id="S12">Therefore, <term id="T64" lex="IRF-1" sem="Protein_molecule">IRF-1</term> may be an important contributor to <term id="T65" lex="IL-12_signaling" sem="Other"><term id="T66" lex="IL-12" sem="Protein_molecule">IL-12</term> signaling</term>, and we speculate that the defective <term id="T67" lex="IL-12" sem="Protein_molecule">IL-12</term> responses seen in <term id="T68" lex="IRF-1-/-_mouse" sem="Multicellular_organism_genetically_modified"><term id="T69" lex="IRF" sem="Protein_family_or_group">IRF</term>-1-/- mice</term> might be attributable, in part, to the absence of this <term id="T70" lex="transcription_factor" sem="Protein_family_or_group">transcription factor</term>.</sentence>
<event KT="Other" id="E34">
<type class="Cell_communication"/>
<theme idref="T66"/>
<clue>Therefore, IRF-1 may be an important contributor to IL-12 <clueType>signaling</clueType>, and we speculate that the defective IL-12 responses seen in IRF-1-/- mice might be attributable, in part, to the absence of this transcription factor.</clue>
</event>
<event CL="L1" KT="Analysis" id="E35" uncertainty="probable">
<type class="Positive_regulation"/>
<theme idref="E4"/>
<cause idref="T64"/>
<clue><clueKT>Therefore</clueKT>, IRF-1 <clueCL>may</clueCL> be an <clueType>important contributor</clueType> <linkTheme>to</linkTheme> IL-12 signaling, and we speculate that the defective IL-12 responses seen in IRF-1-/- mice might be attributable, in part, to the absence of this transcription factor.</clue>
</event>
<event id="E36">
<type class="Regulation"/>
<cause idref="T67"/>
<clue>Therefore, IRF-1 may be an important contributor to IL-12 signaling, and we speculate that the defective IL-12 <clueType>responses</clueType> seen in IRF-1-/- mice might be attributable, in part, to the absence of this transcription factor.</clue>
</event>
<event id="E37">
<type class="Negative_regulation"/>
<theme idref="E36"/>
<clue>Therefore, IRF-1 may be an important contributor to IL-12 signaling, and we speculate that the <clueType>defective</clueType> IL-12 responses <clueKT>seen</clueKT> <clueLoc>in IRF-1-/- mice</clueLoc> might be attributable, in part, to the absence of this transcription factor.</clue>
</event>
<event KT="Other" id="E38">
<type class="Positive_regulation"/>
<theme idref="T64"/>
<clue>Therefore, IRF-1 may be an important contributor to IL-12 signaling, and we speculate that the defective IL-12 responses seen in IRF-1-/- mice might be attributable, in part, to the <clueType>absence</clueType> <linkTheme>of</linkTheme> <corefTheme>this transcription factor</corefTheme>.</clue>
</event>
<event CL="L1" KT="Analysis" id="E39" uncertainty="probable">
<type class="Positive_regulation"/>
<theme idref="E37"/>
<cause idref="E38"/>
<clue>Therefore, IRF-1 may be an important contributor to IL-12 signaling, and we <clueKT>speculate</clueKT> that the defective IL-12 responses seen in IRF-1-/- mice <clueCL>might</clueCL> be <clueType>attributable</clueType>, in part, <linkCause>to</linkCause> the absence of this transcription factor.</clue>
</event>
</AbstractText>
</Abstract></Article></MedlineCitation></PubmedArticle></PubmedArticleSet></Annotation>
