<?xml version='1.0'?><!DOCTYPE Annotation PUBLIC "//GENIA//DTD GENIA ANNOTATION EVENT 2.0//EN_Modified" "../ModifiedGENIAtypes/Modified_GENIA_event_20.dtd"><Annotation annotates="http://www.ncbi.nlm.nih.gov/entrez/eutils/efetch.fcgi?db=pubmed&amp;retmode=xml&amp;rettype=medline&amp;id=10357820" created="31/10/2006" creator="Noriko Katsu"><PubmedArticleSet><PubmedArticle><MedlineCitation>
<PMID>10357820</PMID>
<Article>
<ArticleTitle>
<sentence id="S1">Repression by <term id="T1" lex="Ikaros" sem="Protein_molecule">Ikaros</term> and <term id="T2" lex="Aiolos" sem="Protein_molecule">Aiolos</term> is mediated through <term id="T3" lex="histone_deacetylase_complex" sem="Protein_complex">histone deacetylase complexes</term>.</sentence>
<event id="E1">
<type class="Negative_regulation"/>
<cause idref="T1"/>
<clue><clueType>Repression</clueType> <linkCause>by</linkCause> Ikaros and Aiolos is mediated through histone deacetylase complexes.</clue>
<comment>NO THEME</comment></event>
<event id="E2">
<type class="Negative_regulation"/>
<cause idref="T2"/>
<clue><clueType>Repression</clueType> <linkCause>by</linkCause> Ikaros and Aiolos is mediated through histone deacetylase complexes.</clue>
<comment>NO THEME</comment></event>
<event id="E3">
<type class="Positive_regulation"/>
<theme idref="E1"/>
<cause idref="T3"/>
<clue>Repression by Ikaros and Aiolos is <clueType>mediated</clueType> <linkCause>through</linkCause> histone deacetylase complexes.</clue>
</event>
<event id="E4">
<type class="Positive_regulation"/>
<theme idref="E2"/>
<cause idref="T3"/>
<clue>Repression by Ikaros and Aiolos is <clueType>mediated</clueType> <linkCause>through</linkCause> histone deacetylase complexes.</clue>
</event>
</ArticleTitle>
<Abstract>
<AbstractText>
<sentence id="S2">Here we show that the <term id="T4" lex="lymphoid_lineage-determining_factor" sem="Protein_family_or_group">lymphoid lineage-determining factors</term> <term id="T5" lex="Ikaros" sem="Protein_molecule">Ikaros</term> and <term id="T6" lex="Aiolos" sem="Protein_molecule">Aiolos</term> can function as <term id="T7" lex="strong_transcriptional_repressor" sem="Protein_family_or_group">strong transcriptional repressors</term>.</sentence>
<event CL="L2" KT="Analysis" Manner="High" id="E5">
<type class="Negative_regulation"/>
<cause idref="T5"/>
<clue>Here we <clueKT>show</clueKT> that the <clueLoc>lymphoid lineage</clueLoc>-determining factors Ikaros and Aiolos <clueCL>can</clueCL> <clueType>function as <clueManner>strong</clueManner> transcriptional repressors</clueType>.</clue>
<comment>NO THEME</comment></event>
<event CL="L2" KT="Analysis" Manner="High" id="E6">
<type class="Negative_regulation"/>
<cause idref="T6"/>
<clue>Here we <clueKT>show</clueKT> that the <clueLoc>lymphoid lineage</clueLoc>-determining factors Ikaros and Aiolos <clueCL>can</clueCL> <clueType>function as <clueManner>strong</clueManner> transcriptional repressors</clueType>.</clue>
<comment>NO THEME</comment></event>
<sentence id="S3">This function is mediated through two <term id="T8" lex="repression_domain" sem="Protein_family_or_group">repression domains</term> and is dependent upon the <term id="T9" lex="promoter_context" sem="DNA_domain_or_region">promoter context</term> and <term id="T10" lex="cell_type" sem="Cell_natural">cell type</term>.</sentence>
<event id="E7">
<type class="Positive_regulation"/>
<theme idref="E5"/>
<cause idref="T8"/>
<clue><corefTheme>This function</corefTheme> is <clueType>mediated</clueType> <linkCause>through</linkCause> two repression domains and is dependent upon the promoter context and cell type.</clue>
</event>
<event id="E8">
<type class="Positive_regulation"/>
<theme idref="E6"/>
<cause idref="T8"/>
<clue><corefTheme>This function</corefTheme> is <clueType>mediated</clueType> <linkCause>through</linkCause> two repression domains and is dependent upon the promoter context and cell type.</clue>
</event>
<sentence id="S4">Repression by <term id="T11" lex="Ikaros_protein" sem="Protein_family_or_group"><term id="T12" lex="Ikaros" sem="Protein_molecule">Ikaros</term> proteins</term> correlates with hypo-acetylation of <term id="A5" sem="Protein_family_or_group"><term id="T13" lex="core_histone" sem="Protein_family_or_group">core histones</term> at <term id="T14" lex="promoter_site" sem="DNA_domain_or_region">promoter sites</term></term> and is relieved by <term id="T15" lex="histone_deacetylase_inhibitor" sem="Organic_compound_other"><term id="T16" lex="histone_deacetylase" sem="Protein_molecule">histone deacetylase</term> inhibitors</term>.</sentence>
<event id="E13">
<type class="Negative_regulation"/>
<cause idref="T11"/>
<clue><clueType>Repression</clueType> <linkCause>by</linkCause> Ikaros proteins correlates with hypo-acetylation of core histones at promoter sites and is relieved by histone deacetylase inhibitors.</clue>
<comment>NO THEME</comment></event>
<event KT="Analysis" id="E14">
<type class="Correlation"/>
<theme idref="E13"/>
<theme idref="E16"/>
<clue>Repression by Ikaros proteins <clueType><clueKT>correlates</clueKT></clueType> <linkTheme>with</linkTheme> hypo-acetylation of core histones at promoter sites and is relieved by histone deacetylase inhibitors.</clue>
</event>
<event KT="Other" id="E15">
<type class="Protein_amino_acid_acetylation"/>
<theme idref="A5"/>
<clue>Repression by Ikaros proteins correlates with hypo-<clueType>acetylation</clueType> <linkTheme>of</linkTheme> core histones at promoter sites and is relieved by histone deacetylase inhibitors.</clue>
<comment>TPS: A5</comment></event>
<event KT="Other" Manner="Low" id="E16">
<type class="Negative_regulation"/>
<theme idref="E15"/>
<clue>Repression by Ikaros proteins correlates with <clueType><clueManner>hypo</clueManner></clueType>-acetylation of core histones at promoter sites and is relieved by histone deacetylase inhibitors.</clue>
</event>
<event id="E17">
<type class="Negative_regulation"/>
<theme idref="E13"/>
<cause idref="T15"/>
<clue>Repression by Ikaros proteins correlates with hypo-acetylation of core histones at promoter sites and is <clueType>relieved</clueType> <linkCause>by</linkCause> histone deacetylase inhibitors.</clue>
</event>
<sentence id="S5">Consistent with these findings, <term id="T17" lex="Ikaros" sem="Protein_molecule">Ikaros</term> and its <term id="T18" lex="repression_domain" sem="Protein_domain_or_region">repression domains</term> can interact in vivo and in vitro with the <term id="A3" sem="Protein_family_or_group"><term id="T19" lex="mSin3_family" sem="Protein_family_or_group">mSin3 family</term> of <term id="A2" sem="Protein_family_or_group">co-repressors</term></term> which bind to <term id="T20" lex="histone_deacetylase" sem="Protein_family_or_group">histone deacetylases</term>.</sentence>
<event CL="L2" KT="Analysis" id="E18">
<type class="Binding"/>
<theme idref="T17"/>
<theme idref="A3"/>
<clue>Consistent with these findings, Ikaros and its repression domains <clueKT><clueCL>can</clueCL></clueKT> <clueType>interact</clueType> in vivo and in vitro <linkTheme>with</linkTheme> the mSin3 family of co-repressors which bind to histone deacetylases.</clue>
<comment>TPS: A3</comment></event>
<event CL="L2" KT="Analysis" id="E19">
<type class="Binding"/>
<theme idref="T18"/>
<theme idref="A3"/>
<clue>Consistent with these findings, Ikaros and its repression domains <clueKT><clueCL>can</clueCL></clueKT> <clueType>interact</clueType> in vivo and in vitro <linkTheme>with</linkTheme> the mSin3 family of co-repressors which bind to histone deacetylases.</clue>
<comment>TPS: A3</comment></event>
<event KT="Fact" id="E20">
<type class="Binding"/>
<theme idref="A2"/>
<theme idref="T20"/>
<clue>Consistent with these findings, Ikaros and its repression domains can interact in vivo and in vitro with the mSin3 family of co-repressors which <clueType>bind</clueType> <linkTheme>to</linkTheme> histone deacetylases.</clue>
</event>
<sentence id="S6">Based on these and our recent findings of associations between <term id="T21" lex="Ikaros" sem="Protein_molecule">Ikaros</term> and <term id="T22" lex="Mi-2-HDAC" sem="Protein_molecule">Mi-2-HDAC</term>, we propose that <term id="T23" lex="Ikaros_family_member" sem="Protein_family_or_group"><term id="T24" lex="Ikaros" sem="Protein_molecule">Ikaros</term> family members</term> modulate <term id="T25" lex="gene_expression" sem="Other">gene expression</term> during <term id="T26" lex="lymphocyte_development" sem="Other"><term id="A4" sem="Cell_natural">lymphocyte</term> development</term> by recruiting distinct <term id="T27" lex="histone_deacetylase_complex" sem="Protein_complex"><term id="T28" lex="histone_deacetylase" sem="Protein_molecule">histone deacetylase</term> complexes</term> to <term id="T29" lex="specific_promoter" sem="DNA_domain_or_region">specific promoters</term>.</sentence>
<event Source="Other" id="E21">
<type class="Binding"/>
<theme idref="T21"/>
<theme idref="T22"/>
<clue>Based on these and our <clueSource>recent</clueSource> findings of <clueType>associations</clueType> <linkTheme>between</linkTheme> Ikaros and Mi-2-HDAC, we propose that Ikaros family members modulate gene expression during lymphocyte development by recruiting distinct histone deacetylase complexes to specific promoters.</clue>
</event>
<event CL="L2" KT="Analysis" id="E22">
<type class="Regulation"/>
<theme idref="T25"/>
<cause idref="E26"/>
<clue>Based on these and our recent findings of associations between Ikaros and Mi-2-HDAC, we <clueKT><clueCL>propose</clueCL></clueKT> that Ikaros family members <clueType>modulate</clueType> gene expression during lymphocyte development <linkCause>by</linkCause> recruiting distinct histone deacetylase complexes to specific promoters.</clue>
</event>
<event CL="L2" KT="Analysis" id="E23">
<type class="Correlation"/>
<theme idref="E24"/>
<theme idref="E22"/>
<clue>Based on these and our recent findings of associations between Ikaros and Mi-2-HDAC, we <clueKT><clueCL>propose</clueCL></clueKT> that Ikaros family members modulate gene expression <linkTheme>during</linkTheme> lymphocyte development by recruiting distinct histone deacetylase complexes to specific promoters.</clue>
</event>
<event KT="Other" id="E24">
<type class="Cell_differentiation"/>
<theme idref="A4"/>
<clue>Based on these and our recent findings of associations between Ikaros and Mi-2-HDAC, we propose that Ikaros family members modulate gene expression during lymphocyte <clueType>development</clueType> by recruiting distinct histone deacetylase complexes to specific promoters.</clue>
</event>
<event KT="Other" id="E26">
<type class="Binding"/>
<theme idref="T27"/>
<theme idref="T29"/>
<clue>Based on these and our recent findings of associations between Ikaros and Mi-2-HDAC, we propose that Ikaros family members modulate gene expression during lymphocyte development by <clueType>recruiting</clueType> distinct histone deacetylase complexes <linkTheme>to</linkTheme> specific promoters.</clue>
</event>
</AbstractText>
</Abstract></Article></MedlineCitation></PubmedArticle></PubmedArticleSet></Annotation>
