<?xml version='1.0'?><!DOCTYPE Annotation PUBLIC "//GENIA//DTD GENIA ANNOTATION EVENT 2.0//EN_Modified" "../ModifiedGENIAtypes/Modified_GENIA_event_20.dtd"><Annotation annotates="http://www.ncbi.nlm.nih.gov/entrez/eutils/efetch.fcgi?db=pubmed&amp;retmode=xml&amp;rettype=medline&amp;id=10369255" created="28/01/2006" creator="Junko Matsuura"><PubmedArticleSet><PubmedArticle><MedlineCitation>
<PMID>10369255</PMID>
<Article>
<ArticleTitle>
<sentence id="S1">A <term id="T1" lex="polymorphism" sem="Other">polymorphism</term> that affects <term id="T2" lex="OCT-1_binding" sem="Other"><term id="T3" lex="OCT-1" sem="Protein_molecule">OCT-1</term> binding</term> to the <term id="T4" lex="TNF_promoter_region" sem="DNA_domain_or_region"><term id="T5" lex="TNF_promoter" sem="DNA_domain_or_region">TNF promoter</term> region</term> is associated with <term id="T6" lex="severe_malaria" sem="Other">severe malaria</term> [see comments]</sentence>
<event KT="Other" id="E1">
<type class="Binding"/>
<theme idref="T3"/>
<theme idref="T4"/>
<clue>A polymorphism that affects OCT-1 <clueType>binding</clueType> <linkTheme>to</linkTheme> the TNF promoter region is associated with severe malaria [see comments]</clue>
</event>
<event KT="Other" id="E2">
<type class="Regulation"/>
<theme idref="E1"/>
<cause idref="T1"/>
<clue>A polymorphism that <clueType>affects</clueType> OCT-1 binding to the TNF promoter region is associated with severe malaria [see comments]</clue>
</event>
<event KT="Analysis" id="E3">
<type class="Correlation"/>
<theme idref="E2"/>
<theme idref="T6"/>
<clue>A polymorphism that affects OCT-1 binding to the TNF promoter region is <clueType><clueKT>associated</clueKT></clueType> <linkTheme>with</linkTheme> severe malaria [see comments]</clue>
</event>
</ArticleTitle>
<Abstract>
<AbstractText>
<sentence id="S2"><term id="T7" lex="genetic_variation" sem="Other">Genetic variation</term> in <term id="T8" lex="cytokine_promoter_region" sem="DNA_family_or_group">cytokine promoter regions</term> is postulated to influence susceptibility to <term id="A2" sem="Other">infection</term>, but the <term id="T9" lex="molecular_mechanism" sem="Other">molecular mechanisms</term> by which such <term id="T10" lex="polymorphism" sem="Other">polymorphisms</term> might affect <term id="A1" sem="Other">gene regulation</term> are unknown.</sentence>
<event CL="L1" KT="Analysis" id="E4">
<type class="Regulation"/>
<theme idref="A1"/>
<cause idref="T10"/>
<clue>Genetic variation in cytokine promoter regions is postulated to influence susceptibility to infection, but the molecular mechanisms by which such polymorphisms <clueKT><clueCL>might</clueCL></clueKT> <clueType>affect</clueType> gene regulation are unknown.</clue>
</event>
<event KT="Other" id="E5">
<type/>
<cause idref="A2"/>
<clue>Genetic variation in cytokine promoter regions is postulated to influence <clueType>susceptibility</clueType> <linkCause>to</linkCause> infection, but the molecular mechanisms by which such polymorphisms might affect gene regulation are unknown.</clue>
<comment>SUSCEPTIBILITY</comment></event>
<event KT="Other" id="E6">
<type class="Mutagenesis"/>
<theme idref="T8"/>
<clue><clueType>Genetic variation</clueType> <linkTheme>in</linkTheme> cytokine promoter regions is postulated to influence susceptibility to infection, but the molecular mechanisms by which such polymorphisms might affect gene regulation are unknown.</clue>
</event>
<event KT="Fact" id="E7">
<type class="Regulation"/>
<theme idref="E5"/>
<cause idref="E6"/>
<clue>Genetic variation in cytokine promoter regions is postulated to <clueType>influence</clueType> susceptibility to infection, but the molecular mechanisms by which such polymorphisms might affect gene regulation are unknown.</clue>
</event>
<sentence id="S3">Through systematic DNA footprinting of the TNF (encoding tumour necrosis factor, <term id="A6" sem="DNA_domain_or_region">TNF</term>) promoter region, we have identified a single nucleotide polymorphism (SNP) that causes the helix-turn-helix <term id="T11" lex="transcription_factor" sem="Protein_family_or_group">transcription factor</term> <term id="A5" sem="Protein_molecule">OCT-1</term> to bind to a <term id="A4" sem="DNA_domain_or_region">novel region of <term id="T12" lex="complex_protein-DNA_interaction" sem="Other">complex protein-DNA interactions</term></term> and alters <term id="T13" lex="gene_expression" sem="Other">gene expression</term> in <term id="T14" lex="human_monocyte" sem="Cell_natural">human monocytes</term>.</sentence>
<event KT="Other" id="E8">
<type class="Binding"/>
<theme idref="A4"/>
<theme idref="A5"/>
<clue>Through systematic DNA footprinting of the TNF (encoding tumour necrosis factor, TNF) promoter region, we have identified a single nucleotide polymorphism (SNP) that causes the helix-turn-helix transcription factor OCT-1 to <clueType>bind</clueType> <linkTheme>to</linkTheme> a novel region of complex protein-DNA interactions and alters gene expression in human monocytes.</clue>
<comment>TPS: A4</comment></event>
<event KT="Other" id="E9">
<type class="Mutagenesis"/>
<theme idref="A6"/>
<clue>Through systematic DNA footprinting of the TNF (encoding tumour necrosis factor, TNF) promoter region, we have identified a <clueType>single nucleotide polymorphism</clueType> (SNP) that causes the helix-turn-helix transcription factor OCT-1 to bind to a novel region of complex protein-DNA interactions and alters gene expression in human monocytes.</clue>
</event>
<event KT="Analysis" id="E10">
<type class="Positive_regulation"/>
<theme idref="E8"/>
<cause idref="E9"/>
<clue><clueExperiment>Through systematic DNA footprinting of the TNF (encoding tumour necrosis factor, TNF) promoter region</clueExperiment>, we have <clueKT>identified</clueKT> a single nucleotide polymorphism (SNP) that <clueType>causes</clueType> the helix-turn-helix transcription factor OCT-1 to bind to a novel region of complex protein-DNA interactions and alters gene expression in human monocytes.</clue>
</event>
<event KT="Other" id="E11">
<type class="Gene_expression"/>
<theme idref="A6"/>
<clue>Through systematic DNA footprinting of the TNF (encoding tumour necrosis factor, TNF) promoter region, we have identified a single nucleotide polymorphism (SNP) that causes the helix-turn-helix transcription factor OCT-1 to bind to a novel region of complex protein-DNA interactions and alters gene <clueType>expression</clueType> <clueLoc>in human monocytes</clueLoc>.</clue>
</event>
<event KT="Other" id="E12">
<type class="Regulation"/>
<theme idref="E11"/>
<cause idref="E9"/>
<clue>Through systematic DNA footprinting of the TNF (encoding tumour necrosis factor, TNF) promoter region, we have identified a single nucleotide polymorphism (SNP) that causes the helix-turn-helix transcription factor OCT-1 to bind to a novel region of complex protein-DNA interactions and <clueType>alters</clueType> gene expression in human monocytes.</clue>
</event>
<sentence id="S4">The <term id="T15" lex="OCT-1-binding_genotype" sem="Other"><term id="A7" sem="Protein_molecule">OCT-1</term>-binding genotype</term>, found in approximately 5% of <term id="T16" lex="African" sem="Multicellular_organism_natural">Africans</term>, is associated with fourfold increased susceptibility to <term id="T17" lex="cerebral_malaria" sem="Other">cerebral malaria</term> in large case-control studies of <cons id="T18" lex="(AND West_African_population East_African_population)" sem="(AND Multicellular_organism_natural Multicellular_organism_natural)"><frag id="F1">West African</frag> and <frag id="F2">East African</frag> <frag id="F3">populations</frag></cons>, after correction for other known <term id="T19" lex="TNF_polymorphism" sem="Other"><term id="T20" lex="TNF" sem="Protein_family_or_group">TNF</term> polymorphisms</term> and linked <term id="T21" lex="HLA_allele" sem="DNA_domain_or_region">HLA alleles</term>.</sentence>
<event KT="Other" id="E13">
<type class="Binding"/>
<theme idref="A7"/>
<theme idref="T4"/>
<clue>The OCT-1-<clueType>binding genotype</clueType>, found <clueLoc>in approximately 5% of Africans</clueLoc>, is associated with fourfold increased susceptibility to cerebral malaria in large case-control studies of West African and East African populations, after correction for other known TNF polymorphisms and linked HLA alleles.</clue>
<comment>NO COREFTHEME</comment></event>
<event KT="Other" id="E14">
<type/>
<cause idref="T17"/>
<clue>The OCT-1-binding genotype, found in approximately 5% of Africans, is associated with fourfold increased <clueType>susceptibility</clueType> <linkCause>to</linkCause> cerebral malaria in large case-control studies of West African and East African populations, after correction for other known TNF polymorphisms and linked HLA alleles.</clue>
<comment>SUSCEPTIBILITY</comment></event>
<event KT="Other" Manner="High" id="E15">
<type class="Positive_regulation"/>
<theme idref="E14"/>
<clue>The OCT-1-binding genotype, found <clueLoc>in approximately 5% of Africans</clueLoc>, is associated with <clueManner>fourfold</clueManner> <clueType>increased</clueType> susceptibility to cerebral malaria in large case-control studies of West African and East African populations, after correction for other known TNF polymorphisms and linked HLA alleles.</clue>
</event>
<event KT="Analysis" id="E16">
<type class="Correlation"/>
<theme idref="E13"/>
<theme idref="E15"/>
<clue>The OCT-1-binding genotype, found in approximately 5% of Africans, is <clueType><clueKT>associated</clueKT></clueType> <linkTheme>with</linkTheme> fourfold increased susceptibility to cerebral malaria in large case-control studies of West African and East African populations, after correction for other known TNF polymorphisms and linked HLA alleles.</clue>
</event>
</AbstractText>
</Abstract></Article></MedlineCitation></PubmedArticle></PubmedArticleSet></Annotation>
