<?xml version='1.0'?><!DOCTYPE Annotation PUBLIC "//GENIA//DTD GENIA ANNOTATION EVENT 2.0//EN_Modified" "../ModifiedGENIAtypes/Modified_GENIA_event_20.dtd"><Annotation annotates="http://www.ncbi.nlm.nih.gov/entrez/eutils/efetch.fcgi?db=pubmed&amp;retmode=xml&amp;rettype=medline&amp;id=10395645" created="30/06/2006" creator="Noriko Katsu"><PubmedArticleSet><PubmedArticle><MedlineCitation>
<PMID>10395645</PMID>
<Article>
<ArticleTitle>
<sentence id="S1">Inhibition of <term id="T1" lex="NF-kappa_B_activity" sem="Other"><term id="T2" lex="NF-kappa_B" sem="Protein_complex">NF-kappa B</term> activity</term> in human T lymphocytes induces <term id="A1" sem="Protein_family_or_group">caspase</term>-dependent <term id="T3" lex="apoptosis" sem="Other">apoptosis</term> without detectable activation of <cons id="T4" lex="(AND caspase-1 caspase-3)" sem="(AND Protein_molecule Protein_molecule)"><frag id="F1">caspase</frag><frag id="F2">-1</frag> and <frag id="F3">-3</frag></cons>.</sentence>
<event id="E1">
<type class="Negative_regulation"/>
<theme idref="T2"/>
<clue><clueType>Inhibition</clueType> <linkTheme>of</linkTheme> NF-kappa B activity <clueLoc>in human T lymphocytes</clueLoc> induces caspase-dependent apoptosis without detectable activation of caspase-1 and -3.</clue>
</event>
<event id="E2">
<type class="Positive_regulation"/>
<theme idref="E3"/>
<cause idref="E1"/>
<clue>Inhibition of NF-kappa B activity in human T lymphocytes <clueType>induces</clueType> caspase-dependent apoptosis without detectable activation of caspase-1 and -3.</clue>
</event>
<event id="E3">
<type class="Regulation"/>
<theme idref="T3"/>
<cause idref="A1"/>
<clue>Inhibition of NF-kappa B activity in human T lymphocytes induces caspase-<clueType>dependent</clueType> apoptosis without detectable activation of caspase-1 and -3.</clue>
</event>
<event KT="Other" Polarity="Negative" assertion="non-exist" id="E4">
<type class="Positive_regulation"/>
<theme idref="F1" idref1="F2"/>
<cause idref="E1"/>
<clue>Inhibition of NF-kappa B activity in human T lymphocytes induces caspase-dependent apoptosis <cluePolarity>without</cluePolarity> detectable <clueType>activation</clueType> <linkTheme>of</linkTheme> caspase-1 and -3.</clue>
</event>
<event KT="Other" Polarity="Negative" assertion="non-exist" id="E5">
<type class="Positive_regulation"/>
<theme idref="F1" idref1="F3"/>
<cause idref="E1"/>
<clue>Inhibition of NF-kappa B activity in human T lymphocytes induces caspase-dependent apoptosis <cluePolarity>without</cluePolarity> detectable <clueType>activation</clueType> <linkTheme>of</linkTheme> caspase-1 and -3.</clue>
</event>
<event KT="Analysis" Polarity="Negative" id="E45">
<type class="Correlation"/>
<theme idref="E2"/>
<cause idref="E4"/>
<clue>Inhibition of NF-kappa B activity in human T lymphocytes induces caspase-dependent apoptosis <linkTheme>without</linkTheme> <clueKT>detectable</clueKT> activation of caspase-1 and -3.</clue>
</event>
<event KT="Analysis" Polarity="Negative" id="E46">
<type class="Correlation"/>
<theme idref="E2"/>
<cause idref="E5"/>
<clue>Inhibition of NF-kappa B activity in human T lymphocytes induces caspase-dependent apoptosis <linkTheme>without</linkTheme> <clueKT>detectable</clueKT> activation of caspase-1 and -3.</clue>
</event>
</ArticleTitle>
<Abstract>
<AbstractText>
<sentence id="S2"><term id="T5" lex="NF-kappa_B" sem="Protein_complex">NF-kappa B</term> is involved in the transcriptional control of <term id="A9" sem="DNA_family_or_group"><term id="T6" lex="various_gene" sem="DNA_family_or_group">various genes</term> that act as extrinsic and intrinsic <term id="A5" sem="Other">survival</term> factors</term> for <term id="T7" lex="T_cell" sem="Cell_natural">T cells</term>.</sentence>
<event KT="Fact" id="E6">
<type class="Regulation"/>
<theme idref="E47"/>
<cause idref="T5"/>
<clue>NF-kappa B is <clueType>involved</clueType> <linkTheme>in</linkTheme> the transcriptional control of various genes that act as extrinsic and intrinsic survival factors for T cells.</clue>
</event>
<event KT="Other" id="E47">
<type class="Regulation"/>
<theme idref="A9"/>
<clue>NF-kappa B is involved in the <clueType>transcriptional control</clueType> <linkTheme>of</linkTheme> various genes that act as extrinsic and intrinsic survival factors for T cells.</clue>
</event>
<event KT="Other" id="E7">
<type class="Physiological_process"/>
<theme idref="T7"/>
<cause idref="T6"/>
<clue>NF-kappa B is involved in the transcriptional control of various genes that <clueType>act as</clueType> extrinsic and intrinsic <clueType>survival factors</clueType> <linkTheme>for</linkTheme> T cells.</clue>
</event>
<sentence id="S3">Our findings show that suppression of <term id="T8" lex="NF-kappa_B_activity" sem="Other"><term id="T9" lex="NF-kappa_B" sem="Protein_complex">NF-kappa B</term> activity</term> with <term id="T10" lex="cell-permeable_SN50_peptide" sem="Peptide">cell-permeable <term id="T11" lex="SN50" sem="Peptide">SN50</term> peptide</term>, which masks the <term id="A6" sem="Protein_domain_or_region">nuclear localization sequence</term> of <term id="T12" lex="NF-kappa_B1_dimer" sem="Protein_complex"><term id="T13" lex="NF-kappa_B1" sem="Protein_complex">NF-kappa B1</term> dimers</term> and prevents their <term id="T14" lex="nuclear_localization" sem="Other">nuclear localization</term>, induces <term id="T15" lex="apoptosis" sem="Other">apoptosis</term> in <term id="T16" lex="resting_normal_human_PBL" sem="Cell_natural">resting normal human PBL</term>.</sentence>
<event KT="Other" id="E8">
<type class="Negative_regulation"/>
<theme idref="T9"/>
<cause idref="T11"/>
<clue>Our findings show that <clueType>suppression</clueType> <linkTheme>of</linkTheme> NF-kappa B activity <linkCause>with</linkCause> cell-permeable SN50 peptide, which masks the nuclear localization sequence of NF-kappa B1 dimers and prevents their nuclear localization, induces apoptosis in resting normal human PBL.</clue>
</event>
<event KT="Fact" id="E9">
<type class="Binding"/>
<theme idref="T11"/>
<theme idref="A6" idref1="T12"/>
<clue>Our findings show that suppression of NF-kappa B activity with cell-permeable SN50 peptide, which <clueType>masks</clueType> the nuclear localization sequence <linkTheme>of</linkTheme> NF-kappa B1 dimers and prevents their nuclear localization, induces apoptosis in resting normal human PBL.</clue>
</event>
<event KT="Fact" id="E10">
<type class="Negative_regulation"/>
<theme idref="E11"/>
<cause idref="E9"/>
<clue>Our findings show that suppression of NF-kappa B activity with cell-permeable SN50 peptide, which masks the nuclear localization sequence of NF-kappa B1 dimers and <clueType>prevents</clueType> their nuclear localization, induces apoptosis in resting normal human PBL.</clue>
</event>
<event KT="Other" id="E11">
<type class="Localization"/>
<theme idref="T12"/>
<clue>Our findings show that suppression of NF-kappa B activity with cell-permeable SN50 peptide, which masks the nuclear localization sequence of NF-kappa B1 dimers and prevents <corefTheme>their</corefTheme> <clueLoc>nuclear</clueLoc> <clueType>localization</clueType>, induces apoptosis in resting normal human PBL.</clue>
</event>
<event KT="Analysis" id="E12">
<type class="Positive_regulation"/>
<theme idref="T15"/>
<cause idref="E8"/>
<clue>Our findings <clueKT>show</clueKT> that suppression of NF-kappa B activity with cell-permeable SN50 peptide, which masks the nuclear localization sequence of NF-kappa B1 dimers and prevents their nuclear localization, <clueType>induces</clueType> apoptosis <clueLoc>in resting normal human PBL</clueLoc>.</clue>
</event>
<sentence id="S4">Inhibition of <term id="T17" lex="NF-kappa_B" sem="Protein_complex">NF-kappa B</term> resulted in the externalization of <term id="T18" lex="phosphatidylserine" sem="Amino_acid_monomer">phosphatidylserine</term>, induction of <term id="A7" sem="DNA_molecule">DNA</term> breaks, and morphological changes consistent with <term id="T19" lex="apoptosis" sem="Other">apoptosis</term>.</sentence>
<event id="E13">
<type class="Negative_regulation"/>
<theme idref="T17"/>
<clue><clueType>Inhibition</clueType> <linkTheme>of</linkTheme> NF-kappa B resulted in the externalization of phosphatidylserine, induction of DNA breaks, and morphological changes consistent with apoptosis.</clue>
</event>
<event id="E14">
<type class="Positive_regulation"/>
<theme idref="T18"/>
<cause idref="E13"/>
<clue>Inhibition of NF-kappa B <clueType>resulted</clueType> <linkTheme>in</linkTheme> the externalization of phosphatidylserine, induction of DNA breaks, and morphological changes consistent with apoptosis.</clue>
</event>
<event id="E15">
<type class="Localization"/>
<theme idref="T18"/>
<clue>Inhibition of NF-kappa B resulted in the <clueType>externalization</clueType> <linkTheme>of</linkTheme> phosphatidylserine, induction of DNA breaks, and morphological changes consistent with apoptosis.</clue>
</event>
<event id="E16">
<type class="Positive_regulation"/>
<theme idref="E48"/>
<cause idref="E13"/>
<clue>Inhibition of NF-kappa B <clueType>resulted</clueType> <linkTheme>in</linkTheme> the externalization of phosphatidylserine, induction of DNA breaks, and morphological changes consistent with apoptosis.</clue>
</event>
<event id="E48">
<type class="Positive_regulation"/>
<theme idref="E49"/>
<clue>Inhibition of NF-kappa B resulted in the externalization of phosphatidylserine, <clueType>induction</clueType> <linkTheme>of</linkTheme> DNA breaks, and morphological changes consistent with apoptosis.</clue>
</event>
<event id="E49">
<type class="DNA_metabolism"/>
<theme idref="A7"/>
<clue>Inhibition of NF-kappa B resulted in the externalization of phosphatidylserine, induction of DNA <clueType>breaks</clueType>, and morphological changes consistent with apoptosis.</clue>
</event>
<event id="E17">
<type class="Positive_regulation"/>
<theme idref="T19"/>
<cause idref="E13"/>
<clue>Inhibition of NF-kappa B <clueType>resulted</clueType> <linkTheme>in</linkTheme> the externalization of phosphatidylserine, induction of DNA breaks, and morphological changes consistent with apoptosis.</clue>
</event>
<sentence id="S5"><term id="T20" lex="DNA_fragmentation" sem="Other">DNA fragmentation</term> was efficiently blocked by the <term id="T21" lex="caspase_inhibitor" sem="Protein_family_or_group">caspase inhibitor</term> <term id="T22" lex="Z-VAD-fmk" sem="Protein_molecule">Z-VAD-fmk</term> and partially blocked by <term id="T23" lex="Ac-DEVD-fmk" sem="Protein_molecule">Ac-DEVD-fmk</term>, suggesting that <term id="T25" lex="SN50" sem="Peptide">SN50</term>-mediated <term id="T26" lex="apoptosis" sem="Other">apoptosis</term> is <term id="T28" lex="caspase" sem="Protein_family_or_group">caspase</term>-dependent.</sentence>
<event id="E18">
<type class="Negative_regulation"/>
<theme idref="E48"/>
<cause idref="T22"/>
<clue><corefTheme>DNA fragmentation</corefTheme> was efficiently <clueType>blocked</clueType> <linkCause>by</linkCause> the <corefCause>caspase inhibitor</corefCause> Z-VAD-fmk and partially blocked by Ac-DEVD-fmk, suggesting that SN50-mediated apoptosis is caspase-dependent.</clue>
</event>
<event id="E19">
<type class="Negative_regulation"/>
<theme idref="E48"/>
<cause idref="T23"/>
<clue><corefTheme>DNA fragmentation</corefTheme> was efficiently blocked by the <corefCause>caspase inhibitor</corefCause> Z-VAD-fmk and partially <clueType>blocked</clueType> <linkCause>by</linkCause> Ac-DEVD-fmk, suggesting that SN50-mediated apoptosis is caspase-dependent.</clue>
</event>
<event KT="Other" id="E20" uncertainty="probable">
<type class="Positive_regulation"/>
<theme idref="T26"/>
<cause idref="T25"/>
<clue>DNA fragmentation was efficiently blocked by the caspase inhibitor Z-VAD-fmk and partially blocked by Ac-DEVD-fmk, suggesting that SN50-<clueType>mediated</clueType> apoptosis is caspase-dependent.</clue>
<comment>NER: T24, T27 del &quot;SN50-mediated apoptosis&quot;&quot;caspase-dependent&quot;</comment></event>
<event CL="L2" KT="Analysis" id="E21" uncertainty="probable">
<type class="Regulation"/>
<theme idref="E20"/>
<cause idref="T28"/>
<clue>DNA fragmentation was efficiently blocked by the caspase inhibitor Z-VAD-fmk and partially blocked by Ac-DEVD-fmk, <clueKT><clueCL>suggesting</clueCL></clueKT> that SN50-mediated apoptosis is caspase-<clueType>dependent</clueType>.</clue>
</event>
<sentence id="S6">Interestingly, <term id="T29" lex="apoptosis" sem="Other">apoptosis</term> induced by <term id="T30" lex="NF-kappa_B_suppression" sem="Other"><term id="T31" lex="NF-kappa_B" sem="Protein_complex">NF-kappa B</term> suppression</term>, in contrast to that induced by <term id="T32" lex="TPEN" sem="Organic_compound_other">TPEN</term> (<term id="T33" lex="N,N,N&apos;,N&apos;-tetrakis_[2-pyridylmethyl]ethylenediamine" sem="Organic_compound_other">N,N,N&apos;,N&apos;-tetrakis [2-pyridylmethyl]ethylenediamine</term>) or <term id="T34" lex="soluble_Fas_ligand" sem="Protein_molecule">soluble Fas ligand</term> (<term id="T35" lex="CD95" sem="Protein_molecule">CD95</term>), was observed in the absence of <term id="T36" lex="active_death_effector_protease" sem="Protein_family_or_group">active death effector proteases</term> <term id="T37" lex="caspase-1" sem="Protein_molecule">caspase-1</term>-like (<term id="T38" lex="IL-1_converting_enzyme" sem="Protein_molecule">IL-1 converting enzyme</term>), <term id="T39" lex="caspase-3" sem="Protein_molecule">caspase-3</term>-like (<term id="T40" lex="CPP32/Yama/apopain" sem="Protein_molecule">CPP32/Yama/apopain</term>), and <term id="T41" lex="caspase-6" sem="Protein_molecule">caspase-6</term>-like and without cleavage of <term id="T42" lex="caspase-3_substrate" sem="Protein_family_or_group"><term id="T43" lex="caspase-3" sem="Protein_molecule">caspase-3</term> substrates</term> <term id="T44" lex="poly(ADP-ribose)_polymerase" sem="Protein_molecule">poly(<term id="T45" lex="ADP" sem="Nucleotide">ADP</term>-ribose) polymerase</term> and <term id="T46" lex="DNA_fragmentation_factor-45" sem="Protein_molecule"><term id="Biological_process" lex="DNA_fragmentation" sem="Other">DNA fragmentation</term> factor-45</term>.</sentence>
<event id="E22">
<type class="Negative_regulation"/>
<theme idref="T31"/>
<clue>Interestingly, apoptosis induced by NF-kappa B <clueType>suppression</clueType>, in contrast to that induced by TPEN (N,N,N&apos;,N&apos;-tetrakis [2-pyridylmethyl]ethylenediamine) or soluble Fas ligand (CD95), was observed in the absence of active death effector proteases caspase-1-like (IL-1 converting enzyme), caspase-3-like (CPP32/Yama/apopain), and caspase-6-like and without cleavage of caspase-3 substrates poly(ADP-ribose) polymerase and DNA fragmentation factor-45.</clue>
</event>
<event id="E23">
<type class="Positive_regulation"/>
<theme idref="T29"/>
<cause idref="E22"/>
<clue>Interestingly, apoptosis <clueType>induced</clueType> <linkCause>by</linkCause> NF-kappa B suppression, in contrast to that induced by TPEN (N,N,N&apos;,N&apos;-tetrakis [2-pyridylmethyl]ethylenediamine) or soluble Fas ligand (CD95), was observed in the absence of active death effector proteases caspase-1-like (IL-1 converting enzyme), caspase-3-like (CPP32/Yama/apopain), and caspase-6-like and without cleavage of caspase-3 substrates poly(ADP-ribose) polymerase and DNA fragmentation factor-45.</clue>
</event>
<event id="E24">
<type class="Positive_regulation"/>
<theme idref="T29"/>
<cause idref="T32"/>
<clue>Interestingly, apoptosis induced by NF-kappa B suppression, in contrast to that <clueType>induced</clueType> <linkCause>by</linkCause> TPEN (N,N,N&apos;,N&apos;-tetrakis [2-pyridylmethyl]ethylenediamine) or soluble Fas ligand (CD95), was observed in the absence of active death effector proteases caspase-1-like (IL-1 converting enzyme), caspase-3-like (CPP32/Yama/apopain), and caspase-6-like and without cleavage of caspase-3 substrates poly(ADP-ribose) polymerase and DNA fragmentation factor-45.</clue>
</event>
<event id="E25">
<type class="Positive_regulation"/>
<theme idref="T29"/>
<cause idref="T35"/>
<clue>Interestingly, apoptosis induced by NF-kappa B suppression, in contrast to that <clueType>induced</clueType> <linkCause>by</linkCause> TPEN (N,N,N&apos;,N&apos;-tetrakis [2-pyridylmethyl]ethylenediamine) or soluble Fas ligand (CD95), was observed in the absence of active death effector proteases caspase-1-like (IL-1 converting enzyme), caspase-3-like (CPP32/Yama/apopain), and caspase-6-like and without cleavage of caspase-3 substrates poly(ADP-ribose) polymerase and DNA fragmentation factor-45.</clue>
</event>
<event Polarity="Negative" assertion="non-exist" id="E26">
<type class="Correlation"/>
<theme idref="E23"/>
<theme idref="T37"/>
<clue>Interestingly, apoptosis induced by NF-kappa B suppression, in contrast to that induced by TPEN (N,N,N&apos;,N&apos;-tetrakis [2-pyridylmethyl]ethylenediamine) or soluble Fas ligand (CD95), was <clueKT>observed</clueKT> <linkTheme>in the <cluePolarity>absence</cluePolarity> of</linkTheme> <corefTheme>active death effector proteases</corefTheme> caspase-1-like (IL-1 converting enzyme), caspase-3-like (CPP32/Yama/apopain), and caspase-6-like and without cleavage of caspase-3 substrates poly(ADP-ribose) polymerase and DNA fragmentation factor-45.</clue>
</event>
<event Polarity="Negative" assertion="non-exist" id="E27">
<type class="Correlation"/>
<theme idref="E23"/>
<theme idref="T39"/>
<clue>Interestingly, apoptosis induced by NF-kappa B suppression, in contrast to that induced by TPEN (N,N,N&apos;,N&apos;-tetrakis [2-pyridylmethyl]ethylenediamine) or soluble Fas ligand (CD95), was <clueKT>observed</clueKT> <linkTheme>in the <cluePolarity>absence</cluePolarity> of</linkTheme> <corefTheme>active death effector proteases</corefTheme> caspase-1-like (IL-1 converting enzyme), caspase-3-like (CPP32/Yama/apopain), and caspase-6-like and without cleavage of caspase-3 substrates poly(ADP-ribose) polymerase and DNA fragmentation factor-45.</clue>
</event>
<event Polarity="Negative" assertion="non-exist" id="E29">
<type class="Correlation"/>
<theme idref="E23"/>
<theme idref="T41"/>
<clue>Interestingly, apoptosis induced by NF-kappa B suppression, in contrast to that induced by TPEN (N,N,N&apos;,N&apos;-tetrakis [2-pyridylmethyl]ethylenediamine) or soluble Fas ligand (CD95), was <clueKT>observed</clueKT> <linkTheme>in the <cluePolarity>absence</cluePolarity> of</linkTheme> <corefTheme>active death effector proteases</corefTheme> caspase-1-like (IL-1 converting enzyme), caspase-3-like (CPP32/Yama/apopain), and caspase-6-like and without cleavage of caspase-3 substrates poly(ADP-ribose) polymerase and DNA fragmentation factor-45.</clue>
</event>
<event Polarity="Negative" assertion="non-exist" id="E31">
<type class="Protein_modification"/>
<theme idref="T44"/>
<clue>Interestingly, apoptosis induced by NF-kappa B suppression, in contrast to that induced by TPEN (N,N,N&apos;,N&apos;-tetrakis [2-pyridylmethyl]ethylenediamine) or soluble Fas ligand (CD95), was observed in the absence of active death effector proteases caspase-1-like (IL-1 converting enzyme), caspase-3-like (CPP32/Yama/apopain), and caspase-6-like and <cluePolarity>without</cluePolarity> <clueType>cleavage</clueType> <linkTheme>of</linkTheme> <corefTheme>caspase-3 substrates</corefTheme> poly(ADP-ribose) polymerase and DNA fragmentation factor-45.</clue>
</event>
<event Polarity="Negative" assertion="non-exist" id="E28">
<type class="Protein_modification"/>
<theme idref="T46"/>
<clue>Interestingly, apoptosis induced by NF-kappa B suppression, in contrast to that induced by TPEN (N,N,N&apos;,N&apos;-tetrakis [2-pyridylmethyl]ethylenediamine) or soluble Fas ligand (CD95), was observed in the absence of active death effector proteases caspase-1-like (IL-1 converting enzyme), caspase-3-like (CPP32/Yama/apopain), and caspase-6-like and <cluePolarity>without</cluePolarity> <clueType>cleavage</clueType> <linkTheme>of</linkTheme> <corefTheme>caspase-3 substrates</corefTheme> poly(ADP-ribose) polymerase and DNA fragmentation factor-45.</clue>
</event>
<sentence id="S7">These findings suggest either low level of activation is required or that different <term id="T48" lex="caspase" sem="Protein_family_or_group">caspases</term> are involved.</sentence>
<event KT="Other" Manner="Low" assertion="non-exist" id="E40">
<type class="Positive_regulation"/>
<theme idref="T37"/>
<clue>These findings suggest either <clueManner>low level</clueManner> of <clueType>activation</clueType> is required or that different caspases are involved.</clue>
<comment>NO COREFTHEME</comment></event>
<event KT="Other" Manner="Low" assertion="non-exist" id="E41">
<type class="Positive_regulation"/>
<theme idref="T39"/>
<clue>These findings suggest either <clueManner>low level</clueManner> of <clueType>activation</clueType> is required or that different caspases are involved.</clue>
<comment>NO COREFTHEME</comment></event>
<event KT="Other" Manner="Low" assertion="non-exist" id="E42">
<type class="Positive_regulation"/>
<theme idref="T41"/>
<clue>These findings suggest either <clueManner>low level</clueManner> of <clueType>activation</clueType> is required or that different caspases are involved.</clue>
<comment>NO COREFTHEME</comment></event>
<event CL="L2" KT="Analysis" id="E32" uncertainty="probable">
<type class="Regulation"/>
<theme idref="E22"/>
<cause idref="E40"/>
<clue>These findings <clueKT><clueCL>suggest</clueCL></clueKT> either low level of activation is <clueType>required</clueType> or that different caspases are involved.</clue>
<comment>NO COREFTHEME</comment></event>
<event CL="L2" KT="Analysis" id="E43">
<type class="Regulation"/>
<theme idref="E22"/>
<cause idref="E41"/>
<clue>These findings <clueKT><clueCL>suggest</clueCL></clueKT> either low level of activation is <clueType>required</clueType> or that different caspases are involved.</clue>
<comment>NO COREFTHEME</comment></event>
<event CL="L2" KT="Analysis" id="E44">
<type class="Regulation"/>
<theme idref="E22"/>
<cause idref="E42"/>
<clue>These findings <clueKT><clueCL>suggest</clueCL></clueKT> either low level of activation is <clueType>required</clueType> or that different caspases are involved.</clue>
<comment>NO COREFTHEME</comment></event>
<event CL="L2" KT="Analysis" id="E33" uncertainty="probable">
<type class="Regulation"/>
<theme idref="E22"/>
<cause idref="T48"/>
<clue>These findings <clueKT><clueCL>suggest</clueCL></clueKT> either low level of activation is required or that different caspases are <clueType>involved</clueType>.</clue>
<comment>NO COREFTHEME</comment></event>
<sentence id="S8">Preactivation of <term id="T49" lex="T_cell" sem="Cell_natural">T cells</term> resulting in <term id="T50" lex="NF-kappa_B_nuclear_translocation" sem="Other"><term id="T51" lex="NF-kappa_B" sem="Protein_complex">NF-kappa B</term> nuclear translocation</term> protected cells from <term id="T53" lex="SN50" sem="Peptide">SN50</term>-induced <term id="T54" lex="apoptosis" sem="Other">apoptosis</term>.</sentence>
<event id="E34">
<type class="Physiological_process"/>
<theme idref="T49"/>
<clue><clueType>Preactivation</clueType> <linkTheme>of</linkTheme> T cells resulting in NF-kappa B nuclear translocation protected cells from SN50-induced apoptosis.</clue>
</event>
<event id="E35">
<type class="Positive_regulation"/>
<theme idref="E36"/>
<cause idref="E34"/>
<clue>Preactivation of <clueLoc>T cells</clueLoc> <clueType>resulting</clueType> <linkTheme>in</linkTheme> NF-kappa B nuclear translocation protected cells from SN50-induced apoptosis.</clue>
</event>
<event id="E36">
<type class="Localization"/>
<theme idref="T51"/>
<clue>Preactivation of T cells resulting in NF-kappa B <clueLoc>nuclear</clueLoc> <clueType>translocation</clueType> protected cells from SN50-induced apoptosis.</clue>
</event>
<event KT="Other" id="E37">
<type class="Positive_regulation"/>
<theme idref="T54"/>
<cause idref="T53"/>
<clue>Preactivation of T cells resulting in NF-kappa B nuclear translocation protected cells from SN50-<clueType>induced</clueType> apoptosis.</clue>
<comment>NER: T52 del &quot;SN50-induced apoptosis&quot;</comment></event>
<event id="E38">
<type class="Negative_regulation"/>
<theme idref="E37"/>
<cause idref="E34"/>
<clue>Preactivation of T cells resulting in NF-kappa B nuclear translocation <clueType>protected</clueType> cells <linkTheme>from</linkTheme> SN50-induced apoptosis.</clue>
</event>
<sentence id="S9">Our findings demonstrate an essential role of <term id="T55" lex="NF-kappa_B" sem="Protein_complex">NF-kappa B</term> in survival of <term id="T56" lex="naive_PBL" sem="Cell_natural">naive PBL</term>.</sentence>
<event KT="Analysis" id="E39">
<type class="Positive_regulation"/>
<theme idref="E30"/>
<cause idref="T55"/>
<clue>Our findings <clueKT>demonstrate</clueKT> an <clueType>essential role</clueType> <linkCause>of</linkCause> NF-kappa B <linkTheme>in</linkTheme> survival of naive PBL.</clue>
</event>
<event KT="Other" id="E30">
<type class="Cellular_physiological_process"/>
<theme idref="T56"/>
<clue>Our findings demonstrate an essential role of NF-kappa B in <clueType>survival</clueType> <linkTheme>of</linkTheme> naive PBL.</clue>
</event>
</AbstractText>
</Abstract></Article></MedlineCitation></PubmedArticle></PubmedArticleSet></Annotation>
