<?xml version='1.0'?><!DOCTYPE Annotation PUBLIC "//GENIA//DTD GENIA ANNOTATION EVENT 2.0//EN_Modified" "../ModifiedGENIAtypes/Modified_GENIA_event_20.dtd"><Annotation annotates="http://www.ncbi.nlm.nih.gov/entrez/eutils/efetch.fcgi?db=pubmed&amp;retmode=xml&amp;rettype=medline&amp;id=10415609" created="03/07/2006" creator="Noriko Katsu"><PubmedArticleSet><PubmedArticle><MedlineCitation>
<PMID>10415609</PMID>
<Article>
<ArticleTitle>
<sentence id="S1">Possible differences in the mechanism(s) of action of different <term id="T1" lex="glucocorticoid_hormone_compound" sem="Lipid">glucocorticoid hormone compounds</term>.</sentence>
</ArticleTitle>
<Abstract>
<AbstractText>
<sentence id="S2">Different <term id="T2" lex="glucocorticoid_hormone_(GCH)" sem="Lipid">glucocorticoid hormones (<term id="T3" lex="GCH" sem="Lipid">GCH</term>)</term> show differences in the intensity and in the kinetics of their <term id="T4" lex="immunomodulating_activity" sem="Other">immunomodulating activity</term>.</sentence>
<event KT="Fact" id="E1">
<type class="Regulation"/>
<cause idref="T3"/>
<clue>Different glucocorticoid hormones (GCH) show differences in the intensity and in the kinetics of <corefCause>their</corefCause> <clueType>immunomodulating activity</clueType>.</clue>
<comment>NO THEME</comment></event>
<sentence id="S3">The mechanism(s) of action of <term id="T5" lex="GCH" sem="Lipid">GCH</term> is under investigation, but is has been noted that they exert <term id="T6" lex="immune_activity" sem="Other">immune activity</term> via the <term id="T7" lex="genomic_pathway" sem="Other">genomic pathway</term>.</sentence>
<event Source="Other" id="E2">
<type class="Regulation"/>
<theme idref="T6"/>
<cause idref="T5"/>
<clue>The mechanism(s) of action of GCH is under investigation, but is <clueSource>has been</clueSource> <clueKT>noted</clueKT> that they <clueType>exert</clueType> immune activity via the genomic pathway.</clue>
</event>
<event id="E3">
<type class="Positive_regulation"/>
<theme idref="T7"/>
<clue>The mechanism(s) of action of GCH is under investigation, but is has been noted that they exert immune activity <linkCause>via</linkCause> the genomic pathway.</clue>
<comment>NO CLUETYPE</comment></event>
<sentence id="S4">We have studied the effects of <term id="T8" lex="prednisone_(PDN)" sem="Lipid">prednisone (<term id="T9" lex="PDN" sem="Lipid">PDN</term>)</term>, <term id="T10" lex="deflazacort_(DFC)" sem="Lipid">deflazacort (<term id="T11" lex="DFC" sem="Lipid">DFC</term>)</term>, and <term id="T12" lex="dexamethasone_(DXM)" sem="Lipid">dexamethasone (<term id="T13" lex="DXM" sem="Lipid">DXM</term>)</term> on the production of <term id="T14" lex="cytokine" sem="Protein_family_or_group">cytokines</term> (<term id="T15" lex="IL-2" sem="Protein_molecule">IL-2</term>, <term id="T16" lex="IL-6" sem="Protein_molecule">IL-6</term>, <term id="T17" lex="TNF-alpha" sem="Protein_molecule">TNF-alpha</term>, <term id="T18" lex="IL-10" sem="Protein_molecule">IL-10</term>) by <term id="T19" lex="peripheral_T_lymphocyte" sem="Cell_natural">peripheral T lymphocytes</term>, and the effects on the inhibition of <term id="T20" lex="NF-kB_DNA_binding_activity" sem="Other"><term id="T21" lex="NF-kB" sem="Protein_molecule">NF-kB</term> <term id="A1" sem="DNA_domain_or_region">DNA</term> binding activity</term> by <term id="T22" lex="activated_Jurkat_cell_line" sem="Cell_cultured">activated Jurkat cell line</term>.</sentence>
<event KT="Investigation" id="E8" uncertainty="doubtful">
<type class="Regulation"/>
<theme idref="E4"/>
<cause idref="T9"/>
<clue>We have <clueKT>studied</clueKT> the <clueType>effects</clueType> <linkCause>of</linkCause> prednisone (PDN), deflazacort (DFC), and dexamethasone (DXM) <linkTheme>on</linkTheme> the production of cytokines (IL-2, IL-6, TNF-alpha, IL-10) by peripheral T lymphocytes, and the effects on the inhibition of NF-kB DNA binding activity by activated Jurkat cell line.</clue>
</event>
<event KT="Investigation" id="E9" uncertainty="doubtful">
<type class="Regulation"/>
<theme idref="E5"/>
<cause idref="T9"/>
<clue>We have <clueKT>studied</clueKT> the <clueType>effects</clueType> <linkCause>of</linkCause> prednisone (PDN), deflazacort (DFC), and dexamethasone (DXM) <linkTheme>on</linkTheme> the production of cytokines (IL-2, IL-6, TNF-alpha, IL-10) by peripheral T lymphocytes, and the effects on the inhibition of NF-kB DNA binding activity by activated Jurkat cell line.</clue>
</event>
<event KT="Investigation" id="E10" uncertainty="doubtful">
<type class="Regulation"/>
<theme idref="E6"/>
<cause idref="T9"/>
<clue>We have <clueKT>studied</clueKT> the <clueType>effects</clueType> <linkCause>of</linkCause> prednisone (PDN), deflazacort (DFC), and dexamethasone (DXM) <linkTheme>on</linkTheme> the production of cytokines (IL-2, IL-6, TNF-alpha, IL-10) by peripheral T lymphocytes, and the effects on the inhibition of NF-kB DNA binding activity by activated Jurkat cell line.</clue>
</event>
<event KT="Investigation" id="E11" uncertainty="doubtful">
<type class="Regulation"/>
<theme idref="E7"/>
<cause idref="T9"/>
<clue>We have <clueKT>studied</clueKT> the <clueType>effects</clueType> <linkCause>of</linkCause> prednisone (PDN), deflazacort (DFC), and dexamethasone (DXM) <linkTheme>on</linkTheme> the production of cytokines (IL-2, IL-6, TNF-alpha, IL-10) by peripheral T lymphocytes, and the effects on the inhibition of NF-kB DNA binding activity by activated Jurkat cell line.</clue>
</event>
<event KT="Other" id="E4">
<type class="Gene_expression"/>
<theme idref="T15"/>
<clue>We have studied the effects of prednisone (PDN), deflazacort (DFC), and dexamethasone (DXM) on the <clueType>production</clueType> <linkTheme>of</linkTheme> cytokines (IL-2, IL-6, TNF-alpha, IL-10) <clueLoc>by peripheral T lymphocytes</clueLoc>, and the effects on the inhibition of NF-kB DNA binding activity by activated Jurkat cell line.</clue>
</event>
<event KT="Other" id="E5">
<type class="Gene_expression"/>
<theme idref="T16"/>
<clue>We have studied the effects of prednisone (PDN), deflazacort (DFC), and dexamethasone (DXM) on the <clueType>production</clueType> <linkTheme>of</linkTheme> cytokines (IL-2, IL-6, TNF-alpha, IL-10) <clueLoc>by peripheral T lymphocytes</clueLoc>, and the effects on the inhibition of NF-kB DNA binding activity by activated Jurkat cell line.</clue>
</event>
<event KT="Other" id="E6">
<type class="Gene_expression"/>
<theme idref="T17"/>
<clue>We have studied the effects of prednisone (PDN), deflazacort (DFC), and dexamethasone (DXM) on the <clueType>production</clueType> <linkTheme>of</linkTheme> cytokines (IL-2, IL-6, TNF-alpha, IL-10) <clueLoc>by peripheral T lymphocytes</clueLoc>, and the effects on the inhibition of NF-kB DNA binding activity by activated Jurkat cell line.</clue>
</event>
<event KT="Other" id="E7">
<type class="Gene_expression"/>
<theme idref="T18"/>
<clue>We have studied the effects of prednisone (PDN), deflazacort (DFC), and dexamethasone (DXM) on the <clueType>production</clueType> <linkTheme>of</linkTheme> cytokines (IL-2, IL-6, TNF-alpha, IL-10) <clueLoc>by peripheral T lymphocytes</clueLoc>, and the effects on the inhibition of NF-kB DNA binding activity by activated Jurkat cell line.</clue>
</event>
<event KT="Investigation" id="E12" uncertainty="doubtful">
<type class="Regulation"/>
<theme idref="E4"/>
<cause idref="T11"/>
<clue>We have <clueKT>studied</clueKT> the <clueType>effects</clueType> <linkCause>of</linkCause> prednisone (PDN), deflazacort (DFC), and dexamethasone (DXM) <linkTheme>on</linkTheme> the production of cytokines (IL-2, IL-6, TNF-alpha, IL-10) by peripheral T lymphocytes, and the effects on the inhibition of NF-kB DNA binding activity by activated Jurkat cell line.</clue>
</event>
<event KT="Investigation" id="E13" uncertainty="doubtful">
<type class="Regulation"/>
<theme idref="E5"/>
<cause idref="T11"/>
<clue>We have <clueKT>studied</clueKT> the <clueType>effects</clueType> <linkCause>of</linkCause> prednisone (PDN), deflazacort (DFC), and dexamethasone (DXM) <linkTheme>on</linkTheme> the production of cytokines (IL-2, IL-6, TNF-alpha, IL-10) by peripheral T lymphocytes, and the effects on the inhibition of NF-kB DNA binding activity by activated Jurkat cell line.</clue>
</event>
<event KT="Investigation" id="E14" uncertainty="doubtful">
<type class="Regulation"/>
<theme idref="E6"/>
<cause idref="T11"/>
<clue>We have <clueKT>studied</clueKT> the <clueType>effects</clueType> <linkCause>of</linkCause> prednisone (PDN), deflazacort (DFC), and dexamethasone (DXM) <linkTheme>on</linkTheme> the production of cytokines (IL-2, IL-6, TNF-alpha, IL-10) by peripheral T lymphocytes, and the effects on the inhibition of NF-kB DNA binding activity by activated Jurkat cell line.</clue>
</event>
<event KT="Investigation" id="E15" uncertainty="doubtful">
<type class="Regulation"/>
<theme idref="E7"/>
<cause idref="T11"/>
<clue>We have <clueKT>studied</clueKT> the <clueType>effects</clueType> <linkCause>of</linkCause> prednisone (PDN), deflazacort (DFC), and dexamethasone (DXM) <linkTheme>on</linkTheme> the production of cytokines (IL-2, IL-6, TNF-alpha, IL-10) by peripheral T lymphocytes, and the effects on the inhibition of NF-kB DNA binding activity by activated Jurkat cell line.</clue>
</event>
<event KT="Investigation" id="E16" uncertainty="doubtful">
<type class="Regulation"/>
<theme idref="E4"/>
<cause idref="T13"/>
<clue>We have <clueKT>studied</clueKT> the <clueType>effects</clueType> <linkCause>of</linkCause> prednisone (PDN), deflazacort (DFC), and dexamethasone (DXM) <linkTheme>on</linkTheme> the production of cytokines (IL-2, IL-6, TNF-alpha, IL-10) by peripheral T lymphocytes, and the effects on the inhibition of NF-kB DNA binding activity by activated Jurkat cell line.</clue>
</event>
<event KT="Investigation" id="E17" uncertainty="doubtful">
<type class="Regulation"/>
<theme idref="E5"/>
<cause idref="T13"/>
<clue>We have <clueKT>studied</clueKT> the <clueType>effects</clueType> <linkCause>of</linkCause> prednisone (PDN), deflazacort (DFC), and dexamethasone (DXM) <linkTheme>on</linkTheme> the production of cytokines (IL-2, IL-6, TNF-alpha, IL-10) by peripheral T lymphocytes, and the effects on the inhibition of NF-kB DNA binding activity by activated Jurkat cell line.</clue>
</event>
<event KT="Investigation" id="E18" uncertainty="doubtful">
<type class="Regulation"/>
<theme idref="E6"/>
<cause idref="T13"/>
<clue>We have <clueKT>studied</clueKT> the <clueType>effects</clueType> <linkCause>of</linkCause> prednisone (PDN), deflazacort (DFC), and dexamethasone (DXM) <linkTheme>on</linkTheme> the production of cytokines (IL-2, IL-6, TNF-alpha, IL-10) by peripheral T lymphocytes, and the effects on the inhibition of NF-kB DNA binding activity by activated Jurkat cell line.</clue>
</event>
<event KT="Investigation" id="E19" uncertainty="doubtful">
<type class="Regulation"/>
<theme idref="E7"/>
<cause idref="T13"/>
<clue>We have <clueKT>studied</clueKT> the <clueType>effects</clueType> <linkCause>of</linkCause> prednisone (PDN), deflazacort (DFC), and dexamethasone (DXM) <linkTheme>on</linkTheme> the production of cytokines (IL-2, IL-6, TNF-alpha, IL-10) by peripheral T lymphocytes, and the effects on the inhibition of NF-kB DNA binding activity by activated Jurkat cell line.</clue>
</event>
<event KT="Investigation" id="E20" uncertainty="doubtful">
<type class="Negative_regulation"/>
<theme idref="E21"/>
<cause idref="T9"/>
<clue>We have <clueKT>studied</clueKT> the effects <linkCause>of</linkCause> prednisone (PDN), deflazacort (DFC), and dexamethasone (DXM) on the production of cytokines (IL-2, IL-6, TNF-alpha, IL-10) by peripheral T lymphocytes, and the <clueType>effects on the inhibition</clueType> <linkTheme>of</linkTheme> NF-kB DNA binding activity <clueLoc>by activated Jurkat cell line</clueLoc>.</clue>
</event>
<event KT="Investigation" id="E22" uncertainty="doubtful">
<type class="Negative_regulation"/>
<theme idref="E21"/>
<cause idref="T11"/>
<clue>We have <clueKT>studied</clueKT> the effects <linkCause>of</linkCause> prednisone (PDN), deflazacort (DFC), and dexamethasone (DXM) on the production of cytokines (IL-2, IL-6, TNF-alpha, IL-10) by peripheral T lymphocytes, and the <clueType>effects on the inhibition</clueType> <linkTheme>of</linkTheme> NF-kB DNA binding activity <clueLoc>by activated Jurkat cell line</clueLoc>.</clue>
</event>
<event KT="Investigation" id="E23" uncertainty="doubtful">
<type class="Negative_regulation"/>
<theme idref="E21"/>
<cause idref="T13"/>
<clue>We have <clueKT>studied</clueKT> the effects <linkCause>of</linkCause> prednisone (PDN), deflazacort (DFC), and dexamethasone (DXM) on the production of cytokines (IL-2, IL-6, TNF-alpha, IL-10) by peripheral T lymphocytes, and the <clueType>effects on the inhibition</clueType> <linkTheme>of</linkTheme> NF-kB DNA binding activity <clueLoc>by activated Jurkat cell line</clueLoc>.</clue>
</event>
<event KT="Other" id="E21">
<type class="Binding"/>
<theme idref="T21"/>
<theme idref="A1"/>
<clue>We have studied the effects of prednisone (PDN), deflazacort (DFC), and dexamethasone (DXM) on the production of cytokines (IL-2, IL-6, TNF-alpha, IL-10) by peripheral T lymphocytes, and the effects on the inhibition of NF-kB DNA <clueType>binding</clueType> activity by activated Jurkat cell line.</clue>
</event>
<sentence id="S5">The data obtained show that the three <term id="T23" lex="GCH" sem="Lipid">GCH</term> molecules exert an <term id="T24" lex="immunosuppression" sem="Other">immunosuppression</term> on <term id="T25" lex="cytokine_production" sem="Other"><term id="T26" lex="cytokine" sem="Protein_family_or_group">cytokine</term> production</term> by <term id="T27" lex="T_lymphocyte" sem="Cell_natural">T lymphocytes</term> and a strong decrease in the <term id="T28" lex="nuclear_translocation" sem="Other">nuclear translocation</term> of <term id="T29" lex="NF-kB" sem="Protein_molecule">NF-kB</term> in <term id="T30" lex="Jurkat_cell" sem="Cell_cultured">Jurkat cells</term>; moreover, (a) not all the <term id="T31" lex="cytokine" sem="Protein_family_or_group">cytokines</term> investigated were affected, and not with the same intensity, by the three <term id="T32" lex="GCH" sem="Lipid">GCH</term> and (b) <term id="T33" lex="DXM" sem="Lipid">DXM</term> inhibited the <term id="T34" lex="binding_activity" sem="Other">binding activity</term> of <term id="T35" lex="NF-kB" sem="Protein_molecule">NF-kB</term> less than that of <term id="T36" lex="DFC" sem="Lipid">DFC</term> and <term id="T37" lex="PDN" sem="Lipid">PDN</term>.</sentence>
<event KT="Analysis" id="E24">
<type class="Negative_regulation"/>
<theme idref="E27"/>
<cause idref="T9"/>
<clue>The data obtained <clueKT>show</clueKT> that the <corefCause>three GCH</corefCause> molecules exert an <clueType>immunosuppression</clueType> <linkTheme>on</linkTheme> cytokine production by T lymphocytes and a strong decrease in the nuclear translocation of NF-kB in Jurkat cells; moreover, (a) not all the cytokines investigated were affected, and not with the same intensity, by the three GCH and (b) DXM inhibited the binding activity of NF-kB less than that of DFC and PDN.</clue>
</event>
<event KT="Analysis" id="E25">
<type class="Negative_regulation"/>
<theme idref="E27"/>
<cause idref="T9"/>
<clue>The data obtained <clueKT>show</clueKT> that the <corefCause>three GCH</corefCause> molecules exert an <clueType>immunosuppression</clueType> <linkTheme>on</linkTheme> cytokine production by T lymphocytes and a strong decrease in the nuclear translocation of NF-kB in Jurkat cells; moreover, (a) not all the cytokines investigated were affected, and not with the same intensity, by the three GCH and (b) DXM inhibited the binding activity of NF-kB less than that of DFC and PDN.</clue>
</event>
<event KT="Analysis" id="E26">
<type class="Negative_regulation"/>
<theme idref="E27"/>
<cause idref="T9"/>
<clue>The data obtained <clueKT>show</clueKT> that the <corefCause>three GCH</corefCause> molecules exert an <clueType>immunosuppression</clueType> <linkTheme>on</linkTheme> cytokine production by T lymphocytes and a strong decrease in the nuclear translocation of NF-kB in Jurkat cells; moreover, (a) not all the cytokines investigated were affected, and not with the same intensity, by the three GCH and (b) DXM inhibited the binding activity of NF-kB less than that of DFC and PDN.</clue>
</event>
<event KT="Other" id="E27">
<type class="Gene_expression"/>
<theme idref="T26"/>
<clue>The data obtained show that the three GCH molecules exert an immunosuppression on cytokine <clueType>production</clueType> <clueLoc>by T lymphocytes</clueLoc> and a strong decrease in the nuclear translocation of NF-kB in Jurkat cells; moreover, (a) not all the cytokines investigated were affected, and not with the same intensity, by the three GCH and (b) DXM inhibited the binding activity of NF-kB less than that of DFC and PDN.</clue>
</event>
<event KT="Analysis" Manner="High" id="E28">
<type class="Negative_regulation"/>
<theme idref="E31"/>
<cause idref="T9"/>
<clue>The data obtained <clueKT>show</clueKT> that the <corefCause>three GCH</corefCause> molecules exert an immunosuppression on cytokine production by T lymphocytes and a <clueManner>strong</clueManner> <clueType>decrease</clueType> <linkTheme>in</linkTheme> the nuclear translocation of NF-kB in Jurkat cells; moreover, (a) not all the cytokines investigated were affected, and not with the same intensity, by the three GCH and (b) DXM inhibited the binding activity of NF-kB less than that of DFC and PDN.</clue>
</event>
<event KT="Analysis" Manner="High" id="E29">
<type class="Negative_regulation"/>
<theme idref="E31"/>
<cause idref="T11"/>
<clue>The data obtained <clueKT>show</clueKT> that the <corefCause>three GCH</corefCause> molecules exert an immunosuppression on cytokine production by T lymphocytes and a <clueManner>strong</clueManner> <clueType>decrease</clueType> <linkTheme>in</linkTheme> the nuclear translocation of NF-kB in Jurkat cells; moreover, (a) not all the cytokines investigated were affected, and not with the same intensity, by the three GCH and (b) DXM inhibited the binding activity of NF-kB less than that of DFC and PDN.</clue>
</event>
<event KT="Analysis" Manner="High" id="E30">
<type class="Negative_regulation"/>
<theme idref="E31"/>
<cause idref="T13"/>
<clue>The data obtained <clueKT>show</clueKT> that the <corefCause>three GCH</corefCause> molecules exert an immunosuppression on cytokine production by T lymphocytes and a <clueManner>strong</clueManner> <clueType>decrease</clueType> <linkTheme>in</linkTheme> the nuclear translocation of NF-kB in Jurkat cells; moreover, (a) not all the cytokines investigated were affected, and not with the same intensity, by the three GCH and (b) DXM inhibited the binding activity of NF-kB less than that of DFC and PDN.</clue>
</event>
<event KT="Other" id="E31">
<type class="Localization"/>
<theme idref="T29"/>
<clue>The data obtained show that the three GCH molecules exert an immunosuppression on cytokine production by T lymphocytes and a strong decrease in the <clueLoc>nuclear</clueLoc> <clueType>translocation</clueType> <linkTheme>of</linkTheme> NF-kB <clueLoc>in Jurkat cells</clueLoc>; moreover, (a) not all the cytokines investigated were affected, and not with the same intensity, by the three GCH and (b) DXM inhibited the binding activity of NF-kB less than that of DFC and PDN.</clue>
</event>
<event KT="Analysis" id="E32">
<type class="Negative_regulation"/>
<theme idref="E35"/>
<cause idref="T33"/>
<clue>The data obtained <clueKT>show</clueKT> that the three GCH molecules exert an immunosuppression on cytokine production by T lymphocytes and a strong decrease in the nuclear translocation of NF-kB in Jurkat cells; moreover, (a) not all the cytokines investigated were affected, and not with the same intensity, by the three GCH and (b) DXM <clueType>inhibited</clueType> the binding activity of NF-kB less than that of DFC and PDN.</clue>
</event>
<event KT="Analysis" id="E33">
<type class="Negative_regulation"/>
<theme idref="E35"/>
<cause idref="T36"/>
<clue>The data obtained <clueKT>show</clueKT> that the three GCH molecules exert an immunosuppression on cytokine production by T lymphocytes and a strong decrease in the nuclear translocation of NF-kB in Jurkat cells; moreover, (a) not all the cytokines investigated were affected, and not with the same intensity, by the three GCH and (b) DXM <clueType>inhibited</clueType> the binding activity of NF-kB less than that of DFC and PDN.</clue>
<comment>CAUTION: SEE</comment></event>
<event KT="Analysis" id="E34">
<type class="Negative_regulation"/>
<theme idref="E35"/>
<cause idref="T37"/>
<clue>The data obtained <clueKT>show</clueKT> that the three GCH molecules exert an immunosuppression on cytokine production by T lymphocytes and a strong decrease in the nuclear translocation of NF-kB in Jurkat cells; moreover, (a) not all the cytokines investigated were affected, and not with the same intensity, by the three GCH and (b) DXM <clueType>inhibited</clueType> the binding activity of NF-kB less than that of DFC and PDN.</clue>
<comment>CAUTION: SEE</comment></event>
<event KT="Other" id="E35">
<type class="Binding"/>
<theme idref="T35"/>
<clue>The data obtained show that the three GCH molecules exert an immunosuppression on cytokine production by T lymphocytes and a strong decrease in the nuclear translocation of NF-kB in Jurkat cells; moreover, (a) not all the cytokines investigated were affected, and not with the same intensity, by the three GCH and (b) DXM inhibited the <clueType>binding activity</clueType> <linkTheme>of</linkTheme> NF-kB less than that of DFC and PDN.</clue>
</event>
<event KT="Analysis" id="E38">
<type class="Regulation"/>
<theme idref="T31"/>
<cause idref="T9"/>
<clue>The data obtained <clueKT>show</clueKT> that the three GCH molecules exert an immunosuppression on cytokine production by T lymphocytes and a strong decrease in the nuclear translocation of NF-kB in Jurkat cells; moreover, (a) not all the cytokines investigated were <clueType>affected</clueType>, and not with the same intensity, <linkCause>by</linkCause> <corefCause>the three GCH</corefCause> and (b) DXM inhibited the binding activity of NF-kB less than that of DFC and PDN.</clue>
</event>
<event KT="Analysis" id="E39">
<type class="Regulation"/>
<theme idref="T31"/>
<cause idref="T11"/>
<clue>The data obtained <clueKT>show</clueKT> that the three GCH molecules exert an immunosuppression on cytokine production by T lymphocytes and a strong decrease in the nuclear translocation of NF-kB in Jurkat cells; moreover, (a) not all the cytokines investigated were <clueType>affected</clueType>, and not with the same intensity, <linkCause>by</linkCause> <corefCause>the three GCH</corefCause> and (b) DXM inhibited the binding activity of NF-kB less than that of DFC and PDN.</clue>
</event>
<event KT="Analysis" id="E40">
<type class="Regulation"/>
<theme idref="T31"/>
<cause idref="T13"/>
<clue>The data obtained <clueKT>show</clueKT> that the three GCH molecules exert an immunosuppression on cytokine production by T lymphocytes and a strong decrease in the nuclear translocation of NF-kB in Jurkat cells; moreover, (a) not all the cytokines investigated were <clueType>affected</clueType>, and not with the same intensity, <linkCause>by</linkCause> <corefCause>the three GCH</corefCause> and (b) DXM inhibited the binding activity of NF-kB less than that of DFC and PDN.</clue>
</event>
<sentence id="S6">These data are in agreement with the concept that different <term id="T38" lex="GCH" sem="Lipid">GCH</term> compounds might differ in their <term id="T39" lex="binding_property" sem="Other">binding</term> and <term id="T40" lex="affinity_property" sem="Other">affinity properties</term>, <term id="T41" lex="tissue-specific_metabolism" sem="Other">tissue-specific metabolism</term>, and interaction with <term id="T42" lex="transcription_factor" sem="Protein_family_or_group">transcription factor</term>.</sentence>
<event KT="Other" id="E41" uncertainty="probable">
<type class="Binding"/>
<theme idref="T38"/>
<clue>These data are in agreement with the concept that different GCH compounds might differ in their <clueType>binding</clueType> and affinity properties, tissue-specific metabolism, and interaction with transcription factor.</clue>
</event>
<event KT="Other" id="E36" uncertainty="probable">
<type class="Binding"/>
<theme idref="T38"/>
<theme idref="T42"/>
<clue>These data are in agreement with the concept that different GCH compounds might differ in their binding and affinity properties, tissue-specific metabolism, and <clueType>interaction</clueType> <linkTheme>with</linkTheme> transcription factor.</clue>
</event>
<event KT="Other" id="E37" uncertainty="probable">
<type class="Metabolism"/>
<theme idref="T38"/>
<clue>These data are in agreement with the concept that different GCH compounds might differ in their binding and affinity properties, tissue-specific <clueType>metabolism</clueType>, and interaction with transcription factor.</clue>
</event>
</AbstractText>
</Abstract></Article></MedlineCitation></PubmedArticle></PubmedArticleSet></Annotation>
