<?xml version='1.0'?><!DOCTYPE Annotation PUBLIC "//GENIA//DTD GENIA ANNOTATION EVENT 2.0//EN_Modified" "../ModifiedGENIAtypes/Modified_GENIA_event_20.dtd"><Annotation annotates="http://www.ncbi.nlm.nih.gov/entrez/eutils/efetch.fcgi?db=pubmed&amp;retmode=xml&amp;rettype=medline&amp;id=10411003" created="03/07/2006" creator="Noriko Katsu"><PubmedArticleSet><PubmedArticle><MedlineCitation>
<PMID>10411003</PMID>
<Article>
<ArticleTitle>
<sentence id="S1">Regulatory effects of <term id="T1" lex="interleukin-11" sem="Protein_molecule">interleukin-11</term> during <term id="T2" lex="acute_lung_inflammatory_injury" sem="Other">acute lung inflammatory injury</term>.</sentence>
<event KT="Other" id="E1">
<type class="Regulation"/>
<cause idref="T1"/>
<clue><clueType>Regulatory effects</clueType> <linkCause>of</linkCause> interleukin-11 during acute lung inflammatory injury.</clue>
<comment>NO THEME</comment></event>
<event KT="Investigation" id="E37">
<type class="Correlation"/>
<theme idref="E1"/>
<theme idref="T2"/>
<clue>Regulatory effects of interleukin-11 <linkTheme>during</linkTheme> acute lung inflammatory injury.</clue>
</event>
</ArticleTitle>
<Abstract>
<AbstractText>
<sentence id="S2">The role of <term id="T3" lex="interleukin-11" sem="Protein_molecule">interleukin-11</term> (<term id="T4" lex="IL-11" sem="Protein_molecule">IL-11</term>) was evaluated in the <term id="T5" lex="IgG_immune_complex_model" sem="Other"><term id="T6" lex="IgG_immune_complex" sem="Protein_complex">IgG immune complex</term> model</term> of <term id="T7" lex="acute_lung_injury" sem="Other">acute lung injury</term> in <term id="T8" lex="rat" sem="Multicellular_organism_natural">rats</term>.</sentence>
<event KT="Investigation" id="E2" uncertainty="doubtful">
<type class="Regulation"/>
<theme idref="T7"/>
<cause idref="T4"/>
<clue>The <clueType>role</clueType> <linkCause>of</linkCause> interleukin-11 (IL-11) was <clueKT>evaluated</clueKT> <clueExperiment>in the IgG immune complex model</clueExperiment> <linkTheme>of</linkTheme> acute lung injury <clueLoc>in rats</clueLoc>.</clue>
</event>
<sentence id="S3"><term id="T9" lex="IL-11_mRNA" sem="RNA_molecule"><term id="T10" lex="IL-11" sem="Protein_molecule">IL-11</term> mRNA</term> and <term id="A2" sem="Protein_molecule">protein</term> were both up-regulated during the course of this <term id="T11" lex="inflammatory_response" sem="Other">inflammatory response</term>.</sentence>
<event id="E3">
<type class="Positive_regulation"/>
<theme idref="T9"/>
<clue>IL-11 mRNA and protein were both <clueType>up-regulated</clueType> during the course of this inflammatory response.</clue>
</event>
<event id="E4">
<type class="Positive_regulation"/>
<theme idref="T10" idref1="A2"/>
<clue>IL-11 mRNA and protein were both <clueType>up-regulated</clueType> during the course of this inflammatory response.</clue>
</event>
<event id="E38">
<type class="Correlation"/>
<theme idref="E3"/>
<theme idref="T11"/>
<clue>IL-11 mRNA and protein were both up-regulated <linkTheme>during the course of</linkTheme> this inflammatory response.</clue>
</event>
<event id="E39">
<type class="Correlation"/>
<theme idref="E4"/>
<theme idref="T11"/>
<clue>IL-11 mRNA and protein were both up-regulated <linkTheme>during the course of</linkTheme> this inflammatory response.</clue>
</event>
<sentence id="S4">Exogenously administered <term id="T12" lex="IL-11" sem="Protein_molecule">IL-11</term> substantially reduced, in a dose-dependent manner, the <term id="T13" lex="intrapulmonary_accumulation" sem="Other">intrapulmonary accumulation</term> of <term id="T14" lex="neutrophil" sem="Cell_natural">neutrophils</term> and the <term id="T15" lex="lung_vascular_leak" sem="Other">lung vascular leak</term> of <term id="T16" lex="albumin" sem="Protein_molecule">albumin</term>.</sentence>
<event Manner="High" id="E5">
<type class="Negative_regulation"/>
<theme idref="E7"/>
<cause idref="T12"/>
<clue>Exogenously administered IL-11 <clueManner>substantially</clueManner> <clueType>reduced</clueType>, in a dose-dependent manner, the intrapulmonary accumulation of neutrophils and the lung vascular leak of albumin.</clue>
</event>
<event Manner="High" id="E6">
<type class="Negative_regulation"/>
<theme idref="E8"/>
<cause idref="T12"/>
<clue>Exogenously administered IL-11 <clueManner>substantially</clueManner> <clueType>reduced</clueType>, in a dose-dependent manner, the intrapulmonary accumulation of neutrophils and the lung vascular leak of albumin.</clue>
</event>
<event id="E7">
<type class="Cellular_physiological_process"/>
<theme idref="T14"/>
<clue>Exogenously administered IL-11 substantially reduced, in a dose-dependent manner, the <clueLoc>intrapulmonary</clueLoc> <clueType>accumulation</clueType> <linkTheme>of</linkTheme> neutrophils and the lung vascular leak of albumin.</clue>
</event>
<event id="E8">
<type class="Localization"/>
<theme idref="T16"/>
<clue>Exogenously administered IL-11 substantially reduced, in a dose-dependent manner, the intrapulmonary accumulation of neutrophils and the <clueLoc>lung vascular</clueLoc> <clueType>leak</clueType> <linkTheme>of</linkTheme> albumin.</clue>
</event>
<sentence id="S5">These in vivo anti-inflammatory effects of <term id="T17" lex="IL-11" sem="Protein_molecule">IL-11</term> were associated with reduced <term id="T18" lex="NF-kappaB_activation" sem="Other"><term id="T19" lex="NF-kappaB" sem="Protein_complex">NF-kappaB</term> activation</term> in lung, reduced levels of <term id="T20" lex="tumor_necrosis_factor_alpha" sem="Protein_molecule">tumor necrosis factor alpha</term> (<term id="T21" lex="TNF-alpha" sem="Protein_molecule">TNF-alpha</term>) in <term id="T22" lex="bronchoalveolar_lavage_(BAL)_fluid" sem="Tissue_natural">bronchoalveolar lavage (BAL) fluids</term>, and diminished up-regulation of <term id="T23" lex="lung_vascular_ICAM-1" sem="Protein_molecule">lung vascular <term id="A3" sem="Protein_molecule">ICAM-1</term></term>.</sentence>
<event KT="Analysis" id="E9">
<type class="Correlation"/>
<theme idref="E5"/>
<theme idref="E15"/>
<clue><corefTheme>These in vivo anti-inflammatory effects of IL-11</corefTheme> were <clueType><clueKT>associated</clueKT></clueType> <linkTheme>with</linkTheme> reduced NF-kappaB activation in lung, reduced levels of tumor necrosis factor alpha (TNF-alpha) in bronchoalveolar lavage (BAL) fluids, and diminished up-regulation of lung vascular ICAM-1.</clue>
</event>
<event KT="Analysis" id="E10">
<type class="Correlation"/>
<theme idref="E5"/>
<theme idref="E17"/>
<clue><corefTheme>These in vivo anti-inflammatory effects of IL-11</corefTheme> were <clueType><clueKT>associated</clueKT></clueType> <linkTheme>with</linkTheme> reduced NF-kappaB activation in lung, reduced levels of tumor necrosis factor alpha (TNF-alpha) in bronchoalveolar lavage (BAL) fluids, and diminished up-regulation of lung vascular ICAM-1.</clue>
</event>
<event KT="Analysis" id="E11">
<type class="Correlation"/>
<theme idref="E5"/>
<theme idref="E18"/>
<clue><corefTheme>These in vivo anti-inflammatory effects of IL-11</corefTheme> were <clueType><clueKT>associated</clueKT></clueType> <linkTheme>with</linkTheme> reduced NF-kappaB activation in lung, reduced levels of tumor necrosis factor alpha (TNF-alpha) in bronchoalveolar lavage (BAL) fluids, and diminished up-regulation of lung vascular ICAM-1.</clue>
</event>
<event KT="Analysis" id="E12">
<type class="Correlation"/>
<theme idref="E6"/>
<theme idref="E15"/>
<clue><corefTheme>These in vivo anti-inflammatory effects of IL-11</corefTheme> were <clueType><clueKT>associated</clueKT></clueType> <linkTheme>with</linkTheme> reduced NF-kappaB activation in lung, reduced levels of tumor necrosis factor alpha (TNF-alpha) in bronchoalveolar lavage (BAL) fluids, and diminished up-regulation of lung vascular ICAM-1.</clue>
</event>
<event KT="Analysis" id="E13">
<type class="Correlation"/>
<theme idref="E6"/>
<theme idref="E17"/>
<clue><corefTheme>These in vivo anti-inflammatory effects of IL-11</corefTheme> were <clueType><clueKT>associated</clueKT></clueType> <linkTheme>with</linkTheme> reduced NF-kappaB activation in lung, reduced levels of tumor necrosis factor alpha (TNF-alpha) in bronchoalveolar lavage (BAL) fluids, and diminished up-regulation of lung vascular ICAM-1.</clue>
</event>
<event KT="Analysis" id="E14">
<type class="Correlation"/>
<theme idref="E6"/>
<theme idref="E18"/>
<clue><corefTheme>These in vivo anti-inflammatory effects of IL-11</corefTheme> were <clueType><clueKT>associated</clueKT></clueType> <linkTheme>with</linkTheme> reduced NF-kappaB activation in lung, reduced levels of tumor necrosis factor alpha (TNF-alpha) in bronchoalveolar lavage (BAL) fluids, and diminished up-regulation of lung vascular ICAM-1.</clue>
</event>
<event KT="Other" id="E15">
<type class="Negative_regulation"/>
<theme idref="E16"/>
<clue>These in vivo anti-inflammatory effects of IL-11 were associated with <clueType>reduced</clueType> NF-kappaB activation in lung, reduced levels of tumor necrosis factor alpha (TNF-alpha) in bronchoalveolar lavage (BAL) fluids, and diminished up-regulation of lung vascular ICAM-1.</clue>
</event>
<event KT="Other" id="E16">
<type class="Positive_regulation"/>
<theme idref="T19"/>
<clue>These in vivo anti-inflammatory effects of IL-11 were associated with reduced NF-kappaB <clueType>activation</clueType> <clueLoc>in lung</clueLoc>, reduced levels of tumor necrosis factor alpha (TNF-alpha) in bronchoalveolar lavage (BAL) fluids, and diminished up-regulation of lung vascular ICAM-1.</clue>
</event>
<event KT="Other" id="E17">
<type class="Negative_regulation"/>
<theme idref="T21"/>
<clue>These in vivo anti-inflammatory effects of IL-11 were associated with reduced NF-kappaB activation in lung, <clueType>reduced levels</clueType> <linkTheme>of</linkTheme> tumor necrosis factor alpha (TNF-alpha) <clueLoc>in bronchoalveolar lavage (BAL) fluids</clueLoc>, and diminished up-regulation of lung vascular ICAM-1.</clue>
</event>
<event KT="Other" id="E18">
<type class="Negative_regulation"/>
<theme idref="E19"/>
<clue>These in vivo anti-inflammatory effects of IL-11 were associated with reduced NF-kappaB activation in lung, reduced levels of tumor necrosis factor alpha (TNF-alpha) in bronchoalveolar lavage (BAL) fluids, and <clueType>diminished</clueType> up-regulation of lung vascular ICAM-1.</clue>
</event>
<event KT="Other" id="E19">
<type class="Positive_regulation"/>
<theme idref="A3"/>
<clue>These in vivo anti-inflammatory effects of IL-11 were associated with reduced NF-kappaB activation in lung, reduced levels of tumor necrosis factor alpha (TNF-alpha) in bronchoalveolar lavage (BAL) fluids, and diminished <clueType>up-regulation</clueType> <linkTheme>of</linkTheme> <clueLoc>lung vascular</clueLoc> ICAM-1.</clue>
</event>
<sentence id="S6">It is interesting that <term id="T24" lex="IL-11" sem="Protein_molecule">IL-11</term> did not affect <term id="T25" lex="BAL_fluid_content" sem="Other"><term id="T26" lex="BAL_fluid" sem="Tissue_natural">BAL fluid</term> content</term> of the <term id="T27" lex="CXC_chemokine" sem="Protein_family_or_group">CXC chemokines</term>, <term id="T28" lex="macrophage_inflammatory_protein-2" sem="Protein_molecule">macrophage inflammatory protein-2</term> (<term id="T29" lex="MIP-2" sem="Protein_molecule">MIP-2</term>) and <term id="T30" lex="cytokine-inducible_neutrophil_chemoattractant" sem="Protein_molecule"><term id="T31" lex="cytokine" sem="Protein_family_or_group">cytokine</term>-inducible neutrophil chemoattractant</term> (<term id="T32" lex="CINC" sem="Protein_molecule">CINC</term>); the presence of <term id="T33" lex="IL-11" sem="Protein_molecule">IL-11</term> did not affect these <term id="T34" lex="chemokine" sem="Protein_family_or_group">chemokines</term>.</sentence>
<event Polarity="Negative" assertion="non-exist" id="E20">
<type class="Regulation"/>
<theme idref="T27"/>
<cause idref="T24"/>
<clue>It is interesting that IL-11 did <cluePolarity>not</cluePolarity> <clueType>affect</clueType> <clueLoc>BAL fluid</clueLoc> content <linkTheme>of</linkTheme> the CXC chemokines, macrophage inflammatory protein-2 (MIP-2) and cytokine-inducible neutrophil chemoattractant (CINC); the presence of IL-11 did not affect these chemokines.</clue>
</event>
<event Polarity="Negative" assertion="non-exist" id="E21">
<type class="Regulation"/>
<theme idref="T29"/>
<cause idref="T24"/>
<clue>It is interesting that IL-11 did <cluePolarity>not</cluePolarity> <clueType>affect</clueType> <clueLoc>BAL fluid</clueLoc> content <linkTheme>of</linkTheme> the CXC chemokines, macrophage inflammatory protein-2 (MIP-2) and cytokine-inducible neutrophil chemoattractant (CINC); the presence of IL-11 did not affect these chemokines.</clue>
</event>
<event Polarity="Negative" assertion="non-exist" id="E22">
<type class="Regulation"/>
<theme idref="T32"/>
<cause idref="T24"/>
<clue>It is interesting that IL-11 did <cluePolarity>not</cluePolarity> <clueType>affect</clueType> <clueLoc>BAL fluid</clueLoc> content <linkTheme>of</linkTheme> the CXC chemokines, macrophage inflammatory protein-2 (MIP-2) and cytokine-inducible neutrophil chemoattractant (CINC); the presence of IL-11 did not affect these chemokines.</clue>
</event>
<event Polarity="Negative" assertion="non-exist" id="E34">
<type class="Regulation"/>
<theme idref="T27"/>
<cause idref="T33"/>
<clue>It is interesting that IL-11 did not affect BAL fluid content of the CXC chemokines, macrophage inflammatory protein-2 (MIP-2) and cytokine-inducible neutrophil chemoattractant (CINC); the presence of IL-11 did <cluePolarity>not</cluePolarity> <clueType>affect</clueType> <corefTheme>these chemokines</corefTheme>.</clue>
</event>
<event Polarity="Negative" assertion="non-exist" id="E35">
<type class="Regulation"/>
<theme idref="T29"/>
<cause idref="T33"/>
<clue>It is interesting that IL-11 did not affect BAL fluid content of the CXC chemokines, macrophage inflammatory protein-2 (MIP-2) and cytokine-inducible neutrophil chemoattractant (CINC); the presence of IL-11 did <cluePolarity>not</cluePolarity> <clueType>affect</clueType> <corefTheme>these chemokines</corefTheme>.</clue>
</event>
<event Polarity="Negative" assertion="non-exist" id="E36">
<type class="Regulation"/>
<theme idref="T32"/>
<cause idref="T33"/>
<clue>It is interesting that IL-11 did not affect BAL fluid content of the CXC chemokines, macrophage inflammatory protein-2 (MIP-2) and cytokine-inducible neutrophil chemoattractant (CINC); the presence of IL-11 did <cluePolarity>not</cluePolarity> <clueType>affect</clueType> <corefTheme>these chemokines</corefTheme>.</clue>
</event>
<sentence id="S7">However, <term id="T35" lex="BAL_content" sem="Other">BAL content</term> of <term id="T36" lex="C5a" sem="Peptide">C5a</term> was reduced by <term id="T37" lex="IL-11" sem="Protein_molecule">IL-11</term>.</sentence>
<event id="E23">
<type class="Negative_regulation"/>
<theme idref="T36"/>
<cause idref="T37"/>
<clue>However, <clueLoc>BAL</clueLoc> content <linkTheme>of</linkTheme> C5a was <clueType>reduced</clueType> <linkCause>by</linkCause> IL-11.</clue>
</event>
<sentence id="S8">These data indicate that <term id="T38" lex="IL-11" sem="Protein_molecule">IL-11</term> is a <term id="T39" lex="regulatory_cytokine" sem="Protein_family_or_group">regulatory <term id="T40" lex="cytokine" sem="Protein_family_or_group">cytokine</term></term> in the <term id="T41" lex="lung" sem="Body_region">lung</term> and that, like other members of this family, its <term id="T42" lex="anti-inflammatory_property" sem="Other">anti-inflammatory properties</term> appear to be linked to its suppression of <term id="T43" lex="NF-kappaB_activation" sem="Other"><term id="T44" lex="NF-kappaB" sem="Protein_complex">NF-kappaB</term> activation</term>, diminished production of <term id="T45" lex="TNF-alpha" sem="Protein_molecule">TNF-alpha</term>, and reduced up-regulation of <term id="T46" lex="lung_vascular_ICAM-1" sem="Protein_molecule">lung vascular ICAM-1</term>.</sentence>
<event CL="L2" KT="Analysis" id="E24">
<type class="Regulation"/>
<cause idref="T38"/>
<clue>These data <clueKT><clueCL>indicate</clueCL></clueKT> that IL-11 is a <clueType>regulatory</clueType> cytokine <clueLoc>in the lung</clueLoc> and that, like other members of this family, its anti-inflammatory properties appear to be linked to its suppression of NF-kappaB activation, diminished production of TNF-alpha, and reduced up-regulation of lung vascular ICAM-1.</clue>
<comment>NO THEME</comment></event>
<event CL="L2" KT="Analysis" id="E25" uncertainty="probable">
<type class="Correlation"/>
<theme idref="T38" idref1="T42"/>
<theme idref="E28"/>
<clue>These data indicate that IL-11 is a regulatory cytokine in the lung and that, like other members of this family, its anti-inflammatory properties <clueCL>appear</clueCL> to be <clueType><clueKT>linked</clueKT></clueType> <linkTheme>to</linkTheme> its suppression of NF-kappaB activation, diminished production of TNF-alpha, and reduced up-regulation of lung vascular ICAM-1.</clue>
</event>
<event CL="L2" KT="Analysis" id="E26" uncertainty="probable">
<type class="Correlation"/>
<theme idref="T38" idref1="T42"/>
<theme idref="E30"/>
<clue>These data indicate that IL-11 is a regulatory cytokine in the lung and that, like other members of this family, its anti-inflammatory properties <clueCL>appear</clueCL> to be <clueType><clueKT>linked</clueKT></clueType> <linkTheme>to</linkTheme> its suppression of NF-kappaB activation, diminished production of TNF-alpha, and reduced up-regulation of lung vascular ICAM-1.</clue>
</event>
<event CL="L2" KT="Analysis" id="E27" uncertainty="probable">
<type class="Correlation"/>
<theme idref="T38" idref1="T42"/>
<theme idref="E32"/>
<clue>These data indicate that IL-11 is a regulatory cytokine in the lung and that, like other members of this family, its anti-inflammatory properties <clueCL>appear</clueCL> to be <clueType><clueKT>linked</clueKT></clueType> <linkTheme>to</linkTheme> its suppression of NF-kappaB activation, diminished production of TNF-alpha, and reduced up-regulation of lung vascular ICAM-1.</clue>
</event>
<event KT="Other" id="E28">
<type class="Negative_regulation"/>
<theme idref="E29"/>
<cause idref="T38"/>
<clue>These data indicate that IL-11 is a regulatory cytokine in the lung and that, like other members of this family, its anti-inflammatory properties appear to be linked to its <clueType>suppression</clueType> <linkTheme>of</linkTheme> NF-kappaB activation, diminished production of TNF-alpha, and reduced up-regulation of lung vascular ICAM-1.</clue>
</event>
<event KT="Other" id="E29">
<type class="Positive_regulation"/>
<theme idref="T44"/>
<clue>These data indicate that IL-11 is a regulatory cytokine in the lung and that, like other members of this family, its anti-inflammatory properties appear to be linked to its suppression of NF-kappaB <clueType>activation</clueType>, diminished production of TNF-alpha, and reduced up-regulation of lung vascular ICAM-1.</clue>
</event>
<event KT="Other" id="E30">
<type class="Negative_regulation"/>
<theme idref="E31"/>
<clue>These data indicate that IL-11 is a regulatory cytokine in the lung and that, like other members of this family, its anti-inflammatory properties appear to be linked to its suppression of NF-kappaB activation, <clueType>diminished</clueType> production of TNF-alpha, and reduced up-regulation of lung vascular ICAM-1.</clue>
</event>
<event KT="Other" id="E31">
<type class="Gene_expression"/>
<theme idref="T45"/>
<clue>These data indicate that IL-11 is a regulatory cytokine in the lung and that, like other members of this family, its anti-inflammatory properties appear to be linked to its suppression of NF-kappaB activation, diminished <clueType>production</clueType> <linkTheme>of</linkTheme> TNF-alpha, and reduced up-regulation of lung vascular ICAM-1.</clue>
</event>
<event KT="Other" id="E32">
<type class="Negative_regulation"/>
<theme idref="E33"/>
<clue>These data indicate that IL-11 is a regulatory cytokine in the lung and that, like other members of this family, its anti-inflammatory properties appear to be linked to its suppression of NF-kappaB activation, diminished production of TNF-alpha, and <clueType>reduced</clueType> up-regulation of lung vascular ICAM-1.</clue>
</event>
<event KT="Other" id="E33">
<type class="Positive_regulation"/>
<theme idref="T46"/>
<clue>These data indicate that IL-11 is a regulatory cytokine in the lung and that, like other members of this family, its anti-inflammatory properties appear to be linked to its suppression of NF-kappaB activation, diminished production of TNF-alpha, and reduced <clueType>up-regulation</clueType> <linkTheme>of</linkTheme> <clueLoc>lung vascular</clueLoc> ICAM-1.</clue>
</event>
</AbstractText>
</Abstract></Article></MedlineCitation></PubmedArticle></PubmedArticleSet></Annotation>
