<?xml version='1.0'?><!DOCTYPE Annotation PUBLIC "//GENIA//DTD GENIA ANNOTATION EVENT 2.0//EN_Modified" "../ModifiedGENIAtypes/Modified_GENIA_event_20.dtd"><Annotation annotates="http://www.ncbi.nlm.nih.gov/entrez/eutils/efetch.fcgi?db=pubmed&amp;retmode=xml&amp;rettype=medline&amp;id=10426996" created="04/07/2006" creator="Noriko Katsu"><PubmedArticleSet><PubmedArticle><MedlineCitation>
<PMID>10426996</PMID>
<Article>
<ArticleTitle>
<sentence id="S1"><term id="T1" lex="cell_activation" sem="Other"><term id="A1" sem="Cell_natural">Cell</term> activation</term> and <term id="T2" lex="apoptosis" sem="Other">apoptosis</term> by <term id="T3" lex="bacterial_lipoprotein" sem="Lipid">bacterial lipoproteins</term> through <term id="T4" lex="toll-like_receptor-2" sem="Protein_family_or_group">toll-like receptor-2</term>.</sentence>
<event KT="Other" id="E1">
<type class="Physiological_process"/>
<theme idref="A1"/>
<cause idref="T3"/>
<clue>Cell <clueType>activation</clueType> and apoptosis <linkCause>by</linkCause> bacterial lipoproteins through toll-like receptor-2.</clue>
</event>
<event KT="Other" id="E2">
<type class="Cellular_physiological_process"/>
<theme idref="A1"/>
<clue>Cell activation and <clueType>apoptosis</clueType> by bacterial lipoproteins through toll-like receptor-2.</clue>
</event>
<event KT="Investigation" id="E15">
<type class="Positive_regulation"/>
<theme idref="E2"/>
<cause idref="T3"/>
<clue>Cell activation and apoptosis <linkCause>by</linkCause> bacterial lipoproteins through toll-like receptor-2.</clue>
</event>
<event KT="Investigation" id="E3">
<type class="Positive_regulation"/>
<theme idref="E1"/>
<cause idref="T4"/>
<clue>Cell activation and apoptosis by bacterial lipoproteins <linkCause>through</linkCause> toll-like receptor-2.</clue>
<comment>NO CLUETYPE</comment></event>
<event KT="Investigation" id="E4">
<type class="Positive_regulation"/>
<theme idref="E2"/>
<cause idref="T4"/>
<clue>Cell activation and apoptosis by bacterial lipoproteins <linkCause>through</linkCause> toll-like receptor-2.</clue>
<comment>NO CLUETYPE</comment></event>
</ArticleTitle>
<Abstract>
<AbstractText>
<sentence id="S2"><term id="T5" lex="apoptosis" sem="Other">Apoptosis</term> is implicated in the generation and resolution of <term id="T6" lex="inflammation" sem="Other">inflammation</term> in response to <term id="T7" lex="bacterial_pathogen" sem="Unicellular_organism">bacterial pathogens</term>.</sentence>
<event CL="L2" KT="Analysis" id="E5">
<type class="Regulation"/>
<theme idref="E6"/>
<cause idref="T5"/>
<clue>Apoptosis is <clueType><clueKT><clueCL>implicated</clueCL></clueKT></clueType> <linkTheme>in</linkTheme> the generation and resolution of inflammation in response to bacterial pathogens.</clue>
</event>
<event KT="Other" id="E6">
<type class="Positive_regulation"/>
<theme idref="T6"/>
<cause idref="T7"/>
<clue>Apoptosis is implicated in the generation and resolution of inflammation <linkCause>in response to</linkCause> bacterial pathogens.</clue>
<comment>NO CLUETYPE</comment></event>
<sentence id="S3">All <term id="T8" lex="bacterial_pathogen" sem="Unicellular_organism">bacterial pathogens</term> produce <term id="T9" lex="lipoproteins_(BLPs)" sem="Lipid">lipoproteins (<term id="T10" lex="BLP" sem="Lipid">BLPs</term>)</term>, which trigger the innate <term id="T11" lex="immune_response" sem="Other">immune response</term>.</sentence>
<event KT="Fact" id="E7">
<type class="Metabolism"/>
<theme idref="T10"/>
<clue>All <clueLoc>bacterial pathogens</clueLoc> <clueType>produce</clueType> lipoproteins (BLPs), which trigger the innate immune response.</clue>
</event>
<event KT="Other" id="E8">
<type class="Positive_regulation"/>
<theme idref="T11"/>
<cause idref="T10"/>
<clue>All bacterial pathogens produce lipoproteins (BLPs), which <clueType>trigger</clueType> the innate immune response.</clue>
<comment>NER: T10 (and T9) sem mod, Protein_family_or_group -&gt; Lipid</comment></event>
<sentence id="S4"><term id="T12" lex="BLP" sem="Lipid">BLPs</term> were found to induce <term id="T13" lex="apoptosis" sem="Other">apoptosis</term> in <term id="T14" lex="THP-1_monocytic_cell" sem="Cell_cultured">THP-1 monocytic cells</term> through <term id="T15" lex="human_Toll-like_receptor-2_(hTLR2)" sem="Protein_family_or_group">human Toll-like receptor-2 (<term id="T16" lex="hTLR2" sem="Protein_family_or_group">hTLR2</term>)</term>.</sentence>
<event id="E9">
<type class="Positive_regulation"/>
<theme idref="E11"/>
<cause idref="T12"/>
<clue>BLPs were found to <clueType>induce</clueType> apoptosis in THP-1 monocytic cells through human Toll-like receptor-2 (hTLR2).</clue>
<comment>NER: T12 sem mod, Protein_family_or_group -&gt; Lipid</comment></event>
<event id="E10">
<type class="Positive_regulation"/>
<theme idref="E9"/>
<cause idref="T16"/>
<clue>BLPs were <clueKT>found</clueKT> to induce apoptosis in THP-1 monocytic cells <linkCause>through</linkCause> human Toll-like receptor-2 (hTLR2).</clue>
<comment>NO CLUETYPE</comment></event>
<event id="E11">
<type class="Cellular_physiological_process"/>
<theme idref="T14"/>
<clue>BLPs were found to induce <clueType>apoptosis</clueType> <linkTheme>in</linkTheme> THP-1 monocytic cells through human Toll-like receptor-2 (hTLR2).</clue>
</event>
<sentence id="S5"><term id="T17" lex="BLP" sem="Lipid">BLPs</term> also initiated <term id="T18" lex="apoptosis" sem="Other">apoptosis</term> in an <term id="A2" sem="Cell_cultured"><term id="T19" lex="epithelial_cell_line" sem="Cell_cultured">epithelial cell line</term> transfected with <term id="T20" lex="hTLR2" sem="Protein_family_or_group">hTLR2</term>.</term></sentence>
<event id="E12">
<type class="Positive_regulation"/>
<theme idref="E13"/>
<cause idref="T17"/>
<clue>BLPs also <clueType>initiated</clueType> apoptosis in an epithelial cell line transfected with hTLR2.</clue>
<comment>NER: T17 sem mod, Protein_family_or_group -&gt; Lipid</comment></event>
<event id="E13">
<type class="Cellular_physiological_process"/>
<theme idref="A2"/>
<clue>BLPs also initiated <clueType>apoptosis</clueType> <linkTheme>in</linkTheme> an epithelial cell line transfected with hTLR2.</clue>
<comment>TPS: A2</comment></event>
<event KT="Method" id="E14">
<type class="Gene_expression"/>
<theme idref="T20"/>
<clue>BLPs also initiated apoptosis in an <clueLoc>epithelial cell line</clueLoc> <clueType>transfected</clueType> <linkTheme>with</linkTheme> hTLR2.</clue>
<comment>ARTIFICIAL</comment></event>
<event id="E18">
<type class="Positive_regulation"/>
<theme idref="E14"/>
<clue>BLPs also initiated apoptosis in an <clueLoc>epithelial cell line</clueLoc> <clueType>transfected</clueType> with hTLR2.</clue>
</event>
<sentence id="S6">In addition, <term id="T21" lex="BLP" sem="Lipid">BLPs</term> stimulated <term id="T22" lex="nuclear_factor-kappaB" sem="Protein_molecule">nuclear factor-kappaB</term>, a <term id="T23" lex="transcriptional_activator" sem="Protein_family_or_group">transcriptional activator</term> of <term id="T24" lex="multiple_host_defense_gene" sem="DNA_family_or_group">multiple host defense genes</term>, and activated the <term id="T25" lex="respiratory_burst" sem="Other">respiratory burst</term> through <term id="T26" lex="hTLR2" sem="Protein_family_or_group">hTLR2</term>.</sentence>
<event id="E16">
<type class="Positive_regulation"/>
<theme idref="T22"/>
<cause idref="T21"/>
<clue>In addition, BLPs <clueType>stimulated</clueType> nuclear factor-kappaB, a transcriptional activator of multiple host defense genes, and activated the respiratory burst through hTLR2.</clue>
<comment>NER: T21 sem mod, Protein_family_or_group -&gt; Lipid</comment></event>
<event id="E17">
<type class="Positive_regulation"/>
<theme idref="T25"/>
<cause idref="T21"/>
<clue>In addition, BLPs stimulated nuclear factor-kappaB, a transcriptional activator of multiple host defense genes, and <clueType>activated</clueType> the respiratory burst through hTLR2.</clue>
<comment>NER: T21 sem mod, Protein_family_or_group -&gt; Lipid</comment></event>
<event id="E19">
<type class="Positive_regulation"/>
<theme idref="E17"/>
<cause idref="T26"/>
<clue>In addition, BLPs stimulated nuclear factor-kappaB, a transcriptional activator of multiple host defense genes, and activated the respiratory burst <linkCause>through</linkCause> hTLR2.</clue>
<comment>NO CLUETYPE</comment></event>
<event KT="Fact" id="E23">
<type class="Positive_regulation"/>
<theme idref="T24"/>
<cause idref="T22"/>
<clue>In addition, BLPs stimulated nuclear factor-kappaB, a <clueType>transcriptional activator</clueType> <linkTheme>of</linkTheme> multiple host defense genes, and activated the respiratory burst through hTLR2.</clue>
</event>
<sentence id="S7">Thus, <term id="T27" lex="hTLR2" sem="Protein_family_or_group">hTLR2</term> is a molecular link between <term id="T28" lex="microbial_product" sem="Lipid">microbial products</term>, <term id="T29" lex="apoptosis" sem="Other">apoptosis</term>, and <term id="T30" lex="host_defense_mechanism" sem="Other">host defense mechanisms</term>.</sentence>
<event KT="Analysis" id="E20">
<type class="Correlation"/>
<theme idref="T27"/>
<theme idref="T28"/>
<clue><clueKT>Thus</clueKT>, hTLR2 is a <clueType>molecular <clueKT>link</clueKT></clueType> <linkTheme>between</linkTheme> microbial products, apoptosis, and host defense mechanisms.</clue>
</event>
<event KT="Analysis" id="E21">
<type class="Correlation"/>
<theme idref="T27"/>
<theme idref="T29"/>
<clue><clueKT>Thus</clueKT>, hTLR2 is a <clueType>molecular <clueKT>link</clueKT></clueType> <linkTheme>between</linkTheme> microbial products, apoptosis, and host defense mechanisms.</clue>
</event>
<event KT="Analysis" id="E22">
<type class="Correlation"/>
<theme idref="T27"/>
<theme idref="T30"/>
<clue><clueKT>Thus</clueKT>, hTLR2 is a <clueType>molecular <clueKT>link</clueKT></clueType> <linkTheme>between</linkTheme> microbial products, apoptosis, and host defense mechanisms.</clue>
</event>
</AbstractText>
</Abstract></Article></MedlineCitation></PubmedArticle></PubmedArticleSet></Annotation>
