<?xml version='1.0'?><!DOCTYPE Annotation PUBLIC "//GENIA//DTD GENIA ANNOTATION EVENT 2.0//EN_Modified" "../ModifiedGENIAtypes/Modified_GENIA_event_20.dtd"><Annotation annotates="http://www.ncbi.nlm.nih.gov/entrez/eutils/efetch.fcgi?db=pubmed&amp;retmode=xml&amp;rettype=medline&amp;id=10425262" created="04/07/2006" creator="Noriko Katsu"><PubmedArticleSet><PubmedArticle><MedlineCitation>
<PMID>10425262</PMID>
<Article>
<ArticleTitle>
<sentence id="S1"><term id="T1" lex="reactive_oxygen_intermediate-release" sem="Other"><term id="T2" lex="reactive_oxygen_intermediate" sem="Inorganic_compound">Reactive oxygen intermediate</term>-release</term> of <term id="T3" lex="fibre-exposed_monocyte" sem="Cell_cultured"><term id="T4" lex="fibre" sem="Inorganic_compound">fibre</term>-exposed <term id="A1" sem="Cell_natural">monocytes</term></term> increases inflammatory <term id="T5" lex="cytokine-mRNA_level" sem="Other"><term id="T6" lex="cytokine-mRNA" sem="RNA_family_or_group"><term id="T7" lex="cytokine" sem="Protein_family_or_group">cytokine</term>-mRNA</term> level</term>, <term id="T8" lex="protein_tyrosine_kinase" sem="Protein_family_or_group">protein <term id="T9" lex="tyrosine" sem="Amino_acid_monomer">tyrosine</term> kinase</term> and <term id="T10" lex="NF-kappaB" sem="Protein_complex">NF-kappaB</term> activity in <term id="T11" lex="co-cultured_bronchial_epithelial_cell" sem="Cell_cultured">co-cultured bronchial epithelial cells</term> (<term id="T12" lex="BEAS-2B" sem="Cell_cultured">BEAS-2B</term>).</sentence>
<event KT="Method" id="E1">
<type class="Artificial_process"/>
<theme idref="A1"/>
<theme idref="T4"/>
<clue>Reactive oxygen intermediate-release of fibre-<clueType>exposed</clueType> monocytes increases inflammatory cytokine-mRNA level, protein tyrosine kinase and NF-kappaB activity in co-cultured bronchial epithelial cells (BEAS-2B).</clue>
<comment>NER: T4 sem mod, Carbohydrate -&gt; Inorganic</comment></event>
<event id="E2">
<type class="Localization"/>
<theme idref="T2"/>
<clue>Reactive oxygen intermediate-<clueType>release</clueType> <clueLoc>of fibre-exposed monocytes</clueLoc> increases inflammatory cytokine-mRNA level, protein tyrosine kinase and NF-kappaB activity in co-cultured bronchial epithelial cells (BEAS-2B).</clue>
</event>
<event id="E3">
<type class="Positive_regulation"/>
<theme idref="T6"/>
<cause idref="E2"/>
<clue>Reactive oxygen intermediate-release of fibre-exposed monocytes <clueType>increases</clueType> inflammatory cytokine-mRNA level, protein tyrosine kinase and NF-kappaB activity <clueLoc>in co-cultured bronchial epithelial cells (BEAS-2B)</clueLoc>.</clue>
</event>
<event id="E4">
<type class="Positive_regulation"/>
<theme idref="T8"/>
<cause idref="E2"/>
<clue>Reactive oxygen intermediate-release of fibre-exposed monocytes <clueType>increases</clueType> inflammatory cytokine-mRNA level, protein tyrosine kinase and NF-kappaB activity <clueLoc>in co-cultured bronchial epithelial cells (BEAS-2B)</clueLoc>.</clue>
</event>
<event id="E5">
<type class="Positive_regulation"/>
<theme idref="T10"/>
<cause idref="E2"/>
<clue>Reactive oxygen intermediate-release of fibre-exposed monocytes <clueType>increases</clueType> inflammatory cytokine-mRNA level, protein tyrosine kinase and NF-kappaB activity <clueLoc>in co-cultured bronchial epithelial cells (BEAS-2B)</clueLoc>.</clue>
</event>
</ArticleTitle>
<Abstract>
<AbstractText>
<sentence id="S2">Some <term id="T13" lex="pulmonary_disease" sem="Other">pulmonary diseases</term> like <term id="T14" lex="bronchitis" sem="Other">bronchitis</term> or <term id="T15" lex="asthma_bronchiale" sem="Other">asthma bronchiale</term> are mediated by <term id="A2" sem="Other">inflammatory mechanisms</term> in <term id="T17" lex="bronchial_epithelial_cell" sem="Cell_natural">bronchial epithelial cells</term>.</sentence>
<event KT="Fact" id="E7">
<type class="Positive_regulation"/>
<theme idref="T14"/>
<cause idref="A2"/>
<clue>Some <corefTheme>pulmonary diseases</corefTheme> like bronchitis or asthma bronchiale are <clueType>mediated</clueType> <linkCause>by</linkCause> inflammatory mechanisms <clueLoc>in bronchial epithelial cells</clueLoc>.</clue>
</event>
<event KT="Fact" id="E8">
<type class="Positive_regulation"/>
<theme idref="T15"/>
<cause idref="A2"/>
<clue>Some <corefTheme>pulmonary diseases</corefTheme> like bronchitis or asthma bronchiale are <clueType>mediated</clueType> <linkCause>by</linkCause> inflammatory mechanisms <clueLoc>in bronchial epithelial cells</clueLoc>.</clue>
<comment>NER: T16 del &quot;asthma&quot;</comment></event>
<sentence id="S3"><term id="T18" lex="alveolar_macrophage" sem="Cell_natural">Alveolar macrophages</term> are located directly in the surrounding of these cells, so that we suppose an interaction between <term id="T19" lex="epithelial_cell" sem="Cell_natural">epithelial cells</term> and <term id="T20" lex="macrophage" sem="Cell_natural">macrophages</term> regarding to the release of <term id="T21" lex="inflammatory_mediator" sem="Protein_family_or_group">inflammatory mediators</term>.</sentence>
<event KT="Fact" id="E9">
<type class="Cellular_physiological_process"/>
<theme idref="T18"/>
<clue>Alveolar macrophages are <clueType>located</clueType> directly <clueLoc>in the surrounding of these cells</clueLoc>, so that we suppose an interaction between epithelial cells and macrophages regarding to the release of inflammatory mediators.</clue>
</event>
<event KT="Other" id="E10" uncertainty="probable">
<type class="Cell_communication"/>
<theme idref="T19"/>
<theme idref="T20"/>
<clue>Alveolar macrophages are located directly in the surrounding of these cells, so that we suppose an <clueType>interaction</clueType> <linkTheme>between</linkTheme> epithelial cells and macrophages regarding to the release of inflammatory mediators.</clue>
</event>
<event CL="L2" KT="Analysis" id="E11">
<type class="Regulation"/>
<theme idref="E12"/>
<cause idref="E10"/>
<clue>Alveolar macrophages are located directly in the surrounding of these cells, so that we <clueKT><clueCL>suppose</clueCL></clueKT> an interaction between epithelial cells and macrophages <clueType>regarding</clueType> <linkTheme>to</linkTheme> the release of inflammatory mediators.</clue>
</event>
<event KT="Other" id="E12">
<type class="Localization"/>
<theme idref="T21"/>
<clue>Alveolar macrophages are located directly in the surrounding of these cells, so that we suppose an interaction between epithelial cells and macrophages regarding to the <clueType>release</clueType> <linkTheme>of</linkTheme> inflammatory mediators.</clue>
</event>
<sentence id="S4">For measuring the contribution of <term id="T22" lex="macrophage" sem="Cell_natural">macrophages</term> to the release of <term id="T23" lex="inflammatory_mediator" sem="Protein_family_or_group">inflammatory mediators</term> by <term id="T24" lex="bronchial_epithelial_cell" sem="Cell_natural">bronchial <term id="T25" lex="epithelial_cell" sem="Cell_natural">epithelial cells</term></term>, we established an in vitro model of <term id="T26" lex="co-cultured_blood_monocyte" sem="Cell_natural">co-cultured blood monocytes</term> (<term id="T27" lex="BM" sem="Cell_natural">BM</term>) and <term id="T28" lex="BEAS-2B_cell" sem="Cell_cultured">BEAS-2B cells</term> in a <term id="T29" lex="transwell_system" sem="Other">transwell system</term> (Costar).</sentence>
<event KT="Investigation" id="E13" uncertainty="doubtful">
<type class="Regulation"/>
<theme idref="E14"/>
<cause idref="T22"/>
<clue>For <clueKT>measuring</clueKT> the <clueType>contribution</clueType> <linkCause>of</linkCause> macrophages <linkTheme>to</linkTheme> the release of inflammatory mediators by bronchial epithelial cells, we established an in vitro model of co-cultured blood monocytes (BM) and BEAS-2B cells in a transwell system (Costar).</clue>
</event>
<event KT="Other" id="E14">
<type class="Localization"/>
<theme idref="T23"/>
<clue>For measuring the contribution of macrophages to the <clueType>release</clueType> <linkTheme>of</linkTheme> inflammatory mediators <clueLoc>by bronchial epithelial cells</clueLoc>, we established an in vitro model of co-cultured blood monocytes (BM) and BEAS-2B cells in a transwell system (Costar).</clue>
</event>
<event KT="Method" id="E15">
<type class="Artificial_process"/>
<theme idref="T27"/>
<theme idref="T28"/>
<clue>For measuring the contribution of macrophages to the release of inflammatory mediators by bronchial epithelial cells, we established an in vitro model of <clueType>co-cultured</clueType> blood monocytes (BM) and BEAS-2B cells <clueExperiment>in a transwell system (Costar)</clueExperiment>.</clue>
</event>
<sentence id="S5"><term id="T30" lex="BM" sem="Cell_natural">BM</term> were exposed to <term id="T31" lex="Chrysotile_B" sem="Inorganic_compound">Chrysotile B</term> and <term id="T32" lex="soot_particle_FR_101" sem="Inorganic_compound">soot particle FR 101</term> in a concentration of 100 microg/10(6) cells.</sentence>
<event KT="Method" id="E16">
<type class="Artificial_process"/>
<theme idref="T30"/>
<theme idref="T31"/>
<clue>BM were <clueType>exposed</clueType> <linkTheme>to</linkTheme> Chrysotile B and soot particle FR 101 in a concentration of 100 microg/10(6) cells.</clue>
<comment>NER: T31 sem mod, Other_organic_compound -&gt; Inorganic</comment></event>
<event KT="Method" id="E17">
<type class="Artificial_process"/>
<theme idref="T30"/>
<theme idref="T32"/>
<clue>BM were <clueType>exposed</clueType> <linkTheme>to</linkTheme> Chrysotile B and soot particle FR 101 in a concentration of 100 microg/10(6) cells.</clue>
<comment>NER: T32 sem mod, Other_organic_compound -&gt; Inorganic</comment></event>
<sentence id="S6">After up to 90 min exposure time <term id="T33" lex="ELISA" sem="Other">ELISA</term>, <term id="T34" lex="EMSA" sem="Other">EMSA</term> (<term id="T35" lex="electromobility_shift_assay" sem="Other">electromobility shift assay</term>) and RT-<term id="T36" lex="PCR" sem="Other">PCR</term> were used to measure <term id="T37" lex="protein_tyrosine_kinase_activity" sem="Other"><term id="T38" lex="protein_tyrosine_kinase" sem="Protein_family_or_group">protein <term id="T39" lex="tyrosine" sem="Amino_acid_monomer">tyrosine</term> kinase</term> activity</term>, <term id="T40" lex="protein_activity" sem="Other">protein activity</term> of <term id="T41" lex="NF-kappaB" sem="Protein_complex">NF-kappaB</term> and <term id="T42" lex="cytokine" sem="Protein_family_or_group">cytokine</term> (<term id="T43" lex="IL-1beta" sem="Protein_molecule">IL-1beta</term>, <term id="T44" lex="IL-6" sem="Protein_molecule">IL-6</term>, <term id="T45" lex="TNF-alpha" sem="Protein_molecule">TNF-alpha</term>) specific <term id="T46" lex="mRNA_level" sem="Other"><term id="T47" lex="mRNA" sem="RNA_family_or_group">mRNA</term> levels</term> in <term id="T48" lex="BEAS-2B_cell" sem="Cell_natural">BEAS-2B cells</term>.</sentence>
<event KT="Investigation" id="E18" uncertainty="doubtful">
<type class="Positive_regulation"/>
<theme idref="T38"/>
<clue><clueExperiment>After up to 90 min exposure time ELISA, EMSA (electromobility shift assay) and RT-PCR</clueExperiment> were used <clueKT>to measure</clueKT> protein tyrosine kinase <clueType>activity</clueType>, protein activity of NF-kappaB and cytokine (IL-1beta, IL-6, TNF-alpha) specific mRNA levels <clueLoc>in BEAS-2B cells</clueLoc>.</clue>
</event>
<event KT="Investigation" id="E19" uncertainty="doubtful">
<type class="Positive_regulation"/>
<theme idref="T41"/>
<clue><clueExperiment>After up to 90 min exposure time ELISA, EMSA (electromobility shift assay) and RT-PCR</clueExperiment> were used <clueKT>to measure</clueKT> protein tyrosine kinase activity, protein <clueType>activity</clueType> <linkTheme>of</linkTheme> NF-kappaB and cytokine (IL-1beta, IL-6, TNF-alpha) specific mRNA levels <clueLoc>in BEAS-2B cells</clueLoc>.</clue>
</event>
<event KT="Investigation" id="E20" uncertainty="doubtful">
<type class="Transcription"/>
<theme idref="T43" idref1="T47"/>
<clue><clueExperiment>After up to 90 min exposure time ELISA, EMSA (electromobility shift assay) and RT-PCR</clueExperiment> were used <clueKT>to measure</clueKT> protein tyrosine kinase activity, protein activity of NF-kappaB and cytokine (IL-1beta, IL-6, TNF-alpha) specific mRNA <clueType>levels</clueType> <clueLoc>in BEAS-2B cells</clueLoc>.</clue>
<comment>CAUTION</comment></event>
<event KT="Investigation" id="E21" uncertainty="doubtful">
<type class="Transcription"/>
<theme idref="T44" idref1="T47"/>
<clue><clueExperiment>After up to 90 min exposure time ELISA, EMSA (electromobility shift assay) and RT-PCR</clueExperiment> were used <clueKT>to measure</clueKT> protein tyrosine kinase activity, protein activity of NF-kappaB and cytokine (IL-1beta, IL-6, TNF-alpha) specific mRNA <clueType>levels</clueType> <clueLoc>in BEAS-2B cells</clueLoc>.</clue>
<comment>CAUTION</comment></event>
<event KT="Investigation" id="E22" uncertainty="doubtful">
<type class="Transcription"/>
<theme idref="T45" idref1="T47"/>
<clue><clueExperiment>After up to 90 min exposure time ELISA, EMSA (electromobility shift assay) and RT-PCR</clueExperiment> were used <clueKT>to measure</clueKT> protein tyrosine kinase activity, protein activity of NF-kappaB and cytokine (IL-1beta, IL-6, TNF-alpha) specific mRNA <clueType>levels</clueType> <clueLoc>in BEAS-2B cells</clueLoc>.</clue>
<comment>CAUTION</comment></event>
<sentence id="S7">We observed an increase in <term id="T49" lex="protein_tyrosine_kinase_activity" sem="Other"><term id="T50" lex="protein_tyrosine_kinase" sem="Protein_family_or_group">protein <term id="T51" lex="tyrosine" sem="Amino_acid_monomer">tyrosine</term> kinase</term> activity</term> (up to 1.8 +/- 0.5-fold) and <term id="T52" lex="NF-kappaB_protein_activity" sem="Other"><term id="T53" lex="NF-kappaB" sem="Protein_complex">NF-kappaB</term> protein activity</term> in <term id="T54" lex="BEAS-2B_cell" sem="Cell_natural">BEAS-2B cells</term> after <cons id="C1" lex="(OR particle_exposure fibre_exposure)" sem="(OR Other Other)"><frag id="F5"><term id="A3" sem="Inorganic_compound">particle</term></frag> or <frag id="F6"><term id="T56" lex="fibre" sem="Carbohydrate">fibre</term></frag> <frag id="F7">exposure</frag></cons> of <term id="T57" lex="co-cultured_BM" sem="Cell_cultured">co-cultured <term id="T58" lex="BM" sem="Cell_natural">BM</term></term>.</sentence>
<event Manner="High" id="E23">
<type class="Positive_regulation"/>
<theme idref="T50"/>
<cause idref="E27"/>
<clue>We observed an <clueType>increase</clueType> <linkTheme>in</linkTheme> protein tyrosine kinase <clueType>activity</clueType> (<clueManner>up to 1.8</clueManner> +/- 0.5-<clueManner>fold</clueManner>) and NF-kappaB protein activity <clueLoc>in BEAS-2B cells</clueLoc> <linkCause>after</linkCause> particle or fibre exposure of co-cultured BM.</clue>
</event>
<event Manner="High" id="E24">
<type class="Positive_regulation"/>
<theme idref="T50"/>
<cause idref="E28"/>
<clue>We <clueKT>observed</clueKT> an <clueType>increase</clueType> <linkTheme>in</linkTheme> protein tyrosine kinase <clueType>activity</clueType> (<clueManner>up to 1.8</clueManner> +/- 0.5-<clueManner>fold</clueManner>) and NF-kappaB protein activity <clueLoc>in BEAS-2B cells</clueLoc> <linkCause>after</linkCause> particle or fibre exposure of co-cultured BM.</clue>
</event>
<event id="E25">
<type class="Positive_regulation"/>
<theme idref="T53"/>
<cause idref="E27"/>
<clue>We <clueKT>observed</clueKT> an <clueType>increase</clueType> in protein tyrosine kinase activity (up to 1.8 +/- 0.5-fold) and NF-kappaB protein <clueType>activity</clueType> <clueLoc>in BEAS-2B cells</clueLoc> <linkCause>after</linkCause> particle or fibre exposure of co-cultured BM.</clue>
</event>
<event id="E26">
<type class="Positive_regulation"/>
<theme idref="T53"/>
<cause idref="E28"/>
<clue>We <clueKT>observed</clueKT> an <clueType>increase</clueType> in protein tyrosine kinase activity (up to 1.8 +/- 0.5-fold) and NF-kappaB protein <clueType>activity</clueType> <clueLoc>in BEAS-2B cells</clueLoc> <linkCause>after</linkCause> particle or fibre exposure of co-cultured BM.</clue>
</event>
<event KT="Method" id="E27">
<type class="Artificial_process"/>
<theme idref="A3"/>
<theme idref="T57"/>
<clue>We observed an increase in protein tyrosine kinase activity (up to 1.8 +/- 0.5-fold) and NF-kappaB protein activity in BEAS-2B cells after particle or fibre <clueType>exposure</clueType> <linkTheme>of</linkTheme> co-cultured BM.</clue>
</event>
<event KT="Method" id="E28">
<type class="Artificial_process"/>
<theme idref="T56"/>
<theme idref="T57"/>
<clue>We observed an increase in protein tyrosine kinase activity (up to 1.8 +/- 0.5-fold) and NF-kappaB protein activity in BEAS-2B cells after particle or fibre <clueType>exposure</clueType> <linkTheme>of</linkTheme> co-cultured BM.</clue>
<comment>NER: T56 sem mod, Carbohydrate -&gt; Inorganic</comment></event>
<sentence id="S8">Consecutive <cons id="T59" lex="(AND IL-1beta-mRNA IL-6-mRNA TNF-alpha-mRNA)" sem="(AND RNA_molecule RNA_molecule RNA_molecule)"><frag id="F1">IL-1beta-</frag>, <frag id="F2">IL-6-</frag> and <frag id="F3">TNF-alpha-</frag><frag id="F4">mRNA</frag></cons> were elevated (up to 1.9 +/- 0.58-fold).</sentence>
<event Manner="High" id="E29">
<type class="Positive_regulation"/>
<theme idref="F1" idref1="F4"/>
<clue><clueTime>Consecutive</clueTime> IL-1beta-, IL-6- and TNF-alpha-mRNA were <clueType>elevated</clueType> (up to <clueManner>1.9 +/- 0.58-fold</clueManner>).</clue>
</event>
<event Manner="High" id="E30">
<type class="Positive_regulation"/>
<theme idref="F2" idref1="F4"/>
<clue><clueTime>Consecutive</clueTime> IL-1beta-, IL-6- and TNF-alpha-mRNA were <clueType>elevated</clueType> (up to <clueManner>1.9 +/- 0.58-fold</clueManner>).</clue>
</event>
<event Manner="High" id="E31">
<type class="Positive_regulation"/>
<theme idref="F3" idref1="F4"/>
<clue><clueTime>Consecutive</clueTime> IL-1beta-, IL-6- and TNF-alpha-mRNA were <clueType>elevated</clueType> (up to <clueManner>1.9 +/- 0.58-fold</clueManner>).</clue>
</event>
<sentence id="S9"><term id="T60" lex="protein_tyrosine_kinase_activity" sem="Other"><term id="T61" lex="protein_tyrosine_kinase" sem="Protein_molecule">Protein <term id="T62" lex="tyrosine" sem="Amino_acid_monomer">tyrosine</term> kinase</term> activity</term>, <term id="T63" lex="NF-kappaB_activity" sem="Other"><term id="T64" lex="NF-kappaB" sem="Protein_complex">NF-kappaB</term> activity</term>, and the synthesis of <term id="T65" lex="cytokine-specific_mRNA" sem="RNA_molecule"><term id="T66" lex="cytokine" sem="Protein_family_or_group">cytokine</term>-specific mRNA</term> were inhibited by <term id="T67" lex="antioxidant" sem="Organic_compound_other">antioxidants</term>.</sentence>
<event id="E32">
<type class="Negative_regulation"/>
<theme idref="T61"/>
<cause idref="T67"/>
<clue>Protein tyrosine kinase activity, NF-kappaB activity, and the synthesis of cytokine-specific mRNA were <clueType>inhibited</clueType> <linkCause>by</linkCause> antioxidants.</clue>
</event>
<event id="E33">
<type class="Negative_regulation"/>
<theme idref="T64"/>
<cause idref="T67"/>
<clue>Protein tyrosine kinase activity, NF-kappaB activity, and the synthesis of cytokine-specific mRNA were <clueType>inhibited</clueType> <linkCause>by</linkCause> antioxidants.</clue>
</event>
<event id="E34">
<type class="Negative_regulation"/>
<theme idref="T65"/>
<cause idref="T67"/>
<clue>Protein tyrosine kinase activity, NF-kappaB activity, and the synthesis of cytokine-specific mRNA were <clueType>inhibited</clueType> <linkCause>by</linkCause> antioxidants.</clue>
</event>
<sentence id="S10">These data suggest a <term id="T68" lex="ROI-dependent_NF-kappaB_mediated_transcription" sem="Other"><term id="A8" lex="ROI" sem="Inorganic_compound">ROI</term>-dependent <term id="T69" lex="NF-kappaB" sem="Protein_complex">NF-kappaB</term> mediated transcription</term> of <term id="T70" lex="inflammatory_cytokine" sem="Protein_family_or_group">inflammatory <term id="T71" lex="cytokine" sem="Protein_family_or_group"><term id="A9" sem="DNA_domain_or_region">cytokines</term></term></term> in <term id="T72" lex="bronchial_epithelial_cell" sem="Cell_natural">bronchial <term id="T73" lex="epithelial_cell" sem="Cell_natural">epithelial cells</term></term>.</sentence>
<event CL="L2" KT="Analysis" id="E35" uncertainty="probable">
<type class="Regulation"/>
<theme idref="E37"/>
<cause idref="A8"/>
<clue>These data <clueKT><clueCL>suggest</clueCL></clueKT> a ROI-<clueType>dependent</clueType> NF-kappaB mediated transcription of inflammatory cytokines in bronchial epithelial cells.</clue>
</event>
<event CL="L2" KT="Analysis" id="E36" uncertainty="probable">
<type class="Positive_regulation"/>
<theme idref="E37"/>
<cause idref="T69"/>
<clue>These data <clueKT><clueCL>suggest</clueCL></clueKT> a ROI-dependent NF-kappaB <clueType>mediated</clueType> transcription of inflammatory cytokines in bronchial epithelial cells.</clue>
</event>
<event KT="Other" id="E37" uncertainty="probable">
<type class="Transcription"/>
<theme idref="A9"/>
<clue>These data suggest a ROI-dependent NF-kappaB mediated <clueType>transcription</clueType> <linkTheme>of</linkTheme> inflammatory cytokines <clueLoc>in bronchial epithelial cells</clueLoc>.</clue>
</event>
</AbstractText>
</Abstract></Article></MedlineCitation></PubmedArticle></PubmedArticleSet></Annotation>
