<?xml version='1.0'?><!DOCTYPE Annotation PUBLIC "//GENIA//DTD GENIA ANNOTATION EVENT 2.0//EN_Modified" "../ModifiedGENIAtypes/Modified_GENIA_event_20.dtd"><Annotation annotates="http://www.ncbi.nlm.nih.gov/entrez/eutils/efetch.fcgi?db=pubmed&amp;retmode=xml&amp;rettype=medline&amp;id=10423406" created="04/07/2006" creator="Noriko Katsu"><PubmedArticleSet><PubmedArticle><MedlineCitation>
<PMID>10423406</PMID>
<Article>
<ArticleTitle>
<sentence id="S1">Stimulation of <term id="T1" lex="neutrophil" sem="Cell_natural">neutrophil</term> <term id="T2" lex="interleukin-8_production" sem="Other"><term id="T3" lex="interleukin-8" sem="Protein_molecule">interleukin-8</term> production</term> by <term id="T4" lex="eosinophil_granule_major_basic_protein" sem="Protein_molecule">eosinophil granule major basic protein</term>.</sentence>
<event KT="Investigation" id="E1">
<type class="Physiological_process"/>
<theme idref="E2"/>
<cause idref="T4"/>
<clue><clueType>Stimulation</clueType> <linkTheme>of</linkTheme> neutrophil interleukin-8 production <linkCause>by</linkCause> eosinophil granule major basic protein.</clue>
</event>
<event KT="Other" id="E2">
<type class="Gene_expression"/>
<theme idref="T3"/>
<clue>Stimulation of <clueLoc>neutrophil</clueLoc> interleukin-8 <clueType>production</clueType> by eosinophil granule major basic protein.</clue>
</event>
</ArticleTitle>
<Abstract>
<AbstractText>
<sentence id="S2">We evaluated the ability of <term id="T5" lex="eosinophil_granule_major_basic_protein" sem="Protein_molecule">eosinophil granule major basic protein</term> (<term id="T6" lex="MBP" sem="Protein_molecule">MBP</term>) to stimulate <term id="T7" lex="interleukin_(IL)-8_production" sem="Other"><term id="T8" lex="interleukin_(IL)-8" sem="Protein_molecule">interleukin (IL)-8</term> production</term> by <term id="T9" lex="neutrophil" sem="Cell_natural">neutrophils</term>.</sentence>
<event KT="Investigation" id="E3" uncertainty="doubtful">
<type class="Positive_regulation"/>
<theme idref="E4"/>
<cause idref="T6"/>
<clue>We <clueKT>evaluated</clueKT> the ability <linkTheme>of</linkTheme> eosinophil granule major basic protein (MBP) to <clueType>stimulate</clueType> interleukin (IL)-8 production by neutrophils.</clue>
</event>
<event KT="Other" id="E4">
<type class="Gene_expression"/>
<theme idref="T8"/>
<clue>We evaluated the ability of eosinophil granule major basic protein (MBP) to stimulate interleukin (IL)-8 <clueType>production</clueType> <clueLoc>by neutrophils</clueLoc>.</clue>
</event>
<sentence id="S3"><term id="T10" lex="MBP" sem="Protein_molecule">MBP</term> over the concentration range of 0.1 to 10 microM stimulated the release of up to approximately 8 ng/ml <term id="T11" lex="IL-8" sem="Protein_molecule">IL-8</term>.</sentence>
<event id="E5">
<type class="Positive_regulation"/>
<theme idref="E6"/>
<cause idref="T10"/>
<clue>MBP over the concentration range of 0.1 to 10 microM <clueType>stimulated</clueType> the release of up to approximately 8 ng/ml IL-8.</clue>
</event>
<event id="E6">
<type class="Localization"/>
<theme idref="T11"/>
<clue>MBP over the concentration range of 0.1 to 10 microM stimulated the <clueType>release</clueType> <linkTheme>of</linkTheme> up to approximately 8 ng/ml IL-8.</clue>
</event>
<sentence id="S4">Incubation with 2 microM <term id="T12" lex="MBP" sem="Protein_molecule">MBP</term> showed that, after a 1 h lag, the level of <term id="T13" lex="IL-8" sem="Protein_molecule">IL-8</term> release increased with time for approximately 10 h.</sentence>
<event KT="Analysis" id="E8">
<type class="Positive_regulation"/>
<theme idref="E9"/>
<cause idref="T12"/>
<clue>Incubation <linkCause>with</linkCause> 2 microM MBP <clueKT>showed</clueKT> that, <clueTime>after a 1 h lag</clueTime>, the level of IL-8 release <clueType>increased</clueType> <clueTime>with time for approximately 10 h</clueTime>.</clue>
</event>
<event KT="Other" id="E9">
<type class="Localization"/>
<theme idref="T13"/>
<clue>Incubation with 2 microM MBP showed that, after a 1 h lag, the level of IL-8 <clueType>release</clueType> increased with time for approximately 10 h.</clue>
</event>
<sentence id="S5">At the 2 microM concentration, <term id="T14" lex="eosinophil_cationic_protein" sem="Protein_molecule">eosinophil cationic protein</term>, <term id="T15" lex="eosinophil-derived_neurotoxin" sem="Organic_compound_other">eosinophil-derived neurotoxin</term>, and <term id="T16" lex="eosinophil_peroxidase" sem="Protein_molecule">eosinophil peroxidase</term> did not stimulate significant levels of <term id="T17" lex="IL-8_production" sem="Other"><term id="T18" lex="IL-8" sem="Protein_molecule">IL-8</term> production</term>.</sentence>
<event id="E10">
<type class="Gene_expression"/>
<theme idref="T18"/>
<clue>At the 2 microM concentration, eosinophil cationic protein, eosinophil-derived neurotoxin, and eosinophil peroxidase did not stimulate significant levels of IL-8 <clueType>production</clueType>.</clue>
</event>
<event Polarity="Negative" assertion="non-exist" id="E11">
<type class="Physiological_process"/>
<theme idref="E10"/>
<cause idref="T14"/>
<clue>At the 2 microM concentration, eosinophil cationic protein, eosinophil-derived neurotoxin, and eosinophil peroxidase did <cluePolarity>not</cluePolarity> <clueType>stimulate</clueType> significant levels <linkTheme>of</linkTheme> IL-8 production.</clue>
</event>
<event Polarity="Negative" assertion="non-exist" id="E12">
<type class="Physiological_process"/>
<theme idref="E10"/>
<cause idref="T15"/>
<clue>At the 2 microM concentration, eosinophil cationic protein, eosinophil-derived neurotoxin, and eosinophil peroxidase did <cluePolarity>not</cluePolarity> <clueType>stimulate</clueType> significant levels <linkTheme>of</linkTheme> IL-8 production.</clue>
</event>
<event Polarity="Negative" assertion="non-exist" id="E13">
<type class="Physiological_process"/>
<theme idref="E10"/>
<cause idref="T16"/>
<clue>At the 2 microM concentration, eosinophil cationic protein, eosinophil-derived neurotoxin, and eosinophil peroxidase did <cluePolarity>not</cluePolarity> <clueType>stimulate</clueType> significant levels <linkTheme>of</linkTheme> IL-8 production.</clue>
</event>
<sentence id="S6"><term id="T19" lex="MBP" sem="Protein_molecule">MBP</term> stimulated 2-fold increases in <term id="T20" lex="IL-8_messenger_RNA" sem="RNA_molecule"><term id="T21" lex="IL-8" sem="Protein_molecule">IL-8</term> messenger RNA</term> (<term id="T22" lex="mRNA" sem="RNA_family_or_group">mRNA</term>) after 1 and 3 h of incubation, which were blocked by pretreatment with <term id="T23" lex="actinomycin_D" sem="Organic_compound_other">actinomycin D</term>.</sentence>
<event id="E14">
<type class="Positive_regulation"/>
<theme idref="E15"/>
<cause idref="T19"/>
<clue>MBP <clueType>stimulated</clueType> 2-fold increases in IL-8 messenger RNA (mRNA) after 1 and 3 h of incubation, which were blocked by pretreatment with actinomycin D.</clue>
</event>
<event Manner="High" id="E15">
<type class="Positive_regulation"/>
<theme idref="T20"/>
<clue>MBP stimulated <clueManner>2-fold</clueManner> <clueType>increases</clueType> <linkTheme>in</linkTheme> IL-8 messenger RNA (mRNA) <clueTime>after 1 and 3 h of incubation</clueTime>, which were blocked by pretreatment with actinomycin D.</clue>
</event>
<event id="E16">
<type class="Negative_regulation"/>
<theme idref="E14"/>
<cause idref="T23"/>
<clue>MBP stimulated 2-fold increases in IL-8 messenger RNA (mRNA) after 1 and 3 h of incubation, which were <clueType>blocked</clueType> <linkCause>by</linkCause> pretreatment with actinomycin D.</clue>
</event>
<sentence id="S7">However, stimulation with <term id="T24" lex="MBP" sem="Protein_molecule">MBP</term> did not produce an increase in the binding activity of <term id="T25" lex="nuclear_factor_(NF)-kappaB" sem="Protein_complex">nuclear factor (NF)-kappaB</term> or <term id="T26" lex="activator_protein-1" sem="Protein_molecule">activator protein-1</term>.</sentence>
<event id="E18">
<type class="Positive_regulation"/>
<cause idref="T24"/>
<clue>However, <clueType>stimulation</clueType> <linkCause>with</linkCause> MBP did not produce an increase in the binding activity of nuclear factor (NF)-kappaB or activator protein-1.</clue>
<comment>NO THEME</comment></event>
<event Polarity="Negative" assertion="non-exist" id="E19">
<type class="Positive_regulation"/>
<theme idref="E21"/>
<cause idref="E18"/>
<clue>However, stimulation with MBP did <cluePolarity>not</cluePolarity> produce an <clueType>increase</clueType> <linkTheme>in</linkTheme> the binding activity of nuclear factor (NF)-kappaB or activator protein-1.</clue>
</event>
<event Polarity="Negative" assertion="non-exist" id="E20">
<type class="Positive_regulation"/>
<theme idref="E22"/>
<cause idref="E18"/>
<clue>However, stimulation with MBP did <cluePolarity>not</cluePolarity> produce an <clueType>increase</clueType> <linkTheme>in</linkTheme> the binding activity of nuclear factor (NF)-kappaB or activator protein-1.</clue>
</event>
<event id="E21">
<type class="Binding"/>
<theme idref="T25"/>
<clue>However, stimulation with MBP did not produce an increase in the <clueType>binding activity</clueType> <linkTheme>of</linkTheme> nuclear factor (NF)-kappaB or activator protein-1.</clue>
</event>
<event id="E22">
<type class="Binding"/>
<theme idref="T26"/>
<clue>However, stimulation with MBP did not produce an increase in the <clueType>binding activity</clueType> <linkTheme>of</linkTheme> nuclear factor (NF)-kappaB or activator protein-1.</clue>
</event>
<sentence id="S8">No <term id="T27" lex="NF-IL-6_binding_activity" sem="Other"><term id="T28" lex="NF-IL-6" sem="Protein_molecule">NF-IL-6</term> binding activity</term> was detected in the same <term id="T29" lex="nuclear_extract" sem="Cell_component">nuclear extracts</term>.</sentence>
<event Polarity="Negative" assertion="non-exist" id="E23">
<type class="Binding"/>
<theme idref="T28"/>
<clue><cluePolarity>No</cluePolarity> NF-IL-6 <clueType>binding</clueType> activity was <clueKT>detected</clueKT> <clueLoc>in the same nuclear extracts</clueLoc>.</clue>
</event>
<sentence id="S9">In addition, stimulation with <term id="T30" lex="MBP" sem="Protein_molecule">MBP</term> prolonged the stability of <term id="T31" lex="IL-8_mRNA" sem="RNA_molecule"><term id="T32" lex="IL-8" sem="Protein_molecule">IL-8</term> mRNA</term>.</sentence>
<event id="E24">
<type class="Positive_regulation"/>
<cause idref="T30"/>
<clue>In addition, <clueType>stimulation</clueType> <linkCause>with</linkCause> MBP prolonged the stability of IL-8 mRNA.</clue>
<comment>NO THEME</comment></event>
<event id="E25">
<type class="Positive_regulation"/>
<theme idref="T31"/>
<cause idref="E24"/>
<clue>In addition, stimulation with MBP <clueType>prolonged the stability</clueType> <linkTheme>of</linkTheme> IL-8 mRNA.</clue>
</event>
<sentence id="S10"><term id="T33" lex="MBP" sem="Protein_molecule">MBP</term> also induced transient increases in <term id="T34" lex="mRNA" sem="RNA_family_or_group">mRNA</term> for <term id="T35" lex="macrophage_inflammatory_protein_(MIP)-1alpha" sem="Protein_molecule">macrophage inflammatory protein (MIP)-1alpha</term> and <term id="T36" lex="MIP-1beta" sem="Protein_molecule">MIP-1beta</term>, but did not stimulate the release of either <term id="T37" lex="chemokine" sem="Protein_family_or_group">chemokine</term>.</sentence>
<event id="E26">
<type class="Positive_regulation"/>
<theme idref="T34" idref1="T35"/>
<cause idref="T33"/>
<clue>MBP also induced transient <clueType>increases</clueType> <linkTheme>in</linkTheme> mRNA for macrophage inflammatory protein (MIP)-1alpha and MIP-1beta, but did not stimulate the release of either chemokine.</clue>
</event>
<event id="E27">
<type class="Positive_regulation"/>
<theme idref="T34" idref1="T36"/>
<cause idref="T33"/>
<clue>MBP also induced transient <clueType>increases</clueType> <linkTheme>in</linkTheme> mRNA for macrophage inflammatory protein (MIP)-1alpha and MIP-1beta, but did not stimulate the release of either chemokine.</clue>
</event>
<event Polarity="Negative" assertion="non-exist" id="E28">
<type class="Positive_regulation"/>
<theme idref="E30"/>
<cause idref="T33"/>
<clue>MBP also induced transient increases in mRNA for macrophage inflammatory protein (MIP)-1alpha and MIP-1beta, but did <cluePolarity>not</cluePolarity> <clueType>stimulate</clueType> the release of either chemokine.</clue>
</event>
<event Polarity="Negative" assertion="non-exist" id="E29">
<type class="Positive_regulation"/>
<theme idref="E31"/>
<cause idref="T33"/>
<clue>MBP also induced transient increases in mRNA for macrophage inflammatory protein (MIP)-1alpha and MIP-1beta, but did <cluePolarity>not</cluePolarity> <clueType>stimulate</clueType> the release of either chemokine.</clue>
</event>
<event KT="Other" id="E30">
<type class="Localization"/>
<theme idref="T35"/>
<clue>MBP also induced transient increases in mRNA for macrophage inflammatory protein (MIP)-1alpha and MIP-1beta, but did not stimulate the <clueType>release</clueType> <linkTheme>of</linkTheme> <corefTheme>either chemokine</corefTheme>.</clue>
</event>
<event KT="Other" id="E31">
<type class="Localization"/>
<theme idref="T36"/>
<clue>MBP also induced transient increases in mRNA for macrophage inflammatory protein (MIP)-1alpha and MIP-1beta, but did not stimulate the <clueType>release</clueType> <linkTheme>of</linkTheme> <corefTheme>either chemokine</corefTheme>.</clue>
</event>
<sentence id="S11">These findings indicate that <term id="T38" lex="MBP" sem="Protein_molecule">MBP</term> is selective among the <term id="T39" lex="eosinophil_granule_protein" sem="Protein_family_or_group">eosinophil granule proteins</term> as a stimulus for <term id="T40" lex="neutrophil_IL-8_release" sem="Other"><term id="T41" lex="neutrophil" sem="Cell_natural">neutrophil</term> <term id="T42" lex="IL-8" sem="Protein_molecule">IL-8</term> release</term> and, further, that stimulation of <term id="T43" lex="neutrophil_IL-8_release" sem="Other"><term id="T44" lex="neutrophil" sem="Cell_natural">neutrophil</term> <term id="T45" lex="IL-8" sem="Protein_molecule">IL-8</term> release</term> by <term id="T46" lex="MBP" sem="Protein_molecule">MBP</term> involves both <cons id="T47" lex="(AND transcriptional_regulation posttranscriptional_regulation)" sem="(AND Other Other)"><frag id="F1">transcriptional</frag> and <frag id="F2">posttranscriptional</frag> <frag id="F3">regulation</frag></cons>.</sentence>
<event KT="Other" id="E32">
<type class="Localization"/>
<theme idref="T42"/>
<clue>These findings indicate that MBP is selective among the eosinophil granule proteins as a stimulus for <clueLoc>neutrophil</clueLoc> IL-8 <clueType>release</clueType> and, further, that stimulation of neutrophil IL-8 release by MBP involves both transcriptional and posttranscriptional regulation.</clue>
</event>
<event KT="Other" id="E33">
<type class="Physiological_process"/>
<theme idref="E34"/>
<cause idref="T46"/>
<clue>These findings indicate that MBP is selective among the eosinophil granule proteins as a stimulus for neutrophil IL-8 release and, further, that <clueType>stimulation</clueType> <linkTheme>of</linkTheme> neutrophil IL-8 release <linkCause>by</linkCause> MBP involves both transcriptional and posttranscriptional regulation.</clue>
</event>
<event KT="Other" id="E34">
<type class="Localization"/>
<theme idref="T45"/>
<clue>These findings indicate that MBP is selective among the eosinophil granule proteins as a stimulus for neutrophil IL-8 release and, further, that stimulation of <clueLoc>neutrophil</clueLoc> IL-8 <clueType>release</clueType> by MBP involves both transcriptional and posttranscriptional regulation.</clue>
</event>
<event CL="L2" KT="Analysis" id="E35">
<type class="Regulation"/>
<theme idref="E33"/>
<cause idref="F1" idref1="F3"/>
<clue>These findings <clueKT><clueCL>indicate</clueCL></clueKT> that MBP is selective among the eosinophil granule proteins as a stimulus for neutrophil IL-8 release and, further, that stimulation of neutrophil IL-8 release by MBP <clueType>involves</clueType> both transcriptional and posttranscriptional regulation.</clue>
</event>
<event CL="L2" KT="Analysis" id="E36">
<type class="Regulation"/>
<theme idref="E33"/>
<cause idref="F2" idref1="F3"/>
<clue>These findings <clueKT><clueCL>indicate</clueCL></clueKT> that MBP is selective among the eosinophil granule proteins as a stimulus for neutrophil IL-8 release and, further, that stimulation of neutrophil IL-8 release by MBP <clueType>involves</clueType> both transcriptional and posttranscriptional regulation.</clue>
</event>
<sentence id="S12">We postulate that <term id="T48" lex="MBP-induced_release" sem="Other"><term id="T49" lex="MBP" sem="Protein_molecule">MBP</term>-induced release</term> of <term id="T50" lex="IL-8" sem="Protein_molecule">IL-8</term> by <term id="T51" lex="neutrophil" sem="Cell_natural">neutrophils</term> may contribute to the <term id="T52" lex="pathophysiology" sem="Other">pathophysiology</term> of <term id="T53" lex="acute_asthma" sem="Other">acute asthma</term> and other <term id="T54" lex="inflammatory_lung_disease" sem="Other">inflammatory lung diseases</term>.</sentence>
<event CL="L1" KT="Analysis" id="E37">
<type class="Positive_regulation"/>
<theme idref="E38"/>
<cause idref="T49"/>
<clue>We <clueKT>postulate</clueKT> that MBP-<clueType>induced</clueType> release of IL-8 by neutrophils <clueCL>may</clueCL> contribute to the pathophysiology of acute asthma and other inflammatory lung diseases.</clue>
</event>
<event KT="Other" id="E38">
<type class="Localization"/>
<theme idref="T50"/>
<clue>We postulate that MBP-induced <clueType>release</clueType> <linkTheme>of</linkTheme> IL-8 <clueLoc>by neutrophils</clueLoc> may contribute to the pathophysiology of acute asthma and other inflammatory lung diseases.</clue>
</event>
</AbstractText>
</Abstract></Article></MedlineCitation></PubmedArticle></PubmedArticleSet></Annotation>
