<?xml version='1.0'?><!DOCTYPE Annotation PUBLIC "//GENIA//DTD GENIA ANNOTATION EVENT 2.0//EN_Modified" "../ModifiedGENIAtypes/Modified_GENIA_event_20.dtd"><Annotation annotates="http://www.ncbi.nlm.nih.gov/entrez/eutils/efetch.fcgi?db=pubmed&amp;retmode=xml&amp;rettype=medline&amp;id=10430922" created="28/08/2006" creator="Noriko Katsu"><PubmedArticleSet><PubmedArticle><MedlineCitation>
<PMID>10430922</PMID>
<Article>
<ArticleTitle>
<sentence id="S1">Distinctive <term id="T1" lex="gene_expression" sem="Other"><term id="A6" sem="DNA_domain_or_region">gene</term> expression</term> patterns in <term id="T2" lex="human_mammary_epithelial_cell" sem="Cell_natural">human mammary epithelial cells</term> and <term id="T3" lex="breast_cancer" sem="Other">breast cancers</term>.</sentence>
<event KT="Investigation" id="E1">
<type class="Gene_expression"/>
<theme idref="A6"/>
<clue>Distinctive gene <clueType>expression</clueType> patterns <clueLoc>in human mammary epithelial cells</clueLoc> and breast cancers.</clue>
</event>
<event KT="Investigation" id="E2">
<type class="Gene_expression"/>
<theme idref="A6"/>
<clue>Distinctive gene <clueType>expression</clueType> patterns <clueLoc>in</clueLoc> human mammary epithelial cells and <clueLoc>breast cancers</clueLoc>.</clue>
</event>
</ArticleTitle>
<Abstract>
<AbstractText>
<sentence id="S2"><term id="T4" lex="cDNA_microarray" sem="Other">cDNA microarrays</term> and a <term id="T5" lex="clustering_algorithm" sem="Other">clustering algorithm</term> were used to identify patterns of <term id="T6" lex="gene_expression" sem="Other"><term id="A7" sem="DNA_domain_or_region">gene</term> expression</term> in <term id="T7" lex="human_mammary_epithelial_cell" sem="Cell_natural">human mammary epithelial cells</term> growing in culture and in <term id="T8" lex="primary_human_breast_tumor" sem="Tissue_natural">primary human breast tumors</term>.</sentence>
<event KT="Investigation" id="E3" uncertainty="doubtful">
<type class="Gene_expression"/>
<theme idref="A7"/>
<clue><clueExperiment>cDNA microarrays and a clustering algorithm</clueExperiment> were used <clueKT>to identify</clueKT> patterns <linkTheme>of</linkTheme> gene <clueType>expression</clueType> <clueLoc>in human mammary epithelial cells growing in culture</clueLoc> and in primary human breast tumors.</clue>
</event>
<event KT="Investigation" id="E4">
<type class="Gene_expression"/>
<theme idref="A7"/>
<clue><clueExperiment>cDNA microarrays and a clustering algorithm</clueExperiment> were used <clueKT>to identify</clueKT> patterns <linkTheme>of</linkTheme> gene <clueType>expression</clueType> in human mammary epithelial cells growing in culture and <clueLoc>in primary human breast tumors</clueLoc>.</clue>
</event>
<event KT="Other" id="E5">
<type class="Cellular_physiological_process"/>
<theme idref="T7"/>
<clue>cDNA microarrays and a clustering algorithm were used to identify patterns of gene expression in human mammary epithelial cells <clueType>growing</clueType> in culture and in primary human breast tumors.</clue>
</event>
<sentence id="S3">Clusters of <term id="T9" lex="coexpressed_gene" sem="DNA_family_or_group">coexpressed <term id="A1" sem="DNA_family_or_group">genes</term></term> identified through manipulations of <term id="T10" lex="mammary_epithelial_cell" sem="Cell_natural">mammary epithelial cells</term> in vitro also showed consistent patterns of variation in expression among <term id="T11" lex="breast_tumor_sample" sem="Tissue_natural">breast tumor samples</term>.</sentence>
<event KT="Analysis" id="E6">
<type class="Gene_expression"/>
<theme idref="A1"/>
<clue>Clusters of <clueType>coexpressed</clueType> genes <clueKT>identified</clueKT> through <clueExperiment>manipulations</clueExperiment> of mammary epithelial cells in vitro also showed consistent patterns of variation in expression among breast tumor samples.</clue>
</event>
<event KT="Analysis" id="E7">
<type class="Gene_expression"/>
<theme idref="A1"/>
<clue>Clusters of coexpressed genes identified through manipulations of mammary epithelial cells in vitro also <clueKT>showed</clueKT> consistent patterns of variation in <clueType>expression</clueType> <clueLoc>among breast tumor samples</clueLoc>.</clue>
</event>
<sentence id="S4">By using <term id="T12" lex="immunohistochemistry" sem="Other">immunohistochemistry</term> with antibodies against proteins encoded by a particular gene in a cluster, the identity of the <term id="A2" sem="Cell_natural">cell type</term> within the <term id="T13" lex="tumor_specimen" sem="Tissue_natural">tumor specimen</term> that contributed the observed <term id="T14" lex="gene_expression" sem="Other">gene expression</term> pattern could be determined.</sentence>
<event KT="Analysis" id="E8" uncertainty="doubtful">
<type class="Regulation"/>
<theme idref="T14"/>
<cause idref="A2"/>
<clue><clueExperiment>By using immunohistochemistry with antibodies against proteins encoded by a particular gene in a cluster</clueExperiment>, the identity <linkCause>of</linkCause> the cell type within the tumor specimen that <clueType>contributed</clueType> the observed gene expression pattern could be <clueKT>determined</clueKT>.</clue>
</event>
<sentence id="S5"><term id="A3" sem="DNA_domain_or_region">Clusters of <term id="T15" lex="gene" sem="DNA_family_or_group">genes</term></term> with coherent expression patterns in <term id="T16" lex="cultured_cell" sem="Cell_natural">cultured cells</term> and in the <term id="T17" lex="breast_tumor" sem="Tissue_natural">breast tumors</term> samples could be related to specific features of biological variation among the samples.</sentence>
<event KT="Analysis" id="E9">
<type class="Gene_expression"/>
<theme idref="A3"/>
<clue>Clusters of genes with coherent <clueType>expression</clueType> patterns <clueLoc>in cultured cells</clueLoc> and in the breast tumors samples could be <clueKT>related</clueKT> to specific features of biological variation among the samples.</clue>
<comment>TPS: A3</comment></event>
<event KT="Analysis" id="E10">
<type class="Gene_expression"/>
<theme idref="A3"/>
<clue>Clusters of genes with coherent <clueType>expression</clueType> patterns in cultured cells and <clueLoc>in the breast tumors samples</clueLoc> could be <clueKT>related</clueKT> to specific features of biological variation among the samples.</clue>
<comment>TPS: A3</comment></event>
<sentence id="S6">Two such clusters were found to have patterns that correlated with variation in <term id="T18" lex="cell_proliferation_rate" sem="Other">cell proliferation rates</term> and with activation of the <term id="T19" lex="IFN-regulated_signal_transduction_pathway" sem="Other"><term id="T20" lex="IFN" sem="Protein_family_or_group">IFN</term>-regulated <term id="A4" sem="Other">signal transduction pathway</term></term>, respectively.</sentence>
<event KT="Analysis" id="E11">
<type class="Correlation"/>
<theme idref="E9"/>
<theme idref="T18"/>
<clue>Two such clusters were found to have <corefTheme>patterns</corefTheme> that <clueType><clueKT>correlated</clueKT></clueType> <linkTheme>with</linkTheme> variation in cell proliferation rates and with activation of the IFN-regulated signal transduction pathway, respectively.</clue>
</event>
<event KT="Analysis" id="E16">
<type class="Correlation"/>
<theme idref="E10"/>
<theme idref="T18"/>
<clue>Two such clusters were found to have <corefTheme>patterns</corefTheme> that <clueType><clueKT>correlated</clueKT></clueType> <linkTheme>with</linkTheme> variation in cell proliferation rates and with activation of the IFN-regulated signal transduction pathway, respectively.</clue>
</event>
<event KT="Analysis" id="E12">
<type class="Correlation"/>
<theme idref="E9"/>
<theme idref="E13"/>
<clue>Two such clusters were found to have <corefTheme>patterns</corefTheme> that <clueType><clueKT>correlated</clueKT></clueType> <linkTheme>with</linkTheme> variation in cell proliferation rates and with activation of the IFN-regulated signal transduction pathway, respectively.</clue>
</event>
<event KT="Analysis" id="E17">
<type class="Correlation"/>
<theme idref="E10"/>
<theme idref="E13"/>
<clue>Two such clusters were found to have <corefTheme>patterns</corefTheme> that <clueType><clueKT>correlated</clueKT></clueType> <linkTheme>with</linkTheme> variation in cell proliferation rates and with activation of the IFN-regulated signal transduction pathway, respectively.</clue>
</event>
<event KT="Other" id="E13">
<type class="Positive_regulation"/>
<theme idref="A4"/>
<clue>Two such clusters were found to have patterns that correlated with variation in cell proliferation rates and with <clueType>activation</clueType> <linkTheme>of</linkTheme> the IFN-regulated signal transduction pathway, respectively.</clue>
</event>
<event KT="Other" id="E14">
<type class="Regulation"/>
<theme idref="A4"/>
<cause idref="T20"/>
<clue>Two such clusters were found to have patterns that correlated with variation in cell proliferation rates and with activation of the IFN-<clueType>regulated</clueType> signal transduction pathway, respectively.</clue>
</event>
<sentence id="S7"><term id="A5" sem="DNA_family_or_group">Clusters of <term id="T21" lex="gene" sem="DNA_family_or_group">genes</term></term> expressed by <term id="T22" lex="stromal_cell" sem="Cell_natural">stromal cells</term> and <term id="T23" lex="lymphocyte" sem="Cell_natural">lymphocytes</term> in the breast tumors also were identified in this analysis.</sentence>
<event KT="Analysis" id="E15">
<type class="Gene_expression"/>
<theme idref="A5"/>
<clue>Clusters of genes <clueType>expressed</clueType> <clueLoc>by stromal cells</clueLoc> and lymphocytes <clueLoc>in the breast tumors</clueLoc> also were <clueKT>identified</clueKT> in this analysis.</clue>
<comment>TPS: A5</comment></event>
<event KT="Analysis" id="E18">
<type class="Gene_expression"/>
<theme idref="A5"/>
<clue>Clusters of genes <clueType>expressed</clueType> <clueLoc>by</clueLoc> stromal cells and <clueLoc>lymphocytes in the breast tumors</clueLoc> also were <clueKT>identified</clueKT> in this analysis.</clue>
<comment>TPS: A5</comment></event>
<sentence id="S8">These results support the feasibility and usefulness of this systematic approach to studying variation in <term id="T24" lex="gene_expression_pattern" sem="Other">gene expression patterns</term> in <term id="T25" lex="human_cancer" sem="Other">human cancers</term> as a means to dissect and classify <term id="T26" lex="solid_tumor" sem="Tissue_natural">solid tumors</term>.</sentence>
</AbstractText>
</Abstract></Article></MedlineCitation></PubmedArticle></PubmedArticleSet></Annotation>
