<?xml version='1.0'?><!DOCTYPE Annotation PUBLIC "//GENIA//DTD GENIA ANNOTATION EVENT 2.0//EN_Modified" "../ModifiedGENIAtypes/Modified_GENIA_event_20.dtd"><Annotation annotates="http://www.ncbi.nlm.nih.gov/entrez/eutils/efetch.fcgi?db=pubmed&amp;retmode=xml&amp;rettype=medline&amp;id=10438457" created="04/07/2006" creator="Noriko Katsu"><PubmedArticleSet><PubmedArticle><MedlineCitation>
<PMID>10438457</PMID>
<Article>
<ArticleTitle>
<sentence id="S1"><term id="T1" lex="protein_kinase_C" sem="Protein_molecule">Protein kinase C</term> and <term id="T2" lex="calcineurin" sem="Protein_molecule">calcineurin</term> synergize to activate <term id="T3" lex="IkappaB_kinase" sem="Protein_molecule">IkappaB kinase</term> and <term id="T4" lex="NF-kappaB" sem="Protein_complex">NF-kappaB</term> in <term id="T5" lex="T_lymphocyte" sem="Cell_natural">T lymphocytes</term>.</sentence>
<event id="E1">
<type class="Positive_regulation"/>
<theme idref="T3"/>
<cause idref="T1"/>
<cause idref="T2"/>
<clue>Protein kinase C and calcineurin <clueType>synergize to activate</clueType> IkappaB kinase and NF-kappaB <clueLoc>in T lymphocytes</clueLoc>.</clue>
</event>
<event id="E2">
<type class="Positive_regulation"/>
<theme idref="T4"/>
<cause idref="T1"/>
<cause idref="T2"/>
<clue>Protein kinase C and calcineurin <clueType>synergize to activate</clueType> IkappaB kinase and NF-kappaB <clueLoc>in T lymphocytes</clueLoc>.</clue>
</event>
</ArticleTitle>
<Abstract>
<AbstractText>
<sentence id="S2">The nuclear factor of kappaB (<term id="T6" lex="NF-kappaB" sem="Protein_complex">NF-kappaB</term>) is a <term id="T7" lex="ubiquitous_transcription_factor" sem="Protein_family_or_group">ubiquitous transcription factor</term> that is key in the regulation of the <term id="T8" lex="immune_response" sem="Other">immune response</term> and <term id="T9" lex="inflammation" sem="Other">inflammation</term>.</sentence>
<event KT="Fact" id="E3">
<type class="Regulation"/>
<theme idref="T8"/>
<cause idref="T6"/>
<clue>The nuclear factor of kappaB (NF-kappaB) is a ubiquitous transcription factor that is key in the <clueType>regulation</clueType> <linkTheme>of</linkTheme> the immune response and inflammation.</clue>
</event>
<event KT="Fact" id="E4">
<type class="Regulation"/>
<theme idref="T9"/>
<cause idref="T6"/>
<clue>The nuclear factor of kappaB (NF-kappaB) is a ubiquitous transcription factor that is key in the <clueType>regulation</clueType> <linkTheme>of</linkTheme> the immune response and inflammation.</clue>
</event>
<sentence id="S3"><term id="T10" lex="T_cell_receptor_(TCR)_cross-linking" sem="Other"><term id="T11" lex="T_cell_receptor" sem="Protein_family_or_group">T cell receptor</term> (<term id="T12" lex="TCR" sem="Protein_family_or_group">TCR</term>) cross-linking</term> is in part required for activation of <term id="T13" lex="NF-kappaB" sem="Protein_complex">NF-kappaB</term>, which is dependent on the <term id="T14" lex="phosphorylation" sem="Other">phosphorylation</term> and degradation of <term id="T15" lex="IkappaBalpha" sem="Protein_molecule">IkappaBalpha</term>.</sentence>
<event KT="Other" id="E5">
<type class="Binding"/>
<theme idref="T12"/>
<clue>T cell receptor (TCR) <clueType>cross-linking</clueType> is in part required for activation of NF-kappaB, which is dependent on the phosphorylation and degradation of IkappaBalpha.</clue>
</event>
<event KT="Fact" id="E6">
<type class="Positive_regulation"/>
<theme idref="E7"/>
<cause idref="E5"/>
<clue>T cell receptor (TCR) cross-linking is in part <clueType>required</clueType> <linkTheme>for</linkTheme> activation of NF-kappaB, which is dependent on the phosphorylation and degradation of IkappaBalpha.</clue>
</event>
<event KT="Other" id="E7">
<type class="Positive_regulation"/>
<theme idref="T13"/>
<clue>T cell receptor (TCR) cross-linking is in part required for <clueType>activation</clueType> <linkTheme>of</linkTheme> NF-kappaB, which is dependent on the phosphorylation and degradation of IkappaBalpha.</clue>
</event>
<event KT="Fact" id="E8">
<type class="Regulation"/>
<theme idref="E7"/>
<cause idref="E10"/>
<clue>T cell receptor (TCR) cross-linking is in part required for activation of NF-kappaB, which is <clueType>dependent</clueType> <linkCause>on</linkCause> the phosphorylation and degradation of IkappaBalpha.</clue>
</event>
<event KT="Fact" id="E9">
<type class="Regulation"/>
<theme idref="E7"/>
<cause idref="E11"/>
<clue>T cell receptor (TCR) cross-linking is in part required for activation of NF-kappaB, which is <clueType>dependent</clueType> <linkCause>on</linkCause> the phosphorylation and degradation of IkappaBalpha.</clue>
</event>
<event KT="Other" id="E10">
<type class="Protein_amino_acid_phosphorylation"/>
<theme idref="T15"/>
<clue>T cell receptor (TCR) cross-linking is in part required for activation of NF-kappaB, which is dependent on the <clueType>phosphorylation</clueType> and degradation <linkTheme>of</linkTheme> IkappaBalpha.</clue>
</event>
<event KT="Other" id="E11">
<type class="Protein_catabolism"/>
<theme idref="T15"/>
<clue>T cell receptor (TCR) cross-linking is in part required for activation of NF-kappaB, which is dependent on the phosphorylation and <clueType>degradation</clueType> <linkTheme>of</linkTheme> IkappaBalpha.</clue>
</event>
<sentence id="S4">By using <term id="T16" lex="Jurkat" sem="Cell_cultured">Jurkat</term> and <term id="T17" lex="primary_human_T_lymphocyte" sem="Cell_natural">primary human <term id="T18" lex="T_lymphocyte" sem="Cell_natural">T lymphocytes</term></term>, we demonstrate that the simultaneous activation of two second messengers of the <term id="T19" lex="TCR-initiated_signal_transduction" sem="Other"><term id="T20" lex="TCR" sem="Protein_family_or_group">TCR</term>-initiated signal transduction</term>, <term id="T21" lex="protein_kinase_C" sem="Protein_molecule">protein kinase C</term> (<term id="T22" lex="PKC" sem="Protein_molecule">PKC</term>) and <term id="T23" lex="calcineurin" sem="Protein_molecule">calcineurin</term>, results in the synergistic activation of the <term id="T24" lex="IkappaBalpha_kinase_(IKK)_complex" sem="Protein_complex"><term id="T25" lex="IkappaBalpha" sem="Protein_molecule">IkappaBalpha</term> kinase (<term id="A1" sem="Protein_complex">IKK) complex</term></term> but not of another <term id="T26" lex="putative_IkappaBalpha_kinase" sem="Protein_family_or_group">putative <term id="T27" lex="IkappaBalpha" sem="Protein_molecule">IkappaBalpha</term> kinase</term>, <term id="T28" lex="p90(rsk)" sem="Protein_molecule">p90(rsk)</term>.</sentence>
<event KT="Other" id="E12">
<type class="Positive_regulation"/>
<theme idref="T22"/>
<clue>By using <clueLoc>Jurkat</clueLoc> and primary human T lymphocytes, we demonstrate that the <clueTime>simultaneous</clueTime> <clueType>activation</clueType> <linkTheme>of</linkTheme> <corefTheme>two second messengers of the TCR-initiated signal transduction</corefTheme>, protein kinase C (PKC) and calcineurin, results in the synergistic activation of the IkappaBalpha kinase (IKK) complex but not of another putative IkappaBalpha kinase, p90(rsk).</clue>
</event>
<event KT="Other" id="E47">
<type class="Positive_regulation"/>
<theme idref="T22"/>
<clue>By using Jurkat and <clueLoc>primary human T lymphocytes</clueLoc>, we demonstrate that the <clueTime>simultaneous</clueTime> <clueType>activation</clueType> <linkTheme>of</linkTheme> <corefTheme>two second messengers of the TCR-initiated signal transduction</corefTheme>, protein kinase C (PKC) and calcineurin, results in the synergistic activation of the IkappaBalpha kinase (IKK) complex but not of another putative IkappaBalpha kinase, p90(rsk).</clue>
</event>
<event KT="Other" id="E13">
<type class="Positive_regulation"/>
<theme idref="T23"/>
<clue>By using <clueLoc>Jurkat</clueLoc> and primary human T lymphocytes, we demonstrate that the <clueTime>simultaneous</clueTime> <clueType>activation</clueType> <linkTheme>of</linkTheme> <corefTheme>two second messengers of the TCR-initiated signal transduction</corefTheme>, protein kinase C (PKC) and calcineurin, results in the synergistic activation of the IkappaBalpha kinase (IKK) complex but not of another putative IkappaBalpha kinase, p90(rsk).</clue>
</event>
<event KT="Other" id="E48">
<type class="Positive_regulation"/>
<theme idref="T23"/>
<clue>By using Jurkat and <clueLoc>primary human T lymphocytes</clueLoc>, we demonstrate that the <clueTime>simultaneous</clueTime> <clueType>activation</clueType> <linkTheme>of</linkTheme> <corefTheme>two second messengers of the TCR-initiated signal transduction</corefTheme>, protein kinase C (PKC) and calcineurin, results in the synergistic activation of the IkappaBalpha kinase (IKK) complex but not of another putative IkappaBalpha kinase, p90(rsk).</clue>
</event>
<event KT="Analysis" id="E14">
<type class="Positive_regulation"/>
<theme idref="A1"/>
<cause idref="E12"/>
<cause idref="E13"/>
<clue>By using Jurkat and primary human T lymphocytes, we <clueKT>demonstrate</clueKT> that the simultaneous activation of two second messengers of the TCR-initiated signal transduction, protein kinase C (PKC) and calcineurin, results in the <clueType>synergistic activation</clueType> <linkTheme>of</linkTheme> the IkappaBalpha kinase (IKK) complex but not of another putative IkappaBalpha kinase, p90(rsk).</clue>
</event>
<event KT="Analysis" Polarity="Negative" assertion="non-exist" id="E15">
<type class="Positive_regulation"/>
<theme idref="T28"/>
<cause idref="E12"/>
<cause idref="E13"/>
<clue>By using Jurkat and primary human T lymphocytes, we <clueKT>demonstrate</clueKT> that the simultaneous activation of two second messengers of the TCR-initiated signal transduction, protein kinase C (PKC) and calcineurin, results in the <clueType>synergistic activation</clueType> of the IkappaBalpha kinase (IKK) complex but <cluePolarity>not</cluePolarity> <linkTheme>of</linkTheme> another putative IkappaBalpha kinase, p90(rsk).</clue>
</event>
<event KT="Other" id="E16">
<type class="Cell_communication"/>
<theme idref="T20"/>
<clue>By using Jurkat and primary human T lymphocytes, we demonstrate that the simultaneous activation of two second messengers of the TCR<linkTheme>-initiated</linkTheme> <clueType>signal transduction</clueType>, protein kinase C (PKC) and calcineurin, results in the synergistic activation of the IkappaBalpha kinase (IKK) complex but not of another putative IkappaBalpha kinase, p90(rsk).</clue>
</event>
<sentence id="S5">We also demonstrate that the <term id="T29" lex="IKK_complex" sem="Protein_complex">IKK complex</term>, but not <term id="T30" lex="p90(rsk)" sem="Protein_molecule">p90(rsk)</term>, is responsible for the in vivo phosphorylation of <term id="T31" lex="IkappaBalpha" sem="Protein_molecule">IkappaBalpha</term> mediated by the co-activation of <term id="T32" lex="PKC" sem="Protein_molecule">PKC</term> and <term id="T33" lex="calcineurin" sem="Protein_molecule">calcineurin</term>.</sentence>
<event KT="Analysis" id="E17">
<type class="Regulation"/>
<theme idref="E19"/>
<cause idref="T29"/>
<clue>We also <clueKT>demonstrate</clueKT> that the IKK complex, but not p90(rsk), is <clueType>responsible</clueType> <linkTheme>for</linkTheme> the in vivo phosphorylation of IkappaBalpha mediated by the co-activation of PKC and calcineurin.</clue>
</event>
<event KT="Analysis" Polarity="Negative" assertion="non-exist" id="E18">
<type class="Regulation"/>
<theme idref="E19"/>
<cause idref="T30"/>
<clue>We also <clueKT>demonstrate</clueKT> that the IKK complex, but <cluePolarity>not</cluePolarity> p90(rsk), is <clueType>responsible</clueType> <linkTheme>for</linkTheme> the in vivo phosphorylation of IkappaBalpha mediated by the co-activation of PKC and calcineurin.</clue>
</event>
<event KT="Other" id="E19">
<type class="Protein_amino_acid_phosphorylation"/>
<theme idref="T31"/>
<clue>We also demonstrate that the IKK complex, but not p90(rsk), is responsible for the in vivo <clueType>phosphorylation</clueType> <linkTheme>of</linkTheme> IkappaBalpha mediated by the co-activation of PKC and calcineurin.</clue>
</event>
<event KT="Other" id="E20">
<type class="Positive_regulation"/>
<theme idref="E19"/>
<cause idref="E22"/>
<clue>We also demonstrate that the IKK complex, but not p90(rsk), is responsible for the in vivo phosphorylation of IkappaBalpha <clueType>mediated</clueType> <linkCause>by</linkCause> the co-activation of PKC and calcineurin.</clue>
</event>
<event KT="Other" id="E21">
<type class="Positive_regulation"/>
<theme idref="E19"/>
<cause idref="E23"/>
<clue>We also demonstrate that the IKK complex, but not p90(rsk), is responsible for the in vivo phosphorylation of IkappaBalpha <clueType>mediated</clueType> <linkCause>by</linkCause> the co-activation of PKC and calcineurin.</clue>
</event>
<event KT="Other" id="E22">
<type class="Positive_regulation"/>
<theme idref="T32"/>
<clue>We also demonstrate that the IKK complex, but not p90(rsk), is responsible for the in vivo phosphorylation of IkappaBalpha mediated by the <clueType>co-activation</clueType> <linkTheme>of</linkTheme> PKC and calcineurin.</clue>
</event>
<event KT="Other" id="E23">
<type class="Positive_regulation"/>
<theme idref="T33"/>
<clue>We also demonstrate that the IKK complex, but not p90(rsk), is responsible for the in vivo phosphorylation of IkappaBalpha mediated by the <clueType>co-activation</clueType> <linkTheme>of</linkTheme> PKC and calcineurin.</clue>
</event>
<sentence id="S6">Each second messenger is necessary, as inhibition of either one reverses the activation of the <term id="T34" lex="IKK_complex" sem="Protein_complex">IKK complex</term> and <term id="T35" lex="IkappaBalpha_phosphorylation" sem="Other"><term id="T36" lex="IkappaBalpha" sem="Protein_molecule">IkappaBalpha</term> phosphorylation</term> in vivo.</sentence>
<event id="E24">
<type class="Positive_regulation"/>
<cause idref="T32"/>
<clue><corefCause>Each second messenger</corefCause> is <clueType>necessary</clueType>, as inhibition of either one reverses the activation of the IKK complex and IkappaBalpha phosphorylation in vivo.</clue>
<comment>NO THEME</comment></event>
<event id="E25">
<type class="Positive_regulation"/>
<cause idref="T33"/>
<clue><corefCause>Each second messenger</corefCause> is <clueType>necessary</clueType>, as inhibition of either one reverses the activation of the IKK complex and IkappaBalpha phosphorylation in vivo.</clue>
<comment>NO THEME</comment></event>
<event id="E26">
<type class="Negative_regulation"/>
<theme idref="T32"/>
<clue>Each second messenger is necessary, as <clueType>inhibition</clueType> <linkTheme>of</linkTheme> <corefTheme>either one</corefTheme> reverses the activation of the IKK complex and IkappaBalpha phosphorylation in vivo.</clue>
</event>
<event id="E27">
<type class="Negative_regulation"/>
<theme idref="T32"/>
<clue>Each second messenger is necessary, as <clueType>inhibition</clueType> <linkTheme>of</linkTheme> <corefTheme>either one</corefTheme> reverses the activation of the IKK complex and IkappaBalpha phosphorylation in vivo.</clue>
</event>
<event id="E28">
<type class="Negative_regulation"/>
<theme idref="E32"/>
<cause idref="E26"/>
<clue>Each second messenger is necessary, as inhibition of either one <clueType>reverses</clueType> the activation of the IKK complex and IkappaBalpha phosphorylation in vivo.</clue>
</event>
<event id="E29">
<type class="Negative_regulation"/>
<theme idref="E33"/>
<cause idref="E26"/>
<clue>Each second messenger is necessary, as inhibition of either one <clueType>reverses</clueType> the activation of the IKK complex and IkappaBalpha phosphorylation in vivo.</clue>
</event>
<event id="E30">
<type class="Negative_regulation"/>
<theme idref="E32"/>
<cause idref="E27"/>
<clue>Each second messenger is necessary, as inhibition of either one <clueType>reverses</clueType> the activation of the IKK complex and IkappaBalpha phosphorylation in vivo.</clue>
</event>
<event id="E31">
<type class="Negative_regulation"/>
<theme idref="E32"/>
<cause idref="E27"/>
<clue>Each second messenger is necessary, as inhibition of either one <clueType>reverses</clueType> the activation of the IKK complex and IkappaBalpha phosphorylation in vivo.</clue>
</event>
<event KT="Other" id="E32">
<type class="Positive_regulation"/>
<theme idref="T34"/>
<clue>Each second messenger is necessary, as inhibition of either one reverses the <clueType>activation</clueType> <linkTheme>of</linkTheme> the IKK complex and IkappaBalpha phosphorylation in vivo.</clue>
</event>
<event KT="Other" id="E33">
<type class="Protein_amino_acid_phosphorylation"/>
<theme idref="T36"/>
<clue>Each second messenger is necessary, as inhibition of either one reverses the activation of the IKK complex and IkappaBalpha <clueType>phosphorylation</clueType> in vivo.</clue>
</event>
<sentence id="S7">Overexpression of <term id="A2" sem="Protein_molecule">dominant negative forms</term> of <cons id="T37" lex="(AND IKKalpha IKK-beta)" sem="(AND Protein_molecule Protein_molecule)"><frag id="F1"><term id="A3" sem="Protein_molecule">IKK</term></frag><frag id="F2"><term id="A4" sem="Protein_molecule">alpha</term></frag> and <frag id="F3"><term id="A5" sem="Protein_molecule">-beta</term></frag></cons> demonstrates that only <term id="T38" lex="IKKbeta" sem="Protein_molecule">IKKbeta</term> is the target for <term id="T39" lex="PKC" sem="Protein_molecule">PKC</term> and <term id="T40" lex="calcineurin" sem="Protein_molecule">calcineurin</term>.</sentence>
<event KT="Other" id="E34">
<type class="Gene_expression"/>
<theme idref="A2" idref1="A3" idref2="A4"/>
<clue><clueType>Overexpression</clueType> <linkTheme>of</linkTheme> dominant negative forms of IKKalpha and -beta demonstrates that only IKKbeta is the target for PKC and calcineurin.</clue>
</event>
<event KT="Other" id="E45">
<type class="Positive_regulation"/>
<theme idref="E34"/>
<clue><clueType>Overexpression</clueType> of dominant negative forms of IKKalpha and -beta demonstrates that only IKKbeta is the target for PKC and calcineurin.</clue>
</event>
<event KT="Other" id="E35">
<type class="Gene_expression"/>
<theme idref="A2" idref1="A3" idref2="A5"/>
<clue><clueType>Overexpression</clueType> <linkTheme>of</linkTheme> dominant negative forms of IKKalpha and -beta demonstrates that only IKKbeta is the target for PKC and calcineurin.</clue>
</event>
<event KT="Other" id="E46">
<type class="Positive_regulation"/>
<theme idref="E35"/>
<clue><clueType>Overexpression</clueType> of dominant negative forms of IKKalpha and -beta demonstrates that only IKKbeta is the target for PKC and calcineurin.</clue>
</event>
<event KT="Analysis" id="E36">
<type class="Binding"/>
<theme idref="T38"/>
<theme idref="T39"/>
<clue>Overexpression of dominant negative forms of IKKalpha and -beta <clueKT>demonstrates</clueKT> that only IKKbeta <clueType>is the target</clueType> <linkTheme>for</linkTheme> PKC and calcineurin.</clue>
</event>
<event KT="Other" id="E37">
<type class="Binding"/>
<theme idref="T38"/>
<theme idref="T40"/>
<clue>Overexpression of dominant negative forms of IKKalpha and -beta demonstrates that only IKKbeta is the <clueType>target</clueType> <linkTheme>for</linkTheme> PKC and calcineurin.</clue>
</event>
<sentence id="S8">These results indicate that within the <term id="T41" lex="TCR/CD3_signal_transduction_pathway" sem="Other"><term id="A20" sem="Protein_family_or_group"><term id="T42" lex="TCR" sem="Protein_family_or_group">TCR</term><term id="T43" lex="CD3" sem="Protein_molecule">/CD3</term></term> signal transduction pathway</term> both <term id="T44" lex="PKC" sem="Protein_molecule">PKC</term> and <term id="T45" lex="calcineurin" sem="Protein_molecule">calcineurin</term> are required for the effective activation of the <term id="T46" lex="IKK_complex" sem="Protein_complex">IKK complex</term> and <term id="T47" lex="NF-kappaB" sem="Protein_complex">NF-kappaB</term> in <term id="T48" lex="T_lymphocyte" sem="Cell_natural">T lymphocytes</term>.</sentence>
<event KT="Other" id="E38">
<type class="Cell_communication"/>
<theme idref="A20"/>
<clue>These results indicate that within the TCR/CD3 <clueType>signal transduction</clueType> pathway both PKC and calcineurin are required for the effective activation of the IKK complex and NF-kappaB in T lymphocytes.</clue>
</event>
<event CL="L2" KT="Analysis" id="E39">
<type class="Positive_regulation"/>
<theme idref="E43"/>
<cause idref="T44"/>
<clue>These results <clueKT><clueCL>indicate</clueCL></clueKT> that within the TCR/CD3 signal transduction pathway both PKC and calcineurin are <clueType>required</clueType> <linkTheme>for</linkTheme> the effective activation of the IKK complex and NF-kappaB in T lymphocytes.</clue>
</event>
<event CL="L2" KT="Analysis" id="E40">
<type class="Positive_regulation"/>
<theme idref="E44"/>
<cause idref="T44"/>
<clue>These results <clueKT><clueCL>indicate</clueCL></clueKT> that within the TCR/CD3 signal transduction pathway both PKC and calcineurin are <clueType>required</clueType> <linkTheme>for</linkTheme> the effective activation of the IKK complex and NF-kappaB in T lymphocytes.</clue>
</event>
<event CL="L2" KT="Analysis" id="E41">
<type class="Positive_regulation"/>
<theme idref="E43"/>
<cause idref="T45"/>
<clue>These results <clueKT><clueCL>indicate</clueCL></clueKT> that within the TCR/CD3 signal transduction pathway both PKC and calcineurin are <clueType>required</clueType> <linkTheme>for</linkTheme> the effective activation of the IKK complex and NF-kappaB in T lymphocytes.</clue>
</event>
<event CL="L2" KT="Analysis" id="E42">
<type class="Positive_regulation"/>
<theme idref="E44"/>
<cause idref="T45"/>
<clue>These results <clueKT><clueCL>indicate</clueCL></clueKT> that within the TCR/CD3 signal transduction pathway both PKC and calcineurin are <clueType>required</clueType> <linkTheme>for</linkTheme> the effective activation of the IKK complex and NF-kappaB in T lymphocytes.</clue>
</event>
<event KT="Other" id="E43">
<type class="Positive_regulation"/>
<theme idref="T46"/>
<clue>These results indicate that within the TCR/CD3 signal transduction pathway both PKC and calcineurin are required for the effective <clueType>activation</clueType> <linkTheme>of</linkTheme> the IKK complex and NF-kappaB <clueLoc>in T lymphocytes</clueLoc>.</clue>
</event>
<event KT="Other" id="E44">
<type class="Positive_regulation"/>
<theme idref="T47"/>
<clue>These results indicate that within the TCR/CD3 signal transduction pathway both PKC and calcineurin are required for the effective <clueType>activation</clueType> <linkTheme>of</linkTheme> the IKK complex and NF-kappaB <clueLoc>in T lymphocytes</clueLoc>.</clue>
</event>
</AbstractText>
</Abstract></Article></MedlineCitation></PubmedArticle></PubmedArticleSet></Annotation>
