<?xml version='1.0'?><!DOCTYPE Annotation PUBLIC "//GENIA//DTD GENIA ANNOTATION EVENT 2.0//EN_Modified" "../ModifiedGENIAtypes/Modified_GENIA_event_20.dtd"><Annotation annotates="http://www.ncbi.nlm.nih.gov/entrez/eutils/efetch.fcgi?db=pubmed&amp;retmode=xml&amp;rettype=medline&amp;id=10446999" created="26/11/2006" creator="Noriko Katsu"><PubmedArticleSet><PubmedArticle><MedlineCitation>
<PMID>10446999</PMID>
<Article>
<ArticleTitle>
<sentence id="S1">Induction of a functional <term id="T1" lex="vitamin_D_receptor" sem="Protein_family_or_group">vitamin D receptor</term> in <term id="T3" lex="all-trans-retinoic_acid" sem="Organic_compound_other">all-trans-retinoic acid</term>-induced <term id="T2" lex="monocytic_differentiation" sem="Other"><term id="A1" sem="Cell_natural">monocytic</term> differentiation</term> of <term id="T4" lex="M2-type_leukemic_blast_cell" sem="Cell_cultured">M2-type leukemic blast cells</term>.</sentence>
<event KT="Other" id="E1">
<type class="Positive_regulation"/>
<theme idref="T1"/>
<clue><clueType>Induction</clueType> <linkTheme>of</linkTheme> a functional vitamin D receptor in all-trans-retinoic acid-induced monocytic differentiation of M2-type leukemic blast cells.</clue>
</event>
<event KT="Other" id="E2">
<type class="Positive_regulation"/>
<theme idref="E3"/>
<cause idref="T3"/>
<clue>Induction of a functional vitamin D receptor in all-trans-retinoic acid-<clueType>induced</clueType> monocytic differentiation of M2-type leukemic blast cells.</clue>
</event>
<event KT="Other" id="E3">
<type class="Cell_differentiation"/>
<theme idref="T4"/>
<theme idref="A1"/>
<clue>Induction of a functional vitamin D receptor in all-trans-retinoic acid-induced monocytic <clueType>differentiation</clueType> <linkTheme>of</linkTheme> M2-type leukemic blast cells.</clue>
</event>
<event KT="Investigation" id="E4">
<type class="Correlation"/>
<theme idref="E1"/>
<theme idref="E3"/>
<clue>Induction of a functional vitamin D receptor <linkTheme>in</linkTheme> all-trans-retinoic acid-induced monocytic differentiation of M2-type leukemic blast cells.</clue>
<comment>NO CLUETYPE</comment></event>
</ArticleTitle>
<Abstract>
<AbstractText>
<sentence id="S2">Different types of <term id="T5" lex="acute_myeloid_leukemia_blast_cell" sem="Cell_natural">acute myeloid leukemia blast cells</term> were induced to differentiate in vitro with <term id="T6" lex="all-trans-retinoic_acid" sem="Organic_compound_other">all-trans-retinoic acid</term> (<term id="T7" lex="ATRA" sem="Organic_compound_other">ATRA</term>) and <term id="T8" lex="vitamin_D3" sem="Lipid">vitamin D3</term> (<term id="T9" lex="VD" sem="Lipid">VD</term>).</sentence>
<event id="E5">
<type class="Positive_regulation"/>
<theme idref="E7"/>
<cause idref="T7"/>
<clue>Different types of acute myeloid leukemia blast cells were <clueType>induced</clueType> <linkTheme>to</linkTheme> differentiate in vitro <linkCause>with</linkCause> all-trans-retinoic acid (ATRA) and vitamin D3 (VD).</clue>
</event>
<event id="E6">
<type class="Positive_regulation"/>
<theme idref="E7"/>
<cause idref="T9"/>
<clue>Different types of acute myeloid leukemia blast cells were <clueType>induced</clueType> <linkTheme>to</linkTheme> differentiate in vitro <linkCause>with</linkCause> all-trans-retinoic acid (ATRA) and vitamin D3 (VD).</clue>
</event>
<event id="E7">
<type class="Cell_differentiation"/>
<theme idref="T5"/>
<clue>Different types of acute myeloid leukemia blast cells were induced to <clueType>differentiate</clueType> in vitro with all-trans-retinoic acid (ATRA) and vitamin D3 (VD).</clue>
</event>
<sentence id="S3"><term id="T10" lex="M0/M1_leukemic_cell" sem="Cell_cultured">M0/M1 leukemic cells</term> are not sensitive to <term id="T11" lex="differentiating_agent" sem="Organic_compound_other">differentiating agents</term>, whereas <term id="T12" lex="M3_leukemic_cell" sem="Cell_cultured">M3 leukemic cells</term> are induced to undergo <term id="T13" lex="granulocytic_differentiation" sem="Other"><term id="A2" sem="Cell_natural">granulocytic</term> differentiation</term> after <term id="T14" lex="ATRA" sem="Organic_compound_other">ATRA</term> treatment but are not sensitive to <term id="T15" lex="VD" sem="Lipid">VD</term>.</sentence>
<event KT="Fact" Polarity="Negative" assertion="non-exist" id="E8">
<type class="Regulation"/>
<theme idref="T10"/>
<cause idref="T14"/>
<clue>M0/M1 leukemic cells are <cluePolarity>not</cluePolarity> <clueType>sensitive</clueType> <linkCause>to</linkCause> <corefCause>differentiating agents</corefCause>, whereas M3 leukemic cells are induced to undergo granulocytic differentiation after ATRA treatment but are not sensitive to VD.</clue>
</event>
<event KT="Fact" Polarity="Negative" assertion="non-exist" id="E9">
<type class="Regulation"/>
<theme idref="T10"/>
<cause idref="T15"/>
<clue>M0/M1 leukemic cells are <cluePolarity>not</cluePolarity> <clueType>sensitive</clueType> <linkCause>to</linkCause> <corefCause>differentiating agents</corefCause>, whereas M3 leukemic cells are induced to undergo granulocytic differentiation after ATRA treatment but are not sensitive to VD.</clue>
</event>
<event KT="Fact" id="E10">
<type class="Positive_regulation"/>
<theme idref="E11"/>
<cause idref="T14"/>
<clue>M0/M1 leukemic cells are not sensitive to differentiating agents, whereas M3 leukemic cells are <clueType>induced</clueType> <linkTheme>to</linkTheme> undergo granulocytic differentiation <linkCause>after</linkCause> ATRA treatment but are not sensitive to VD.</clue>
</event>
<event KT="Other" id="E11">
<type class="Cell_differentiation"/>
<theme idref="T12"/>
<theme idref="A2"/>
<clue>M0/M1 leukemic cells are not sensitive to differentiating agents, whereas M3 leukemic cells are induced to <clueType>undergo</clueType> granulocytic <clueType>differentiation</clueType> after ATRA treatment but are not sensitive to VD.</clue>
</event>
<event KT="Fact" Polarity="Negative" assertion="non-exist" id="E12">
<type class="Regulation"/>
<theme idref="T12"/>
<cause idref="T15"/>
<clue>M0/M1 leukemic cells are not sensitive to differentiating agents, whereas M3 leukemic cells are induced to undergo granulocytic differentiation after ATRA treatment but are <cluePolarity>not</cluePolarity> <clueType>sensitive</clueType> <linkCause>to</linkCause> VD.</clue>
</event>
<sentence id="S4"><term id="T16" lex="M2_leukemic_blast_cell" sem="Cell_cultured">M2 leukemic blast cells</term> behave differently because they undergo <term id="T17" lex="monocytic_differentiation" sem="Other"><term id="A3" sem="Cell_natural">monocytic</term> differentiation</term> with both the differentiation inducers.</sentence>
<event KT="Other" id="E13">
<type class="Cell_differentiation"/>
<theme idref="T16"/>
<theme idref="A3"/>
<clue>M2 leukemic blast cells behave differently because they undergo monocytic <clueType>differentiation</clueType> with both the differentiation inducers.</clue>
</event>
<event KT="Fact" id="E14">
<type class="Positive_regulation"/>
<theme idref="E13"/>
<cause idref="T14"/>
<clue>M2 leukemic blast cells behave differently because they <clueType>undergo</clueType> monocytic differentiation <linkCause>with</linkCause> <corefCause>both the differentiation inducers</corefCause>.</clue>
</event>
<event KT="Fact" id="E15">
<type class="Positive_regulation"/>
<theme idref="E13"/>
<cause idref="T15"/>
<clue>M2 leukemic blast cells behave differently because they <clueType>undergo</clueType> monocytic differentiation <linkCause>with</linkCause> <corefCause>both the differentiation inducers</corefCause>.</clue>
</event>
<sentence id="S5">To gain some insight into the maturation of <term id="T18" lex="M2-type_leukemic_cell" sem="Cell_natural">M2-type leukemic cells</term>, we studied the <term id="A4" sem="Other">molecular mechanisms</term> underlying <term id="T19" lex="monocytic_differentiation" sem="Other"><term id="A5" sem="Cell_natural">monocytic</term> differentiation</term> induced by <term id="T20" lex="ATRA" sem="Organic_compound_other">ATRA</term> and <term id="T21" lex="VD" sem="Lipid">VD</term> in spontaneous <term id="T22" lex="M2_blast_cell" sem="Cell_cultured">M2 blast cells</term> as well as in <term id="T23" lex="Kasumi-1_cell" sem="Cell_cultured">Kasumi-1 cells</term> (an <term id="T24" lex="acute_myeloid_leukemia_M2-type_cell_line" sem="Cell_cultured">acute myeloid leukemia M2-type cell line</term>).</sentence>
<event KT="Investigation" id="E16">
<type class="Cell_differentiation"/>
<theme idref="T18"/>
<clue><clueKT>To gain some insight</clueKT> into the <clueType>maturation</clueType> <linkTheme>of</linkTheme> M2-type leukemic cells, we studied the molecular mechanisms underlying monocytic differentiation induced by ATRA and VD in spontaneous M2 blast cells as well as in Kasumi-1 cells (an acute myeloid leukemia M2-type cell line).</clue>
</event>
<event KT="Investigation" id="E17" uncertainty="doubtful">
<type class="Positive_regulation"/>
<theme idref="E23"/>
<cause idref="A4"/>
<clue>To gain some insight into the maturation of M2-type leukemic cells, we <clueKT>studied</clueKT> the molecular mechanisms <clueType>underlying</clueType> monocytic differentiation induced by ATRA and VD in spontaneous M2 blast cells as well as in Kasumi-1 cells (an acute myeloid leukemia M2-type cell line).</clue>
</event>
<event KT="Investigation" id="E18" uncertainty="doubtful">
<type class="Positive_regulation"/>
<theme idref="E24"/>
<cause idref="A4"/>
<clue>To gain some insight into the maturation of M2-type leukemic cells, we <clueKT>studied</clueKT> the molecular mechanisms <clueType>underlying</clueType> monocytic differentiation induced by ATRA and VD in spontaneous M2 blast cells as well as in Kasumi-1 cells (an acute myeloid leukemia M2-type cell line).</clue>
</event>
<event KT="Investigation" id="E19" uncertainty="doubtful">
<type class="Positive_regulation"/>
<theme idref="E25"/>
<cause idref="A4"/>
<clue>To gain some insight into the maturation of M2-type leukemic cells, we <clueKT>studied</clueKT> the molecular mechanisms <clueType>underlying</clueType> monocytic differentiation induced by ATRA and VD in spontaneous M2 blast cells as well as in Kasumi-1 cells (an acute myeloid leukemia M2-type cell line).</clue>
</event>
<event KT="Investigation" id="E20" uncertainty="doubtful">
<type class="Positive_regulation"/>
<theme idref="E26"/>
<cause idref="A4"/>
<clue>To gain some insight into the maturation of M2-type leukemic cells, we <clueKT>studied</clueKT> the molecular mechanisms <clueType>underlying</clueType> monocytic differentiation induced by ATRA and VD in spontaneous M2 blast cells as well as in Kasumi-1 cells (an acute myeloid leukemia M2-type cell line).</clue>
</event>
<event KT="Other" id="E21">
<type class="Cell_differentiation"/>
<theme idref="T22"/>
<theme idref="A5"/>
<clue>To gain some insight into the maturation of M2-type leukemic cells, we studied the molecular mechanisms underlying monocytic <clueType>differentiation</clueType> induced by ATRA and VD <linkTheme>in</linkTheme> spontaneous M2 blast cells as well as in Kasumi-1 cells (an acute myeloid leukemia M2-type cell line).</clue>
</event>
<event KT="Other" id="E22">
<type class="Cell_differentiation"/>
<theme idref="T23"/>
<theme idref="A5"/>
<clue>To gain some insight into the maturation of M2-type leukemic cells, we studied the molecular mechanisms underlying monocytic <clueType>differentiation</clueType> induced by ATRA and VD <linkTheme>in</linkTheme> spontaneous M2 blast cells as well as in Kasumi-1 cells (an acute myeloid leukemia M2-type cell line).</clue>
</event>
<event KT="Other" id="E23">
<type class="Positive_regulation"/>
<theme idref="E21"/>
<cause idref="T20"/>
<clue>To gain some insight into the maturation of M2-type leukemic cells, we studied the molecular mechanisms underlying monocytic differentiation <clueType>induced</clueType> <linkCause>by</linkCause> ATRA and VD in spontaneous M2 blast cells as well as in Kasumi-1 cells (an acute myeloid leukemia M2-type cell line).</clue>
</event>
<event KT="Other" id="E24">
<type class="Positive_regulation"/>
<theme idref="E21"/>
<cause idref="T21"/>
<clue>To gain some insight into the maturation of M2-type leukemic cells, we studied the molecular mechanisms underlying monocytic differentiation <clueType>induced</clueType> <linkCause>by</linkCause> ATRA and VD in spontaneous M2 blast cells as well as in Kasumi-1 cells (an acute myeloid leukemia M2-type cell line).</clue>
</event>
<event KT="Other" id="E25">
<type class="Positive_regulation"/>
<theme idref="E22"/>
<cause idref="T20"/>
<clue>To gain some insight into the maturation of M2-type leukemic cells, we studied the molecular mechanisms underlying monocytic differentiation <clueType>induced</clueType> <linkCause>by</linkCause> ATRA and VD in spontaneous M2 blast cells as well as in Kasumi-1 cells (an acute myeloid leukemia M2-type cell line).</clue>
</event>
<event KT="Other" id="E26">
<type class="Positive_regulation"/>
<theme idref="E22"/>
<cause idref="T21"/>
<clue>To gain some insight into the maturation of M2-type leukemic cells, we studied the molecular mechanisms underlying monocytic differentiation <clueType>induced</clueType> <linkCause>by</linkCause> ATRA and VD in spontaneous M2 blast cells as well as in Kasumi-1 cells (an acute myeloid leukemia M2-type cell line).</clue>
</event>
<sentence id="S6">Our results indicate that <term id="T25" lex="ATRA" sem="Organic_compound_other">ATRA</term> as well as <term id="T26" lex="VD" sem="Lipid">VD</term> efficiently increases the nuclear abundance of <term id="T27" lex="VD_receptor" sem="Protein_family_or_group"><term id="T28" lex="VD" sem="Lipid">VD</term> receptor</term> (<term id="T29" lex="VDR" sem="Protein_family_or_group">VDR</term>) and promotes <term id="A6" sem="Cell_natural">monocytic</term> differentiation.</sentence>
<event CL="L2" KT="Analysis" id="E27">
<type class="Positive_regulation"/>
<theme idref="E32"/>
<cause idref="T25"/>
<clue>Our results <clueKT><clueCL>indicate</clueCL></clueKT> that ATRA as well as VD efficiently <clueType>increases</clueType> the nuclear abundance of VD receptor (VDR) and promotes monocytic differentiation.</clue>
</event>
<event CL="L2" KT="Analysis" id="E28">
<type class="Positive_regulation"/>
<theme idref="E32"/>
<cause idref="T26"/>
<clue>Our results <clueKT><clueCL>indicate</clueCL></clueKT> that ATRA as well as VD efficiently <clueType>increases</clueType> the nuclear abundance of VD receptor (VDR) and promotes monocytic differentiation.</clue>
</event>
<event KT="Other" id="E32">
<type class="Localization"/>
<theme idref="T29"/>
<clue>Our results indicate that ATRA as well as VD efficiently increases the <clueLoc>nuclear</clueLoc> <clueType>abundance</clueType> <linkTheme>of</linkTheme> VD receptor (VDR) and promotes monocytic differentiation.</clue>
</event>
<event CL="L2" KT="Analysis" id="E29">
<type class="Positive_regulation"/>
<theme idref="E31"/>
<cause idref="E27"/>
<clue>Our results <clueKT><clueCL>indicate</clueCL></clueKT> that ATRA as well as VD efficiently increases the nuclear abundance of VD receptor (VDR) and <clueType>promotes</clueType> monocytic differentiation.</clue>
</event>
<event CL="L2" KT="Analysis" id="E30">
<type class="Positive_regulation"/>
<theme idref="E31"/>
<cause idref="E28"/>
<clue>Our results <clueKT><clueCL>indicate</clueCL></clueKT> that ATRA as well as VD efficiently increases the nuclear abundance of VD receptor (VDR) and <clueType>promotes</clueType> monocytic differentiation.</clue>
</event>
<event KT="Other" id="E31">
<type class="Cell_differentiation"/>
<theme idref="A6"/>
<clue>Our results indicate that ATRA as well as VD efficiently increases the nuclear abundance of VD receptor (VDR) and promotes monocytic <clueType>differentiation</clueType>.</clue>
</event>
<sentence id="S7"><term id="T30" lex="VDR" sem="Protein_family_or_group">VDR</term> is functionally active in <term id="T31" lex="ATRA" sem="Organic_compound_other">ATRA</term>-treated <term id="T32" lex="Kasumi-1_cell" sem="Cell_cultured">Kasumi-1 cells</term> because it efficiently heterodimerizes with <term id="T33" lex="retinoid_X_receptor" sem="Protein_molecule">retinoid X receptor</term>, binds to a <term id="T34" lex="DR3-type_vitamin_D-responsive_element" sem="DNA_domain_or_region">DR3-type vitamin D-responsive element</term>, and activates the transcription of a <term id="T35" lex="vitamin_D-responsive_element-regulated_reporter_gene" sem="DNA_domain_or_region">vitamin D-responsive element-regulated reporter gene</term>.</sentence>
<event id="E33">
<type class="Positive_regulation"/>
<theme idref="T30"/>
<cause idref="T31"/>
<clue>VDR is functionally <clueType>active</clueType> in ATRA<linkCause>-treated</linkCause> <clueLoc>Kasumi-1 cells</clueLoc> because it efficiently heterodimerizes with retinoid X receptor, binds to a DR3-type vitamin D-responsive element, and activates the transcription of a vitamin D-responsive element-regulated reporter gene.</clue>
</event>
<event id="E34">
<type class="Binding"/>
<theme idref="T30"/>
<theme idref="T33"/>
<clue>VDR is functionally active in ATRA-treated Kasumi-1 cells because it efficiently <clueType>heterodimerizes</clueType> <linkTheme>with</linkTheme> retinoid X receptor, binds to a DR3-type vitamin D-responsive element, and activates the transcription of a vitamin D-responsive element-regulated reporter gene.</clue>
</event>
<event id="E35">
<type class="Binding"/>
<theme idref="T30"/>
<theme idref="T34"/>
<clue>VDR is functionally active in ATRA-treated Kasumi-1 cells because it efficiently heterodimerizes with retinoid X receptor, <clueType>binds</clueType> <linkTheme>to</linkTheme> a DR3-type vitamin D-responsive element, and activates the transcription of a vitamin D-responsive element-regulated reporter gene.</clue>
</event>
<event id="E36">
<type class="Positive_regulation"/>
<theme idref="E37"/>
<cause idref="E35"/>
<clue>VDR is functionally active in ATRA-treated Kasumi-1 cells because it efficiently heterodimerizes with retinoid X receptor, binds to a DR3-type vitamin D-responsive element, and <clueType>activates</clueType> the transcription of a vitamin D-responsive element-regulated reporter gene.</clue>
</event>
<event id="E37">
<type class="Transcription"/>
<theme idref="T35"/>
<clue>VDR is functionally active in ATRA-treated Kasumi-1 cells because it efficiently heterodimerizes with retinoid X receptor, binds to a DR3-type vitamin D-responsive element, and activates the <clueType>transcription</clueType> <linkTheme>of</linkTheme> a vitamin D-responsive element-regulated reporter gene.</clue>
</event>
<sentence id="S8">Consistent with these findings, <term id="T36" lex="VD-responsive_gene" sem="DNA_family_or_group"><term id="T37" lex="VD" sem="Lipid">VD</term>-responsive genes</term> are induced by <term id="T38" lex="ATRA" sem="Organic_compound_other">ATRA</term> treatment of <term id="T39" lex="Kasumi-1_cell" sem="Cell_cultured">Kasumi-1 cells</term>, suggesting that the <term id="A7" sem="Other">genetic program</term> underlying <term id="A8" sem="Cell_natural">monocytic</term> differentiation is activated.</sentence>
<event id="E38">
<type class="Positive_regulation"/>
<theme idref="T36"/>
<cause idref="T38"/>
<clue>Consistent with these findings, VD-responsive genes are <clueType>induced</clueType> <linkCause>by</linkCause> ATRA treatment of <clueLoc>Kasumi-1 cells</clueLoc>, suggesting that the genetic program underlying monocytic differentiation is activated.</clue>
</event>
<event KT="Other" id="E39">
<type class="Positive_regulation"/>
<theme idref="E40"/>
<cause idref="A7"/>
<clue>Consistent with these findings, VD-responsive genes are induced by ATRA treatment of Kasumi-1 cells, suggesting that the genetic program <clueType>underlying</clueType> monocytic differentiation is activated.</clue>
</event>
<event KT="Other" id="E40">
<type class="Cell_differentiation"/>
<theme idref="A8"/>
<clue>Consistent with these findings, VD-responsive genes are induced by ATRA treatment of Kasumi-1 cells, suggesting that the genetic program underlying monocytic <clueType>differentiation</clueType> is activated.</clue>
</event>
<event CL="L2" KT="Analysis" id="E41" uncertainty="probable">
<type class="Positive_regulation"/>
<theme idref="A7"/>
<clue>Consistent with these findings, VD-responsive genes are induced by ATRA treatment of Kasumi-1 cells, <clueKT><clueCL>suggesting</clueCL></clueKT> that the genetic program underlying monocytic differentiation is <clueType>activated</clueType>.</clue>
</event>
<sentence id="S9">The <term id="T40" lex="molecular_mechanism" sem="Other">molecular mechanism</term> by which <term id="T41" lex="ATRA" sem="Organic_compound_other">ATRA</term> increases the nuclear abundance of a functional <term id="T42" lex="VDR" sem="Protein_family_or_group">VDR</term> is still unknown, but our data clearly indicate that the <term id="T43" lex="M2_leukemic_cell" sem="Cell_cultured">M2 leukemic cell</term> context is only permissive of <term id="T44" lex="monocytic_differentiation" sem="Other"><term id="A9" sem="Cell_natural">monocytic</term> differentiation</term>.</sentence>
<event id="E42">
<type class="Positive_regulation"/>
<theme idref="E43"/>
<cause idref="T41"/>
<clue>The molecular mechanism by which ATRA <clueType>increases</clueType> the nuclear abundance of a functional VDR is still unknown, but our data clearly indicate that the M2 leukemic cell context is only permissive of monocytic differentiation.</clue>
</event>
<event id="E43">
<type class="Localization"/>
<theme idref="T42"/>
<clue>The molecular mechanism by which ATRA increases the <clueLoc>nuclear</clueLoc> <clueType>abundance</clueType> <linkTheme>of</linkTheme> a functional VDR is still unknown, but our data clearly indicate that the M2 leukemic cell context is only permissive of monocytic differentiation.</clue>
</event>
<event KT="Other" id="E44">
<type class="Cell_differentiation"/>
<theme idref="T43"/>
<theme idref="A9"/>
<clue>The molecular mechanism by which ATRA increases the nuclear abundance of a functional VDR is still unknown, but our data clearly indicate that the M2 leukemic cell context is only permissive of monocytic <clueType>differentiation</clueType>.</clue>
</event>
<event CL="L2" KT="Analysis" id="E45" uncertainty="probable">
<type class="Positive_regulation"/>
<theme idref="E44"/>
<clue>The molecular mechanism by which ATRA increases the nuclear abundance of a functional VDR is still unknown, but our data clearly <clueKT><clueCL>indicate</clueCL></clueKT> that the M2 leukemic cell context is only <clueType>permissive</clueType> <linkTheme>of</linkTheme> monocytic differentiation.</clue>
</event>
</AbstractText>
</Abstract></Article></MedlineCitation></PubmedArticle></PubmedArticleSet></Annotation>
