<?xml version='1.0'?><!DOCTYPE Annotation PUBLIC "//GENIA//DTD GENIA ANNOTATION EVENT 2.0//EN_Modified" "../ModifiedGENIAtypes/Modified_GENIA_event_20.dtd"><Annotation annotates="http://www.ncbi.nlm.nih.gov/entrez/eutils/efetch.fcgi?db=pubmed&amp;retmode=xml&amp;rettype=medline&amp;id=10455134" created="29/01/2007" creator="Junko Matsuura"><PubmedArticleSet><PubmedArticle><MedlineCitation>
<PMID>10455134</PMID>
<Article>
<ArticleTitle>
<sentence id="S1"><term id="T1" lex="AML1_(CBFalpha2)" sem="Protein_molecule"><term id="T2" lex="AML1" sem="Protein_molecule">AML1</term> (<term id="T3" lex="CBFalpha2" sem="Protein_molecule">CBFalpha2</term>)</term> cooperates with <term id="T4" lex="B_cell-specific_activating_protein_(BSAP/PAX5)" sem="Protein_molecule">B cell-specific activating protein (<term id="T5" lex="BSAP/PAX5" sem="Protein_molecule">BSAP/PAX5</term>)</term> in activation of the <term id="T6" lex="B_cell-specific_BLK_gene_promoter" sem="DNA_domain_or_region">B cell-specific BLK gene promoter</term>.</sentence>
<event id="E1">
<type class="Positive_regulation"/>
<theme idref="T6"/>
<cause idref="T2"/>
<cause idref="T5"/>
<clue>AML1 (CBFalpha2) <clueType>cooperates</clueType> <linkCause>with</linkCause> B cell-specific activating protein (BSAP/PAX5) in <clueType>activation</clueType> <linkTheme>of</linkTheme> the B cell-specific BLK gene promoter.</clue>
</event>
</ArticleTitle>
<Abstract>
<AbstractText>
<sentence id="S2"><term id="T7" lex="AML1" sem="Protein_molecule">AML1</term> plays a critical role during <term id="T8" lex="hematopoiesis" sem="Other">hematopoiesis</term> and <term id="T9" lex="chromosomal_translocations" sem="Other">chromosomal translocations</term> involving <term id="T10" lex="AML1" sem="Protein_molecule">AML1</term> are commonly associated with different forms of <term id="T11" lex="leukemia" sem="Other">leukemia</term>, including <term id="T12" lex="pre-B_acute_lymphoblastic_leukemia" sem="Other">pre-B acute lymphoblastic leukemia</term>.</sentence>
<event KT="Fact" id="E2">
<type class="Positive_regulation"/>
<theme idref="T8"/>
<cause idref="T7"/>
<clue>AML1 <clueType>plays a critical role</clueType> <linkTheme>during</linkTheme> hematopoiesis and chromosomal translocations involving AML1 are commonly associated with different forms of leukemia, including pre-B acute lymphoblastic leukemia.</clue>
</event>
<event KT="Other" id="E3">
<type class="Mutagenesis"/>
<theme idref="T10"/>
<clue>AML1 plays a critical role during hematopoiesis and <clueType>chromosomal translocations</clueType> <linkTheme>involving</linkTheme> AML1 are commonly associated with different forms of leukemia, including pre-B acute lymphoblastic leukemia.</clue>
</event>
<event KT="Analysis" id="E4">
<type class="Correlation"/>
<theme idref="E3"/>
<theme idref="T12"/>
<clue>AML1 plays a critical role during hematopoiesis and chromosomal translocations involving AML1 are <clueKT>commonly</clueKT> <clueType><clueKT>associated</clueKT></clueType> <linkTheme>with</linkTheme> different forms of leukemia, including pre-B acute lymphoblastic leukemia.</clue>
</event>
<sentence id="S3">To understand the function of <term id="T13" lex="AML1" sem="Protein_molecule">AML1</term> during <term id="T14" lex="B_cell_differentiation" sem="Other"><term id="T15" lex="B_cell" sem="Cell_natural">B cell</term> differentiation</term>, we analyzed <term id="A1" sem="DNA_domain_or_region"><term id="T16" lex="regulatory_region" sem="DNA_domain_or_region">regulatory regions</term> of <term id="T17" lex="B_cell-specific_gene" sem="DNA_family_or_group">B cell-specific genes</term></term> for potential <term id="T18" lex="AML1-binding_site" sem="DNA_domain_or_region"><term id="T19" lex="AML1" sem="Protein_molecule">AML1</term>-binding sites</term> and have identified a putative <term id="T20" lex="AML1-binding_site" sem="DNA_domain_or_region"><term id="T21" lex="AML1" sem="Protein_molecule">AML1</term>-binding site</term> in the promoter of the <term id="T22" lex="B_cell-specific_tyrosine_kinase_gene_blk" sem="DNA_domain_or_region">B cell-specific tyrosine kinase gene, blk</term>.</sentence>
<event KT="Investigation" id="E5" uncertainty="doubtful">
<type class="Regulation"/>
<cause idref="T13"/>
<clue><clueKT>To understand</clueKT> the <clueType>function</clueType> <linkCause>of</linkCause> AML1 <clueTime>during B cell differentiation</clueTime>, we analyzed regulatory regions of B cell-specific genes for potential AML1-binding sites and have identified a putative AML1-binding site in the promoter of the B cell-specific tyrosine kinase gene, blk.</clue>
</event>
<event KT="Investigation" id="E6" uncertainty="doubtful">
<type class="Binding"/>
<theme idref="A1"/>
<theme idref="T19"/>
<clue>To understand the function of AML1 during B cell differentiation, we <clueKT>analyzed</clueKT> regulatory regions of B cell-specific genes for potential AML1-<clueType>binding sites</clueType> and have identified a putative AML1-binding site in the promoter of the B cell-specific tyrosine kinase gene, blk.</clue>
<comment>TPS: A1</comment></event>
<sentence id="S4"><term id="T23" lex="Gel_mobility_shift_assay" sem="Other">Gel mobility shift assays</term> and <term id="T24" lex="transient_transfection_assay" sem="Other">transient transfection assays</term> demonstrate that <term id="T25" lex="AML1" sem="Protein_molecule">AML1</term> binds specifically to this site in the <term id="T26" lex="blk_promoter" sem="DNA_domain_or_region"><term id="T27" lex="blk" sem="DNA_domain_or_region">blk</term> promoter</term> and this binding site is important for <term id="T28" lex="blk_promoter_activity" sem="Other"><term id="A2" sem="DNA_domain_or_region"><term id="T29" lex="blk" sem="DNA_domain_or_region">blk</term> promoter</term> activity</term>.</sentence>
<event KT="Analysis" id="E7">
<type class="Binding"/>
<theme idref="T25"/>
<theme idref="T26"/>
<clue><clueExperiment>Gel mobility shift assays and transient transfection assays</clueExperiment> <clueKT>demonstrate</clueKT> that AML1 <clueType>binds</clueType> specifically <linkTheme>to</linkTheme> this site in the blk promoter and this binding site is important for blk promoter activity.</clue>
</event>
<event KT="Analysis" id="E8">
<type class="Positive_regulation"/>
<theme idref="A2"/>
<cause idref="T20"/>
<clue>Gel mobility shift assays and transient transfection assays <clueKT>demonstrate</clueKT> that AML1 binds specifically to this site in the blk promoter and <linkCause>this binding site</linkCause> is <clueType>important</clueType> <linkTheme>for</linkTheme> blk promoter activity.</clue>
</event>
<sentence id="S5">Furthermore, <term id="T30" lex="in_vitro_binding_analysis" sem="Other">in vitro binding analysis</term> revealed that the <term id="T31" lex="AML1_runt_DNA-binding_domain" sem="DNA_domain_or_region"><term id="T32" lex="AML1" sem="Protein_molecule">AML1</term> runt DNA-binding domain</term> physically interacts with the <term id="A3" sem="DNA_domain_or_region"><term id="T33" lex="paired_DNA-binding_domain" sem="DNA_domain_or_region">paired DNA-binding domain</term> of <term id="T34" lex="BSAP" sem="Protein_molecule">BSAP</term>,</term> a <term id="T35" lex="B_cell-specific_transcription_factor" sem="Protein_family_or_group"><term id="T36" lex="B_cell" sem="Cell_natural">B cell</term>-specific transcription factor</term>.</sentence>
<event KT="Analysis" id="E9">
<type class="Binding"/>
<theme idref="T31"/>
<theme idref="A3"/>
<clue>Furthermore, <clueExperiment>in vitro binding analysis</clueExperiment> <clueKT>revealed</clueKT> that the AML1 runt DNA-binding domain <clueType>physically interacts</clueType> <linkTheme>with</linkTheme> the paired DNA-binding domain of BSAP, a B cell-specific transcription factor.</clue>
<comment>TPS: A3</comment></event>
<sentence id="S6"><term id="T37" lex="BSAP" sem="Protein_molecule">BSAP</term> has been shown previously to be important for <term id="T38" lex="B_cell-specific_regulation" sem="Other">B cell-specific regulation</term> of the <term id="T39" lex="blk" sem="DNA_domain_or_region">blk</term> gene.</sentence>
<event KT="Other" id="E10">
<type class="Regulation"/>
<theme idref="T39"/>
<clue>BSAP has been shown previously to be important for <clueLoc>B cell</clueLoc>-specific <clueType>regulation</clueType> <linkTheme>of</linkTheme> the blk gene.</clue>
</event>
<event KT="Analysis" Source="Other" id="E11">
<type class="Positive_regulation"/>
<theme idref="E10"/>
<cause idref="T37"/>
<clue>BSAP has been <clueKT>shown</clueKT> <clueSource>previously</clueSource> to be <clueType>important</clueType> <linkTheme>for</linkTheme> B cell-specific regulation of the blk gene.</clue>
</event>
<sentence id="S7">Physical interaction of <term id="T40" lex="AML1" sem="Protein_molecule">AML1</term> with <term id="T41" lex="BSAP" sem="Protein_molecule">BSAP</term> correlates with functional cooperativity in <term id="T42" lex="transfection_study" sem="Other">transfection studies</term> where <term id="T43" lex="AML1" sem="Protein_molecule">AML1</term> and <term id="T44" lex="BSAP" sem="Protein_molecule">BSAP</term> synergistically activate <term id="T45" lex="blk_promoter_transcription" sem="Other"><term id="A4" sem="DNA_domain_or_region"><term id="T46" lex="blk" sem="DNA_domain_or_region">blk</term> promoter</term> transcription</term> by more than 50-fold.</sentence>
<event KT="Other" id="E12">
<type class="Binding"/>
<theme idref="T40"/>
<theme idref="T41"/>
<clue><clueType>Physical interaction</clueType> <linkTheme>of</linkTheme> AML1 <linkTheme>with</linkTheme> BSAP correlates with functional cooperativity in transfection studies where AML1 and BSAP synergistically activate blk promoter transcription by more than 50-fold.</clue>
</event>
<event KT="Other" id="E13">
<type class="Transcription"/>
<theme idref="A4"/>
<clue>Physical interaction of AML1 with BSAP correlates with functional cooperativity in transfection studies where AML1 and BSAP synergistically activate blk promoter <clueType>transcription</clueType> by more than 50-fold.</clue>
</event>
<event KT="Other" Manner="High" id="E14">
<type class="Positive_regulation"/>
<theme idref="E13"/>
<cause idref="T43"/>
<cause idref="T44"/>
<clue>Physical interaction of AML1 with BSAP correlates with functional cooperativity in <clueExperiment>transfection studies</clueExperiment> where AML1 and BSAP <clueType>synergistically activate</clueType> blk promoter transcription <clueManner>by more than 50-fold</clueManner>.</clue>
</event>
<event KT="Analysis" id="E15">
<type class="Correlation"/>
<theme idref="E12"/>
<theme idref="E14"/>
<clue>Physical interaction of AML1 with BSAP <clueType><clueKT>correlates</clueKT></clueType> <linkTheme>with</linkTheme> <corefTheme idref1="E14">functional cooperativity</corefTheme> in transfection studies where AML1 and BSAP synergistically activate blk promoter transcription by more than 50-fold.</clue>
</event>
<sentence id="S8">These results demonstrate physical and functional interactions between <term id="T47" lex="AML1" sem="Protein_molecule">AML1</term> and <term id="T48" lex="BSAP" sem="Protein_molecule">BSAP</term> and suggest that <term id="T49" lex="AML1" sem="Protein_molecule">AML1</term> is an important factor for regulating a critical <term id="T50" lex="B_cell-specific_gene" sem="DNA_family_or_group">B cell-specific gene</term>, <term id="T51" lex="blk" sem="DNA_domain_or_region">blk</term>.</sentence>
<event KT="Analysis" id="E16">
<type class="Binding"/>
<theme idref="T47"/>
<theme idref="T48"/>
<clue>These results <clueKT>demonstrate</clueKT> <clueType>physical</clueType> and functional <clueType>interactions</clueType> <linkTheme>between</linkTheme> AML1 and BSAP and suggest that AML1 is an important factor for regulating a critical B cell-specific gene, blk.</clue>
</event>
<event KT="Other" id="E17">
<type class="Regulation"/>
<theme idref="T51"/>
<clue>These results demonstrate physical and functional interactions between AML1 and BSAP and suggest that AML1 is an important factor for <clueType>regulating</clueType> a critical B cell-specific gene, blk.</clue>
</event>
<event CL="L2" KT="Analysis" id="E18" uncertainty="probable">
<type class="Positive_regulation"/>
<theme idref="E17"/>
<cause idref="T49"/>
<clue>These results demonstrate physical and functional interactions between AML1 and BSAP and <clueKT><clueCL>suggest</clueCL></clueKT> that AML1 is an <clueType>important factor</clueType> <linkTheme>for</linkTheme> regulating a critical B cell-specific gene, blk.</clue>
</event>
</AbstractText>
</Abstract></Article></MedlineCitation></PubmedArticle></PubmedArticleSet></Annotation>
