<?xml version='1.0'?><!DOCTYPE Annotation PUBLIC "//GENIA//DTD GENIA ANNOTATION EVENT 2.0//EN_Modified" "../ModifiedGENIAtypes/Modified_GENIA_event_20.dtd"><Annotation annotates="http://www.ncbi.nlm.nih.gov/entrez/eutils/efetch.fcgi?db=pubmed&amp;retmode=xml&amp;rettype=medline&amp;id=10455128" created="08/07/2006" creator="Noriko Katsu"><PubmedArticleSet><PubmedArticle><MedlineCitation>
<PMID>10455128</PMID>
<Article>
<ArticleTitle>
<sentence id="S1">Differential effects of <term id="T1" lex="lipopolysaccharide" sem="Lipid">lipopolysaccharide</term> and <term id="T2" lex="tumor_necrosis_factor" sem="Protein_family_or_group">tumor necrosis factor</term> on <term id="T3" lex="monocytic_IkappaB_kinase_signalsome_activation" sem="Other">monocytic <term id="A1" sem="Protein_complex"><term id="T5" lex="IkappaB" sem="Protein_molecule">IkappaB</term> kinase signalsome</term> activation</term> and <term id="T6" lex="IkappaB_proteolysis" sem="Other"><term id="T7" lex="IkappaB" sem="Protein_molecule">IkappaB</term> proteolysis</term>.</sentence>
<event KT="Investigation" id="E1">
<type class="Regulation"/>
<theme idref="E5"/>
<cause idref="T1"/>
<clue>Differential <clueType>effects</clueType> <linkCause>of</linkCause> lipopolysaccharide and tumor necrosis factor <linkTheme>on</linkTheme> monocytic IkappaB kinase signalsome activation and IkappaB proteolysis.</clue>
</event>
<event KT="Investigation" id="E2">
<type class="Regulation"/>
<theme idref="E6"/>
<cause idref="T1"/>
<clue>Differential <clueType>effects</clueType> <linkCause>of</linkCause> lipopolysaccharide and tumor necrosis factor <linkTheme>on</linkTheme> monocytic IkappaB kinase signalsome activation and IkappaB proteolysis.</clue>
</event>
<event KT="Investigation" id="E3">
<type class="Regulation"/>
<theme idref="E5"/>
<cause idref="T2"/>
<clue>Differential <clueType>effects</clueType> <linkCause>of</linkCause> lipopolysaccharide and tumor necrosis factor <linkTheme>on</linkTheme> monocytic IkappaB kinase signalsome activation and IkappaB proteolysis.</clue>
</event>
<event KT="Investigation" id="E4">
<type class="Regulation"/>
<theme idref="E6"/>
<cause idref="T2"/>
<clue>Differential <clueType>effects</clueType> <linkCause>of</linkCause> lipopolysaccharide and tumor necrosis factor <linkTheme>on</linkTheme> monocytic IkappaB kinase signalsome activation and IkappaB proteolysis.</clue>
</event>
<event KT="Other" id="E5">
<type class="Positive_regulation"/>
<theme idref="A1"/>
<clue>Differential effects of lipopolysaccharide and tumor necrosis factor on <clueLoc>monocytic</clueLoc> IkappaB kinase signalsome <clueType>activation</clueType> and IkappaB proteolysis.</clue>
<comment>NER: T4 del &quot;monocytic IkappaB kinase&quot;</comment></event>
<event KT="Other" id="E6">
<type class="Protein_catabolism"/>
<theme idref="T7"/>
<clue>Differential effects of lipopolysaccharide and tumor necrosis factor on <clueLoc>monocytic</clueLoc> IkappaB kinase signalsome activation and IkappaB <clueType>proteolysis</clueType>.</clue>
</event>
</ArticleTitle>
<Abstract>
<AbstractText>
<sentence id="S2">The <term id="T8" lex="inflammatory_mediator" sem="Organic_compound_other">inflammatory mediators</term> <term id="T9" lex="lipopolysaccharide" sem="Lipid">lipopolysaccharide</term> (<term id="T10" lex="LPS" sem="Lipid">LPS</term>) and <term id="T11" lex="tumor_necrosis_factor" sem="Protein_family_or_group">tumor necrosis factor</term> (<term id="T12" lex="TNF" sem="Protein_family_or_group">TNF</term>) are potent activators of <term id="T13" lex="NF-kappaB" sem="Protein_complex">NF-kappaB</term>.</sentence>
<event KT="Fact" Manner="High" id="E7">
<type class="Positive_regulation"/>
<theme idref="T13"/>
<cause idref="T10"/>
<clue>The <corefCause>inflammatory mediators</corefCause> lipopolysaccharide (LPS) and tumor necrosis factor (TNF) are <clueManner>potent</clueManner> <clueType>activators</clueType> <linkTheme>of</linkTheme> NF-kappaB.</clue>
</event>
<event KT="Fact" Manner="High" id="E8">
<type class="Positive_regulation"/>
<theme idref="T13"/>
<cause idref="T12"/>
<clue>The <corefCause>inflammatory mediators</corefCause> lipopolysaccharide (LPS) and tumor necrosis factor (TNF) are <clueManner>potent</clueManner> <clueType>activators</clueType> <linkTheme>of</linkTheme> NF-kappaB.</clue>
</event>
<sentence id="S3">This study compared the effect of these stimuli on endogenous <term id="T14" lex="IkappaB_kinase_(IKK)_signalsome_activation" sem="Other"><term id="T15" lex="IkappaB_kinase" sem="Protein_molecule"><term id="T16" lex="IkappaB" sem="Protein_molecule">IkappaB</term> kinase</term> (<term id="T17" lex="IKK" sem="Protein_molecule">IKK</term>) <term id="A2" sem="Protein_complex">signalsome</term> activation</term> and <cons id="C1" lex="(/ IkappaB_phosphorylation IkappaB_proteolysis)" sem="(/ Other Other)"><frag id="F8"><term id="T19" lex="IkappaB" sem="Protein_molecule">IkappaB</term></frag> <frag id="F9">phosphorylation</frag>/<frag id="F10">proteolysis</frag></cons> in <term id="T20" lex="human_monocytic_cell" sem="Cell_natural">human monocytic cells</term> and investigated the role of the <term id="T21" lex="signalsome_protein" sem="Protein_family_or_group">signalsome proteins</term> <term id="T22" lex="IKK-alpha" sem="Protein_molecule">IKK-alpha</term>, <term id="T23" lex="IKK-beta" sem="Protein_molecule">IKK-beta</term>, <term id="T24" lex="NF-kappaB-inducing_kinase" sem="Protein_molecule"><term id="T25" lex="NF-kappaB" sem="Protein_complex">NF-kappaB</term>-inducing kinase</term> (<term id="T26" lex="NIK" sem="Protein_molecule">NIK</term>), <term id="T27" lex="IKK-gamma" sem="Protein_molecule">IKK-gamma</term> (<term id="T28" lex="NF-kappaB" sem="Protein_molecule">NF-kappaB</term> essential modulator), and <term id="T29" lex="IKK_complex-associated_protein" sem="Protein_molecule"><term id="T30" lex="IKK_complex" sem="Protein_complex">IKK complex</term>-associated protein</term>.</sentence>
<event KT="Other" id="E9">
<type class="Regulation"/>
<theme idref="E15"/>
<cause idref="T10"/>
<clue>This study compared the <clueType>effect</clueType> <linkCause>of</linkCause> <corefCause>these stimuli</corefCause> <linkTheme>on</linkTheme> endogenous IkappaB kinase (IKK) signalsome activation and IkappaB phosphorylation/proteolysis in human monocytic cells and investigated the role of the signalsome proteins IKK-alpha, IKK-beta, NF-kappaB-inducing kinase (NIK), IKK-gamma (NF-kappaB essential modulator), and IKK complex-associated protein.</clue>
</event>
<event KT="Other" id="E10">
<type class="Regulation"/>
<theme idref="E16"/>
<cause idref="T10"/>
<clue>This study compared the <clueType>effect</clueType> <linkCause>of</linkCause> <corefCause>these stimuli</corefCause> <linkTheme>on</linkTheme> endogenous IkappaB kinase (IKK) signalsome activation and IkappaB phosphorylation/proteolysis in human monocytic cells and investigated the role of the signalsome proteins IKK-alpha, IKK-beta, NF-kappaB-inducing kinase (NIK), IKK-gamma (NF-kappaB essential modulator), and IKK complex-associated protein.</clue>
</event>
<event KT="Other" id="E11">
<type class="Regulation"/>
<theme idref="E17"/>
<cause idref="T10"/>
<clue>This study compared the <clueType>effect</clueType> <linkCause>of</linkCause> <corefCause>these stimuli</corefCause> <linkTheme>on</linkTheme> endogenous IkappaB kinase (IKK) signalsome activation and IkappaB phosphorylation/proteolysis in human monocytic cells and investigated the role of the signalsome proteins IKK-alpha, IKK-beta, NF-kappaB-inducing kinase (NIK), IKK-gamma (NF-kappaB essential modulator), and IKK complex-associated protein.</clue>
</event>
<event KT="Other" id="E12">
<type class="Regulation"/>
<theme idref="E15"/>
<cause idref="T12"/>
<clue>This study compared the <clueType>effect</clueType> <linkCause>of</linkCause> <corefCause>these stimuli</corefCause> <linkTheme>on</linkTheme> endogenous IkappaB kinase (IKK) signalsome activation and IkappaB phosphorylation/proteolysis in human monocytic cells and investigated the role of the signalsome proteins IKK-alpha, IKK-beta, NF-kappaB-inducing kinase (NIK), IKK-gamma (NF-kappaB essential modulator), and IKK complex-associated protein.</clue>
</event>
<event KT="Other" id="E13">
<type class="Regulation"/>
<theme idref="E16"/>
<cause idref="T12"/>
<clue>This study compared the <clueType>effect</clueType> <linkCause>of</linkCause> <corefCause>these stimuli</corefCause> <linkTheme>on</linkTheme> endogenous IkappaB kinase (IKK) signalsome activation and IkappaB phosphorylation/proteolysis in human monocytic cells and investigated the role of the signalsome proteins IKK-alpha, IKK-beta, NF-kappaB-inducing kinase (NIK), IKK-gamma (NF-kappaB essential modulator), and IKK complex-associated protein.</clue>
</event>
<event KT="Other" id="E14">
<type class="Regulation"/>
<theme idref="E17"/>
<cause idref="T12"/>
<clue>This study compared the <clueType>effect</clueType> <linkCause>of</linkCause> <corefCause>these stimuli</corefCause> <linkTheme>on</linkTheme> endogenous IkappaB kinase (IKK) signalsome activation and IkappaB phosphorylation/proteolysis in human monocytic cells and investigated the role of the signalsome proteins IKK-alpha, IKK-beta, NF-kappaB-inducing kinase (NIK), IKK-gamma (NF-kappaB essential modulator), and IKK complex-associated protein.</clue>
</event>
<event KT="Other" id="E15">
<type class="Positive_regulation"/>
<theme idref="T17" idref1="A2"/>
<clue>This study compared the effect of these stimuli on endogenous IkappaB kinase (IKK) signalsome <clueType>activation</clueType> and IkappaB phosphorylation/proteolysis <clueLoc>in human monocytic cells</clueLoc> and investigated the role of the signalsome proteins IKK-alpha, IKK-beta, NF-kappaB-inducing kinase (NIK), IKK-gamma (NF-kappaB essential modulator), and IKK complex-associated protein.</clue>
</event>
<event KT="Other" id="E16">
<type class="Protein_amino_acid_phosphorylation"/>
<theme idref="T19"/>
<clue>This study compared the effect of these stimuli on endogenous IkappaB kinase (IKK) signalsome activation and IkappaB <clueType>phosphorylation</clueType>/proteolysis <clueLoc>in human monocytic cells</clueLoc> and investigated the role of the signalsome proteins IKK-alpha, IKK-beta, NF-kappaB-inducing kinase (NIK), IKK-gamma (NF-kappaB essential modulator), and IKK complex-associated protein.</clue>
</event>
<event KT="Other" id="E17">
<type class="Protein_catabolism"/>
<theme idref="T19"/>
<clue>This study compared the effect of these stimuli on endogenous IkappaB kinase (IKK) signalsome activation and IkappaB phosphorylation/<clueType>proteolysis</clueType> <clueLoc>in human monocytic cells</clueLoc> and investigated the role of the signalsome proteins IKK-alpha, IKK-beta, NF-kappaB-inducing kinase (NIK), IKK-gamma (NF-kappaB essential modulator), and IKK complex-associated protein.</clue>
</event>
<event KT="Investigation" id="E18" uncertainty="doubtful">
<type class="Regulation"/>
<cause idref="T22"/>
<clue>This study compared the effect of these stimuli on endogenous IkappaB kinase (IKK) signalsome activation and IkappaB phosphorylation/proteolysis in human monocytic cells and <clueKT>investigated</clueKT> the <clueType>role</clueType> <linkCause>of</linkCause> the <corefCause>signalsome proteins</corefCause> IKK-alpha, IKK-beta, NF-kappaB-inducing kinase (NIK), IKK-gamma (NF-kappaB essential modulator), and IKK complex-associated protein.</clue>
<comment>NO THEME</comment></event>
<event KT="Investigation" id="E19" uncertainty="doubtful">
<type class="Regulation"/>
<cause idref="T23"/>
<clue>This study compared the effect of these stimuli on endogenous IkappaB kinase (IKK) signalsome activation and IkappaB phosphorylation/proteolysis in human monocytic cells and <clueKT>investigated</clueKT> the <clueType>role</clueType> <linkCause>of</linkCause> the <corefCause>signalsome proteins</corefCause> IKK-alpha, IKK-beta, NF-kappaB-inducing kinase (NIK), IKK-gamma (NF-kappaB essential modulator), and IKK complex-associated protein.</clue>
<comment>NO THEME</comment></event>
<event KT="Investigation" id="E20" uncertainty="doubtful">
<type class="Regulation"/>
<cause idref="T26"/>
<clue>This study compared the effect of these stimuli on endogenous IkappaB kinase (IKK) signalsome activation and IkappaB phosphorylation/proteolysis in human monocytic cells and <clueKT>investigated</clueKT> the <clueType>role</clueType> <linkCause>of</linkCause> the <corefCause>signalsome proteins</corefCause> IKK-alpha, IKK-beta, NF-kappaB-inducing kinase (NIK), IKK-gamma (NF-kappaB essential modulator), and IKK complex-associated protein.</clue>
<comment>NO THEME</comment></event>
<event KT="Investigation" id="E21" uncertainty="doubtful">
<type class="Regulation"/>
<cause idref="T27"/>
<clue>This study compared the effect of these stimuli on endogenous IkappaB kinase (IKK) signalsome activation and IkappaB phosphorylation/proteolysis in human monocytic cells and <clueKT>investigated</clueKT> the <clueType>role</clueType> <linkCause>of</linkCause> the <corefCause>signalsome proteins</corefCause> IKK-alpha, IKK-beta, NF-kappaB-inducing kinase (NIK), IKK-gamma (NF-kappaB essential modulator), and IKK complex-associated protein.</clue>
<comment>NO THEME</comment></event>
<event KT="Investigation" id="E22" uncertainty="doubtful">
<type class="Regulation"/>
<cause idref="T29"/>
<clue>This study compared the effect of these stimuli on endogenous IkappaB kinase (IKK) signalsome activation and IkappaB phosphorylation/proteolysis in human monocytic cells and <clueKT>investigated</clueKT> the <clueType>role</clueType> <linkCause>of</linkCause> the <corefCause>signalsome proteins</corefCause> IKK-alpha, IKK-beta, NF-kappaB-inducing kinase (NIK), IKK-gamma (NF-kappaB essential modulator), and IKK complex-associated protein.</clue>
<comment>NO THEME</comment></event>
<event KT="Fact" id="E23" uncertainty="doubtful">
<type class="Regulation"/>
<theme idref="T28"/>
<cause idref="T27"/>
<clue>This study compared the effect of these stimuli on endogenous IkappaB kinase (IKK) signalsome activation and IkappaB phosphorylation/proteolysis in human monocytic cells and investigated the role of the signalsome proteins IKK-alpha, IKK-beta, NF-kappaB-inducing kinase (NIK), IKK-gamma (NF-kappaB essential <clueType>modulator</clueType>), and IKK complex-associated protein.</clue>
</event>
<sentence id="S4">Kinase assays showed that <term id="T31" lex="TNF" sem="Protein_family_or_group">TNF</term> elicited a rapid but short-lived induction of <term id="T32" lex="IKK_activity" sem="Other"><term id="T33" lex="IKK" sem="Protein_family_or_group">IKK</term> activity</term> with a 3-fold greater effect on <term id="T34" lex="IKK-alpha" sem="Protein_molecule"><term id="T35" lex="IKK" sem="Protein_family_or_group">IKK</term>-alpha</term> than on <term id="T36" lex="IKK-beta" sem="Protein_molecule">IKK-beta</term>, peaking at 5 min.</sentence>
<event KT="Analysis" id="E24">
<type class="Positive_regulation"/>
<theme idref="E25"/>
<cause idref="T31"/>
<clue><clueExperiment>Kinase assays</clueExperiment> <clueKT>showed</clueKT> that TNF <clueType>elicited</clueType> a rapid but short-lived induction of IKK activity with a 3-fold greater effect on IKK-alpha than on IKK-beta, peaking at 5 min.</clue>
</event>
<event KT="Other" Manner="High" id="E25">
<type class="Positive_regulation"/>
<theme idref="T33"/>
<clue>Kinase assays showed that TNF elicited a <clueManner>rapid</clueManner> but short-lived <clueType>induction</clueType> <linkTheme>of</linkTheme> IKK activity with a 3-fold greater effect on IKK-alpha than on IKK-beta, <clueTime>peaking at 5 min</clueTime>.</clue>
</event>
<event KT="Other" Manner="High" id="E26">
<type class="Regulation"/>
<theme idref="T34"/>
<cause idref="T31"/>
<clue>Kinase assays showed that TNF elicited a rapid but short-lived induction of IKK activity with a <clueManner>3-fold greater</clueManner> <clueType>effect</clueType> <linkTheme>on</linkTheme> IKK-alpha than on IKK-beta, peaking at 5 min.</clue>
</event>
<event KT="Other" id="E27">
<type class="Regulation"/>
<theme idref="T36"/>
<cause idref="T31"/>
<clue>Kinase assays showed that TNF elicited a rapid but short-lived induction of IKK activity with a 3-fold greater <clueType>effect</clueType> <linkTheme>on</linkTheme> IKK-alpha than on IKK-beta, peaking at 5 min.</clue>
</event>
<sentence id="S5">In contrast, <term id="T37" lex="LPS" sem="Lipid">LPS</term> predominantly stimulated <term id="T38" lex="IKK-beta_activity" sem="Other"><term id="T39" lex="IKK-beta" sem="Protein_molecule">IKK-beta</term> activity</term>, which slowly increased, peaking at 30 min.</sentence>
<event id="E28">
<type class="Positive_regulation"/>
<theme idref="T39"/>
<cause idref="T37"/>
<clue>In contrast, LPS predominantly <clueType>stimulated</clueType> IKK-beta activity, which slowly increased, peaking at 30 min.</clue>
</event>
<event id="E29">
<type class="Positive_regulation"/>
<theme idref="E28"/>
<clue>In contrast, LPS predominantly stimulated IKK-beta activity, which slowly <clueType>increased</clueType>, <clueTime>peaking at 30 min</clueTime>.</clue>
</event>
<sentence id="S6">A second peak was observed at a later time point following <term id="T40" lex="LPS_stimulation" sem="Other"><term id="T41" lex="LPS" sem="Lipid">LPS</term> stimulation</term>, which consisted of both <cons id="T42" lex="(AND IKK-alpha_activity IKK-beta_activity)" sem="(AND Other Other)"><frag id="F1"><term id="A3" sem="Protein_molecule">IKK</term></frag><frag id="F2"><term id="A4" sem="Protein_molecule">-alpha</term></frag> and <frag id="F3"><term id="A5" sem="Protein_molecule">-beta</term></frag> <frag id="F4">activity</frag></cons>.</sentence>
<event id="E30">
<type class="Positive_regulation"/>
<theme idref="A3" idref1="A5"/>
<cause idref="T41"/>
<clue>A second peak was <clueKT>observed</clueKT> <clueTime>at a later time point</clueTime> following LPS <clueType>stimulation</clueType>, which consisted of both IKK-alpha and -beta activity.</clue>
</event>
<event id="E31">
<type class="Positive_regulation"/>
<theme idref="A4" idref1="A5"/>
<cause idref="T41"/>
<clue>A second peak was <clueKT>observed</clueKT> <clueTime>at a later time point</clueTime> following LPS <clueType>stimulation</clueType>, which consisted of both IKK-alpha and -beta activity.</clue>
</event>
<sentence id="S7">The endogenous levels of the <term id="A7" sem="Protein_family_or_group">signalsome components</term> were unaffected by stimulation.</sentence>
<event Polarity="Negative" assertion="non-exist" id="E32">
<type class="Regulation"/>
<theme idref="A7"/>
<cause idref="T40"/>
<clue>The endogenous levels of the signalsome components were <clueType><cluePolarity>unaffected</cluePolarity></clueType> <linkCause>by</linkCause> <corefCause>stimulation</corefCause>.</clue>
</event>
<sentence id="S8">Furthermore, our studies showed association of the <term id="T43" lex="IKK-alpha/beta_heterodimer" sem="Protein_complex"><term id="T44" lex="IKK-alpha" sem="Protein_molecule">IKK-alpha</term>/beta heterodimer</term> with <term id="T45" lex="NIK" sem="Protein_molecule">NIK</term>, <term id="T46" lex="IkappaB-alpha" sem="Protein_molecule"><term id="T47" lex="IkappaB" sem="Protein_molecule">IkappaB</term><term id="A8" sem="Protein_molecule">-alpha</term></term> and <term id="T48" lex="IkappaB-epsilon" sem="Protein_molecule">-epsilon</term> in <term id="T49" lex="unstimulated_cell" sem="Cell_natural">unstimulated cells</term>.</sentence>
<event KT="Analysis" id="E33">
<type class="Binding"/>
<theme idref="T43"/>
<theme idref="T45"/>
<clue>Furthermore, our studies <clueKT>showed</clueKT> <clueType><clueKT>association</clueKT></clueType> <linkTheme>of</linkTheme> the IKK-alpha/beta heterodimer <linkTheme>with</linkTheme> NIK, IkappaB-alpha and -epsilon <clueLoc>in unstimulated cells</clueLoc>.</clue>
</event>
<event KT="Analysis" id="E34">
<type class="Binding"/>
<theme idref="T43"/>
<theme idref="T47" idref1="A8"/>
<clue>Furthermore, our studies <clueKT>showed</clueKT> <clueType><clueKT>association</clueKT></clueType> <linkTheme>of</linkTheme> the IKK-alpha/beta heterodimer <linkTheme>with</linkTheme> NIK, IkappaB-alpha and -epsilon <clueLoc>in unstimulated cells</clueLoc>.</clue>
</event>
<event KT="Analysis" id="E35">
<type class="Binding"/>
<theme idref="T43"/>
<theme idref="T47" idref1="T48"/>
<clue>Furthermore, our studies <clueKT>showed</clueKT> <clueType><clueKT>association</clueKT></clueType> <linkTheme>of</linkTheme> the IKK-alpha/beta heterodimer <linkTheme>with</linkTheme> NIK, IkappaB-alpha and -epsilon <clueLoc>in unstimulated cells</clueLoc>.</clue>
</event>
<sentence id="S9">Exposure to <term id="T50" lex="LPS" sem="Lipid">LPS</term> or <term id="T51" lex="TNF" sem="Protein_family_or_group">TNF</term> led to differential patterns of <term id="T52" lex="IkappaB-alpha" sem="Protein_molecule"><term id="T53" lex="IkappaB" sem="Protein_molecule">IkappaB</term>-alpha</term> and <term id="T54" lex="IkappaB-epsilon" sem="Protein_molecule"><term id="T55" lex="IkappaB" sem="Protein_molecule">IkappaB</term>-epsilon</term> disappearance from and reassembly with the <term id="A9" sem="Protein_complex">signalsome</term>, whereas <term id="T56" lex="IKK-alpha" sem="Protein_molecule">IKK-alpha</term>, <term id="T57" lex="IKK-beta" sem="Protein_molecule">IKK-beta</term>, and <term id="T58" lex="NIK" sem="Protein_molecule">NIK</term> remained complex-associated.</sentence>
<event id="E36">
<type class="Positive_regulation"/>
<theme idref="E44"/>
<cause idref="T50"/>
<clue>Exposure to LPS or TNF <clueType>led</clueType> <linkTheme>to</linkTheme> differential patterns of IkappaB-alpha and IkappaB-epsilon disappearance from and reassembly with the signalsome, whereas IKK-alpha, IKK-beta, and NIK remained complex-associated.</clue>
</event>
<event id="E37">
<type class="Positive_regulation"/>
<theme idref="E45"/>
<cause idref="T50"/>
<clue>Exposure to LPS or TNF <clueType>led</clueType> <linkTheme>to</linkTheme> differential patterns of IkappaB-alpha and IkappaB-epsilon disappearance from and reassembly with the signalsome, whereas IKK-alpha, IKK-beta, and NIK remained complex-associated.</clue>
</event>
<event id="E38">
<type class="Positive_regulation"/>
<theme idref="E46"/>
<cause idref="T50"/>
<clue>Exposure to LPS or TNF <clueType>led</clueType> <linkTheme>to</linkTheme> differential patterns of IkappaB-alpha and IkappaB-epsilon disappearance from and reassembly with the signalsome, whereas IKK-alpha, IKK-beta, and NIK remained complex-associated.</clue>
</event>
<event id="E39">
<type class="Positive_regulation"/>
<theme idref="E47"/>
<cause idref="T50"/>
<clue>Exposure to LPS or TNF <clueType>led</clueType> <linkTheme>to</linkTheme> differential patterns of IkappaB-alpha and IkappaB-epsilon disappearance from and reassembly with the signalsome, whereas IKK-alpha, IKK-beta, and NIK remained complex-associated.</clue>
</event>
<event id="E40">
<type class="Positive_regulation"/>
<theme idref="E44"/>
<cause idref="T51"/>
<clue>Exposure to LPS or TNF <clueType>led</clueType> <linkTheme>to</linkTheme> differential patterns of IkappaB-alpha and IkappaB-epsilon disappearance from and reassembly with the signalsome, whereas IKK-alpha, IKK-beta, and NIK remained complex-associated.</clue>
</event>
<event id="E41">
<type class="Positive_regulation"/>
<theme idref="E45"/>
<cause idref="T51"/>
<clue>Exposure to LPS or TNF <clueType>led</clueType> <linkTheme>to</linkTheme> differential patterns of IkappaB-alpha and IkappaB-epsilon disappearance from and reassembly with the signalsome, whereas IKK-alpha, IKK-beta, and NIK remained complex-associated.</clue>
</event>
<event id="E42">
<type class="Positive_regulation"/>
<theme idref="E46"/>
<cause idref="T51"/>
<clue>Exposure to LPS or TNF <clueType>led</clueType> <linkTheme>to</linkTheme> differential patterns of IkappaB-alpha and IkappaB-epsilon disappearance from and reassembly with the signalsome, whereas IKK-alpha, IKK-beta, and NIK remained complex-associated.</clue>
</event>
<event id="E43">
<type class="Positive_regulation"/>
<theme idref="E47"/>
<cause idref="T51"/>
<clue>Exposure to LPS or TNF <clueType>led</clueType> <linkTheme>to</linkTheme> differential patterns of IkappaB-alpha and IkappaB-epsilon disappearance from and reassembly with the signalsome, whereas IKK-alpha, IKK-beta, and NIK remained complex-associated.</clue>
</event>
<event Polarity="Negative" assertion="non-exist" id="E44">
<type class="Binding"/>
<theme idref="T52"/>
<theme idref="A9"/>
<clue>Exposure to LPS or TNF led to differential patterns of IkappaB-alpha and IkappaB-epsilon <clueType><cluePolarity>disappearance</cluePolarity></clueType> <linkTheme>from</linkTheme> and reassembly with the signalsome, whereas IKK-alpha, IKK-beta, and NIK remained complex-associated.</clue>
</event>
<event id="E45">
<type class="Binding"/>
<theme idref="T52"/>
<theme idref="A9"/>
<clue>Exposure to LPS or TNF led to differential patterns of IkappaB-alpha and IkappaB-epsilon disappearance from and <clueType>reassembly</clueType> <linkTheme>with</linkTheme> the signalsome, whereas IKK-alpha, IKK-beta, and NIK remained complex-associated.</clue>
</event>
<event Polarity="Negative" assertion="non-exist" id="E46">
<type class="Binding"/>
<theme idref="T54"/>
<theme idref="A9"/>
<clue>Exposure to LPS or TNF led to differential patterns of IkappaB-alpha and IkappaB-epsilon <clueType><cluePolarity>disappearance</cluePolarity></clueType> <linkTheme>from</linkTheme> and reassembly with the signalsome, whereas IKK-alpha, IKK-beta, and NIK remained complex-associated.</clue>
</event>
<event id="E47">
<type class="Binding"/>
<theme idref="T54"/>
<theme idref="A9"/>
<clue>Exposure to LPS or TNF led to differential patterns of IkappaB-alpha and IkappaB-epsilon disappearance from and <clueType>reassembly</clueType> <linkTheme>with</linkTheme> the signalsome, whereas IKK-alpha, IKK-beta, and NIK remained complex-associated.</clue>
</event>
<event assertion="non-exist" id="E48">
<type class="Regulation"/>
<theme idref="E54"/>
<cause idref="T50"/>
<clue>Exposure to LPS or TNF led to differential patterns of IkappaB-alpha and IkappaB-epsilon disappearance from and reassembly with the signalsome, whereas IKK-alpha, IKK-beta, and NIK <clueType>remained</clueType> complex-associated.</clue>
</event>
<event assertion="non-exist" id="E49">
<type class="Regulation"/>
<theme idref="E54"/>
<cause idref="T50"/>
<clue>Exposure to LPS or TNF led to differential patterns of IkappaB-alpha and IkappaB-epsilon disappearance from and reassembly with the signalsome, whereas IKK-alpha, IKK-beta, and NIK <clueType>remained</clueType> complex-associated.</clue>
</event>
<event assertion="non-exist" id="E50">
<type class="Regulation"/>
<theme idref="E54"/>
<cause idref="T50"/>
<clue>Exposure to LPS or TNF led to differential patterns of IkappaB-alpha and IkappaB-epsilon disappearance from and reassembly with the signalsome, whereas IKK-alpha, IKK-beta, and NIK <clueType>remained</clueType> complex-associated.</clue>
</event>
<event assertion="non-exist" id="E51">
<type class="Regulation"/>
<theme idref="E54"/>
<cause idref="T51"/>
<clue>Exposure to LPS or TNF led to differential patterns of IkappaB-alpha and IkappaB-epsilon disappearance from and reassembly with the signalsome, whereas IKK-alpha, IKK-beta, and NIK <clueType>remained</clueType> complex-associated.</clue>
</event>
<event assertion="non-exist" id="E52">
<type class="Regulation"/>
<theme idref="E55"/>
<cause idref="T51"/>
<clue>Exposure to LPS or TNF led to differential patterns of IkappaB-alpha and IkappaB-epsilon disappearance from and reassembly with the signalsome, whereas IKK-alpha, IKK-beta, and NIK <clueType>remained</clueType> complex-associated.</clue>
</event>
<event assertion="non-exist" id="E53">
<type class="Regulation"/>
<theme idref="E56"/>
<cause idref="T51"/>
<clue>Exposure to LPS or TNF led to differential patterns of IkappaB-alpha and IkappaB-epsilon disappearance from and reassembly with the signalsome, whereas IKK-alpha, IKK-beta, and NIK <clueType>remained</clueType> complex-associated.</clue>
</event>
<event KT="Analysis" id="E54">
<type class="Binding"/>
<theme idref="T56"/>
<theme idref="A9"/>
<clue>Exposure to LPS or TNF led to differential patterns of IkappaB-alpha and IkappaB-epsilon disappearance from and reassembly with the signalsome, whereas IKK-alpha, IKK-beta, and NIK remained complex-<clueType><clueKT>associated</clueKT></clueType>.</clue>
</event>
<event KT="Analysis" id="E55">
<type class="Binding"/>
<theme idref="T57"/>
<theme idref="A9"/>
<clue>Exposure to LPS or TNF led to differential patterns of IkappaB-alpha and IkappaB-epsilon disappearance from and reassembly with the signalsome, whereas IKK-alpha, IKK-beta, and NIK remained complex-<clueType><clueKT>associated</clueKT></clueType>.</clue>
</event>
<event KT="Analysis" id="E56">
<type class="Binding"/>
<theme idref="T58"/>
<theme idref="A9"/>
<clue>Exposure to LPS or TNF led to differential patterns of IkappaB-alpha and IkappaB-epsilon disappearance from and reassembly with the signalsome, whereas IKK-alpha, IKK-beta, and NIK remained complex-<clueType><clueKT>associated</clueKT></clueType>.</clue>
</event>
<sentence id="S10"><term id="T59" lex="NIK" sem="Protein_molecule">NIK</term> cannot phosphorylate <term id="T60" lex="IkappaB-alpha" sem="Protein_molecule"><term id="T61" lex="IkappaB" sem="Protein_molecule">IkappaB</term>-alpha</term> directly, but it appears to be a functionally important subunit, because mutated <term id="T62" lex="NIK" sem="Protein_molecule">NIK</term> inhibited <term id="A11" sem="Other">stimulus</term>-induced <term id="T64" lex="kappaB" sem="Protein_molecule">kappaB</term>-dependent <term id="A10" sem="Other">transcription</term> more effectively than mutated <term id="T65" lex="IKK-alpha" sem="Protein_molecule"><term id="A12" sem="Protein_molecule">IKK</term>-alpha</term> or <term id="T66" lex="IKK-beta" sem="Protein_molecule">-beta</term>.</sentence>
<event KT="Other" id="E57">
<type class="Protein_amino_acid_phosphorylation"/>
<theme idref="T60"/>
<clue>NIK cannot <clueType>phosphorylate</clueType> IkappaB-alpha directly, but it appears to be a functionally important subunit, because mutated NIK inhibited stimulus-induced kappaB-dependent transcription more effectively than mutated IKK-alpha or -beta.</clue>
</event>
<event CL="L2" KT="Analysis" Polarity="Negative" assertion="non-exist" id="E73">
<type class="Positive_regulation"/>
<theme idref="E57"/>
<cause idref="T59"/>
<clue>NIK <clueKT><clueCL>can</clueCL></clueKT><cluePolarity>not</cluePolarity> phosphorylate IkappaB-alpha directly, but it appears to be a functionally important subunit, because mutated NIK inhibited stimulus-induced kappaB-dependent transcription more effectively than mutated IKK-alpha or -beta.</clue>
<comment>NO CLUETYPE</comment></event>
<event KT="Method" id="E58">
<type class="Mutagenesis"/>
<theme idref="T62"/>
<clue>NIK cannot phosphorylate IkappaB-alpha directly, but it appears to be a functionally important subunit, because <clueType>mutated</clueType> NIK inhibited stimulus-induced kappaB-dependent transcription more effectively than mutated IKK-alpha or -beta.</clue>
<comment>ARTIFICIAL</comment></event>
<event id="E59">
<type class="Negative_regulation"/>
<theme idref="E61"/>
<cause idref="E58"/>
<clue>NIK cannot phosphorylate IkappaB-alpha directly, but it appears to be a functionally important subunit, because mutated NIK <clueType>inhibited</clueType> stimulus-induced kappaB-dependent transcription more effectively than mutated IKK-alpha or -beta.</clue>
</event>
<event KT="Other" id="E60">
<type class="Positive_regulation"/>
<theme idref="E61"/>
<cause idref="A11"/>
<clue>NIK cannot phosphorylate IkappaB-alpha directly, but it appears to be a functionally important subunit, because mutated NIK inhibited stimulus-<clueType>induced</clueType> kappaB-dependent transcription more effectively than mutated IKK-alpha or -beta.</clue>
<comment>NER: T63 del &quot;kappaB-dependent transcription&quot;</comment></event>
<event KT="Other" id="E61">
<type class="Regulation"/>
<theme idref="A10"/>
<cause idref="T64"/>
<clue>NIK cannot phosphorylate IkappaB-alpha directly, but it appears to be a functionally important subunit, because mutated NIK inhibited stimulus-induced kappaB-<clueType>dependent</clueType> transcription more effectively than mutated IKK-alpha or -beta.</clue>
</event>
<event KT="Method" id="E62">
<type class="Mutagenesis"/>
<theme idref="T65"/>
<clue>NIK cannot phosphorylate IkappaB-alpha directly, but it appears to be a functionally important subunit, because mutated NIK inhibited stimulus-induced kappaB-dependent transcription more effectively than <clueType>mutated</clueType> IKK-alpha or -beta.</clue>
<comment>ARTIFICIAL</comment></event>
<event KT="Method" id="E63">
<type class="Mutagenesis"/>
<theme idref="A12" idref1="T66"/>
<clue>NIK cannot phosphorylate IkappaB-alpha directly, but it appears to be a functionally important subunit, because mutated NIK inhibited stimulus-induced kappaB-dependent transcription more effectively than <clueType>mutated</clueType> IKK-alpha or -beta.</clue>
<comment>ARTIFICIAL</comment></event>
<event id="E64">
<type class="Negative_regulation"/>
<theme idref="E61"/>
<cause idref="E62"/>
<clue>NIK cannot phosphorylate IkappaB-alpha directly, but it appears to be a functionally important subunit, because mutated NIK <clueType>inhibited</clueType> stimulus-induced kappaB-dependent transcription more effectively than mutated IKK-alpha or -beta.</clue>
<comment>CAUTION: SEE</comment></event>
<event id="E65">
<type class="Negative_regulation"/>
<theme idref="E61"/>
<cause idref="E63"/>
<clue>NIK cannot phosphorylate IkappaB-alpha directly, but it appears to be a functionally important subunit, because mutated NIK <clueType>inhibited</clueType> stimulus-induced kappaB-dependent transcription more effectively than mutated IKK-alpha or -beta.</clue>
<comment>CAUTION: SEE</comment></event>
<sentence id="S11">Overexpression of <term id="T67" lex="IKK_complex-associated_protein" sem="Protein_molecule"><term id="T68" lex="IKK_complex" sem="Protein_complex">IKK complex</term>-associated protein</term> inhibited <term id="A14" sem="Other">stimulus</term>-mediated <term id="A15" sem="Other">transcription</term>, whereas <term id="A13" sem="Protein_molecule"><term id="T69" lex="NF-kappaB" sem="Protein_complex">NF-kappaB</term> essential modulator</term> enhanced it.</sentence>
<event id="E66">
<type class="Gene_expression"/>
<theme idref="T67"/>
<clue><clueType>Overexpression</clueType> <linkTheme>of</linkTheme> IKK complex-associated protein inhibited stimulus-mediated transcription, whereas NF-kappaB essential modulator enhanced it.</clue>
</event>
<event id="E70">
<type class="Positive_regulation"/>
<theme idref="E66"/>
<clue><clueType>Overexpression</clueType> of IKK complex-associated protein inhibited stimulus-mediated transcription, whereas NF-kappaB essential modulator enhanced it.</clue>
</event>
<event id="E67">
<type class="Negative_regulation"/>
<theme idref="E68"/>
<cause idref="E70"/>
<clue>Overexpression of IKK complex-associated protein <clueType>inhibited</clueType> stimulus-mediated transcription, whereas NF-kappaB essential modulator enhanced it.</clue>
</event>
<event KT="Other" id="E68">
<type class="Positive_regulation"/>
<theme idref="A15"/>
<cause idref="A14"/>
<clue>Overexpression of IKK complex-associated protein inhibited stimulus-<clueType>mediated</clueType> transcription, whereas NF-kappaB essential modulator enhanced it.</clue>
</event>
<event id="E69">
<type class="Positive_regulation"/>
<theme idref="E68"/>
<cause idref="A12"/>
<clue>Overexpression of IKK complex-associated protein inhibited stimulus-mediated transcription, whereas NF-kappaB essential modulator <clueType>enhanced</clueType> it.</clue>
</event>
<sentence id="S12">The understanding of <cons id="T70" lex="(AND LPS-induced_signaling TNF-induced_signaling)" sem="(AND Other Other)"><frag id="F5"><term id="A16" sem="Protein_molecule">LPS</term>-</frag> and <frag id="F6"><term id="A17" sem="Protein_molecule">TNF</term>-</frag><frag id="F7">induced <term id="A18" sem="Other">signaling</term></frag></cons> may allow the development of specific strategies to treat <term id="T71" lex="sepsis-associated_disease" sem="Other">sepsis-associated disease</term>.</sentence>
<event KT="Other" id="E71">
<type class="Positive_regulation"/>
<theme idref="A18"/>
<cause idref="A16"/>
<clue>The understanding of LPS- and TNF-<clueType>induced</clueType> signaling may allow the development of specific strategies to treat sepsis-associated disease.</clue>
</event>
<event KT="Other" id="E72">
<type class="Positive_regulation"/>
<theme idref="A18"/>
<cause idref="A17"/>
<clue>The understanding of LPS- and TNF-<clueType>induced</clueType> signaling may allow the development of specific strategies to treat sepsis-associated disease.</clue>
</event>
</AbstractText>
</Abstract></Article></MedlineCitation></PubmedArticle></PubmedArticleSet></Annotation>
