<?xml version='1.0'?><!DOCTYPE Annotation PUBLIC "//GENIA//DTD GENIA ANNOTATION EVENT 2.0//EN_Modified" "../ModifiedGENIAtypes/Modified_GENIA_event_20.dtd"><Annotation annotates="http://www.ncbi.nlm.nih.gov/entrez/eutils/efetch.fcgi?db=pubmed&amp;retmode=xml&amp;rettype=medline&amp;id=10452760" created="07/07/2006" creator="Noriko Katsu"><PubmedArticleSet><PubmedArticle><MedlineCitation>
<PMID>10452760</PMID>
<Article>
<ArticleTitle>
<sentence id="S1"><term id="T1" lex="signal_transduction_pathway" sem="Other">Signal transduction pathways</term> triggered by the <term id="T2" lex="FcepsilonRIIb_receptor" sem="Protein_molecule">FcepsilonRIIb receptor</term> (<term id="T3" lex="CD23" sem="Protein_molecule">CD23</term>) in <term id="T4" lex="human_monocyte" sem="Cell_natural">human monocytes</term> lead to <term id="T5" lex="nuclear_factor-kappaB_activation" sem="Other"><term id="T6" lex="nuclear_factor-kappaB" sem="Protein_complex">nuclear factor-kappaB</term> activation</term>.</sentence>
<event id="E1">
<type class="Positive_regulation"/>
<theme idref="T1"/>
<cause idref="T3"/>
<clue>Signal transduction pathways <clueType>triggered</clueType> <linkCause>by</linkCause> the FcepsilonRIIb receptor (CD23) <clueLoc>in human monocytes</clueLoc> lead to nuclear factor-kappaB activation.</clue>
</event>
<event id="E2">
<type class="Positive_regulation"/>
<theme idref="E3"/>
<cause idref="E1"/>
<clue>Signal transduction pathways triggered by the FcepsilonRIIb receptor (CD23) in human monocytes <clueType>lead</clueType> <linkTheme>to</linkTheme> nuclear factor-kappaB activation.</clue>
</event>
<event id="E3">
<type class="Positive_regulation"/>
<theme idref="T6"/>
<clue>Signal transduction pathways triggered by the FcepsilonRIIb receptor (CD23) in human monocytes lead to nuclear factor-kappaB <clueType>activation</clueType>.</clue>
</event>
</ArticleTitle>
<Abstract>
<AbstractText>
<sentence id="S2">BACKGROUND: <term id="T7" lex="alveolar_macrophage" sem="Cell_natural">Alveolar macrophages</term> play a key role in the initiation of the <term id="T8" lex="inflammatory_reaction" sem="Other">inflammatory reaction</term> of <term id="T9" lex="allergic_asthma" sem="Other">allergic asthma</term>.</sentence>
<event KT="Fact" id="E4">
<type class="Regulation"/>
<theme idref="E5"/>
<cause idref="T7"/>
<clue>BACKGROUND: Alveolar macrophages <clueType>play</clueType> a key <clueType>role</clueType> <linkTheme>in</linkTheme> the initiation of the inflammatory reaction of allergic asthma.</clue>
</event>
<event KT="Other" id="E5">
<type class="Positive_regulation"/>
<theme idref="T8"/>
<clue>BACKGROUND: Alveolar macrophages play a key role in the <clueType>initiation</clueType> <linkTheme>of</linkTheme> the inflammatory reaction <clueLoc>of allergic asthma</clueLoc>.</clue>
</event>
<sentence id="S3"><term id="T10" lex="alveolar_macrophage" sem="Cell_natural">Alveolar macrophages</term> and <term id="T11" lex="peripheral_blood_monocyte" sem="Cell_natural">peripheral blood monocytes</term> are activated when <term id="T12" lex="IgE/allergen_immune_complex" sem="Protein_complex">IgE/allergen immune complexes</term> bind to the <term id="T13" lex="CD23_receptor" sem="Protein_molecule"><term id="T14" lex="CD23" sem="Protein_molecule">CD23</term> receptor</term>, which leads to the production of <term id="T15" lex="inflammatory_cytokine" sem="Protein_family_or_group">inflammatory <term id="T16" lex="cytokine" sem="Protein_family_or_group">cytokines</term></term>.</sentence>
<event KT="Fact" id="E6">
<type class="Physiological_process"/>
<theme idref="T10"/>
<cause idref="E8"/>
<clue>Alveolar macrophages and peripheral blood monocytes are <clueType>activated</clueType> <linkCause>when</linkCause> IgE/allergen immune complexes bind to the CD23 receptor, which leads to the production of inflammatory cytokines.</clue>
</event>
<event KT="Fact" id="E7">
<type class="Physiological_process"/>
<theme idref="T11"/>
<cause idref="E8"/>
<clue>Alveolar macrophages and peripheral blood monocytes are <clueType>activated</clueType> <linkCause>when</linkCause> IgE/allergen immune complexes bind to the CD23 receptor, which leads to the production of inflammatory cytokines.</clue>
</event>
<event KT="Other" id="E8">
<type class="Binding"/>
<theme idref="T12"/>
<theme idref="T14"/>
<clue>Alveolar macrophages and peripheral blood monocytes are activated when IgE/allergen immune complexes <clueType>bind</clueType> <linkTheme>to</linkTheme> the CD23 receptor, which leads to the production of inflammatory cytokines.</clue>
</event>
<event KT="Fact" id="E9">
<type class="Positive_regulation"/>
<theme idref="E11"/>
<cause idref="E6"/>
<clue>Alveolar macrophages and peripheral blood monocytes are activated when IgE/allergen immune complexes bind to the CD23 receptor, which <clueType>leads</clueType> <linkTheme>to</linkTheme> the production of inflammatory cytokines.</clue>
</event>
<event KT="Fact" id="E10">
<type class="Positive_regulation"/>
<theme idref="E11"/>
<cause idref="E7"/>
<clue>Alveolar macrophages and peripheral blood monocytes are activated when IgE/allergen immune complexes bind to the CD23 receptor, which <clueType>leads</clueType> <linkTheme>to</linkTheme> the production of inflammatory cytokines.</clue>
</event>
<event KT="Other" id="E11">
<type class="Gene_expression"/>
<theme idref="T16"/>
<clue>Alveolar macrophages and peripheral blood monocytes are activated when IgE/allergen immune complexes bind to the CD23 receptor, which leads to the <clueType>production</clueType> <linkTheme>of</linkTheme> inflammatory cytokines.</clue>
</event>
<sentence id="S4">OBJECTIVE: We sought to investigate the molecular mechanisms regulating this early <term id="T17" lex="inflammatory_response" sem="Other">inflammatory response</term>.</sentence>
<event KT="Investigation" id="E12" uncertainty="doubtful">
<type class="Regulation"/>
<theme idref="E9"/>
<clue>OBJECTIVE: We sought <clueKT>to investigate</clueKT> the molecular mechanisms <clueType>regulating</clueType> <corefTheme>this early inflammatory response</corefTheme>.</clue>
</event>
<event KT="Investigation" id="E46" uncertainty="doubtful">
<type class="Regulation"/>
<theme idref="E10"/>
<clue>OBJECTIVE: We sought <clueKT>to investigate</clueKT> the molecular mechanisms <clueType>regulating</clueType> <corefTheme>this early inflammatory response</corefTheme>.</clue>
</event>
<sentence id="S5">We have focused on the study of the <term id="T18" lex="signal_transduction_pathway" sem="Other">signal transduction pathways</term> triggered by <term id="T19" lex="CD23" sem="Protein_molecule">CD23</term> in <term id="T20" lex="human_monocyte" sem="Cell_natural">human monocytes</term> and the <term id="T21" lex="promonocytic_cell_line_U937" sem="Cell_cultured">promonocytic cell line U937</term>.</sentence>
<event KT="Investigation" id="E13" uncertainty="doubtful">
<type class="Positive_regulation"/>
<theme idref="T18"/>
<cause idref="T19"/>
<clue>We have focused on the <clueKT>study</clueKT> of the signal transduction pathways <clueType>triggered</clueType> <linkCause>by</linkCause> CD23 <clueLoc>in human monocytes</clueLoc> and the promonocytic cell line U937.</clue>
</event>
<event KT="Investigation" id="E15" uncertainty="doubtful">
<type class="Positive_regulation"/>
<theme idref="T18"/>
<cause idref="T19"/>
<clue>We have focused on the <clueKT>study</clueKT> of the signal transduction pathways <clueType>triggered</clueType> <linkCause>by</linkCause> CD23 <clueLoc>in</clueLoc> human monocytes and the <clueLoc>promonocytic cell line U937</clueLoc>.</clue>
</event>
<sentence id="S6">METHODS: <term id="T22" lex="CD23" sem="Protein_molecule">CD23</term> was cross-linked in <term id="T23" lex="human_monocyte" sem="Cell_natural">human monocytes</term> and <term id="T24" lex="U937_cell" sem="Cell_cultured">U937 cells</term> with <term id="T25" lex="IgE_immune_complex" sem="Protein_complex">IgE immune complexes</term>.</sentence>
<event id="E14">
<type class="Binding"/>
<theme idref="T22"/>
<theme idref="T25"/>
<clue>METHODS: CD23 was <clueType>cross-linked</clueType> <clueLoc>in human monocytes</clueLoc> and U937 cells <linkTheme>with</linkTheme> IgE immune complexes.</clue>
</event>
<event id="E25">
<type class="Binding"/>
<theme idref="T22"/>
<theme idref="T25"/>
<clue>METHODS: CD23 was <clueType>cross-linked</clueType> <clueLoc>in</clueLoc> human monocytes and <clueLoc>U937 cells</clueLoc> <linkTheme>with</linkTheme> IgE immune complexes.</clue>
</event>
<sentence id="S7">Surface expression of <term id="T26" lex="CD23" sem="Protein_molecule">CD23</term> was determined by <term id="T27" lex="FACS_analysis" sem="Other">FACS analysis</term>.</sentence>
<event KT="Investigation" id="E16" uncertainty="doubtful">
<type class="Gene_expression"/>
<theme idref="T26"/>
<clue><clueLoc>Surface</clueLoc> <clueType>expression</clueType> <linkTheme>of</linkTheme> CD23 was <clueKT>determined</clueKT> <clueExperiment>by FACS analysis</clueExperiment>.</clue>
</event>
<sentence id="S8"><term id="T28" lex="transcription_factor_activation" sem="Other"><term id="T29" lex="transcription_factor" sem="Protein_family_or_group">Transcription factor</term> activation</term> and <term id="A2" sem="Other"><term id="A7" sem="DNA_domain_or_region">gene</term> transcription</term> were studied by <term id="T30" lex="gel-shift_assay" sem="Other">gel-shift assays</term> and <term id="T31" lex="Northern_blot_analysis" sem="Other">Northern blot analysis</term>, respectively.</sentence>
<event KT="Investigation" id="E17" uncertainty="doubtful">
<type class="Positive_regulation"/>
<theme idref="T29"/>
<clue>Transcription factor <clueType>activation</clueType> and gene transcription were <clueKT>studied</clueKT> <clueExperiment>by gel-shift assays</clueExperiment> and Northern blot analysis, respectively.</clue>
</event>
<event KT="Investigation" id="E18" uncertainty="doubtful">
<type class="Transcription"/>
<theme idref="A7"/>
<clue>Transcription factor activation and gene <clueType>transcription</clueType> were <clueKT>studied</clueKT> <clueExperiment>by</clueExperiment> gel-shift assays and <clueExperiment>Northern blot analysis</clueExperiment>, respectively.</clue>
<comment>NO CLUETYPE</comment></event>
<sentence id="S9"><term id="T32" lex="IkappaBalpha_phosphorylation" sem="Other"><term id="T33" lex="IkappaBalpha" sem="Protein_molecule">IkappaBalpha</term> phosphorylation</term> and degradation was analyzed by <term id="T34" lex="Western_blot" sem="Other">Western blot</term>.</sentence>
<event KT="Investigation" id="E19" uncertainty="doubtful">
<type class="Protein_amino_acid_phosphorylation"/>
<theme idref="T33"/>
<clue>IkappaBalpha <clueType>phosphorylation</clueType> and degradation was <clueKT>analyzed</clueKT> <clueExperiment>by Western blot</clueExperiment>.</clue>
</event>
<event KT="Investigation" id="E20" uncertainty="doubtful">
<type class="Protein_catabolism"/>
<theme idref="T33"/>
<clue>IkappaBalpha phosphorylation and <clueType>degradation</clueType> was <clueKT>analyzed</clueKT> <clueExperiment>by Western blot</clueExperiment>.</clue>
</event>
<sentence id="S10">RESULTS: <term id="T35" lex="Nuclear_factor_(NF)-kappaB" sem="Protein_complex">Nuclear factor (NF)-kappaB</term> is the main transcription factor involved in the <term id="A1" sem="Other">gene activation</term> that follows <term id="T36" lex="CD23_cross-linking" sem="Other"><term id="T37" lex="CD23" sem="Protein_molecule">CD23</term> cross-linking</term> in <term id="T38" lex="monocyte" sem="Cell_natural">monocytes</term>.</sentence>
<event id="E21">
<type class="Regulation"/>
<theme idref="E22"/>
<cause idref="T35"/>
<clue>RESULTS: Nuclear factor (NF)-kappaB is the main transcription factor <clueType>involved</clueType> <linkTheme>in</linkTheme> the gene activation that follows CD23 cross-linking in monocytes.</clue>
</event>
<event id="E22">
<type class="Positive_regulation"/>
<theme idref="A1"/>
<cause idref="E23"/>
<clue>RESULTS: Nuclear factor (NF)-kappaB is the main transcription factor involved in the gene activation that <clueType>follows</clueType> CD23 cross-linking <clueLoc>in monocytes</clueLoc>.</clue>
</event>
<event id="E23">
<type class="Binding"/>
<theme idref="T37"/>
<clue>RESULTS: Nuclear factor (NF)-kappaB is the main transcription factor involved in the gene activation that follows CD23 <clueType>cross-linking</clueType> in monocytes.</clue>
</event>
<sentence id="S11"><term id="T39" lex="CD23-induced_NF-kappaB" sem="Protein_complex"><term id="T40" lex="CD23" sem="Protein_molecule">CD23</term>-induced <term id="A4" sem="Protein_complex">NF-kappaB</term></term> is a <term id="A3" sem="Protein_complex">heterodimer</term> composed of <term id="T41" lex="p65/p50_subunit" sem="Protein_molecule">p65/p50 subunits</term>.</sentence>
<event KT="Other" id="E24">
<type class="Positive_regulation"/>
<theme idref="A4"/>
<cause idref="T40"/>
<clue>CD23-<clueType>induced</clueType> NF-kappaB is a heterodimer composed of p65/p50 subunits.</clue>
</event>
<event KT="Other" id="E26">
<type class="Positive_regulation"/>
<theme idref="A3" idref1="T41"/>
<cause idref="T40"/>
<clue>CD23-<clueType>induced</clueType> NF-kappaB is a heterodimer composed of p65/p50 subunits.</clue>
</event>
<sentence id="S12"><term id="A5" sem="Protein_molecule">NF-kappaB</term> nuclear translocation is secondary to the phosphorylation and subsequent degradation of the <term id="T42" lex="NF-kappaB_inhibitory_molecule" sem="Protein_molecule">NF-kappaB inhibitory molecule</term> <term id="T43" lex="IkappaBalpha" sem="Protein_molecule">IkappaBalpha</term>.</sentence>
<event id="E27">
<type class="Localization"/>
<theme idref="A5"/>
<clue>NF-kappaB <clueLoc>nuclear</clueLoc> <clueType>translocation</clueType> is <linkCause>secondary to</linkCause> the phosphorylation and subsequent degradation of the NF-kappaB inhibitory molecule IkappaBalpha.</clue>
</event>
<event id="E28">
<type class="Positive_regulation"/>
<theme idref="E27"/>
<cause idref="E29"/>
<clue>NF-kappaB nuclear translocation is <linkCause>secondary to</linkCause> the phosphorylation and subsequent degradation of the NF-kappaB inhibitory molecule IkappaBalpha.</clue>
<comment>NO CLUETYPE</comment></event>
<event id="E128">
<type class="Positive_regulation"/>
<theme idref="E27"/>
<cause idref="E30"/>
<clue>NF-kappaB nuclear translocation is <linkCause>secondary to</linkCause> the phosphorylation and subsequent degradation of the NF-kappaB inhibitory molecule IkappaBalpha.</clue>
<comment>NO CLUETYPE</comment></event>
<event id="E29">
<type class="Protein_amino_acid_phosphorylation"/>
<theme idref="T43"/>
<clue>NF-kappaB nuclear translocation is secondary to the <clueType>phosphorylation</clueType> and subsequent degradation <linkTheme>of</linkTheme> the NF-kappaB inhibitory molecule IkappaBalpha.</clue>
</event>
<event id="E30">
<type class="Protein_catabolism"/>
<theme idref="T43"/>
<clue>NF-kappaB nuclear translocation is secondary to the phosphorylation and <clueTime>subsequent</clueTime> <clueType>degradation</clueType> <linkTheme>of</linkTheme> the NF-kappaB inhibitory molecule IkappaBalpha.</clue>
</event>
<sentence id="S13"><cons id="C1" lex="(AND_NOT tyrosine_kinase-dependent_pathway protein_kinase_C-dependent_pathway)" sem="(AND_NOT Other Other)"><frag id="F1"><term id="T45" lex="tyrosine_kinase" sem="Protein_family_or_group">Tyrosine kinase</term>-dependent</frag>, and not <frag id="F2"><term id="T47" lex="protein_kinase_C" sem="Protein_molecule">protein kinase C</term>-dependent</frag>, <frag id="F3">pathways</frag></cons> mediate <term id="T48" lex="CD23-triggered_NF-kappaB_activation" sem="Other"><term id="T49" lex="CD23" sem="Protein_molecule">CD23</term>-triggered <term id="T50" lex="NF-kappaB" sem="Protein_complex">NF-kappaB</term> activation</term> but do not participate in the direct phosphorylation of <term id="T51" lex="IkappaBalpha" sem="Protein_molecule">IkappaBalpha</term>.</sentence>
<event id="E31">
<type class="Positive_regulation"/>
<theme idref="T50"/>
<cause idref="T49"/>
<clue>Tyrosine kinase-dependent, and not protein kinase C-dependent, pathways mediate CD23<linkCause>-triggered</linkCause> NF-kappaB <clueType>activation</clueType> but do not participate in the direct phosphorylation of IkappaBalpha.</clue>
</event>
<event id="E32">
<type class="Positive_regulation"/>
<theme idref="E31"/>
<cause idref="T45"/>
<clue>Tyrosine kinase<linkCause>-dependent</linkCause>, and not protein kinase C-dependent, pathways <clueType>mediate</clueType> CD23-triggered NF-kappaB activation but do not participate in the direct phosphorylation of IkappaBalpha.</clue>
</event>
<event Polarity="Negative" assertion="non-exist" id="E33">
<type class="Positive_regulation"/>
<theme idref="E31"/>
<cause idref="T47"/>
<clue>Tyrosine kinase-dependent, and <cluePolarity>not</cluePolarity> protein kinase C<linkCause>-dependent</linkCause>, pathways <clueType>mediate</clueType> CD23-triggered NF-kappaB activation but do not participate in the direct phosphorylation of IkappaBalpha.</clue>
</event>
<event Polarity="Negative" assertion="non-exist" id="E34">
<type class="Regulation"/>
<theme idref="E35"/>
<cause idref="T45"/>
<clue>Tyrosine kinase-dependent, and not protein kinase C-dependent, pathways mediate CD23-triggered NF-kappaB activation but do <cluePolarity>not</cluePolarity> <clueType>participate</clueType> <linkTheme>in</linkTheme> the direct phosphorylation of IkappaBalpha.</clue>
</event>
<event KT="Other" id="E35">
<type class="Protein_amino_acid_phosphorylation"/>
<theme idref="T51"/>
<clue>Tyrosine kinase-dependent, and not protein kinase C-dependent, pathways mediate CD23-triggered NF-kappaB activation but do not participate in the direct <clueType>phosphorylation</clueType> <linkTheme>of</linkTheme> IkappaBalpha.</clue>
</event>
<sentence id="S14"><term id="T52" lex="IkappaBalpha" sem="Protein_molecule">IkappaBalpha</term> degradation and <term id="T53" lex="NF-kappaB_nuclear_translocation" sem="Other"><term id="T54" lex="NF-kappaB" sem="Protein_complex">NF-kappaB</term> nuclear translocation</term> correlate with transcriptional activation of the <term id="T55" lex="inflammatory_cytokine" sem="Protein_family_or_group">inflammatory cytokines</term> <term id="T57" lex="TNF-alpha" sem="Protein_molecule">TNF-alpha</term> and <term id="A6" sem="Protein_molecule">IL-1beta</term>.</sentence>
<event KT="Other" id="E36">
<type class="Protein_catabolism"/>
<theme idref="T52"/>
<clue>IkappaBalpha <clueType>degradation</clueType> and NF-kappaB nuclear translocation correlate with transcriptional activation of the inflammatory cytokines TNF-alpha and IL-1beta.</clue>
<comment>NER: T56 del &quot;cytokines&quot;</comment></event>
<event KT="Other" id="E37">
<type class="Localization"/>
<theme idref="T54"/>
<clue>IkappaBalpha degradation and NF-kappaB <clueLoc>nuclear</clueLoc> <clueType>translocation</clueType> correlate with transcriptional activation of the inflammatory cytokines TNF-alpha and IL-1beta.</clue>
</event>
<event KT="Analysis" id="E38">
<type class="Correlation"/>
<theme idref="E36"/>
<theme idref="E42"/>
<clue>IkappaBalpha degradation and NF-kappaB nuclear translocation <clueType><clueKT>correlate</clueKT></clueType> <linkTheme>with</linkTheme> transcriptional activation of the inflammatory cytokines TNF-alpha and IL-1beta.</clue>
</event>
<event KT="Analysis" id="E39">
<type class="Correlation"/>
<theme idref="E36"/>
<theme idref="E43"/>
<clue>IkappaBalpha degradation and NF-kappaB nuclear translocation <clueType><clueKT>correlate</clueKT></clueType> <linkTheme>with</linkTheme> transcriptional activation of the inflammatory cytokines TNF-alpha and IL-1beta.</clue>
</event>
<event KT="Analysis" id="E40">
<type class="Correlation"/>
<theme idref="E37"/>
<theme idref="E42"/>
<clue>IkappaBalpha degradation and NF-kappaB nuclear translocation <clueType><clueKT>correlate</clueKT></clueType> <linkTheme>with</linkTheme> transcriptional activation of the inflammatory cytokines TNF-alpha and IL-1beta.</clue>
</event>
<event KT="Analysis" id="E41">
<type class="Correlation"/>
<theme idref="E37"/>
<theme idref="E43"/>
<clue>IkappaBalpha degradation and NF-kappaB nuclear translocation <clueType><clueKT>correlate</clueKT></clueType> <linkTheme>with</linkTheme> transcriptional activation of the inflammatory cytokines TNF-alpha and IL-1beta.</clue>
</event>
<event KT="Other" id="E42">
<type class="Positive_regulation"/>
<theme idref="T57"/>
<clue>IkappaBalpha degradation and NF-kappaB nuclear translocation correlate with <clueType>transcriptional activation</clueType> <linkTheme>of</linkTheme> the <corefTheme>inflammatory cytokines</corefTheme> TNF-alpha and IL-1beta.</clue>
</event>
<event KT="Other" id="E43">
<type class="Positive_regulation"/>
<theme idref="A6"/>
<clue>IkappaBalpha degradation and NF-kappaB nuclear translocation correlate with <clueType>transcriptional activation</clueType> <linkTheme>of</linkTheme> the <corefTheme>inflammatory cytokines</corefTheme> TNF-alpha and IL-1beta.</clue>
</event>
<sentence id="S15">CONCLUSIONS: <term id="T58" lex="NF-kappaB" sem="Protein_complex">NF-kappaB</term> is the main transcription factor involved in the <term id="T59" lex="signal_transduction_pathway" sem="Other">signal transduction pathway</term> of <term id="T60" lex="CD23" sem="Protein_molecule">CD23</term> in <term id="T61" lex="monocyte" sem="Cell_natural">monocytes</term>.</sentence>
<event id="E44">
<type class="Regulation"/>
<theme idref="E45"/>
<cause idref="T58"/>
<clue>CONCLUSIONS: NF-kappaB is the main transcription factor <clueType>involved</clueType> <linkTheme>in</linkTheme> the signal transduction pathway of CD23 in monocytes.</clue>
</event>
<event id="E45">
<type class="Cell_communication"/>
<theme idref="T60"/>
<clue>CONCLUSIONS: NF-kappaB is the main transcription factor involved in the <clueType>signal transduction</clueType> pathway <linkTheme>of</linkTheme> CD23 <clueLoc>in monocytes</clueLoc>.</clue>
<comment>NO THEME</comment></event>
</AbstractText>
</Abstract></Article></MedlineCitation></PubmedArticle></PubmedArticleSet></Annotation>
