<?xml version='1.0'?><!DOCTYPE Annotation PUBLIC "//GENIA//DTD GENIA ANNOTATION EVENT 2.0//EN_Modified" "../ModifiedGENIAtypes/Modified_GENIA_event_20.dtd"><Annotation annotates="http://www.ncbi.nlm.nih.gov/entrez/eutils/efetch.fcgi?db=pubmed&amp;retmode=xml&amp;rettype=medline&amp;id=10487715" created="10/07/2006" creator="Noriko Katsu"><PubmedArticleSet><PubmedArticle><MedlineCitation>
<PMID>10487715</PMID>
<Article>
<ArticleTitle>
<sentence id="S1">Increased <term id="T1" lex="IkappaB_expression" sem="Other"><term id="T2" lex="IkappaB" sem="Protein_molecule">IkappaB</term> expression</term> and diminished <term id="T3" lex="nuclear_NF-kappaB" sem="Protein_complex">nuclear <term id="A1" sem="Protein_complex">NF-kappaB</term></term> in <term id="T4" lex="human_mononuclear_cell" sem="Cell_natural">human mononuclear cells</term> following <term id="T5" lex="hydrocortisone_injection" sem="Other"><term id="T6" lex="hydrocortisone" sem="Lipid">hydrocortisone</term> injection</term>.</sentence>
<event KT="Other" id="E1">
<type class="Gene_expression"/>
<theme idref="T2"/>
<clue>Increased IkappaB <clueType>expression</clueType> and diminished nuclear NF-kappaB in human mononuclear cells following hydrocortisone injection.</clue>
</event>
<event KT="Investigation" id="E2">
<type class="Positive_regulation"/>
<theme idref="E1"/>
<cause idref="T6"/>
<clue><clueType>Increased</clueType> IkappaB expression and diminished nuclear NF-kappaB <clueLoc>in human mononuclear cells</clueLoc> <linkCause>following</linkCause> hydrocortisone injection.</clue>
</event>
<event KT="Investigation" id="E3">
<type class="Negative_regulation"/>
<theme idref="A1"/>
<cause idref="T6"/>
<clue>Increased IkappaB expression and <clueType>diminished</clueType> <clueLoc>nuclear</clueLoc> NF-kappaB <clueLoc>in human mononuclear cells</clueLoc> <linkCause>following</linkCause> hydrocortisone injection.</clue>
</event>
</ArticleTitle>
<Abstract>
<AbstractText>
<sentence id="S2">We have recently demonstrated that <term id="T7" lex="hydrocortisone" sem="Lipid">hydrocortisone</term> and other <term id="T8" lex="glucocorticoid" sem="Lipid">glucocorticoids</term> inhibit <term id="T9" lex="reactive_oxygen_specie" sem="Inorganic_compound">reactive oxygen species</term> (<term id="T10" lex="ROS" sem="Inorganic_compound">ROS</term>) generation by <cons id="T11" lex="(AND mononuclear_(MNC)_leucocyte polymorphonuclear_leucocyte)" sem="(AND Cell_natural Cell_natural)"><frag id="F1">mononuclear (<term id="T54" lex="MNC" sem="Cell_natural">MNC</term>)</frag> and <frag id="F2">polymorphonuclear</frag> <frag id="F3">leucocytes</frag></cons> (<term id="T12" lex="PMNL" sem="Cell_natural">PMNL</term>).</sentence>
<event KT="Analysis" Source="Other" id="E4">
<type class="Negative_regulation"/>
<theme idref="E6"/>
<cause idref="T7"/>
<clue>We have <clueSource>recently</clueSource> <clueKT>demonstrated</clueKT> that hydrocortisone and other glucocorticoids <clueType>inhibit</clueType> reactive oxygen species (ROS) generation by mononuclear (MNC) and polymorphonuclear leucocytes (PMNL).</clue>
</event>
<event KT="Analysis" Source="Other" id="E39">
<type class="Negative_regulation"/>
<theme idref="E38"/>
<cause idref="T7"/>
<clue>We have <clueSource>recently</clueSource> <clueKT>demonstrated</clueKT> that hydrocortisone and other glucocorticoids <clueType>inhibit</clueType> reactive oxygen species (ROS) generation by mononuclear (MNC) and polymorphonuclear leucocytes (PMNL).</clue>
</event>
<event KT="Analysis" Source="Other" id="E5">
<type class="Negative_regulation"/>
<theme idref="E6"/>
<cause idref="T8"/>
<clue>We have <clueSource>recently</clueSource> <clueKT>demonstrated</clueKT> that hydrocortisone and other glucocorticoids <clueType>inhibit</clueType> reactive oxygen species (ROS) generation by mononuclear (MNC) and polymorphonuclear leucocytes (PMNL).</clue>
</event>
<event KT="Analysis" Source="Other" id="E40">
<type class="Negative_regulation"/>
<theme idref="E38"/>
<cause idref="T8"/>
<clue>We have <clueSource>recently</clueSource> <clueKT>demonstrated</clueKT> that hydrocortisone and other glucocorticoids <clueType>inhibit</clueType> reactive oxygen species (ROS) generation by mononuclear (MNC) and polymorphonuclear leucocytes (PMNL).</clue>
</event>
<event KT="Other" id="E6">
<type class="Metabolism"/>
<theme idref="T10"/>
<clue>We have recently demonstrated that hydrocortisone and other glucocorticoids inhibit reactive oxygen species (ROS) <clueType>generation</clueType> <clueLoc>by mononuclear (MNC)</clueLoc> and polymorphonuclear leucocytes (PMNL).</clue>
</event>
<event KT="Other" id="E38">
<type class="Metabolism"/>
<theme idref="T10"/>
<clue>We have recently demonstrated that hydrocortisone and other glucocorticoids inhibit reactive oxygen species (ROS) <clueType>generation</clueType> <clueLoc>by</clueLoc> mononuclear (MNC) and <clueLoc>polymorphonuclear leucocytes (PMNL)</clueLoc>.</clue>
</event>
<sentence id="S3">Since <term id="A2" sem="Other">NF-kappaB/<term id="T13" lex="IkappaB" sem="Protein_molecule">IkappaB</term> system</term> regulates the transcription of <term id="T14" lex="proinflammatory_gene" sem="DNA_domain_or_region">proinflammatory genes</term>, including those responsible for <term id="T15" lex="ROS_generation" sem="Other"><term id="T16" lex="ROS" sem="Inorganic_compound">ROS</term> generation</term>, we tested the hypothesis that <term id="T17" lex="hydrocortisone" sem="Lipid">hydrocortisone</term> may stimulate <term id="T18" lex="IkappaB" sem="Protein_molecule">IkappaB</term> production thus inhibiting <term id="T19" lex="NF-kappaB_translocation" sem="Other"><term id="T20" lex="NF-kappaB" sem="Protein_complex">NF-kappaB</term> translocation</term> from the <term id="T21" lex="cytosol" sem="Cell_component">cytosol</term> into the <term id="T22" lex="nucleus" sem="Cell_component">nucleus</term> in <term id="T23" lex="MNC" sem="Cell_natural">MNC</term>, in vivo.</sentence>
<event KT="Fact" id="E7">
<type class="Regulation"/>
<theme idref="E8"/>
<cause idref="A2"/>
<clue>Since NF-kappaB/IkappaB system <clueType>regulates</clueType> the transcription of proinflammatory genes, including those responsible for ROS generation, we tested the hypothesis that hydrocortisone may stimulate IkappaB production thus inhibiting NF-kappaB translocation from the cytosol into the nucleus in MNC, in vivo.</clue>
</event>
<event KT="Other" id="E8">
<type class="Transcription"/>
<theme idref="T14"/>
<clue>Since NF-kappaB/IkappaB system regulates the <clueType>transcription</clueType> <linkTheme>of</linkTheme> proinflammatory genes, including those responsible for ROS generation, we tested the hypothesis that hydrocortisone may stimulate IkappaB production thus inhibiting NF-kappaB translocation from the cytosol into the nucleus in MNC, in vivo.</clue>
<comment>NER: T14 sem mod, Protein_family_or_group -&gt; DNA_domain_or_region</comment></event>
<event KT="Other" id="E9">
<type class="Regulation"/>
<theme idref="E10"/>
<cause idref="T14"/>
<clue>Since NF-kappaB/IkappaB system regulates the transcription of proinflammatory genes, including those <clueType>responsible</clueType> <linkTheme>for</linkTheme> ROS generation, we tested the hypothesis that hydrocortisone may stimulate IkappaB production thus inhibiting NF-kappaB translocation from the cytosol into the nucleus in MNC, in vivo.</clue>
</event>
<event KT="Other" id="E10">
<type class="Metabolism"/>
<theme idref="T16"/>
<clue>Since NF-kappaB/IkappaB system regulates the transcription of proinflammatory genes, including those responsible for ROS <clueType>generation</clueType>, we tested the hypothesis that hydrocortisone may stimulate IkappaB production thus inhibiting NF-kappaB translocation from the cytosol into the nucleus in MNC, in vivo.</clue>
</event>
<event KT="Investigation" id="E11" uncertainty="doubtful">
<type class="Positive_regulation"/>
<theme idref="E12"/>
<cause idref="T17"/>
<clue>Since NF-kappaB/IkappaB system regulates the transcription of proinflammatory genes, including those responsible for ROS generation, we <clueKT>tested</clueKT> the hypothesis that hydrocortisone may <clueType>stimulate</clueType> IkappaB production thus inhibiting NF-kappaB translocation from the cytosol into the nucleus in MNC, in vivo.</clue>
</event>
<event KT="Other" id="E12" uncertainty="doubtful">
<type class="Gene_expression"/>
<theme idref="T18"/>
<clue>Since NF-kappaB/IkappaB system regulates the transcription of proinflammatory genes, including those responsible for ROS generation, we tested the hypothesis that hydrocortisone may stimulate IkappaB <clueType>production</clueType> thus inhibiting NF-kappaB translocation from the cytosol into the nucleus in MNC, in vivo.</clue>
</event>
<event KT="Other" id="E13" uncertainty="doubtful">
<type class="Negative_regulation"/>
<theme idref="E14"/>
<cause idref="E11"/>
<clue>Since NF-kappaB/IkappaB system regulates the transcription of proinflammatory genes, including those responsible for ROS generation, we tested the hypothesis that hydrocortisone may stimulate IkappaB production thus <clueType>inhibiting</clueType> NF-kappaB translocation from the cytosol into the nucleus in MNC, in vivo.</clue>
</event>
<event KT="Other" id="E14" uncertainty="doubtful">
<type class="Localization"/>
<theme idref="T20"/>
<clue>Since NF-kappaB/IkappaB system regulates the transcription of proinflammatory genes, including those responsible for ROS generation, we tested the hypothesis that hydrocortisone may stimulate IkappaB production thus inhibiting NF-kappaB <clueType>translocation</clueType> <clueLoc>from the cytosol into the nucleus in MNC</clueLoc>, in vivo.</clue>
</event>
<sentence id="S4">One hundred milligram of <term id="T24" lex="hydrocortisone" sem="Lipid">hydrocortisone</term> was injected intravenously into 4 <term id="T25" lex="normal_subject" sem="Multicellular_organism_natural">normal subjects</term>.</sentence>
<sentence id="S5">Blood samples were obtained prior to the injection and at 1, 2, 4, 8 and 24 hr after the injection.</sentence>
<sentence id="S6"><term id="T26" lex="nuclear_extract" sem="Cell_component">Nuclear extracts</term> and <term id="T27" lex="total_cell_lysate" sem="Organic_compound_other">total cell lysates</term> were prepared from <term id="T28" lex="MNC" sem="Cell_natural">MNC</term> by standard techniques.</sentence>
<sentence id="S7"><term id="T29" lex="IkappaB" sem="Protein_molecule">IkappaB</term> levels in <term id="T30" lex="MNC" sem="Cell_natural">MNC</term> homogenates increased at 1 hr, peaked at 2-4 hr, started to decrease at 8 hr, and returned to baseline levels at 24 hr.</sentence>
<event id="E15">
<type class="Positive_regulation"/>
<theme idref="T29"/>
<clue>IkappaB levels <clueLoc>in MNC homogenates</clueLoc> <clueType>increased</clueType> <clueTime>at 1 hr, peaked at 2-4 hr</clueTime>, started to decrease at 8 hr, and returned to baseline levels at 24 hr.</clue>
</event>
<event id="E16">
<type class="Negative_regulation"/>
<theme idref="E15"/>
<clue>IkappaB levels <clueLoc>in MNC homogenates</clueLoc> increased at 1 hr, peaked at 2-4 hr, <clueType>started to decrease</clueType> <clueTime>at 8 hr</clueTime>, and returned to baseline levels at 24 hr.</clue>
</event>
<event Polarity="Negative" assertion="non-exist" id="E17">
<type class="Positive_regulation"/>
<theme idref="T29"/>
<clue>IkappaB levels <clueLoc>in MNC homogenates</clueLoc> increased at 1 hr, peaked at 2-4 hr, started to decrease at 8 hr, and <clueType><cluePolarity>returned to baseline levels</cluePolarity></clueType> <clueTime>at 24 hr</clueTime>.</clue>
</event>
<sentence id="S8"><term id="T31" lex="NF-kappaB" sem="Protein_complex">NF-kappaB</term> in <term id="T32" lex="MNC_nuclear_extract" sem="Cell_component"><term id="T33" lex="MNC" sem="Cell_natural">MNC</term> nuclear extracts</term> decreased at 1 hr, reached a nadir at 4 hr, gradually increased at 8 hr and returned back to baseline levels at 24 hr.</sentence>
<event id="E18">
<type class="Negative_regulation"/>
<theme idref="T31"/>
<clue>NF-kappaB <clueLoc>in MNC nuclear extracts</clueLoc> <clueType>decreased</clueType> <clueTime>at 1 hr, reached a nadir at 4 hr</clueTime>, gradually increased at 8 hr and returned back to baseline levels at 24 hr.</clue>
</event>
<event id="E19">
<type class="Positive_regulation"/>
<theme idref="E18"/>
<clue>NF-kappaB <clueLoc>in MNC nuclear extracts</clueLoc> decreased at 1 hr, reached a nadir at 4 hr, gradually <clueType>increased</clueType> <clueTime>at 8 hr</clueTime> and returned back to baseline levels at 24 hr.</clue>
</event>
<event Polarity="Negative" assertion="non-exist" id="E20">
<type class="Negative_regulation"/>
<theme idref="T31"/>
<clue>NF-kappaB <clueLoc>in MNC nuclear extracts</clueLoc> decreased at 1 hr, reached a nadir at 4 hr, gradually increased at 8 hr and <clueType><cluePolarity>returned back to baseline levels</cluePolarity></clueType> <clueTime>at 24 hr</clueTime>.</clue>
</event>
<sentence id="S9">The total protein content of <term id="T34" lex="NF-kappaB_subunit" sem="Protein_molecule"><term id="T35" lex="NF-kappaB" sem="Protein_complex">NF-kappaB</term> subunit</term> (<term id="T36" lex="P65" sem="Protein_molecule">P65</term>) in <term id="T37" lex="MNC_lysate" sem="Cell_component"><term id="T38" lex="MNC" sem="Cell_natural">MNC</term> lysates</term> also showed a decrease following <term id="T39" lex="hydrocortisone_injection" sem="Other"><term id="T40" lex="hydrocortisone" sem="Lipid">hydrocortisone</term> injection</term>.</sentence>
<event KT="Analysis" id="E21">
<type class="Negative_regulation"/>
<theme idref="T36"/>
<cause idref="T40"/>
<clue>The total protein content of NF-kappaB subunit (P65) <clueLoc>in MNC lysates</clueLoc> also <clueKT>showed</clueKT> a <clueType>decrease</clueType> <linkCause>following</linkCause> hydrocortisone injection.</clue>
</event>
<sentence id="S10">This decrease was observed at 2 hr, reached a nadir at 4 hr, and returned to baseline levels at 24 hr.</sentence>
<event id="E22">
<type class="Negative_regulation"/>
<theme idref="E21"/>
<clue><corefTheme>This</corefTheme> <clueType>decrease</clueType> was <clueKT>observed</clueKT> <clueTime>at 2 hr, reached a nadir at 4 hr</clueTime>, and returned to baseline levels at 24 hr.</clue>
</event>
<event Polarity="Negative" assertion="non-exist" id="E23">
<type class="Negative_regulation"/>
<theme idref="E21"/>
<clue>This decrease was observed at 2 hr, reached a nadir at 4 hr, and <clueType><cluePolarity>returned to baseline levels</cluePolarity></clueType> <clueTime>at 24 hr</clueTime>.</clue>
</event>
<sentence id="S11"><term id="T41" lex="ROS" sem="Inorganic_compound">ROS</term> generation inhibition paralleled <term id="T42" lex="NF-kappaB_level" sem="Other"><term id="T43" lex="NF-kappaB" sem="Protein_complex">NF-kappaB</term> levels</term> in the <term id="T44" lex="nucleus" sem="Cell_component">nucleus</term>.</sentence>
<event KT="Other" id="E24">
<type class="Metabolism"/>
<theme idref="T41"/>
<clue>ROS <clueType>generation</clueType> inhibition paralleled NF-kappaB levels in the nucleus.</clue>
</event>
<event id="E25">
<type class="Negative_regulation"/>
<theme idref="E24"/>
<clue>ROS generation <clueType>inhibition</clueType> paralleled NF-kappaB levels in the nucleus.</clue>
</event>
<event id="E26">
<type class="Correlation"/>
<theme idref="E25"/>
<theme idref="T43"/>
<clue>ROS generation inhibition <clueType>paralleled</clueType> NF-kappaB levels <clueLoc>in the nucleus</clueLoc>.</clue>
</event>
<sentence id="S12">It was inhibited at 1 hr, reached a nadir at 2-4 hr, started to increase at 8 hr, and returned to basal levels at 24 hr.</sentence>
<event id="E27">
<type class="Negative_regulation"/>
<theme idref="E24"/>
<clue><corefTheme>It</corefTheme> was <clueType>inhibited</clueType> <clueTime>at 1 hr, reached a nadir at 2-4 hr</clueTime>, started to increase at 8 hr, and returned to basal levels at 24 hr.</clue>
</event>
<event id="E28">
<type class="Positive_regulation"/>
<theme idref="E24"/>
<clue><corefTheme>It</corefTheme> was inhibited at 1 hr, reached a nadir at 2-4 hr, <clueType>started to increase</clueType> <clueTime>at 8 hr</clueTime>, and returned to basal levels at 24 hr.</clue>
</event>
<event Polarity="Negative" assertion="non-exist" id="E29">
<type class="Negative_regulation"/>
<theme idref="E24"/>
<clue><corefTheme>It</corefTheme> was inhibited at 1 hr, reached a nadir at 2-4 hr, started to increase at 8 hr, and <clueType><cluePolarity>returned to basal levels</cluePolarity></clueType> <clueTime>at 24 hr</clueTime>.</clue>
</event>
<sentence id="S13">Our data demonstrate that <term id="T45" lex="hydrocortisone" sem="Lipid">hydrocortisone</term> induces <term id="T46" lex="IkappaB" sem="Protein_molecule">IkappaB</term> and suppresses <term id="T47" lex="NF-kappaB_expression" sem="Other"><term id="T48" lex="NF-kappaB" sem="Protein_complex">NF-kappaB</term> expression</term> in <term id="T49" lex="MNC" sem="Cell_natural">MNC</term> in parallel.</sentence>
<event KT="Other" id="E30">
<type class="Positive_regulation"/>
<theme idref="T46"/>
<cause idref="T45"/>
<clue>Our data demonstrate that hydrocortisone <clueType>induces</clueType> IkappaB and suppresses NF-kappaB expression <clueLoc>in MNC</clueLoc> in parallel.</clue>
</event>
<event KT="Analysis" id="E31">
<type class="Negative_regulation"/>
<theme idref="E32"/>
<cause idref="T45"/>
<clue>Our data <clueKT>demonstrate</clueKT> that hydrocortisone induces IkappaB and <clueType>suppresses</clueType> NF-kappaB expression in MNC in parallel.</clue>
</event>
<event KT="Other" id="E32">
<type class="Gene_expression"/>
<theme idref="T48"/>
<clue>Our data demonstrate that hydrocortisone induces IkappaB and suppresses NF-kappaB <clueType>expression</clueType> <clueLoc>in MNC</clueLoc> in parallel.</clue>
</event>
<event KT="Analysis" id="E33">
<type class="Correlation"/>
<theme idref="E30"/>
<theme idref="E31"/>
<clue>Our data <clueKT>demonstrate</clueKT> that hydrocortisone induces IkappaB and suppresses NF-kappaB expression in MNC <clueType>in parallel</clueType>.</clue>
</event>
<sentence id="S14"><term id="T50" lex="IkappaB" sem="Protein_molecule">IkappaB</term> further reduces the translocation of <term id="T51" lex="NF-kappaB" sem="Protein_complex">NF-kappaB</term> into the <term id="T52" lex="nucleus" sem="Cell_component">nucleus</term> thus preventing the expression of <term id="T53" lex="proinflammatory_gene" sem="DNA_family_or_group">proinflammatory genes</term>.</sentence>
<event id="E34">
<type class="Negative_regulation"/>
<theme idref="E35"/>
<cause idref="T50"/>
<clue>IkappaB further <clueType>reduces</clueType> the translocation of NF-kappaB into the nucleus thus preventing the expression of proinflammatory genes.</clue>
</event>
<event id="E35">
<type class="Localization"/>
<theme idref="T51"/>
<clue>IkappaB further reduces the <clueType>translocation</clueType> <linkTheme>of</linkTheme> NF-kappaB <clueLoc>into the nucleus</clueLoc> thus preventing the expression of proinflammatory genes.</clue>
</event>
<event KT="Analysis" id="E36">
<type class="Negative_regulation"/>
<theme idref="E37"/>
<cause idref="E34"/>
<clue>IkappaB further reduces the translocation of NF-kappaB into the nucleus <clueKT>thus</clueKT> <clueType>preventing</clueType> the expression of proinflammatory genes.</clue>
</event>
<event KT="Other" id="E37">
<type class="Gene_expression"/>
<theme idref="T53"/>
<clue>IkappaB further reduces the translocation of NF-kappaB into the nucleus thus preventing the <clueType>expression</clueType> <linkTheme>of</linkTheme> proinflammatory genes.</clue>
</event>
</AbstractText>
</Abstract></Article></MedlineCitation></PubmedArticle></PubmedArticleSet></Annotation>
