<?xml version='1.0'?><!DOCTYPE Annotation PUBLIC "//GENIA//DTD GENIA ANNOTATION EVENT 2.0//EN_Modified" "../ModifiedGENIAtypes/Modified_GENIA_event_20.dtd"><Annotation annotates="http://www.ncbi.nlm.nih.gov/entrez/eutils/efetch.fcgi?db=pubmed&amp;retmode=xml&amp;rettype=medline&amp;id=10482545" created="09/07/2006" creator="Noriko Katsu"><PubmedArticleSet><PubmedArticle><MedlineCitation>
<PMID>10482545</PMID>
<Article>
<ArticleTitle>
<sentence id="S1">Induction of <term id="T1" lex="Bcl-x(L)_expression" sem="Other"><term id="T2" lex="Bcl-x(L)" sem="Protein_molecule">Bcl-x(L)</term> expression</term> by <term id="T3" lex="human_T-cell_leukemia_virus_type_1_Tax" sem="Protein_molecule"><term id="T4" lex="human_T-cell_leukemia_virus_type_1" sem="Virus">human T-cell leukemia virus type 1</term> <term id="A3" sem="Protein_molecule">Tax</term></term> through <term id="T5" lex="NF-kappaB" sem="Protein_complex">NF-kappaB</term> in <term id="T6" lex="apoptosis-resistant_T-cell_transfectant" sem="Cell_cultured">apoptosis-resistant <term id="A1" sem="Cell_natural">T-cell</term> transfectants</term> with <term id="T7" lex="Tax" sem="Protein_molecule">Tax</term>.</sentence>
<event KT="Other" id="E1">
<type class="Positive_regulation"/>
<theme idref="E2"/>
<cause idref="T5"/>
<clue><clueType>Induction</clueType> <linkTheme>of</linkTheme> Bcl-x(L) expression by human T-cell leukemia virus type 1 Tax <linkCause>through</linkCause> NF-kappaB in apoptosis-resistant T-cell transfectants with Tax.</clue>
</event>
<event KT="Other" id="E2">
<type class="Gene_expression"/>
<theme idref="T2"/>
<clue>Induction of Bcl-x(L) <clueType>expression</clueType> by human T-cell leukemia virus type 1 Tax through NF-kappaB in apoptosis-resistant T-cell transfectants with Tax.</clue>
</event>
<event KT="Investigation" id="E3">
<type class="Positive_regulation"/>
<theme idref="E1"/>
<cause idref="T4" idref1="A3"/>
<clue>Induction of Bcl-x(L) expression <linkCause>by</linkCause> human T-cell leukemia virus type 1 Tax through NF-kappaB <clueLoc>in apoptosis-resistant T-cell transfectants with Tax</clueLoc>.</clue>
<comment>NO CLUETYPE</comment></event>
<event KT="Method" id="E4">
<type class="Artificial_process"/>
<theme idref="A1"/>
<theme idref="T7"/>
<clue>Induction of Bcl-x(L) expression by human T-cell leukemia virus type 1 Tax through NF-kappaB in apoptosis-resistant T-cell <clueType>transfectants</clueType> <linkTheme>with</linkTheme> Tax.</clue>
<comment>CAUTION, transfectants</comment></event>
</ArticleTitle>
<Abstract>
<AbstractText>
<sentence id="S2"><term id="T8" lex="human_T-cell_leukemia_virus_type_1" sem="Virus">Human T-cell leukemia virus type 1</term> (<term id="T9" lex="HTLV-1" sem="Virus">HTLV-1</term>) <term id="T10" lex="Tax" sem="Protein_molecule">Tax</term> is thought to play a pivotal role in immortalization of <term id="T11" lex="T_cell" sem="Cell_natural">T cells</term>.</sentence>
<event KT="Fact" id="E6">
<type class="Regulation"/>
<theme idref="E7"/>
<cause idref="T10"/>
<clue>Human T-cell leukemia virus type 1 (HTLV-1) Tax is <clueKT>thought</clueKT> to <clueType>play</clueType> a pivotal <clueType>role</clueType> <linkTheme>in</linkTheme> immortalization of T cells.</clue>
</event>
<event KT="Other" id="E7">
<type class="Biological_process"/>
<theme idref="T11"/>
<clue>Human T-cell leukemia virus type 1 (HTLV-1) Tax is thought to play a pivotal role in <clueType>immortalization</clueType> <linkTheme>of</linkTheme> T cells.</clue>
</event>
<sentence id="S3">We have recently shown that the expression of <term id="T12" lex="Tax" sem="Protein_molecule">Tax</term> protected the <term id="T13" lex="mouse_T-cell_line_CTLL-2" sem="Cell_cultured">mouse T-cell line <term id="A4" sem="Cell_cultured">CTLL-2</term></term> against apoptosis induced by <term id="T14" lex="interleukin-2_(IL-2)_deprivation" sem="Other"><term id="T15" lex="interleukin-2" sem="Protein_molecule">interleukin-2</term> (<term id="T16" lex="IL-2" sem="Protein_molecule">IL-2</term>) deprivation</term> and converted its <term id="A5" sem="Other">growth</term> from being <term id="T17" lex="IL-2" sem="Protein_molecule">IL-2</term> dependent to being <term id="T18" lex="IL-2_independent" sem="Other"><term id="T19" lex="IL-2" sem="Protein_molecule">IL-2</term> independent</term>.</sentence>
<event KT="Other" id="E8">
<type class="Gene_expression"/>
<theme idref="T12"/>
<clue>We have recently shown that the <clueType>expression</clueType> <linkTheme>of</linkTheme> Tax protected the <clueLoc>mouse T-cell line CTLL-2</clueLoc> against apoptosis induced by interleukin-2 (IL-2) deprivation and converted its growth from being IL-2 dependent to being IL-2 independent.</clue>
</event>
<event KT="Analysis" Source="Other" id="E9">
<type class="Negative_regulation"/>
<theme idref="E11"/>
<cause idref="E8"/>
<clue>We have <clueSource>recently</clueSource> <clueKT>shown</clueKT> that the expression of Tax <clueType>protected</clueType> the mouse T-cell line CTLL-2 <linkTheme>against</linkTheme> apoptosis induced by interleukin-2 (IL-2) deprivation and converted its growth from being IL-2 dependent to being IL-2 independent.</clue>
</event>
<event KT="Other" id="E10">
<type class="Cellular_physiological_process"/>
<theme idref="A4"/>
<clue>We have recently shown that the expression of Tax protected the mouse T-cell line CTLL-2 against <clueType>apoptosis</clueType> induced by interleukin-2 (IL-2) deprivation and converted its growth from being IL-2 dependent to being IL-2 independent.</clue>
</event>
<event KT="Other" id="E11">
<type class="Positive_regulation"/>
<theme idref="E10"/>
<cause idref="E12"/>
<clue>We have recently shown that the expression of Tax protected the mouse T-cell line CTLL-2 against apoptosis <clueType>induced</clueType> <linkCause>by</linkCause> interleukin-2 (IL-2) deprivation and converted its growth from being IL-2 dependent to being IL-2 independent.</clue>
</event>
<event KT="Other" id="E12">
<type class="Negative_regulation"/>
<theme idref="T16"/>
<clue>We have recently shown that the expression of Tax protected the mouse T-cell line CTLL-2 against apoptosis induced by interleukin-2 (IL-2) <clueType>deprivation</clueType> and converted its growth from being IL-2 dependent to being IL-2 independent.</clue>
</event>
<event KT="Analysis" Source="Other" id="E13">
<type class="Positive_regulation"/>
<theme idref="E14"/>
<theme idref="E15"/>
<cause idref="E8"/>
<clue>We have <clueSource>recently</clueSource> <clueKT>shown</clueKT> that the expression of Tax protected the mouse T-cell line CTLL-2 against apoptosis induced by interleukin-2 (IL-2) deprivation and <clueType>converted</clueType> its growth <linkTheme>from</linkTheme> being IL-2 dependent <linkTheme>to</linkTheme> being IL-2 independent.</clue>
<comment>CAUTION: convert from xxx to yyy</comment></event>
<event KT="Other" id="E14">
<type class="Regulation"/>
<theme idref="A5" idref1="A4"/>
<cause idref="T17"/>
<clue>We have recently shown that the expression of Tax protected the mouse T-cell line CTLL-2 against apoptosis induced by interleukin-2 (IL-2) deprivation and converted its growth from being IL-2 <clueType>dependent</clueType> to being IL-2 independent.</clue>
</event>
<event KT="Other" Polarity="Negative" assertion="non-exist" id="E15">
<type class="Regulation"/>
<theme idref="A5" idref1="A4"/>
<cause idref="T17"/>
<clue>We have recently shown that the expression of Tax protected the mouse T-cell line CTLL-2 against apoptosis induced by interleukin-2 (IL-2) deprivation and converted its growth from being IL-2 dependent to being IL-2 <clueType><cluePolarity>independent</cluePolarity></clueType>.</clue>
</event>
<sentence id="S4">In this study, we demonstrate that constitutive expression of <term id="T20" lex="bcl-xl" sem="Protein_molecule">bcl-xl</term> but not <term id="T21" lex="bcl-2" sem="Protein_molecule">bcl-2</term>, <term id="T22" lex="bcl-xs" sem="Protein_molecule">bcl-xs</term>, <term id="T23" lex="bak" sem="Protein_molecule">bak</term>, <term id="T24" lex="bad" sem="Protein_molecule">bad</term>, or <term id="T25" lex="bax" sem="Protein_molecule">bax</term> was associated with <term id="T26" lex="apoptosis_resistance" sem="Other">apoptosis resistance</term> after <term id="T27" lex="IL-2_deprivation" sem="Other"><term id="T28" lex="IL-2" sem="Protein_molecule">IL-2</term> deprivation</term> in <term id="T29" lex="CTLL-2_cell" sem="Cell_cultured">CTLL-2 cells</term> that expressed <term id="T30" lex="Tax" sem="Protein_molecule">Tax</term>.</sentence>
<event KT="Other" id="E16">
<type class="Gene_expression"/>
<theme idref="T20"/>
<clue>In this study, we demonstrate that constitutive <clueType>expression</clueType> <linkTheme>of</linkTheme> bcl-xl but not bcl-2, bcl-xs, bak, bad, or bax was associated with apoptosis resistance after IL-2 deprivation in CTLL-2 cells that expressed Tax.</clue>
</event>
<event KT="Other" id="E17">
<type class="Gene_expression"/>
<theme idref="T21"/>
<clue>In this study, we demonstrate that constitutive <clueType>expression</clueType> <linkTheme>of</linkTheme> bcl-xl but not bcl-2, bcl-xs, bak, bad, or bax was associated with apoptosis resistance after IL-2 deprivation in CTLL-2 cells that expressed Tax.</clue>
</event>
<event KT="Other" id="E18">
<type class="Gene_expression"/>
<theme idref="T23"/>
<clue>In this study, we demonstrate that constitutive <clueType>expression</clueType> <linkTheme>of</linkTheme> bcl-xl but not bcl-2, bcl-xs, bak, bad, or bax was associated with apoptosis resistance after IL-2 deprivation in CTLL-2 cells that expressed Tax.</clue>
</event>
<event KT="Other" id="E19">
<type class="Gene_expression"/>
<theme idref="T24"/>
<clue>In this study, we demonstrate that constitutive <clueType>expression</clueType> <linkTheme>of</linkTheme> bcl-xl but not bcl-2, bcl-xs, bak, bad, or bax was associated with apoptosis resistance after IL-2 deprivation in CTLL-2 cells that expressed Tax.</clue>
</event>
<event KT="Other" id="E20">
<type class="Gene_expression"/>
<theme idref="T25"/>
<clue>In this study, we demonstrate that constitutive <clueType>expression</clueType> <linkTheme>of</linkTheme> bcl-xl but not bcl-2, bcl-xs, bak, bad, or bax was associated with apoptosis resistance after IL-2 deprivation in CTLL-2 cells that expressed Tax.</clue>
</event>
<event KT="Other" id="E21">
<type class="Gene_expression"/>
<theme idref="T22"/>
<clue>In this study, we demonstrate that constitutive <clueType>expression</clueType> <linkTheme>of</linkTheme> bcl-xl but not bcl-2, bcl-xs, bak, bad, or bax was associated with apoptosis resistance after IL-2 deprivation in CTLL-2 cells that expressed Tax.</clue>
</event>
<event KT="Analysis" id="E22">
<type class="Correlation"/>
<theme idref="E16"/>
<theme idref="E28"/>
<clue>In this study, we <clueKT>demonstrate</clueKT> that constitutive expression of bcl-xl but not bcl-2, bcl-xs, bak, bad, or bax was <clueType><clueKT>associated</clueKT></clueType> <linkTheme>with</linkTheme> apoptosis resistance after IL-2 deprivation in CTLL-2 cells that expressed Tax.</clue>
</event>
<event KT="Analysis" Polarity="Negative" assertion="non-exist" id="E23">
<type class="Correlation"/>
<theme idref="E17"/>
<theme idref="E28"/>
<clue>In this study, we <clueKT>demonstrate</clueKT> that constitutive expression of bcl-xl but <cluePolarity>not</cluePolarity> bcl-2, bcl-xs, bak, bad, or bax was <clueType><clueKT>associated</clueKT></clueType> <linkTheme>with</linkTheme> apoptosis resistance after IL-2 deprivation in CTLL-2 cells that expressed Tax.</clue>
</event>
<event KT="Analysis" Polarity="Negative" assertion="non-exist" id="E24">
<type class="Correlation"/>
<theme idref="E18"/>
<theme idref="E28"/>
<clue>In this study, we <clueKT>demonstrate</clueKT> that constitutive expression of bcl-xl but <cluePolarity>not</cluePolarity> bcl-2, bcl-xs, bak, bad, or bax was <clueType><clueKT>associated</clueKT></clueType> <linkTheme>with</linkTheme> apoptosis resistance after IL-2 deprivation in CTLL-2 cells that expressed Tax.</clue>
</event>
<event KT="Analysis" Polarity="Negative" assertion="non-exist" id="E25">
<type class="Correlation"/>
<theme idref="E19"/>
<theme idref="E28"/>
<clue>In this study, we <clueKT>demonstrate</clueKT> that constitutive expression of bcl-xl but <cluePolarity>not</cluePolarity> bcl-2, bcl-xs, bak, bad, or bax was <clueType><clueKT>associated</clueKT></clueType> <linkTheme>with</linkTheme> apoptosis resistance after IL-2 deprivation in CTLL-2 cells that expressed Tax.</clue>
</event>
<event KT="Analysis" Polarity="Negative" assertion="non-exist" id="E26">
<type class="Correlation"/>
<theme idref="E20"/>
<theme idref="E28"/>
<clue>In this study, we <clueKT>demonstrate</clueKT> that constitutive expression of bcl-xl but <cluePolarity>not</cluePolarity> bcl-2, bcl-xs, bak, bad, or bax was <clueType><clueKT>associated</clueKT></clueType> <linkTheme>with</linkTheme> apoptosis resistance after IL-2 deprivation in CTLL-2 cells that expressed Tax.</clue>
</event>
<event KT="Analysis" Polarity="Negative" assertion="non-exist" id="E27">
<type class="Correlation"/>
<theme idref="E21"/>
<theme idref="E28"/>
<clue>In this study, we <clueKT>demonstrate</clueKT> that constitutive expression of bcl-xl but <cluePolarity>not</cluePolarity> bcl-2, bcl-xs, bak, bad, or bax was <clueType><clueKT>associated</clueKT></clueType> <linkTheme>with</linkTheme> apoptosis resistance after IL-2 deprivation in CTLL-2 cells that expressed Tax.</clue>
</event>
<event KT="Other" id="E28">
<type class="Positive_regulation"/>
<theme idref="T26"/>
<cause idref="E29"/>
<clue>In this study, we demonstrate that constitutive expression of bcl-xl but not bcl-2, bcl-xs, bak, bad, or bax was associated with apoptosis resistance <linkCause>after</linkCause> IL-2 deprivation <clueLoc>in CTLL-2 cells that expressed Tax</clueLoc>.</clue>
<comment>NO CLUETYPE; RESISTANCE</comment></event>
<event KT="Other" id="E29">
<type class="Negative_regulation"/>
<theme idref="T28"/>
<clue>In this study, we demonstrate that constitutive expression of bcl-xl but not bcl-2, bcl-xs, bak, bad, or bax was associated with apoptosis resistance after IL-2 <clueType>deprivation</clueType> in CTLL-2 cells that expressed Tax.</clue>
</event>
<event KT="Other" id="E30">
<type class="Gene_expression"/>
<theme idref="T30"/>
<clue>In this study, we demonstrate that constitutive expression of bcl-xl but not bcl-2, bcl-xs, bak, bad, or bax was associated with apoptosis resistance after IL-2 deprivation <clueLoc>in CTLL-2 cells</clueLoc> that <clueType>expressed</clueType> Tax.</clue>
</event>
<sentence id="S5"><term id="T31" lex="transient-transfection_assay" sem="Other">Transient-transfection assays</term> showed that <term id="T32" lex="bcl-x_promoter" sem="DNA_domain_or_region">bcl-x promoter</term> was transactivated by <term id="T33" lex="wild-type_Tax" sem="Protein_molecule">wild-type <term id="T34" lex="Tax" sem="Protein_molecule">Tax</term></term>.</sentence>
<event KT="Analysis" id="E31">
<type class="Positive_regulation"/>
<theme idref="T32"/>
<cause idref="T33"/>
<clue><clueExperiment>Transient-transfection assays</clueExperiment> <clueKT>showed</clueKT> that bcl-x promoter was <clueType>transactivated</clueType> <linkCause>by</linkCause> wild-type Tax.</clue>
</event>
<sentence id="S6">Similar effects were observed in <term id="A6" sem="Protein_molecule">mutant <term id="T35" lex="Tax" sem="Protein_molecule">Tax</term></term> retaining transactivating ability through <term id="T36" lex="NF-kappaB" sem="Protein_complex">NF-kappaB</term>.</sentence>
<event id="E32">
<type class="Positive_regulation"/>
<theme idref="T32"/>
<cause idref="E33"/>
<clue>Similar <clueType>effects</clueType> were <clueKT>observed</clueKT> <linkCause>in</linkCause> mutant Tax retaining transactivating ability through NF-kappaB.</clue>
<comment>CAUTION: SEE</comment></event>
<event id="E33">
<type class="Positive_regulation"/>
<theme idref="E34"/>
<cause idref="A6"/>
<clue>Similar effects were observed in mutant Tax <clueType>retaining</clueType> transactivating ability through NF-kappaB.</clue>
</event>
<event id="E34">
<type class="Positive_regulation"/>
<cause idref="T36"/>
<clue>Similar effects were observed in mutant Tax retaining <clueType>transactivating ability</clueType> <linkCause>through</linkCause> NF-kappaB.</clue>
<comment>NO THEME</comment></event>
<sentence id="S7">Deletion or substitution of a <term id="T37" lex="putative_NF-kappaB_binding_site" sem="DNA_domain_or_region">putative <term id="A8" sem="DNA_domain_or_region"><term id="T38" lex="NF-kappaB" sem="Protein_complex">NF-kappaB</term> binding site</term></term> identified in the <term id="T39" lex="bcl-x_promoter" sem="DNA_domain_or_region">bcl-x promoter</term> significantly decreased <term id="T41" lex="Tax" sem="Protein_molecule">Tax</term>-induced <term id="A7" sem="Other">transactivation</term>.</sentence>
<event KT="Method" id="E35">
<type class="Mutagenesis"/>
<theme idref="A3"/>
<theme idref="T39"/>
<clue><clueType>Deletion</clueType> or substitution <linkTheme>of</linkTheme> a putative NF-kappaB binding site identified <linkTheme>in</linkTheme> the bcl-x promoter significantly decreased Tax-induced transactivation.</clue>
<comment>NER: T37 sem mod, Protein_domain_or_region -&gt; DNA_domain_or_region; ARTIFICIAL</comment></event>
<event KT="Other" id="E36">
<type class="DNA_recombination"/>
<theme idref="A8"/>
<clue>Deletion or <clueType>substitution</clueType> <linkTheme>of</linkTheme> a putative NF-kappaB binding site identified in the bcl-x promoter significantly decreased Tax-induced transactivation.</clue>
</event>
<event KT="Analysis" Manner="High" id="E37">
<type class="Negative_regulation"/>
<theme idref="E39"/>
<cause idref="E35"/>
<clue>Deletion or substitution of a putative NF-kappaB binding site <clueKT>identified</clueKT> in the bcl-x promoter <clueManner>significantly</clueManner> <clueType>decreased</clueType> Tax-induced transactivation.</clue>
</event>
<event KT="Analysis" Manner="High" id="E38">
<type class="Negative_regulation"/>
<theme idref="E39"/>
<cause idref="E36"/>
<clue>Deletion or substitution of a putative NF-kappaB binding site <clueKT>identified</clueKT> in the bcl-x promoter <clueManner>significantly</clueManner> <clueType>decreased</clueType> Tax-induced transactivation.</clue>
</event>
<event KT="Other" id="E39">
<type class="Positive_regulation"/>
<theme idref="A7"/>
<cause idref="T41"/>
<clue>Deletion or substitution of a putative NF-kappaB binding site identified in the bcl-x promoter significantly decreased Tax-<clueType>induced</clueType> transactivation.</clue>
<comment>NER: T40 &quot;Tax-induced transactivation&quot;</comment></event>
<sentence id="S8">This <term id="T42" lex="NF-kappaB-like_element" sem="DNA_domain_or_region"><term id="T43" lex="NF-kappaB" sem="Protein_complex">NF-kappaB</term>-like element</term> was able to form a complex with <term id="T44" lex="NF-kappaB_family_protein" sem="Protein_family_or_group"><term id="T45" lex="NF-kappaB" sem="Protein_complex">NF-kappaB</term> family proteins</term> in vitro.</sentence>
<event CL="L2" KT="Analysis" id="E40">
<type class="Binding"/>
<theme idref="T42"/>
<theme idref="T44"/>
<clue>This NF-kappaB-like element was <clueKT><clueCL>able</clueCL></clueKT> to <clueType>form a complex</clueType> <linkTheme>with</linkTheme> NF-kappaB family proteins in vitro.</clue>
</event>
<sentence id="S9">Furthermore, <term id="T46" lex="Tax-induced_transactivation" sem="Other"><term id="T47" lex="Tax" sem="Protein_molecule">Tax</term>-induced transactivation</term> of the <term id="T48" lex="bcl-x_promoter" sem="DNA_domain_or_region">bcl-x promoter</term> was also diminished by the <term id="T49" lex="mutant_IkappaBalpha" sem="Protein_molecule">mutant IkappaBalpha</term>, which specifically inhibits <term id="T50" lex="NF-kappaB" sem="Protein_molecule">NF-kappaB</term> activity.</sentence>
<event id="E41">
<type class="Positive_regulation"/>
<theme idref="T48"/>
<cause idref="T47"/>
<clue>Furthermore, Tax<linkCause>-induced</linkCause> <clueType>transactivation</clueType> <linkTheme>of</linkTheme> the bcl-x promoter was also diminished by the mutant IkappaBalpha, which specifically inhibits NF-kappaB activity.</clue>
</event>
<event id="E42">
<type class="Negative_regulation"/>
<theme idref="E41"/>
<cause idref="T49"/>
<clue>Furthermore, Tax-induced transactivation of the bcl-x promoter was also <clueType>diminished</clueType> <linkCause>by</linkCause> the mutant IkappaBalpha, which specifically inhibits NF-kappaB activity.</clue>
</event>
<event KT="Fact" id="E43">
<type class="Negative_regulation"/>
<theme idref="T50"/>
<cause idref="T49"/>
<clue>Furthermore, Tax-induced transactivation of the bcl-x promoter was also diminished by the mutant IkappaBalpha, which specifically <clueType>inhibits</clueType> NF-kappaB activity.</clue>
</event>
<sentence id="S10">Our findings suggest that <term id="T51" lex="constitutive_expression" sem="Other">constitutive expression</term> of <term id="T52" lex="Bcl-x(L)" sem="Protein_molecule">Bcl-x(L)</term> induced by <term id="T53" lex="Tax" sem="Protein_molecule">Tax</term> through the <term id="T54" lex="NF-kappaB_pathway" sem="Other"><term id="T55" lex="NF-kappaB" sem="Protein_complex">NF-kappaB</term> pathway</term> contributes to the inhibition of <term id="A10" sem="Other">apoptosis</term> in <term id="T56" lex="CTLL-2_cell" sem="Cell_cultured">CTLL-2 cells</term> after <term id="T57" lex="IL-2_deprivation" sem="Other"><term id="T58" lex="IL-2" sem="Protein_molecule">IL-2</term> deprivation</term>.</sentence>
<event KT="Other" id="E44">
<type class="Gene_expression"/>
<theme idref="T52"/>
<clue>Our findings suggest that constitutive <clueType>expression</clueType> <linkTheme>of</linkTheme> Bcl-x(L) induced by Tax through the NF-kappaB pathway contributes to the inhibition of apoptosis in CTLL-2 cells after IL-2 deprivation.</clue>
</event>
<event KT="Other" id="E45">
<type class="Positive_regulation"/>
<theme idref="E44"/>
<cause idref="T54"/>
<clue>Our findings suggest that constitutive expression of Bcl-x(L) <clueType>induced</clueType> by Tax <linkCause>through</linkCause> the NF-kappaB pathway contributes to the inhibition of apoptosis in CTLL-2 cells after IL-2 deprivation.</clue>
</event>
<event KT="Other" id="E46">
<type class="Positive_regulation"/>
<theme idref="E45"/>
<cause idref="T53"/>
<clue>Our findings suggest that constitutive expression of Bcl-x(L) induced <linkCause>by</linkCause> Tax through the NF-kappaB pathway contributes to the inhibition of apoptosis in CTLL-2 cells after IL-2 deprivation.</clue>
<comment>NO CLUETYPE</comment></event>
<event CL="L2" KT="Analysis" id="E47" uncertainty="probable">
<type class="Negative_regulation"/>
<theme idref="E48"/>
<cause idref="E46"/>
<clue>Our findings <clueKT><clueCL>suggest</clueCL></clueKT> that constitutive expression of Bcl-x(L) induced by Tax through the NF-kappaB pathway <clueType>contributes to the inhibition</clueType> <linkTheme>of</linkTheme> apoptosis in CTLL-2 cells after IL-2 deprivation.</clue>
</event>
<event KT="Other" id="E48">
<type class="Cellular_physiological_process"/>
<theme idref="T56"/>
<clue>Our findings suggest that constitutive expression of Bcl-x(L) induced by Tax through the NF-kappaB pathway contributes to the inhibition of <clueType>apoptosis</clueType> <linkTheme>in</linkTheme> CTLL-2 cells after IL-2 deprivation.</clue>
</event>
<event KT="Other" id="E50">
<type class="Positive_regulation"/>
<theme idref="E48"/>
<cause idref="E49"/>
<clue>Our findings suggest that constitutive expression of Bcl-x(L) induced by Tax through the NF-kappaB pathway contributes to the inhibition of apoptosis in CTLL-2 cells <linkCause>after</linkCause> IL-2 deprivation.</clue>
</event>
<event KT="Other" id="E49">
<type class="Negative_regulation"/>
<theme idref="T58"/>
<clue>Our findings suggest that constitutive expression of Bcl-x(L) induced by Tax through the NF-kappaB pathway contributes to the inhibition of apoptosis in CTLL-2 cells after IL-2 <clueType>deprivation</clueType>.</clue>
</event>
</AbstractText>
</Abstract></Article></MedlineCitation></PubmedArticle></PubmedArticleSet></Annotation>
