<?xml version='1.0'?><!DOCTYPE Annotation PUBLIC "//GENIA//DTD GENIA ANNOTATION EVENT 2.0//EN_Modified" "../ModifiedGENIAtypes/Modified_GENIA_event_20.dtd"><Annotation annotates="http://www.ncbi.nlm.nih.gov/entrez/eutils/efetch.fcgi?db=pubmed&amp;retmode=xml&amp;rettype=medline&amp;id=1314139" created="30/01/2007" creator="Junko Matsuura"><PubmedArticleSet><PubmedArticle><MedlineCitation>
<PMID>1314139</PMID>
<Article>
<ArticleTitle>
<sentence id="S1"><term id="T1" lex="transcription_factor_activation" sem="Other"><term id="T2" lex="transcription_factor" sem="Protein_family_or_group">Transcription factor</term> activation</term> and <term id="T3" lex="functional_stimulation" sem="Other">functional stimulation</term> of <term id="T4" lex="human_monocyte" sem="Cell_natural">human monocytes</term>.</sentence>
<event KT="Investigation" id="E1">
<type class="Positive_regulation"/>
<theme idref="T2"/>
<clue>Transcription factor activation and functional stimulation of human monocytes.</clue>
</event>
<event KT="Investigation" id="E2">
<type class="Physiological_process"/>
<theme idref="T4"/>
<clue>Transcription factor activation and functional <clueType>stimulation</clueType> <linkTheme>of</linkTheme> human monocytes.</clue>
</event>
</ArticleTitle>
<Abstract>
<AbstractText>
<sentence id="S2">Activation of <term id="T5" lex="expression" sem="Other">expression</term> of <term id="T6" lex="gene" sem="DNA_family_or_group">genes</term> encoding <term id="T7" lex="transcription_factor" sem="Protein_family_or_group">transcription factors</term>: <term id="T8" lex="c-fos" sem="DNA_domain_or_region">c-fos</term> and <term id="T9" lex="c-jun" sem="DNA_domain_or_region">c-jun</term> and formation of <term id="T10" lex="AP1_transcriptional_complex" sem="Protein_complex">AP1 transcriptional complex</term> in <term id="T11" lex="human_monocyte" sem="Cell_natural">human monocytes</term> was investigated.</sentence>
<event KT="Other" id="E3">
<type class="Gene_expression"/>
<theme idref="T8"/>
<clue>Activation of <clueType>expression</clueType> <linkTheme>of</linkTheme> genes encoding transcription factors: c-fos and c-jun and formation of AP1 transcriptional complex in human monocytes was investigated.</clue>
</event>
<event KT="Other" id="E4">
<type class="Gene_expression"/>
<theme idref="T9"/>
<clue>Activation of <clueType>expression</clueType> <linkTheme>of</linkTheme> genes encoding transcription factors: c-fos and c-jun and formation of AP1 transcriptional complex in human monocytes was investigated.</clue>
</event>
<event KT="Investigation" id="E5" uncertainty="doubtful">
<type class="Positive_regulation"/>
<theme idref="E3"/>
<clue><clueType>Activation</clueType> <linkTheme>of</linkTheme> expression of genes encoding transcription factors: c-fos and c-jun and formation of AP1 transcriptional complex <clueLoc>in human monocytes</clueLoc> was <clueKT>investigated</clueKT>.</clue>
</event>
<event KT="Investigation" id="E6" uncertainty="doubtful">
<type class="Positive_regulation"/>
<theme idref="E4"/>
<clue><clueType>Activation</clueType> <linkTheme>of</linkTheme> expression of genes encoding transcription factors: c-fos and c-jun and formation of AP1 transcriptional complex <clueLoc>in human monocytes</clueLoc> was <clueKT>investigated</clueKT>.</clue>
</event>
<event KT="Investigation" id="E7" uncertainty="doubtful">
<type class="Positive_regulation"/>
<theme idref="T10"/>
<clue>Activation of expression of genes encoding transcription factors: c-fos and c-jun and <clueType>formation</clueType> <linkTheme>of</linkTheme> AP1 transcriptional complex <clueLoc>in human monocytes</clueLoc> was <clueKT>investigated</clueKT>.</clue>
</event>
<sentence id="S3">It was found that <term id="T12" lex="lipopolysaccharide" sem="Lipid">lipopolysaccharide</term> induced strongly both <term id="T13" lex="c-fos_and_c-jun_expression" sem="Other"><term id="T14" lex="c-fos" sem="DNA_domain_or_region">c-fos</term> and <term id="T16" lex="c-jun_expression" sem="Other"><term id="T17" lex="c-jun" sem="DNA_domain_or_region">c-jun</term> expression</term></term> as well as <term id="T18" lex="AP1_formation" sem="Other"><term id="T19" lex="AP1" sem="Protein_complex">AP1</term> formation</term>.</sentence>
<event id="E8">
<type class="Gene_expression"/>
<theme idref="T14"/>
<clue>It was found that lipopolysaccharide induced strongly both c-fos and c-jun <clueType>expression</clueType> as well as AP1 formation.</clue>
</event>
<event id="E9">
<type class="Gene_expression"/>
<theme idref="T17"/>
<clue>It was found that lipopolysaccharide induced strongly both c-fos and c-jun <clueType>expression</clueType> as well as AP1 formation.</clue>
</event>
<event id="E10">
<type class="Positive_regulation"/>
<theme idref="T19"/>
<clue>It was found that lipopolysaccharide induced strongly both c-fos and c-jun expression as well as AP1 <clueType>formation</clueType>.</clue>
</event>
<event Manner="High" id="E11">
<type class="Positive_regulation"/>
<theme idref="E8"/>
<cause idref="T12"/>
<clue>It was <clueKT>found</clueKT> that lipopolysaccharide <clueType>induced</clueType> <clueManner>strongly</clueManner> both c-fos and c-jun expression as well as AP1 formation.</clue>
</event>
<event Manner="High" id="E12">
<type class="Positive_regulation"/>
<theme idref="E9"/>
<cause idref="T12"/>
<clue>It was <clueKT>found</clueKT> that lipopolysaccharide <clueType>induced</clueType> <clueManner>strongly</clueManner> both c-fos and c-jun expression as well as AP1 formation.</clue>
</event>
<event Manner="High" id="E13">
<type class="Positive_regulation"/>
<theme idref="E10"/>
<cause idref="T12"/>
<clue>It was <clueKT>found</clueKT> that lipopolysaccharide <clueType>induced</clueType> <clueManner>strongly</clueManner> both c-fos and c-jun expression as well as AP1 formation.</clue>
</event>
<sentence id="S4"><term id="T20" lex="interferon_gamma" sem="Protein_molecule">Interferon gamma</term> activated strongly <term id="T21" lex="c-fos" sem="DNA_domain_or_region">c-fos</term> and weakly <term id="T22" lex="c-jun" sem="DNA_domain_or_region">c-jun</term> and <term id="T23" lex="AP1" sem="Protein_complex">AP1</term>.</sentence>
<event Manner="High" id="E14">
<type class="Positive_regulation"/>
<theme idref="T21"/>
<cause idref="T20"/>
<clue>Interferon gamma <clueType>activated</clueType> <clueManner>strongly</clueManner> c-fos and weakly c-jun and AP1.</clue>
</event>
<event Manner="Low" id="E15">
<type class="Positive_regulation"/>
<theme idref="T22"/>
<cause idref="T20"/>
<clue>Interferon gamma <clueType>activated</clueType> strongly c-fos and <clueManner>weakly</clueManner> c-jun and AP1.</clue>
</event>
<event Manner="Low" id="E16">
<type class="Positive_regulation"/>
<theme idref="T23"/>
<cause idref="T20"/>
<clue>Interferon gamma <clueType>activated</clueType> strongly c-fos and <clueManner>weakly</clueManner> c-jun and AP1.</clue>
</event>
<sentence id="S5"><term id="T24" lex="tumor_necrosis_factor" sem="Protein_molecule">Tumor necrosis factor</term> induced slightly <term id="T25" lex="c-fos" sem="DNA_domain_or_region">c-fos</term> and had almost no effect on <term id="T26" lex="c-jun" sem="DNA_domain_or_region">c-jun</term> and <term id="T27" lex="AP1" sem="Protein_complex">AP1</term>.</sentence>
<event Manner="Low" id="E17">
<type class="Positive_regulation"/>
<theme idref="T25"/>
<cause idref="T24"/>
<clue>Tumor necrosis factor <clueType>induced</clueType> <clueManner>slightly</clueManner> c-fos and had almost no effect on c-jun and AP1.</clue>
</event>
<event Polarity="Negative" assertion="non-exist" id="E18">
<type class="Regulation"/>
<theme idref="T26"/>
<cause idref="T24"/>
<clue>Tumor necrosis factor induced slightly c-fos and had almost <cluePolarity>no</cluePolarity> <clueType>effect</clueType> <linkTheme>on</linkTheme> c-jun and AP1.</clue>
</event>
<event Polarity="Negative" assertion="non-exist" id="E19">
<type class="Regulation"/>
<theme idref="T27"/>
<cause idref="T24"/>
<clue>Tumor necrosis factor induced slightly c-fos and had almost <cluePolarity>no</cluePolarity> <clueType>effect</clueType> <linkTheme>on</linkTheme> c-jun and AP1.</clue>
</event>
<sentence id="S6">The data suggest that differences in <term id="T28" lex="functional_response" sem="Other">functional responses</term> elicited in <term id="T29" lex="monocyte" sem="Cell_natural">monocytes</term> by all three <term id="T30" lex="factor" sem="Protein_family_or_group">factors</term> may be dependent on different routes on <term id="T31" lex="nuclear_signalling" sem="Other">nuclear signalling</term> employed by the <term id="T32" lex="factor" sem="Protein_family_or_group">factors</term>.</sentence>
<event KT="Other" id="E20">
<type class="Cell_communication"/>
<theme idref="T12"/>
<clue>The data suggest that differences in functional responses elicited in monocytes by all three factors may be dependent on different routes on <clueType>nuclear signalling</clueType> employed <linkTheme>by</linkTheme> <corefCause>the factors.</corefCause></clue>
</event>
<event KT="Other" id="E21">
<type class="Cell_communication"/>
<theme idref="T20"/>
<clue>The data suggest that differences in functional responses elicited in monocytes by all three factors may be dependent on different routes on <clueType>nuclear signalling</clueType> employed <linkTheme>by</linkTheme> <corefCause>the factors.</corefCause></clue>
</event>
<event KT="Other" id="E22">
<type class="Cell_communication"/>
<theme idref="T24"/>
<clue>The data suggest that differences in functional responses elicited in monocytes by all three factors may be dependent on different routes on <clueType>nuclear signalling</clueType> employed <linkTheme>by</linkTheme> <corefCause>the factors.</corefCause></clue>
</event>
<event CL="L1" KT="Analysis" id="E23">
<type class="Positive_regulation"/>
<theme idref="E11"/>
<cause idref="E20"/>
<clue>The data <clueKT>suggest</clueKT> that differences in <corefTheme>functional responses elicited in monocytes by all three factors</corefTheme> <clueCL>may</clueCL> be <clueType>dependent</clueType> <linkCause>on</linkCause> different routes on nuclear signalling employed by the factors.</clue>
</event>
<event CL="L1" KT="Analysis" id="E150">
<type class="Positive_regulation"/>
<theme idref="E12"/>
<cause idref="E20"/>
<clue>The data <clueKT>suggest</clueKT> that differences in <corefTheme>functional responses elicited in monocytes by all three factors</corefTheme> <clueCL>may</clueCL> be <clueType>dependent</clueType> <linkCause>on</linkCause> different routes on nuclear signalling employed by the factors.</clue>
</event>
<event CL="L1" KT="Analysis" id="E151">
<type class="Positive_regulation"/>
<theme idref="E13"/>
<cause idref="E20"/>
<clue>The data <clueKT>suggest</clueKT> that differences in <corefTheme>functional responses elicited in monocytes by all three factors</corefTheme> <clueCL>may</clueCL> be <clueType>dependent</clueType> <linkCause>on</linkCause> different routes on nuclear signalling employed by the factors.</clue>
</event>
<event CL="L1" KT="Analysis" id="E152">
<type class="Positive_regulation"/>
<theme idref="E14"/>
<cause idref="E21"/>
<clue>The data <clueKT>suggest</clueKT> that differences in <corefTheme>functional responses elicited in monocytes by all three factors</corefTheme> <clueCL>may</clueCL> be <clueType>dependent</clueType> <linkCause>on</linkCause> different routes on nuclear signalling employed by the factors.</clue>
</event>
<event CL="L1" KT="Analysis" id="E153">
<type class="Positive_regulation"/>
<theme idref="E15"/>
<cause idref="E21"/>
<clue>The data <clueKT>suggest</clueKT> that differences in <corefTheme>functional responses elicited in monocytes by all three factors</corefTheme> <clueCL>may</clueCL> be <clueType>dependent</clueType> <linkCause>on</linkCause> different routes on nuclear signalling employed by the factors.</clue>
</event>
<event CL="L1" KT="Analysis" id="E154">
<type class="Positive_regulation"/>
<theme idref="E16"/>
<cause idref="E21"/>
<clue>The data <clueKT>suggest</clueKT> that differences in <corefTheme>functional responses elicited in monocytes by all three factors</corefTheme> <clueCL>may</clueCL> be <clueType>dependent</clueType> <linkCause>on</linkCause> different routes on nuclear signalling employed by the factors.</clue>
</event>
<event CL="L1" KT="Analysis" id="E155">
<type class="Positive_regulation"/>
<theme idref="E17"/>
<cause idref="E22"/>
<clue>The data <clueKT>suggest</clueKT> that differences in <corefTheme>functional responses elicited in monocytes by all three factors</corefTheme> <clueCL>may</clueCL> be <clueType>dependent</clueType> <linkCause>on</linkCause> different routes on nuclear signalling employed by the factors.</clue>
</event>
<event CL="L1" KT="Analysis" id="E156">
<type class="Positive_regulation"/>
<theme idref="E18"/>
<cause idref="E22"/>
<clue>The data <clueKT>suggest</clueKT> that differences in <corefTheme>functional responses elicited in monocytes by all three factors</corefTheme> <clueCL>may</clueCL> be <clueType>dependent</clueType> <linkCause>on</linkCause> different routes on nuclear signalling employed by the factors.</clue>
</event>
<event CL="L1" KT="Analysis" id="E157">
<type class="Positive_regulation"/>
<theme idref="E19"/>
<cause idref="E22"/>
<clue>The data <clueKT>suggest</clueKT> that differences in <corefTheme>functional responses elicited in monocytes by all three factors</corefTheme> <clueCL>may</clueCL> be <clueType>dependent</clueType> <linkCause>on</linkCause> different routes on nuclear signalling employed by the factors.</clue>
</event>
</AbstractText>
</Abstract></Article></MedlineCitation></PubmedArticle></PubmedArticleSet></Annotation>
