<?xml version='1.0'?><!DOCTYPE Annotation PUBLIC "//GENIA//DTD GENIA ANNOTATION EVENT 2.0//EN_Modified" "../ModifiedGENIAtypes/Modified_GENIA_event_20.dtd"><Annotation annotates="http://www.ncbi.nlm.nih.gov/entrez/eutils/efetch.fcgi?db=pubmed&amp;retmode=xml&amp;rettype=medline&amp;id=1492121" created="16/03/2007" creator="Junko Matsuura"><PubmedArticleSet><PubmedArticle><MedlineCitation>
<PMID>1492121</PMID>
<Article>
<ArticleTitle>
<sentence id="S1">Activation of <term id="T1" lex="lymphokine_gene" sem="DNA_family_or_group">lymphokine genes</term> in <term id="T2" lex="T_cell" sem="Cell_natural">T cells</term>: role of <term id="T3" lex="cis-acting_DNA_element" sem="DNA_domain_or_region">cis-acting DNA elements</term> that respond to <term id="T4" lex="T_cell_activation_signal" sem="Other"><term id="A1" sem="Cell_natural">T cell</term> activation <term id="A2" sem="Other">signals</term></term>.</sentence>
<event KT="Investigation" id="E1">
<type class="Positive_regulation"/>
<theme idref="T1"/>
<clue><clueType>Activation</clueType> <linkTheme>of</linkTheme> lymphokine genes <clueLoc>in T cells</clueLoc>: role of cis-acting DNA elements that respond to T cell activation signals.</clue>
</event>
<event KT="Investigation" id="E2" uncertainty="doubtful">
<type class="Regulation"/>
<theme idref="T1"/>
<cause idref="T3"/>
<clue>Activation of lymphokine genes in T cells: <clueType>role</clueType> <linkCause>of</linkCause> cis-acting DNA elements that respond to T cell activation signals.</clue>
</event>
<event KT="Other" id="E3">
<type class="Regulation"/>
<theme idref="T3"/>
<cause idref="T4"/>
<clue>Activation of lymphokine genes in T cells: role of cis-acting DNA elements that <clueType>respond</clueType> <linkCause>to</linkCause> T cell activation signals.</clue>
</event>
<event KT="Other" id="E4">
<type class="Physiological_process"/>
<theme idref="A2"/>
<cause idref="A1"/>
<clue>Activation of lymphokine genes in T cells: role of cis-acting DNA elements that respond to T cell <clueType>activation</clueType> signals.</clue>
</event>
</ArticleTitle>
<Abstract>
<AbstractText>
<sentence id="S2">Activation of <term id="T5" lex="T_cell" sem="Cell_natural">T cells</term> is initiated by the recognition of <term id="T6" lex="antigen" sem="Peptide">antigen</term> on <term id="T7" lex="antigen_presenting_cell" sem="Cell_natural">antigen presenting cells</term> to exert the <term id="T8" lex="effector_function" sem="Other">effector functions</term> in <term id="T9" lex="immune_response" sem="Other">immune</term> and <term id="T10" lex="inflammatory_response" sem="Other">inflammatory <term id="A3" sem="Other">responses</term></term>.</sentence>
<event KT="Other" id="E5">
<type class="Physiological_process"/>
<theme idref="T5"/>
<clue><clueType>Activation</clueType> <linkTheme>of</linkTheme> T cells is initiated by the recognition of antigen on antigen presenting cells to exert the effector functions in immune and inflammatory responses.</clue>
</event>
<event KT="Other" id="E6">
<type class="Cell_recognition"/>
<theme idref="T6"/>
<theme idref="T7"/>
<clue>Activation of T cells is initiated by the <clueType>recognition</clueType> <linkTheme>of</linkTheme> antigen <linkTheme>on</linkTheme> antigen presenting cells to exert the effector functions in immune and inflammatory responses.</clue>
</event>
<event KT="Fact" id="E7">
<type class="Positive_regulation"/>
<theme idref="E5"/>
<cause idref="E6"/>
<clue>Activation of T cells is <clueType>initiated</clueType> <linkCause>by</linkCause> the recognition of antigen on antigen presenting cells to exert the effector functions in immune and inflammatory responses.</clue>
</event>
<event KT="Other" id="E8">
<type class="Positive_regulation"/>
<theme idref="T9" idref1="A3"/>
<cause idref="E7"/>
<clue>Activation of T cells is initiated by the recognition of antigen on antigen presenting cells to <clueType>exert the effector functions</clueType> <linkTheme>in</linkTheme> immune and inflammatory responses.</clue>
</event>
<event KT="Other" id="E9">
<type class="Positive_regulation"/>
<theme idref="T10"/>
<cause idref="E7"/>
<clue>Activation of T cells is initiated by the recognition of antigen on antigen presenting cells to <clueType>exert the effector functions</clueType> <linkTheme>in</linkTheme> immune and inflammatory responses.</clue>
</event>
<sentence id="S3">Two types of <term id="T11" lex="helper_T_cell_(Th)_clones" sem="Cell_cultured">helper T cell (Th) clones</term> (<term id="T12" lex="Th1" sem="Cell_cultured">Th1</term> and <term id="T13" lex="Th2" sem="Cell_cultured">Th2</term>) are defined on the basis of different patterns of <term id="T14" lex="cytokine" sem="Protein_family_or_group">cytokine</term> (<term id="T15" lex="lymphokine" sem="Protein_family_or_group">lymphokine</term>) secretion.</sentence>
<event KT="Other" id="E10">
<type class="Localization"/>
<theme idref="T15"/>
<clue>Two types of helper T cell (Th) clones (Th1 and Th2) are defined on the basis of different patterns of cytokine (lymphokine) <clueType>secretion</clueType>.</clue>
</event>
<sentence id="S4">They determine the outcome of an <term id="A7" sem="Protein_family_or_group">antigenic</term> response toward <cons id="T16" lex="(OR humoral_immunity cell-mediated_immunity)" sem="(OR Other Other)"><frag id="F1"><term id="A4" sem="Tissue_natural">humoral</term></frag> or <frag id="F2"><term id="A5" sem="Unicellular_organism">cell</term>-mediated</frag> <frag id="F3"><term id="A6" sem="Other">immunity</term></frag></cons>.</sentence>
<event KT="Other" id="E11">
<type class="Positive_regulation"/>
<theme idref="A6"/>
<cause idref="A4"/>
<clue>They determine the outcome of an antigenic response toward humoral or cell-<clueType>mediated</clueType> immunity.</clue>
</event>
<event KT="Other" id="E12">
<type class="Positive_regulation"/>
<theme idref="A6"/>
<cause idref="A5"/>
<clue>They determine the outcome of an antigenic response toward humoral or cell-<clueType>mediated</clueType> immunity.</clue>
</event>
<event KT="Other" id="E13">
<type class="Positive_regulation"/>
<theme idref="E11"/>
<cause idref="A7"/>
<clue>They determine the outcome of an antigenic <clueType>response</clueType> <linkTheme>toward</linkTheme> humoral or cell-mediated immunity.</clue>
</event>
<event KT="Other" id="E14">
<type class="Positive_regulation"/>
<theme idref="E12"/>
<cause idref="A7"/>
<clue>They determine the outcome of an antigenic <clueType>response</clueType> <linkTheme>toward</linkTheme> humoral or cell-mediated immunity.</clue>
</event>
<event KT="Fact" id="E15">
<type class="Regulation"/>
<theme idref="E13"/>
<cause idref="T12"/>
<clue><corefCause>They</corefCause> <clueType>determine</clueType> the outcome of an antigenic response toward humoral or cell-mediated immunity.</clue>
</event>
<event KT="Fact" id="E16">
<type class="Regulation"/>
<theme idref="E13"/>
<cause idref="T13"/>
<clue><corefCause>They</corefCause> <clueType>determine</clueType> the outcome of an antigenic response toward humoral or cell-mediated immunity.</clue>
</event>
<event KT="Fact" id="E17">
<type class="Regulation"/>
<theme idref="E14"/>
<cause idref="T12"/>
<clue><corefCause>They</corefCause> <clueType>determine</clueType> the outcome of an antigenic response toward humoral or cell-mediated immunity.</clue>
</event>
<event KT="Fact" id="E18">
<type class="Regulation"/>
<theme idref="E14"/>
<cause idref="T13"/>
<clue><corefCause>They</corefCause> <clueType>determine</clueType> the outcome of an antigenic response toward humoral or cell-mediated immunity.</clue>
</event>
<sentence id="S5">Although <term id="T17" lex="lymphokine_gene" sem="DNA_family_or_group"><term id="T18" lex="lymphokine" sem="Protein_family_or_group">lymphokine</term> genes</term> are coordinately regulated upon <term id="T19" lex="antigen_stimulation" sem="Other"><term id="A8" sem="Protein_family_or_group">antigen</term> stimulation</term>, they are regulated by the mechanisms common to all as well as those which are unique to each gene.</sentence>
<event KT="Other" id="E19">
<type class="Positive_regulation"/>
<cause idref="A8"/>
<clue>Although lymphokine genes are coordinately regulated upon antigen <clueType>stimulation</clueType>, they are regulated by the mechanisms common to all as well as those which are unique to each gene.</clue>
</event>
<event KT="Fact" id="E20">
<type class="Regulation"/>
<theme idref="T17"/>
<cause idref="E19"/>
<clue>Although lymphokine genes are coordinately <clueType>regulated</clueType> <linkCause>upon</linkCause> antigen stimulation, they are regulated by the mechanisms common to all as well as those which are unique to each gene.</clue>
</event>
<sentence id="S6">For most <term id="T20" lex="lymphokine_gene" sem="DNA_family_or_group">lymphokine genes</term>, a combination of <term id="T21" lex="phorbol_ester" sem="Organic_compound_other">phorbol esters</term> (<term id="T22" lex="phorbol_12-myristate_13_acetate" sem="Organic_compound_other">phorbol 12-myristate 13 acetate</term>, <term id="T23" lex="PMA" sem="Organic_compound_other">PMA</term>) and <term id="T24" lex="calcium_ionophore" sem="Organic_compound_other">calcium ionophores</term> (<term id="T25" lex="A23187" sem="Organic_compound_other">A23187</term>) is required for their maximal induction.</sentence>
<event KT="Other" id="E21">
<type class="Positive_regulation"/>
<theme idref="T20"/>
<clue>For most lymphokine genes, a combination of phorbol esters (phorbol 12-myristate 13 acetate, PMA) and calcium ionophores (A23187) is required for their maximal <clueType>induction</clueType>.</clue>
</event>
<event KT="Fact" id="E22">
<type class="Positive_regulation"/>
<theme idref="E21"/>
<cause idref="T23"/>
<cause idref="T25"/>
<clue>For most lymphokine genes, a combination of phorbol esters (phorbol 12-myristate 13 acetate, PMA) and calcium ionophores (A23187) is <clueType>required</clueType> <linkTheme>for</linkTheme> their maximal induction.</clue>
</event>
<sentence id="S7">Yet <term id="T26" lex="phorbol_ester" sem="Organic_compound_other">phorbol ester</term> alone or <term id="T27" lex="calcium_ionophore" sem="Organic_compound_other">calcium ionophore</term> alone produce several <term id="T28" lex="lymphokine" sem="Protein_family_or_group">lymphokines</term>.</sentence>
<event KT="Fact" id="E23">
<type class="Gene_expression"/>
<theme idref="T28"/>
<clue>Yet phorbol ester alone or calcium ionophore alone <clueType>produce</clueType> several lymphokines.</clue>
</event>
<event KT="Fact" id="E24">
<type class="Positive_regulation"/>
<theme idref="E23"/>
<cause idref="T26"/>
<clue>Yet phorbol ester alone or calcium ionophore alone <clueType>produce</clueType> several lymphokines.</clue>
</event>
<event KT="Fact" id="E25">
<type class="Positive_regulation"/>
<theme idref="E23"/>
<cause idref="T27"/>
<clue>Yet phorbol ester alone or calcium ionophore alone <clueType>produce</clueType> several lymphokines.</clue>
</event>
<sentence id="S8">The production of the <term id="T29" lex="granulocyte-macrophage_colony_stimulating_factor" sem="Protein_molecule">granulocyte-macrophage colony stimulating factor</term> (<term id="T30" lex="GM-CSF" sem="Protein_molecule">GM-CSF</term>) is completely dependent on the two signals.</sentence>
<event KT="Other" id="E26">
<type class="Gene_expression"/>
<theme idref="T30"/>
<clue>The <clueType>production</clueType> <linkTheme>of</linkTheme> the granulocyte-macrophage colony stimulating factor (GM-CSF) is completely dependent on the two signals.</clue>
</event>
<event KT="Fact" id="E27">
<type class="Positive_regulation"/>
<theme idref="E26"/>
<cause idref="T26"/>
<cause idref="T27"/>
<clue>The production of the granulocyte-macrophage colony stimulating factor (GM-CSF) is completely <clueType>dependent</clueType> <linkTheme>on</linkTheme> <corefCause>the two signals</corefCause>.</clue>
</event>
<sentence id="S9">We have previously found a <term id="A10" sem="DNA_domain_or_region"><term id="T31" lex="cis-acting_region" sem="DNA_domain_or_region">cis-acting region</term> spanning the <term id="T32" lex="GM-CSF_promoter_region" sem="DNA_domain_or_region"><term id="T33" lex="GM-CSF" sem="Protein_molecule">GM-CSF</term> promoter region</term></term> (positions -95 to +27) that confers inducibility to <term id="T34" lex="reporter_gene" sem="DNA_family_or_group">reporter genes</term> in <term id="T35" lex="transient_transfection_assay" sem="Other">transient transfection assays</term>.</sentence>
<event Source="Other" id="E28">
<type class="Positive_regulation"/>
<theme idref="T34"/>
<cause idref="A5"/>
<clue>We have <clueSource>previously</clueSource> <clueKT>found</clueKT> a cis-acting region spanning the GM-CSF promoter region (positions -95 to +27) that confers <clueType>inducibility</clueType> <linkTheme>to</linkTheme> reporter genes <clueExperiment>in transient transfection assays</clueExperiment>.</clue>
</event>
<sentence id="S10">Further analysis identified three elements required for efficient induction, referred to as <term id="T36" lex="GM2" sem="DNA_domain_or_region">GM2</term>, <term id="T37" lex="GC-box" sem="DNA_domain_or_region">GC-box</term> and <term id="T38" lex="conserved_lymphokine_element" sem="DNA_domain_or_region">conserved <term id="T39" lex="lymphokine" sem="Protein_family_or_group">lymphokine</term> element</term> (<term id="T40" lex="CLE0" sem="DNA_domain_or_region">CLE0</term>).</sentence>
<event KT="Analysis" id="E29">
<type class="Positive_regulation"/>
<theme idref="E28"/>
<cause idref="T36"/>
<clue>Further analysis <clueKT>identified</clueKT> three elements <clueType>required</clueType> <linkTheme>for</linkTheme> <corefTheme>efficient induction</corefTheme>, referred to as GM2, GC-box and conserved lymphokine element (CLE0).</clue>
</event>
<event KT="Analysis" id="E30">
<type class="Positive_regulation"/>
<theme idref="E28"/>
<cause idref="T37"/>
<clue>Further analysis <clueKT>identified</clueKT> three elements <clueType>required</clueType> <linkTheme>for</linkTheme> <corefTheme>efficient induction</corefTheme>, referred to as GM2, GC-box and conserved lymphokine element (CLE0).</clue>
</event>
<event KT="Analysis" id="E31">
<type class="Positive_regulation"/>
<theme idref="E28"/>
<cause idref="T40"/>
<clue>Further analysis <clueKT>identified</clueKT> three elements <clueType>required</clueType> <linkTheme>for</linkTheme> <corefTheme>efficient induction</corefTheme>, referred to as GM2, GC-box and conserved lymphokine element (CLE0).</clue>
</event>
<sentence id="S11"><term id="T41" lex="GM2" sem="DNA_domain_or_region">GM2</term> defines a <term id="T42" lex="binding_site" sem="DNA_domain_or_region">binding site</term> for <term id="A11" sem="Protein_family_or_group">protein(s)</term> whose binding is inducible by <term id="T43" lex="PMA" sem="Organic_compound_other">PMA</term>.</sentence>
<event KT="Other" id="E32">
<type class="Binding"/>
<theme idref="T41"/>
<theme idref="A11"/>
<clue>GM2 defines a <clueType>binding site</clueType> <linkTheme>for</linkTheme> protein(s) whose binding is inducible by PMA.</clue>
</event>
<event KT="Analysis" id="E33">
<type class="Positive_regulation"/>
<theme idref="E32"/>
<cause idref="T43"/>
<clue>GM2 <clueKT>defines</clueKT> a binding site for protein(s) whose binding is <clueType>inducible</clueType> <linkCause>by</linkCause> PMA.</clue>
</event>
<sentence id="S12">One protein, <term id="T44" lex="NF-GM2" sem="Protein_molecule">NF-GM2</term> is similar to the <term id="T45" lex="transcription_factor" sem="Protein_family_or_group">transcription factor</term> <term id="T46" lex="NF-kB" sem="Protein_molecule">NF-kB</term>.</sentence>
<sentence id="S13"><term id="T47" lex="GC-box" sem="DNA_domain_or_region">GC-box</term> is a <term id="T48" lex="binding_site" sem="DNA_domain_or_region">binding site</term> for <term id="T49" lex="constitutively_bound_protein" sem="Protein_family_or_group">constitutively bound proteins</term>.</sentence>
<event id="E34">
<type class="Binding"/>
<theme idref="T47"/>
<theme idref="T49"/>
<clue>GC-box is a <clueType>binding site</clueType> <linkTheme>for</linkTheme> constitutively bound proteins.</clue>
</event>
<sentence id="S14"><term id="A12" sem="DNA_domain_or_region">CLEO</term> defines a <term id="T50" lex="binding_site" sem="DNA_domain_or_region">binding site</term> for <term id="A13" sem="Protein_family_or_group">protein(s)</term> whose optimum binding is stimulated by <term id="T51" lex="PMA" sem="Organic_compound_other">PMA</term> and <term id="T52" lex="A23187" sem="Organic_compound_other">A23187</term>.</sentence>
<event KT="Other" id="E35">
<type class="Binding"/>
<theme idref="A12"/>
<theme idref="A13"/>
<clue>CLEO defines a <clueType>binding site</clueType> <linkTheme>for</linkTheme> protein(s) whose optimum binding is stimulated by PMA and A23187.</clue>
</event>
<event KT="Analysis" id="E36">
<type class="Positive_regulation"/>
<theme idref="E35"/>
<cause idref="T51"/>
<clue>CLEO <clueKT>defines</clueKT> a binding site for protein(s) whose optimum binding is <clueType>stimulated</clueType> <linkCause>by</linkCause> PMA and A23187.</clue>
</event>
<event KT="Analysis" id="E37">
<type class="Positive_regulation"/>
<theme idref="E35"/>
<cause idref="T52"/>
<clue>CLEO <clueKT>defines</clueKT> a binding site for protein(s) whose optimum binding is <clueType>stimulated</clueType> <linkCause>by</linkCause> PMA and A23187.</clue>
</event>
<sentence id="S15"><term id="T53" lex="viral_trans-activator" sem="Protein_family_or_group">Viral trans-activators</term> such as <term id="T54" lex="Tax" sem="Protein_family_or_group">Tax</term> (<term id="T55" lex="human_T_cell_leukemia_virus-1" sem="Virus">human T cell leukemia virus-1</term>, <term id="T56" lex="HTLV-1" sem="Virus">HTLV-1</term>) and <term id="T57" lex="E2" sem="Protein_molecule">E2</term> (<term id="T58" lex="bovine_papilloma_virus" sem="Virus">bovine papilloma virus</term>, <term id="T59" lex="BPV" sem="Virus">BPV</term>) proteins are other agents which activate <term id="T60" lex="lymphokine_gene_expression" sem="Other"><term id="T61" lex="lymphokine_gene" sem="DNA_domain_or_region">lymphokine gene</term> expression</term> by bypassing <term id="T62" lex="T_cell_receptor_(TCR)_mediated_signaling" sem="Other"><term id="T63" lex="T_cell_receptor" sem="Protein_family_or_group">T cell receptor</term> (<term id="T64" lex="TCR" sem="Protein_family_or_group">TCR</term>) mediated signaling</term>.</sentence>
<event KT="Other" id="E38">
<type class="Gene_expression"/>
<theme idref="T61"/>
<clue>Viral trans-activators such as Tax (human T cell leukemia virus-1, HTLV-1) and E2 (bovine papilloma virus, BPV) proteins are other agents which activate lymphokine gene <clueType>expression</clueType> by bypassing T cell receptor (TCR) mediated signaling.</clue>
</event>
<event KT="Other" id="E39">
<type class="Cell_communication"/>
<theme idref="T64"/>
<clue>Viral trans-activators such as Tax (human T cell leukemia virus-1, HTLV-1) and E2 (bovine papilloma virus, BPV) proteins are other agents which activate lymphokine gene expression by bypassing T cell receptor (TCR) mediated <clueType>signaling</clueType>.</clue>
</event>
<event KT="Other" id="E40">
<type/>
<theme idref="E39"/>
<clue>Viral trans-activators such as Tax (human T cell leukemia virus-1, HTLV-1) and E2 (bovine papilloma virus, BPV) proteins are other agents which activate lymphokine gene expression by <clueType>bypassing</clueType> T cell receptor (TCR) mediated signaling.</clue>
<comment>SOO</comment></event>
<event KT="Other" id="E41">
<type class="Positive_regulation"/>
<theme idref="E38"/>
<cause idref="T53"/>
<clue>Viral trans-activators such as Tax (human T cell leukemia virus-1, HTLV-1) and E2 (bovine papilloma virus, BPV) proteins are other agents which <clueType>activate</clueType> lymphokine gene expression by bypassing T cell receptor (TCR) mediated signaling.</clue>
</event>
<event KT="Other" id="E42">
<type class="Positive_regulation"/>
<theme idref="E38"/>
<cause idref="T54"/>
<clue><corefCause>Viral trans-activators</corefCause> such as Tax (human T cell leukemia virus-1, HTLV-1) and E2 (bovine papilloma virus, BPV) proteins are other agents which <clueType>activate</clueType> lymphokine gene expression by bypassing T cell receptor (TCR) mediated signaling.</clue>
</event>
<event KT="Other" id="E43">
<type class="Positive_regulation"/>
<theme idref="E38"/>
<cause idref="T57"/>
<clue><corefCause>Viral trans-activators</corefCause> such as Tax (human T cell leukemia virus-1, HTLV-1) and E2 (bovine papilloma virus, BPV) proteins are other agents which <clueType>activate</clueType> lymphokine gene expression by bypassing T cell receptor (TCR) mediated signaling.</clue>
</event>
<event KT="Fact" id="E44">
<type class="Positive_regulation"/>
<theme idref="E41"/>
<cause idref="E40"/>
<clue>Viral trans-activators such as Tax (human T cell leukemia virus-1, HTLV-1) and E2 (bovine papilloma virus, BPV) proteins are other agents which activate lymphokine gene expression <linkCause>by</linkCause> bypassing T cell receptor (TCR) mediated signaling.</clue>
<comment>NO CLUETYPE</comment></event>
<event KT="Fact" id="E45">
<type class="Positive_regulation"/>
<theme idref="E42"/>
<cause idref="E40"/>
<clue>Viral trans-activators such as Tax (human T cell leukemia virus-1, HTLV-1) and E2 (bovine papilloma virus, BPV) proteins are other agents which activate lymphokine gene expression <linkCause>by</linkCause> bypassing T cell receptor (TCR) mediated signaling.</clue>
<comment>NO CLUETYPE</comment></event>
<event KT="Fact" id="E46">
<type class="Positive_regulation"/>
<theme idref="E43"/>
<cause idref="E40"/>
<clue>Viral trans-activators such as Tax (human T cell leukemia virus-1, HTLV-1) and E2 (bovine papilloma virus, BPV) proteins are other agents which activate lymphokine gene expression <linkCause>by</linkCause> bypassing T cell receptor (TCR) mediated signaling.</clue>
<comment>NO CLUETYPE</comment></event>
<sentence id="S16">The trans-activation domain of <term id="T65" lex="E2" sem="Protein_molecule">E2</term> and <term id="T66" lex="Tax" sem="Protein_family_or_group">Tax</term> is interchangeable although they have no obvious sequence homology between them.</sentence>
<sentence id="S17">The <term id="T67" lex="viral_trans-activator" sem="Protein_family_or_group">viral trans-activators</term> appear to target specific <term id="T68" lex="DNA_binding_protein" sem="Protein_family_or_group">DNA binding protein</term> such as <term id="T69" lex="NF-kB" sem="Protein_family_or_group">NF-kB</term> and <term id="T70" lex="Sp1" sem="Protein_molecule">Sp1</term> to <term id="T71" lex="cis-acting_DNA_site" sem="DNA_domain_or_region">cis-acting DNA site</term> and promote <term id="T72" lex="lymphokine_gene_expression" sem="Other"><term id="T73" lex="lymphokine_gene" sem="DNA_domain_or_region">lymphokine gene</term> expression</term> without <term id="T74" lex="TCR-mediated_stimulation" sem="Other"><term id="T75" lex="TCR" sem="Protein_family_or_group">TCR</term>-mediated stimulation</term>.</sentence>
<event KT="Other" id="E47">
<type class="Binding"/>
<theme idref="T71"/>
<theme idref="T68"/>
<clue>The viral trans-activators appear to <clueType>target</clueType> specific DNA binding protein such as NF-kB and Sp1 <linkTheme>to</linkTheme> cis-acting DNA site and promote lymphokine gene expression without TCR-mediated stimulation.</clue>
</event>
<event KT="Other" id="E48">
<type class="Binding"/>
<theme idref="T71"/>
<theme idref="T69"/>
<clue>The viral trans-activators appear to <clueType>target</clueType> specific <corefTheme idref1="T69">DNA binding protein</corefTheme> such as NF-kB and Sp1 <linkTheme>to</linkTheme> cis-acting DNA site and promote lymphokine gene expression without TCR-mediated stimulation.</clue>
</event>
<event KT="Other" id="E49">
<type class="Binding"/>
<theme idref="T71"/>
<theme idref="T70"/>
<clue>The viral trans-activators appear to <clueType>target</clueType> specific <corefTheme idref1="T70">DNA binding protein</corefTheme> such as NF-kB and Sp1 <linkTheme>to</linkTheme> cis-acting DNA site and promote lymphokine gene expression without TCR-mediated stimulation.</clue>
</event>
<event CL="L2" KT="Analysis" id="E50" uncertainty="probable">
<type class="Positive_regulation"/>
<theme idref="E47"/>
<cause idref="T54"/>
<clue><corefCause>The viral trans-activators</corefCause> <clueKT><clueCL>appear</clueCL></clueKT> to <clueType>target</clueType> specific DNA binding protein such as NF-kB and Sp1 to cis-acting DNA site and promote lymphokine gene expression without TCR-mediated stimulation.</clue>
</event>
<event CL="L2" KT="Analysis" id="E51" uncertainty="probable">
<type class="Positive_regulation"/>
<theme idref="E47"/>
<cause idref="T57"/>
<clue><corefCause>The viral trans-activators</corefCause> <clueKT><clueCL>appear</clueCL></clueKT> to <clueType>target</clueType> specific DNA binding protein such as NF-kB and Sp1 to cis-acting DNA site and promote lymphokine gene expression without TCR-mediated stimulation.</clue>
</event>
<event CL="L2" KT="Analysis" id="E52" uncertainty="probable">
<type class="Positive_regulation"/>
<theme idref="E48"/>
<cause idref="T54"/>
<clue><corefCause>The viral trans-activators</corefCause> <clueKT><clueCL>appear</clueCL></clueKT> to <clueType>target</clueType> specific DNA binding protein such as NF-kB and Sp1 to cis-acting DNA site and promote lymphokine gene expression without TCR-mediated stimulation.</clue>
</event>
<event CL="L2" KT="Analysis" id="E53" uncertainty="probable">
<type class="Positive_regulation"/>
<theme idref="E48"/>
<cause idref="T57"/>
<clue><corefCause>The viral trans-activators</corefCause> <clueKT><clueCL>appear</clueCL></clueKT> to <clueType>target</clueType> specific DNA binding protein such as NF-kB and Sp1 to cis-acting DNA site and promote lymphokine gene expression without TCR-mediated stimulation.</clue>
</event>
<event CL="L2" KT="Analysis" id="E54" uncertainty="probable">
<type class="Positive_regulation"/>
<theme idref="E49"/>
<cause idref="T54"/>
<clue><corefCause>The viral trans-activators</corefCause> <clueKT><clueCL>appear</clueCL></clueKT> to <clueType>target</clueType> specific DNA binding protein such as NF-kB and Sp1 to cis-acting DNA site and promote lymphokine gene expression without TCR-mediated stimulation.</clue>
</event>
<event CL="L2" KT="Analysis" id="E55" uncertainty="probable">
<type class="Positive_regulation"/>
<theme idref="E49"/>
<cause idref="T57"/>
<clue><corefCause>The viral trans-activators</corefCause> <clueKT><clueCL>appear</clueCL></clueKT> to <clueType>target</clueType> specific DNA binding protein such as NF-kB and Sp1 to cis-acting DNA site and promote lymphokine gene expression without TCR-mediated stimulation.</clue>
</event>
<event KT="Other" id="E56">
<type class="Gene_expression"/>
<theme idref="T73"/>
<clue>The viral trans-activators appear to target specific DNA binding protein such as NF-kB and Sp1 to cis-acting DNA site and promote lymphokine gene <clueType>expression</clueType> without TCR-mediated stimulation.</clue>
</event>
<event KT="Other" id="E57" uncertainty="probable">
<type class="Positive_regulation"/>
<theme idref="E56"/>
<cause idref="E50"/>
<clue>The viral trans-activators appear to target specific DNA binding protein such as NF-kB and Sp1 to cis-acting DNA site and <clueType>promote</clueType> lymphokine gene expression without TCR-mediated stimulation.</clue>
</event>
<event KT="Other" id="E58" uncertainty="probable">
<type class="Positive_regulation"/>
<theme idref="E56"/>
<cause idref="E51"/>
<clue>The viral trans-activators appear to target specific DNA binding protein such as NF-kB and Sp1 to cis-acting DNA site and <clueType>promote</clueType> lymphokine gene expression without TCR-mediated stimulation.</clue>
</event>
<event KT="Other" id="E59" uncertainty="probable">
<type class="Positive_regulation"/>
<theme idref="E56"/>
<cause idref="E52"/>
<clue>The viral trans-activators appear to target specific DNA binding protein such as NF-kB and Sp1 to cis-acting DNA site and <clueType>promote</clueType> lymphokine gene expression without TCR-mediated stimulation.</clue>
</event>
<event KT="Other" id="E60" uncertainty="probable">
<type class="Positive_regulation"/>
<theme idref="E56"/>
<cause idref="E53"/>
<clue>The viral trans-activators appear to target specific DNA binding protein such as NF-kB and Sp1 to cis-acting DNA site and <clueType>promote</clueType> lymphokine gene expression without TCR-mediated stimulation.</clue>
</event>
<event KT="Other" id="E61" uncertainty="probable">
<type class="Positive_regulation"/>
<theme idref="E56"/>
<cause idref="E54"/>
<clue>The viral trans-activators appear to target specific DNA binding protein such as NF-kB and Sp1 to cis-acting DNA site and <clueType>promote</clueType> lymphokine gene expression without TCR-mediated stimulation.</clue>
</event>
<event KT="Other" id="E62" uncertainty="probable">
<type class="Positive_regulation"/>
<theme idref="E56"/>
<cause idref="E55"/>
<clue>The viral trans-activators appear to target specific DNA binding protein such as NF-kB and Sp1 to cis-acting DNA site and <clueType>promote</clueType> lymphokine gene expression without TCR-mediated stimulation.</clue>
</event>
<event KT="Other" id="E63">
<type class="Positive_regulation"/>
<cause idref="T75"/>
<clue>The viral trans-activators appear to target specific DNA binding protein such as NF-kB and Sp1 to cis-acting DNA site and promote lymphokine gene expression without TCR-<linkCause>mediated</linkCause> <clueType>stimulation</clueType>.</clue>
</event>
<event CL="L2" KT="Analysis" Polarity="Negative" assertion="non-exist" id="E64" uncertainty="probable">
<type class="Positive_regulation"/>
<theme idref="E57"/>
<cause idref="E63"/>
<clue>The viral trans-activators <clueKT><clueCL>appear</clueCL></clueKT> to target specific DNA binding protein such as NF-kB and Sp1 to cis-acting DNA site and promote lymphokine gene expression <clueType><cluePolarity>without</cluePolarity></clueType> TCR-mediated stimulation.</clue>
</event>
<event CL="L2" KT="Analysis" Polarity="Negative" assertion="non-exist" id="E65" uncertainty="probable">
<type class="Positive_regulation"/>
<theme idref="E58"/>
<cause idref="E63"/>
<clue>The viral trans-activators <clueKT><clueCL>appear</clueCL></clueKT> to target specific DNA binding protein such as NF-kB and Sp1 to cis-acting DNA site and promote lymphokine gene expression <clueType><cluePolarity>without</cluePolarity></clueType> TCR-mediated stimulation.</clue>
</event>
<event CL="L2" KT="Analysis" Polarity="Negative" assertion="non-exist" id="E66" uncertainty="probable">
<type class="Positive_regulation"/>
<theme idref="E59"/>
<cause idref="E63"/>
<clue>The viral trans-activators <clueKT><clueCL>appear</clueCL></clueKT> to target specific DNA binding protein such as NF-kB and Sp1 to cis-acting DNA site and promote lymphokine gene expression <clueType><cluePolarity>without</cluePolarity></clueType> TCR-mediated stimulation.</clue>
</event>
<event CL="L2" KT="Analysis" Polarity="Negative" assertion="non-exist" id="E67" uncertainty="probable">
<type class="Positive_regulation"/>
<theme idref="E60"/>
<cause idref="E63"/>
<clue>The viral trans-activators <clueKT><clueCL>appear</clueCL></clueKT> to target specific DNA binding protein such as NF-kB and Sp1 to cis-acting DNA site and promote lymphokine gene expression <clueType><cluePolarity>without</cluePolarity></clueType> TCR-mediated stimulation.</clue>
</event>
<event CL="L2" KT="Analysis" Polarity="Negative" assertion="non-exist" id="E68" uncertainty="probable">
<type class="Positive_regulation"/>
<theme idref="E61"/>
<cause idref="E63"/>
<clue>The viral trans-activators <clueKT><clueCL>appear</clueCL></clueKT> to target specific DNA binding protein such as NF-kB and Sp1 to cis-acting DNA site and promote lymphokine gene expression <clueType><cluePolarity>without</cluePolarity></clueType> TCR-mediated stimulation.</clue>
</event>
<event CL="L2" KT="Analysis" Polarity="Negative" assertion="non-exist" id="E69" uncertainty="probable">
<type class="Positive_regulation"/>
<theme idref="E62"/>
<cause idref="E63"/>
<clue>The viral trans-activators <clueKT><clueCL>appear</clueCL></clueKT> to target specific DNA binding protein such as NF-kB and Sp1 to cis-acting DNA site and promote lymphokine gene expression <clueType><cluePolarity>without</cluePolarity></clueType> TCR-mediated stimulation.</clue>
</event>
</AbstractText>
</Abstract></Article></MedlineCitation></PubmedArticle></PubmedArticleSet></Annotation>
