<?xml version='1.0'?><!DOCTYPE Annotation PUBLIC "//GENIA//DTD GENIA ANNOTATION EVENT 2.0//EN_Modified" "../ModifiedGENIAtypes/Modified_GENIA_event_20.dtd"><Annotation annotates="http://www.ncbi.nlm.nih.gov/entrez/eutils/efetch.fcgi?db=pubmed&amp;retmode=xml&amp;rettype=medline&amp;id=1620122" created="21/02/2007" creator="Junko Matsuura"><PubmedArticleSet><PubmedArticle><MedlineCitation>
<PMID>1620122</PMID>
<Article>
<ArticleTitle>
<sentence id="S1">Induction of the <term id="T1" lex="POU_domain_transcription_factor" sem="Protein_molecule">POU domain <term id="T2" lex="transcription_factor" sem="Protein_family_or_group">transcription factor</term></term> <term id="T3" lex="Oct-2" sem="Protein_molecule">Oct-2</term> during <term id="T4" lex="T-cell_activation" sem="Other"><term id="T5" lex="T-cell" sem="Cell_natural">T-cell</term> activation</term> by <term id="T6" lex="cognate_antigen" sem="Protein_family_or_group">cognate antigen</term>.</sentence>
<event KT="Other" id="E1">
<type class="Physiological_process"/>
<theme idref="T5"/>
<cause idref="T6"/>
<clue>Induction of the POU domain transcription factor Oct-2 during T-cell <clueType>activation</clueType> <linkCause>by</linkCause> cognate antigen.</clue>
</event>
<event KT="Investigation" id="E2">
<type class="Positive_regulation"/>
<theme idref="T1"/>
<cause idref="E1"/>
<clue><clueType>Induction</clueType> <linkTheme>of</linkTheme> the POU domain transcription factor Oct-2 <linkCause>during</linkCause> T-cell activation by cognate antigen.</clue>
</event>
<event KT="Investigation" id="E3">
<type class="Positive_regulation"/>
<theme idref="T3"/>
<cause idref="E1"/>
<clue><clueType>Induction</clueType> <linkTheme>of</linkTheme> the <corefTheme>POU domain transcription factor</corefTheme> Oct-2 <linkCause>during</linkCause> T-cell activation by cognate antigen.</clue>
</event>
</ArticleTitle>
<Abstract>
<AbstractText>
<sentence id="S2"><term id="T7" lex="Oct-2" sem="Protein_molecule">Oct-2</term> is a <term id="T8" lex="transcription_factor" sem="Protein_family_or_group">transcription factor</term> that binds specifically to <term id="T9" lex="octamer_DNA_motif" sem="DNA_domain_or_region">octamer DNA motifs</term> in the <term id="T10" lex="promoter" sem="DNA_domain_or_region">promoters</term> of <cons id="T11" lex="(AND immunoglobulin_gene interleukin-2_gene)" sem="(AND DNA_family_or_group DNA_family_or_group)"><frag id="F1">immunoglobulin</frag> and <frag id="F2">interleukin-2</frag> <frag id="F3">genes</frag></cons>.</sentence>
<event KT="Fact" id="E4">
<type class="Binding"/>
<theme idref="T7"/>
<theme idref="T9"/>
<clue>Oct-2 is a transcription factor that <clueType>binds</clueType> specifically <linkTheme>to</linkTheme> octamer DNA motifs in the promoters of immunoglobulin and interleukin-2 genes.</clue>
</event>
<sentence id="S3">All <term id="T12" lex="tumor_cell_line" sem="Cell_cultured">tumor cell lines</term> from the <term id="T13" lex="B-cell_lineage" sem="Cell_natural">B-cell lineage</term> and a few from the <term id="T14" lex="T-cell_lineage" sem="Cell_natural">T-cell lineage</term> express <term id="T15" lex="Oct-2" sem="Protein_molecule">Oct-2</term>.</sentence>
<event KT="Fact" id="E300">
<type class="Gene_expression"/>
<theme idref="T15"/>
<clue><clueLoc>All tumor cell lines from the B-cell lineage</clueLoc> and a few from the T-cell lineage <clueType>express</clueType> Oct-2.</clue>
</event>
<event KT="Fact" id="E301">
<type class="Gene_expression"/>
<theme idref="T15"/>
<clue>All tumor <clueLoc>cell lines</clueLoc> from the B-cell lineage and a few <clueLoc>from the T-cell lineage</clueLoc> <clueType>express</clueType> Oct-2.</clue>
</event>
<sentence id="S4">To address the role of <term id="T16" lex="Oct-2" sem="Protein_molecule">Oct-2</term> in the <term id="T17" lex="T-cell_lineage" sem="Cell_natural">T-cell lineage</term>, we studied the expression of <term id="T18" lex="Oct-2_mRNA" sem="RNA_molecule"><term id="T19" lex="Oct-2" sem="Protein_molecule">Oct-2</term> mRNA</term> and protein in <cons id="T20" lex="(AND nontransformed_human_T_cell nontransformed_mouse_T_cell)" sem="(AND Cell_cultured Cell_cultured)"><frag id="F4">nontransformed</frag> <frag id="F5">human</frag> and <frag id="F6">mouse</frag> <frag id="F7">T cells</frag></cons>.</sentence>
<event KT="Investigation" id="E6" uncertainty="doubtful">
<type class="Regulation"/>
<cause idref="T16"/>
<clue><clueKT>To address</clueKT> the <clueType>role</clueType> <linkTheme>of</linkTheme> Oct-2 <clueLoc>in the T-cell lineage</clueLoc>, we studied the expression of Oct-2 mRNA and protein in nontransformed human and mouse T cells.</clue>
</event>
<event KT="Investigation" id="E302" uncertainty="doubtful">
<type class="Transcription"/>
<theme idref="T18"/>
<clue>To address the role of Oct-2 in the T-cell lineage, we <clueKT>studied</clueKT> the <clueType>expression</clueType> <linkTheme>of</linkTheme> Oct-2 mRNA and protein <clueLoc>in nontransformed human</clueLoc> and mouse <clueLoc>T cells</clueLoc>.</clue>
</event>
<event KT="Investigation" id="E303" uncertainty="doubtful">
<type class="Transcription"/>
<theme idref="T18"/>
<clue>To address the role of Oct-2 in the T-cell lineage, we <clueKT>studied</clueKT> the <clueType>expression</clueType> <linkTheme>of</linkTheme> Oct-2 mRNA and protein <clueLoc>in nontransformed</clueLoc> human and <clueLoc>mouse T cells</clueLoc>.</clue>
</event>
<event KT="Investigation" id="E304">
<type class="Gene_expression"/>
<theme idref="T19"/>
<clue>To address the role of Oct-2 in the T-cell lineage, we <clueKT>studied</clueKT> the <clueType>expression</clueType> <linkTheme>of</linkTheme> Oct-2 mRNA and protein <clueLoc>in nontransformed human</clueLoc> and mouse T <clueLoc>cells</clueLoc>.</clue>
</event>
<event KT="Investigation" id="E305">
<type class="Gene_expression"/>
<theme idref="T19"/>
<clue>To address the role of Oct-2 in the T-cell lineage, we <clueKT>studied</clueKT> the <clueType>expression</clueType> <linkTheme>of</linkTheme> Oct-2 mRNA and protein <clueLoc>in nontransformed</clueLoc> human and <clueLoc>mouse T cells</clueLoc>.</clue>
</event>
<sentence id="S5"><term id="T21" lex="Oct-2" sem="Protein_molecule">Oct-2</term> was found in <cons id="T22" lex="(AND CD4+_Tcell CD8+_T_cell)" sem="(AND Cell_cultured Cell_cultured)"><frag id="F8">CD4+</frag> and <frag id="F9">CD8+</frag> <frag id="F10">T cells</frag></cons> prepared from <term id="T23" lex="human_peripheral_blood" sem="Tissue_natural">human peripheral blood</term> and in <term id="T24" lex="mouse_lymph_node_T_cell" sem="Cell_natural">mouse lymph node T cells</term>.</sentence>
<event id="E306">
<type class="Gene_expression"/>
<theme idref="T21"/>
<clue>Oct-2 was <clueType><clueKT>found</clueKT></clueType> in CD4+ and CD8+ T cells prepared from human peripheral blood and in mouse lymph node T cells.</clue>
</event>
<event id="E307">
<type class="Gene_expression"/>
<theme idref="T21"/>
<clue>Oct-2 was <clueType><clueKT>found</clueKT></clueType> <clueLoc>in CD4+</clueLoc> and CD8+ <clueLoc>T cells prepared from human peripheral blood</clueLoc> and in mouse lymph node T cells.</clue>
</event>
<event id="E308">
<type class="Gene_expression"/>
<theme idref="T21"/>
<clue>Oct-2 was <clueType><clueKT>found</clueKT></clueType> <clueLoc>in</clueLoc> CD4+ and <clueLoc>CD8+ T cells prepared from human peripheral blood</clueLoc> and in mouse lymph node T cells.</clue>
</event>
<event id="E309">
<type class="Gene_expression"/>
<theme idref="T21"/>
<clue>Oct-2 was <clueType><clueKT>found</clueKT></clueType> in CD4+ and CD8+ T cells prepared from human peripheral blood and <clueLoc>in mouse lymph node T cells</clueLoc>.</clue>
</event>
<sentence id="S6">In a <term id="A2" sem="Cell_natural"><term id="T25" lex="T-cell_clone" sem="Cell_cultured">T-cell clone</term> specific for <term id="T26" lex="pigeon_cytochrome_c" sem="Protein_molecule">pigeon cytochrome c</term> in the context of <term id="T27" lex="I-Ek" sem="Protein_molecule">I-Ek</term></term>, <term id="T28" lex="Oct-2" sem="Protein_molecule">Oct-2</term> was induced by <term id="T29" lex="antigen_stimulation" sem="Other"><term id="A1" sem="Protein_family_or_group">antigen</term> stimulation</term>, with the increase in <term id="T30" lex="Oct-2_protein" sem="Protein_molecule"><term id="T31" lex="Oct-2" sem="Protein_molecule">Oct-2</term> protein</term> seen first at 3 h after activation and continuing for at least 24 h.</sentence>
<event id="E10">
<type class="Physiological_process"/>
<theme idref="A2"/>
<cause idref="A1"/>
<clue>In a T-cell clone specific for pigeon cytochrome c in the context of I-Ek, Oct-2 was induced by antigen <clueType>stimulation</clueType>, with the increase in Oct-2 protein seen first at 3 h after activation and continuing for at least 24 h.</clue>
<comment>TPS: A2</comment></event>
<event id="E11">
<type class="Positive_regulation"/>
<theme idref="T30"/>
<cause idref="E10"/>
<clue>In a T-cell clone specific for pigeon cytochrome c in the context of I-Ek, Oct-2 was <clueType>induced</clueType> <linkCause>by</linkCause> antigen stimulation, with the increase in Oct-2 protein seen first <clueTime>at 3 h after</clueTime> activation and continuing for at least 24 h.</clue>
</event>
<sentence id="S7"><term id="T32" lex="Oct-2_mRNA" sem="RNA_molecule"><term id="T33" lex="Oct-2" sem="Protein_molecule">Oct-2</term> mRNA</term> induction during <term id="A3" sem="Protein_family_or_group">antigen</term>-driven <term id="T34" lex="T-cell_activation" sem="Other"><term id="T35" lex="T-cell" sem="Cell_natural">T-cell</term> activation</term> was blocked by <term id="T36" lex="cyclosporin_A" sem="Organic_compound_other">cyclosporin A</term>, as well as by <term id="T37" lex="protein_synthesis_inhibitor" sem="Organic_compound_other">protein synthesis inhibitors</term>.</sentence>
<event KT="Other" id="E12">
<type class="Physiological_process"/>
<theme idref="T35"/>
<cause idref="A3"/>
<clue>Oct-2 mRNA induction during antigen-<linkCause>driven</linkCause> T-cell <clueType>activation</clueType> was blocked by cyclosporin A, as well as by protein synthesis inhibitors.</clue>
</event>
<event KT="Other" id="E13">
<type class="Positive_regulation"/>
<theme idref="T32"/>
<cause idref="E12"/>
<clue>Oct-2 mRNA <clueType>induction</clueType> <linkCause>during</linkCause> antigen-driven T-cell activation was blocked by cyclosporin A, as well as by protein synthesis inhibitors.</clue>
</event>
<event id="E14">
<type class="Negative_regulation"/>
<theme idref="E13"/>
<cause idref="T36"/>
<clue>Oct-2 mRNA induction during antigen-driven T-cell activation was <clueType>blocked</clueType> <linkCause>by</linkCause> cyclosporin A, as well as by protein synthesis inhibitors.</clue>
</event>
<event id="E15">
<type class="Negative_regulation"/>
<theme idref="E13"/>
<cause idref="T37"/>
<clue>Oct-2 mRNA induction during antigen-driven T-cell activation was <clueType>blocked</clueType> by cyclosporin A, as well as <linkCause>by</linkCause> protein synthesis inhibitors.</clue>
</event>
<sentence id="S8">These results suggest that <term id="T38" lex="Oct-2" sem="Protein_molecule">Oct-2</term> participates in <term id="T39" lex="transcriptional_regulation" sem="Other">transcriptional regulation</term> during <term id="T40" lex="T-cell_activation" sem="Other"><term id="T41" lex="T-cell" sem="Cell_natural">T-cell</term> activation</term>.</sentence>
<event KT="Other" id="E16">
<type class="Physiological_process"/>
<theme idref="T41"/>
<clue>These results suggest that Oct-2 participates in transcriptional regulation during T-cell <clueType>activation</clueType>.</clue>
</event>
<event KT="Other" id="E17">
<type class="Regulation"/>
<cause idref="E16"/>
<clue>These results suggest that Oct-2 participates in <clueType>transcriptional regulation</clueType> <linkCause>during</linkCause> T-cell activation.</clue>
</event>
<event CL="L2" KT="Analysis" id="E18" uncertainty="probable">
<type class="Correlation"/>
<theme idref="T38"/>
<theme idref="E17"/>
<clue>These results <clueKT><clueCL>suggest</clueCL></clueKT> that Oct-2 <clueType>participates</clueType> <linkTheme>in</linkTheme> transcriptional regulation during T-cell activation.</clue>
</event>
<sentence id="S9">The relatively delayed kinetics of <term id="T42" lex="Oct-2_induction" sem="Other"><term id="T43" lex="Oct-2" sem="Protein_molecule">Oct-2</term> induction</term> suggests that <term id="T44" lex="Oct-2" sem="Protein_molecule">Oct-2</term> mediates the changes in <term id="A5" sem="Other">gene expression</term> which occur many hours or days following <term id="T45" lex="antigen_stimulation" sem="Other"><term id="A4" sem="Protein_family_or_group">antigen</term> stimulation</term> of <term id="T46" lex="T_lymphocyte" sem="Cell_natural">T lymphocytes</term>.</sentence>
<event KT="Other" id="E19">
<type class="Positive_regulation"/>
<theme idref="T43"/>
<clue>The relatively delayed kinetics of Oct-2 <clueType>induction</clueType> suggests that Oct-2 mediates the changes in gene expression which occur many hours or days following antigen stimulation of T lymphocytes.</clue>
</event>
<event KT="Other" id="E20">
<type class="Physiological_process"/>
<theme idref="T46"/>
<cause idref="A4"/>
<clue>The relatively delayed kinetics of Oct-2 induction suggests that Oct-2 mediates the changes in gene expression which occur many hours or days following antigen <clueType>stimulation</clueType> <linkTheme>of</linkTheme> T lymphocytes.</clue>
</event>
<event KT="Other" id="E21">
<type class="Regulation"/>
<theme idref="A5"/>
<cause idref="E20"/>
<clue>The relatively delayed kinetics of Oct-2 induction suggests that Oct-2 mediates the <clueType>changes</clueType> in gene expression which occur many hours or days <linkCause>following</linkCause> antigen stimulation of T lymphocytes.</clue>
</event>
<event CL="L2" KT="Analysis" id="E22" uncertainty="probable">
<type class="Positive_regulation"/>
<theme idref="E21"/>
<cause idref="T44"/>
<clue>The relatively delayed kinetics of Oct-2 induction <clueKT><clueCL>suggests</clueCL></clueKT> that Oct-2 <clueType>mediates</clueType> the changes in gene expression which occur many hours or days following antigen stimulation of T lymphocytes.</clue>
</event>
</AbstractText>
</Abstract></Article></MedlineCitation></PubmedArticle></PubmedArticleSet></Annotation>
