<?xml version='1.0'?><!DOCTYPE Annotation PUBLIC "//GENIA//DTD GENIA ANNOTATION EVENT 2.0//EN_Modified" "../ModifiedGENIAtypes/Modified_GENIA_event_20.dtd"><Annotation annotates="http://www.ncbi.nlm.nih.gov/entrez/eutils/efetch.fcgi?db=pubmed&amp;retmode=xml&amp;rettype=medline&amp;id=1675604" created="04/04/2006" creator="Yo Shidahara"><PubmedArticleSet><PubmedArticle><MedlineCitation>
<PMID>1675604</PMID>
<Article>
<ArticleTitle>
<sentence id="S1">Inhibition of <term id="T1" lex="transcription_factor" sem="Protein_family_or_group"><term id="T2" lex="transcription" sem="Other">transcription</term> factors</term> belonging to the <term id="T3" lex="rel/NF-kappa_B_family" sem="Protein_family_or_group">rel/<term id="T4" lex="NF-kappa_B" sem="Protein_molecule">NF-kappa B</term> family</term> by a <term id="T5" lex="transdominant_negative_mutant" sem="Protein_family_or_group">transdominant negative mutant</term>.</sentence>
<event KT="Investigation" id="E201">
<type class="Negative_regulation"/>
<theme idref="T1"/>
<cause idref="T5"/>
<clue><clueType>Inhibition</clueType> <linkTheme>of</linkTheme> transcription factors belonging to the rel/NF-kappa B family <linkCause>by</linkCause> a transdominant negative mutant.</clue>
</event>
</ArticleTitle>
<Abstract>
<AbstractText>
<sentence id="S2">The <term id="T6" lex="KBF1_factor" sem="Protein_molecule">KBF1 factor</term>, which binds to the <term id="T7" lex="enhancer_A" sem="DNA_domain_or_region">enhancer A</term> located in the <term id="T8" lex="promoter" sem="DNA_domain_or_region">promoter</term> of the <term id="T9" lex="mouse_MHC_class_I_gene" sem="DNA_domain_or_region">mouse MHC class I gene</term> <term id="T10" lex="H-2Kb" sem="DNA_domain_or_region">H-2Kb</term>, is indistinguishable from the <term id="T11" lex="p50_DNA_binding_subunit" sem="Protein_molecule">p50 DNA binding subunit</term> of the <term id="T12" lex="transcription_factor_NF-kappa_B" sem="Protein_family_or_group"><term id="T13" lex="transcription" sem="Other">transcription</term> factor <term id="T14" lex="NF-kappa_B" sem="Protein_complex">NF-kappa B</term></term>, which regulates <term id="A1" sem="DNA_family_or_group">a series of genes</term> involved in <term id="A2" sem="Other">immune</term> and <term id="T15" lex="inflammatory_response" sem="Other">inflammatory</term> <term id="A3" sem="Other">responses</term>.</sentence>
<event KT="Fact" id="E1">
<type class="Binding"/>
<theme idref="T6"/>
<theme idref="T7"/>
<clue>The KBF1 factor, which <clueType>binds</clueType> <linkTheme>to</linkTheme> the enhancer A located in the promoter of the mouse MHC class I gene H-2Kb, is indistinguishable from the p50 DNA binding subunit of the transcription factor NF-kappa B, which regulates a series of genes involved in immune and inflammatory responses.</clue>
<comment>TPS A1</comment></event>
<event KT="Other" id="E2">
<type class="Regulation"/>
<theme idref="A2" idref1="A3"/>
<cause idref="A1"/>
<clue>The KBF1 factor, which binds to the enhancer A located in the promoter of the mouse MHC class I gene H-2Kb, is indistinguishable from the p50 DNA binding subunit of the transcription factor NF-kappa B, which regulates a series of genes <clueType>involved</clueType> <linkTheme>in</linkTheme> immune and inflammatory responses.</clue>
<comment>NER T15 mod</comment></event>
<event KT="Other" id="E3">
<type class="Regulation"/>
<theme idref="T15" idref1="A3"/>
<cause idref="A1"/>
<clue>The KBF1 factor, which binds to the enhancer A located in the promoter of the mouse MHC class I gene H-2Kb, is indistinguishable from the p50 DNA binding subunit of the transcription factor NF-kappa B, which regulates a series of genes <clueType>involved</clueType> <linkTheme>in</linkTheme> immune and inflammatory responses.</clue>
<comment>NER T15 mod</comment></event>
<event KT="Fact" id="E4">
<type class="Regulation"/>
<theme idref="E2"/>
<cause idref="T14"/>
<clue>The KBF1 factor, which binds to the enhancer A located in the promoter of the mouse MHC class I gene H-2Kb, is indistinguishable from the p50 DNA binding subunit of the transcription factor NF-kappa B, which <clueType>regulates</clueType> a series of genes involved in immune and inflammatory responses.</clue>
</event>
<event KT="Fact" id="E5">
<type class="Regulation"/>
<theme idref="E3"/>
<cause idref="T14"/>
<clue>The KBF1 factor, which binds to the enhancer A located in the promoter of the mouse MHC class I gene H-2Kb, is indistinguishable from the p50 DNA binding subunit of the transcription factor NF-kappa B, which <clueType>regulates</clueType> a series of genes involved in immune and inflammatory responses.</clue>
</event>
<sentence id="S3">The <term id="T16" lex="KBF1/p50_factor" sem="Protein_molecule">KBF1/p50 factor</term> binds as a <term id="T17" lex="homodimer" sem="Protein_complex">homodimer</term> but can also form <term id="T18" lex="heterodimer" sem="Protein_complex">heterodimers</term> with the <term id="A6" sem="Protein_molecule">products of</term> other members of the same family, like the <cons id="T19" lex="(AND c-rel_(proto)oncogene v-rel_(proto)oncogene)" sem="(AND DNA_domain_or_region DNA_domain_or_region)"><frag id="F1"><term id="A4" sem="Protein_molecule">c-rel</term></frag> and <frag id="F2"><term id="A5" sem="Protein_molecule">v-rel</term></frag> <frag id="F3"><term id="A7" sem="Protein_molecule">(proto)oncogenes</term></frag></cons>.</sentence>
<event KT="Fact" id="E6">
<type class="Binding"/>
<theme idref="T16"/>
<theme idref="T16"/>
<clue>The KBF1/p50 factor <clueType>binds as a homodimer</clueType> but can also form heterodimers with the products of other members of the same family, like the c-rel and v-rel (proto)oncogenes.</clue>
</event>
<event KT="Fact" id="E7">
<type class="Binding"/>
<theme idref="T16"/>
<theme idref="A6" idref1="A4" idref2="A7"/>
<clue>The KBF1/p50 factor binds as a homodimer but can also <clueType>form heterodimers</clueType> <linkTheme>with</linkTheme> <corefTheme>the products of other members of the same family</corefTheme>, like the c-rel and v-rel (proto)oncogenes.</clue>
</event>
<event KT="Fact" id="E8">
<type class="Binding"/>
<theme idref="T16"/>
<theme idref="A6" idref1="A5" idref2="A7"/>
<clue>The KBF1/p50 factor binds as a homodimer but can also <clueType>form heterodimers</clueType> <linkTheme>with</linkTheme> <corefTheme>the products of other members of the same family</corefTheme>, like the c-rel and v-rel (proto)oncogenes.</clue>
</event>
<sentence id="S4">The <term id="T20" lex="dimerization_domain" sem="Protein_domain_or_region">dimerization domain</term> of <term id="T21" lex="KBF1/p50" sem="Protein_molecule">KBF1/p50</term> is contained <term id="T22" lex="between_amino_acids_201_and_367" sem="Protein_domain_or_region">between amino acids 201 and 367</term>.</sentence>
<sentence id="S5">A mutant of <term id="T23" lex="KBF1/p50" sem="Protein_molecule">KBF1/p50</term> (<term id="T24" lex="delta_SP" sem="Protein_molecule">delta SP</term>), unable to bind to <term id="A8" sem="DNA_domain_or_region">DNA</term> but able to form homo- or <term id="T25" lex="heterodimer" sem="Protein_complex">heterodimers</term>, has been constructed.</sentence>
<event CL="L2" KT="Analysis" Polarity="Negative" assertion="non-exist" id="E9">
<type class="Binding"/>
<theme idref="T24"/>
<theme idref="A8"/>
<clue>A mutant of KBF1/p50 (delta SP), <clueKT><clueCL><cluePolarity>unable</cluePolarity> to</clueCL></clueKT> <clueType>bind</clueType> <linkTheme>to</linkTheme> DNA but able to form homo- or heterodimers, has been constructed.</clue>
</event>
<event CL="L2" KT="Analysis" id="E11">
<type class="Binding"/>
<theme idref="T24"/>
<theme idref="T24"/>
<clue>A mutant of KBF1/p50 (delta SP), unable to bind to DNA but <clueKT><clueCL>able to</clueCL></clueKT> <clueType>form homo-</clueType> or hetero<clueType>dimers</clueType>, has been constructed.</clue>
</event>
<event CL="L2" KT="Analysis" id="E12">
<type class="Binding"/>
<theme idref="T24"/>
<theme idref="A6" idref1="A5" idref2="A7"/>
<clue>A mutant of KBF1/p50 (delta SP), unable to bind to DNA but <clueKT><clueCL>able to</clueCL></clueKT> <clueType>form</clueType> homo- or <clueType>heterodimers</clueType>, has been constructed.</clue>
<comment>No corefTheme</comment></event>
<event CL="L2" KT="Analysis" id="E13">
<type class="Binding"/>
<theme idref="T24"/>
<theme idref="A6" idref1="A4" idref2="A7"/>
<clue>A mutant of KBF1/p50 (delta SP), unable to bind to DNA but <clueKT><clueCL>able to</clueCL></clueKT> <clueType>form</clueType> homo- or <clueType>heterodimers</clueType>, has been constructed.</clue>
<comment>No corefTheme</comment></event>
<sentence id="S6">This protein reduces or abolishes in vitro the <term id="T26" lex="DNA_binding_activity" sem="Other"><term id="A12" sem="DNA_domain_or_region">DNA</term> binding activity</term> of <term id="T27" lex="wild-type_protein" sem="Protein_family_or_group">wild-type proteins</term> of the same family (<term id="T28" lex="KBF1/p50" sem="Protein_molecule">KBF1/p50</term>, <cons id="T29" lex="(AND c-rel v-rel)" sem="(AND Protein_molecule Protein_molecule)"><frag id="F4"><term id="A9" sem="Protein_molecule">c-</term></frag> and <frag id="F5"><term id="A10" sem="Protein_molecule">v-</term></frag><frag id="F6"><term id="A11" sem="Protein_molecule">rel</term></frag></cons>).</sentence>
<event KT="Other" id="E14">
<type class="Binding"/>
<theme idref="A12"/>
<theme idref="T28"/>
<clue>This protein reduces or abolishes in vitro the DNA <clueType>binding</clueType> activity <linkTheme>of</linkTheme> <corefTheme>wild-type proteins of the same family</corefTheme> (KBF1/p50, c- and v-rel).</clue>
</event>
<event KT="Other" id="E15">
<type class="Binding"/>
<theme idref="A12"/>
<theme idref="A9" idref1="A11"/>
<clue>This protein reduces or abolishes in vitro the DNA <clueType>binding</clueType> activity <linkTheme>of</linkTheme> <corefTheme>wild-type proteins of the same family</corefTheme> (KBF1/p50, c- and v-rel).</clue>
</event>
<event KT="Other" id="E16">
<type class="Binding"/>
<theme idref="A12"/>
<theme idref="A10" idref1="A11"/>
<clue>This protein reduces or abolishes in vitro the DNA <clueType>binding</clueType> activity <linkTheme>of</linkTheme> <corefTheme>wild-type proteins of the same family</corefTheme> (KBF1/p50, c- and v-rel).</clue>
</event>
<event id="E17">
<type class="Negative_regulation"/>
<theme idref="E14"/>
<cause idref="T24"/>
<clue><corefCause>This protein</corefCause> <clueType>reduces or abolishes</clueType> in vitro the DNA binding activity of wild-type proteins of the same family (KBF1/p50, c- and v-rel).</clue>
</event>
<event id="E18">
<type class="Negative_regulation"/>
<theme idref="E15"/>
<cause idref="T24"/>
<clue><corefCause>This protein</corefCause> <clueType>reduces or abolishes</clueType> in vitro the DNA binding activity of wild-type proteins of the same family (KBF1/p50, c- and v-rel).</clue>
</event>
<event id="E19">
<type class="Negative_regulation"/>
<theme idref="E16"/>
<cause idref="T24"/>
<clue><corefCause>This protein</corefCause> <clueType>reduces or abolishes</clueType> in vitro the DNA binding activity of wild-type proteins of the same family (KBF1/p50, c- and v-rel).</clue>
</event>
<sentence id="S7">This mutant also functions in vivo as a <term id="T30" lex="trans-acting_dominant_negative_regulator" sem="Protein_family_or_group">trans-acting dominant negative regulator</term>: the <term id="T31" lex="transcriptional_inducibility" sem="Other">transcriptional inducibility</term> of the <term id="T32" lex="HIV_long_terminal_repeat" sem="DNA_domain_or_region">HIV long terminal repeat</term> (which contains two potential <term id="T33" lex="NF-kappa_B" sem="Protein_molecule">NF-kappa B</term> binding sites) by <term id="T34" lex="phorbol_ester" sem="Organic_compound_other">phorbol ester</term> (<term id="T35" lex="PMA" sem="Organic_compound_other">PMA</term>) is inhibited when it is co-transfected into <term id="T36" lex="CD4+_T_cell" sem="Cell_cultured">CD4+ T cells</term> with the <term id="A37" sem="DNA_domain_or_region"><term id="T37" lex="delta_SP" sem="Protein_molecule">delta SP</term> mutant</term>.</sentence>
<event KT="Other" id="E20">
<type class="Positive_regulation"/>
<theme idref="T32"/>
<cause idref="T35"/>
<clue>This mutant also functions in vivo as a trans-acting dominant negative regulator: the <clueType>transcriptional inducibility</clueType> <linkTheme>of</linkTheme> the HIV long terminal repeat (which contains two potential NF-kappa B binding sites) <linkCause>by</linkCause> phorbol ester (PMA) is inhibited when it is co-transfected into CD4+ T cells with the delta SP mutant.</clue>
</event>
<event id="E121">
<type class="Gene_expression"/>
<theme idref="A37"/>
<clue>This mutant also functions in vivo as a trans-acting dominant negative regulator: the transcriptional inducibility of the HIV long terminal repeat (which contains two potential NF-kappa B binding sites) by phorbol ester (PMA) is inhibited when it is <clueType>co-transfected</clueType> into CD4+ T cells <linkTheme>with</linkTheme> the delta SP mutant.</clue>
<comment>ARTIFICIAL</comment></event>
<event id="E122">
<type class="Positive_regulation"/>
<theme idref="E121"/>
<clue>This mutant also functions in vivo as a trans-acting dominant negative regulator: the transcriptional inducibility of the HIV long terminal repeat (which contains two potential NF-kappa B binding sites) by phorbol ester (PMA) is inhibited when it is <clueType>co-transfected</clueType> <clueLoc>into CD4+ T cells</clueLoc> with the delta SP mutant.</clue>
<comment>ARTIFICIAL</comment></event>
<event id="E22">
<type class="Negative_regulation"/>
<theme idref="E20"/>
<cause idref="E122"/>
<clue>This mutant also functions in vivo as a trans-acting dominant negative regulator: the transcriptional inducibility of the HIV long terminal repeat (which contains two potential NF-kappa B binding sites) by phorbol ester (PMA) is <clueType>inhibited</clueType> <linkCause>when</linkCause> it is co-transfected into CD4+ T cells with the delta SP mutant.</clue>
</event>
<sentence id="S8">Similarly the basal as well as <term id="T38" lex="TNF" sem="Protein_molecule">TNF</term> or <term id="T39" lex="IL1-induced_activity" sem="Other"><term id="A13" sem="Protein_molecule">IL1</term>-induced activity</term> of the <term id="T40" lex="MHC_class_I_H-2Kb_promoter" sem="DNA_domain_or_region">MHC class I <term id="T41" lex="H-2Kb" sem="DNA_domain_or_region">H-2Kb</term> <term id="T42" lex="promoter" sem="DNA_domain_or_region">promoter</term></term> can be inhibited by this mutant in two different <term id="T43" lex="cell_line" sem="Cell_cultured">cell lines</term>.</sentence>
<event KT="Other" id="E23">
<type class="Positive_regulation"/>
<theme idref="T40"/>
<cause idref="T38"/>
<clue>Similarly the basal as well as TNF or IL1-<clueType>induced</clueType> activity of the MHC class I H-2Kb promoter can be inhibited by this mutant in two different cell lines.</clue>
</event>
<event KT="Other" id="E24">
<type class="Positive_regulation"/>
<theme idref="T40"/>
<cause idref="A13"/>
<clue>Similarly the basal as well as TNF or IL1-<clueType>induced</clueType> activity of the MHC class I H-2Kb promoter can be inhibited by this mutant in two different cell lines.</clue>
</event>
<event CL="L2" KT="Analysis" id="E25">
<type class="Negative_regulation"/>
<theme idref="E23"/>
<cause idref="T37"/>
<clue>Similarly the basal as well as TNF or IL1-induced activity of the MHC class I H-2Kb promoter <clueKT><clueCL>can</clueCL></clueKT> be <clueType>inhibited</clueType> <linkCause>by</linkCause> <corefCause>this mutant</corefCause> <clueLoc>in two different cell lines</clueLoc>.</clue>
</event>
<event CL="L2" KT="Analysis" id="E26">
<type class="Negative_regulation"/>
<theme idref="E24"/>
<cause idref="T37"/>
<clue>Similarly the basal as well as TNF or IL1-induced activity of the MHC class I H-2Kb promoter <clueKT><clueCL>can</clueCL></clueKT> be <clueType>inhibited</clueType> <linkCause>by</linkCause> <corefCause>this mutant</corefCause> <clueLoc>in two different cell lines</clueLoc>.</clue>
</event>
<event CL="L2" KT="Analysis" id="E27">
<type class="Negative_regulation"/>
<theme idref="T40"/>
<cause idref="T37"/>
<clue>Similarly the basal as well as TNF or IL1-induced activity of the MHC class I H-2Kb promoter <clueKT><clueCL>can</clueCL></clueKT> be <clueType>inhibited</clueType> <linkCause>by</linkCause> <corefCause>this mutant</corefCause> <clueLoc>in two different cell lines</clueLoc>.</clue>
</event>
<sentence id="S9">These results constitute the first formal demonstration that these genes are regulated by members of the <term id="T44" lex="rel/NF-kappa_B_family" sem="Protein_family_or_group">rel/<term id="T45" lex="NF-kappa_B" sem="Protein_molecule">NF-kappa B</term> family</term>.</sentence>
<event KT="Analysis" id="E28">
<type class="Regulation"/>
<theme idref="T32"/>
<cause idref="T44"/>
<clue>These results constitute the first formal <clueKT>demonstration</clueKT> that <corefTheme>these genes</corefTheme> are <clueType>regulated</clueType> <linkCause>by</linkCause> members of the rel/NF-kappa B family.</clue>
</event>
<event KT="Analysis" id="E29">
<type class="Regulation"/>
<theme idref="T40"/>
<cause idref="T44"/>
<clue>These results constitute the first formal <clueKT>demonstration</clueKT> that <corefTheme>these genes</corefTheme> are <clueType>regulated</clueType> <linkCause>by</linkCause> members of the rel/NF-kappa B family.</clue>
</event>
</AbstractText>
</Abstract></Article></MedlineCitation></PubmedArticle></PubmedArticleSet></Annotation>
