<?xml version='1.0'?><!DOCTYPE Annotation PUBLIC "//GENIA//DTD GENIA ANNOTATION EVENT 2.0//EN_Modified" "../ModifiedGENIAtypes/Modified_GENIA_event_20.dtd"><Annotation annotates="http://www.ncbi.nlm.nih.gov/entrez/eutils/efetch.fcgi?db=pubmed&amp;retmode=xml&amp;rettype=medline&amp;id=1777483" created="06/04/2006" creator="Yo Sshidahara"><PubmedArticleSet><PubmedArticle><MedlineCitation>
<PMID>1777483</PMID>
<Article>
<ArticleTitle>
<sentence id="S1">Activity of the <term id="T1" lex="kappa_B_enhancer" sem="DNA_domain_or_region">kappa B enhancer</term> of the <term id="T2" lex="interleukin-2_receptor_alpha_chain" sem="Protein_molecule">interleukin-2 receptor alpha chain</term> in <term id="T3" lex="somatic_cell_hybrid" sem="Cell_cultured">somatic cell hybrids</term> is accompanied by the nuclear localization of <term id="T4" lex="NF-kappa_B" sem="Protein_molecule">NF-kappa B</term>.</sentence>
<event id="E1">
<type class="Localization"/>
<theme idref="T4"/>
<clue>Activity of the kappa B enhancer of the interleukin-2 receptor alpha chain in somatic cell hybrids is accompanied by the <clueLoc>nuclear</clueLoc> <clueType>localization</clueType> <linkTheme>of</linkTheme> NF-kappa B.</clue>
</event>
<event LT="Propositional" id="E2">
<type class="Correlation"/>
<theme idref="T1"/>
<theme idref="E1"/>
<clue>Activity of the kappa B enhancer of the interleukin-2 receptor alpha chain <clueLoc>in somatic cell hybrids</clueLoc> is <clueType>accompanied</clueType> <linkTheme>by</linkTheme> the nuclear localization of NF-kappa B.</clue>
</event>
</ArticleTitle>
<Abstract>
<AbstractText>
<sentence id="S2">The <term id="T5" lex="two_nuclear_protein" sem="Protein_family_or_group">two nuclear proteins</term> <term id="T6" lex="NF-kappa_B" sem="Protein_complex">NF-kappa B</term> (consisting of subunits <term id="T7" lex="p50" sem="Protein_molecule">p50</term> and <term id="T8" lex="dp65" sem="Protein_molecule">p65</term>) and the <term id="T9" lex="DNA-binding_subunit" sem="Protein_molecule">DNA-binding subunit</term> of <term id="T10" lex="NF-kappa_B" sem="Protein_complex">NF-kappa B</term> (<term id="T11" lex="p50" sem="Protein_molecule">p50</term>) by itself, also called <term id="T12" lex="KBF1" sem="Protein_molecule">KBF1</term>, are constitutively expressed and localized in the nucleus of the <term id="T13" lex="human_T-cell_line" sem="Cell_cultured">human T-cell line</term> <term id="T14" lex="IARC_301.5" sem="Cell_cultured">IARC 301.5</term>.</sentence>
<event KT="Fact" LT="Propositional" id="E3">
<type class="Gene_expression"/>
<theme idref="T6"/>
<clue>The two nuclear proteins NF-kappa B (consisting of subunits p50 and p65) and the DNA-binding subunit of NF-kappa B (p50) by itself, also called KBF1, are constitutively <clueType>expressed</clueType> and localized <clueLoc>in the nucleus of the human T-cell line IARC 301.5</clueLoc>.</clue>
<comment>NER T6 mod</comment></event>
<event KT="Fact" LT="Propositional" id="E4">
<type class="Gene_expression"/>
<theme idref="T11"/>
<clue>The two nuclear proteins NF-kappa B (consisting of subunits p50 and p65) and the DNA-binding subunit of NF-kappa B (p50) by itself, also called KBF1, are constitutively <clueType>expressed</clueType> and localized <clueLoc>in the nucleus of the human T-cell line IARC 301.5</clueLoc>.</clue>
<comment>NER T9 mod, T10 mod</comment></event>
<event KT="Fact" LT="Propositional" id="E5">
<type class="Localization"/>
<theme idref="T6"/>
<clue>The two nuclear proteins NF-kappa B (consisting of subunits p50 and p65) and the DNA-binding subunit of NF-kappa B (p50) by itself, also called KBF1, are constitutively expressed and <clueType>localized</clueType> <clueLoc>in the nucleus of the human T-cell line IARC 301.5</clueLoc>.</clue>
</event>
<event KT="Fact" LT="Propositional" id="E6">
<type class="Localization"/>
<theme idref="T11"/>
<clue>The two nuclear proteins NF-kappa B (consisting of subunits p50 and p65) and the DNA-binding subunit of NF-kappa B (p50) by itself, also called KBF1, are constitutively expressed and <clueType>localized</clueType> <clueLoc>in the nucleus of the human T-cell line IARC 301.5</clueLoc>.</clue>
</event>
<sentence id="S3">In order to define the roles of these two <term id="T15" lex="factor" sem="Protein_family_or_group">factors</term>, which bind to the same <term id="T16" lex="kappa_B_enhancer" sem="DNA_domain_or_region">kappa B enhancers</term>, in <term id="A11" sem="Other">transcription</term> activation we have prepared somatic cell hybrids between <term id="T17" lex="IARC_301.5" sem="Cell_cultured">IARC 301.5</term> and a <term id="T18" lex="murine_myeloma" sem="Cell_cultured">murine myeloma</term>.</sentence>
<event LT="Propositional" id="E7">
<type class="Binding"/>
<theme idref="T6"/>
<theme idref="T16"/>
<clue>In order to define the roles of <corefTheme>these two factors</corefTheme>, which <clueType>bind</clueType> <linkTheme>to</linkTheme> the same kappa B enhancers, in transcription activation we have prepared somatic cell hybrids between IARC 301.5 and a murine myeloma.</clue>
</event>
<event LT="Propositional" id="E8">
<type class="Binding"/>
<theme idref="T11"/>
<theme idref="T16"/>
<clue>In order to define the roles of <corefTheme>these two factors</corefTheme>, which <clueType>bind</clueType> <linkTheme>to</linkTheme> the same kappa B enhancers, in transcription activation we have prepared somatic cell hybrids between IARC 301.5 and a murine myeloma.</clue>
</event>
<event KT="Other" id="E23">
<type class="Positive_regulation"/>
<theme idref="A11"/>
<clue>In order to define the roles of these two factors, which bind to the same kappa B enhancers, in transcription <clueType>activation</clueType> we have prepared somatic cell hybrids between IARC 301.5 and a murine myeloma.</clue>
</event>
<event KT="Investigation" id="E24" uncertainty="doubtful">
<type class="Regulation"/>
<theme idref="E23"/>
<cause idref="T6"/>
<clue><clueKT>In order to define</clueKT> the <clueType>roles</clueType> <linkCause>of</linkCause> <corefCause>these two factors</corefCause>, which bind to the same kappa B enhancers, <linkTheme>in</linkTheme> transcription activation we have prepared somatic cell hybrids between IARC 301.5 and a murine myeloma.</clue>
</event>
<event KT="Investigation" id="E25" uncertainty="doubtful">
<type class="Regulation"/>
<theme idref="E23"/>
<cause idref="T11"/>
<clue><clueKT>In order to define</clueKT> the <clueType>roles</clueType> <linkCause>of</linkCause> <corefCause>these two factors</corefCause>, which bind to the same kappa B enhancers, <linkTheme>in</linkTheme> transcription activation we have prepared somatic cell hybrids between IARC 301.5 and a murine myeloma.</clue>
</event>
<sentence id="S4">Most hybrids express both <term id="T19" lex="KBF1" sem="Protein_molecule">KBF1</term> and <term id="T20" lex="NF-kappa_B" sem="Protein_family_or_group">NF-kappa B</term> in their <term id="T21" lex="nuclei" sem="Cell_component">nuclei</term>, but one hybrid expresses only <term id="T22" lex="KBF1" sem="Protein_molecule">KBF1</term>.</sentence>
<event LT="Propositional" id="E9">
<type class="Gene_expression"/>
<theme idref="T19"/>
<clue><clueLoc>Most hybrids</clueLoc> <clueType>express</clueType> both KBF1 and NF-kappa B <clueLoc>in their nuclei</clueLoc>, but one hybrid expresses only KBF1.</clue>
</event>
<event LT="Propositional" id="E10">
<type class="Gene_expression"/>
<theme idref="T20"/>
<clue><clueLoc>Most hybrids</clueLoc> <clueType>express</clueType> both KBF1 and NF-kappa B <clueLoc>in their nuclei</clueLoc>, but one hybrid expresses only KBF1.</clue>
<comment>NER T20 mod</comment></event>
<event LT="Propositional" id="E11">
<type class="Gene_expression"/>
<theme idref="T22"/>
<clue>Most hybrids express both KBF1 and NF-kappa B in their nuclei, but <clueLoc>one hybrid</clueLoc> <clueType>expresses</clueType> only KBF1.</clue>
</event>
<sentence id="S5">The <term id="T23" lex="kappa_B_enhancer" sem="DNA_domain_or_region">kappa B enhancer</term> of the gene encoding the <term id="T24" lex="interleukin-2_(IL-2)_receptor_alpha_chain" sem="Protein_molecule"><term id="T25" lex="interleukin-2" sem="Protein_molecule">interleukin-2</term> (<term id="T26" lex="IL-2" sem="Protein_molecule">IL-2</term>) receptor alpha chain</term> (<term id="T27" lex="IL-2R_alpha" sem="Protein_molecule">IL-2R alpha</term>) is functional only in the <term id="T28" lex="hybrid" sem="Cell_cultured">hybrids</term> expressing <term id="T29" lex="nuclear_NF-kappa_B" sem="Protein_complex">nuclear <term id="T30" lex="NF-kappa_B" sem="Protein_complex">NF-kappa B</term></term>.</sentence>
<event id="E12">
<type class="Gene_expression"/>
<theme idref="T30"/>
<clue>The kappa B enhancer of the gene encoding the interleukin-2 (IL-2) receptor alpha chain (IL-2R alpha) is functional only in <clueLoc>the hybrids</clueLoc> <clueType>expressing</clueType> nuclear NF-kappa B.</clue>
<comment>NER T29,T30 mod</comment></event>
<event LT="Propositional" id="E13">
<type class="Positive_regulation"/>
<theme idref="T23"/>
<cause idref="E12"/>
<clue>The kappa B enhancer of the gene encoding the interleukin-2 (IL-2) receptor alpha chain (IL-2R alpha) is <clueType>functional</clueType> <linkCause>only in</linkCause> the hybrids expressing nuclear NF-kappa B.</clue>
</event>
<sentence id="S6">These findings show that <term id="T31" lex="nuclear_NF-kappa_B" sem="Protein_complex">nuclear <term id="T32" lex="NF-kappa_B" sem="Protein_complex">NF-kappa B</term></term> is necessary to activate the <term id="T33" lex="kappa_B_enhancer" sem="DNA_domain_or_region">kappa B enhancer</term>, while <term id="T34" lex="KBF1" sem="Protein_molecule">KBF1</term> by itself is not sufficient.</sentence>
<event KT="Analysis" LT="Propositional" id="E14">
<type class="Positive_regulation"/>
<theme idref="T33"/>
<cause idref="T31"/>
<clue>These findings <clueKT>show</clueKT> that nuclear NF-kappa B is <clueType>necessary to activate</clueType> the kappa B enhancer, while KBF1 by itself is not sufficient.</clue>
<comment>NER T31,T32 mod</comment></event>
<event KT="Analysis" LT="Propositional" Polarity="Negative" assertion="non-exist" id="E15">
<type class="Positive_regulation"/>
<theme idref="T33"/>
<cause idref="T34"/>
<clue>These findings <clueKT>show</clueKT> that nuclear NF-kappa B is necessary <clueType>to activate</clueType> the kappa B enhancer, while KBF1 by itself is <cluePolarity>not sufficient</cluePolarity>.</clue>
</event>
<sentence id="S7">We propose that <term id="T35" lex="KBF1" sem="Protein_molecule">KBF1</term> is a competitive inhibitor of <term id="T36" lex="NF-kappa_B" sem="Protein_complex">NF-kappa B</term> and discuss how these factors may be involved in the transient expression of <term id="T37" lex="IL-2" sem="DNA_domain_or_region">IL-2</term> and <term id="T38" lex="IL-2R_alpha" sem="DNA_domain_or_region">IL-2R alpha</term> <term id="A1" sem="DNA_domain_or_region">genes</term> during the <term id="T39" lex="immune_response" sem="Other">immune response</term>.</sentence>
<event CL="L2" KT="Analysis" LT="Propositional" id="E16" uncertainty="probable">
<type class="Negative_regulation"/>
<theme idref="T36"/>
<cause idref="T35"/>
<clue>We <clueKT><clueCL>propose</clueCL></clueKT> that KBF1 is a competitive <clueType>inhibitor</clueType> <linkTheme>of</linkTheme> NF-kappa B and discuss how these factors may be involved in the transient expression of IL-2 and IL-2R alpha genes during the immune response.</clue>
</event>
<event KT="Other" id="E17">
<type class="Gene_expression"/>
<theme idref="T37" idref1="A1"/>
<clue>We propose that KBF1 is a competitive inhibitor of NF-kappa B and discuss how these factors may be involved in the transient <clueType>expression</clueType> <linkTheme>of</linkTheme> IL-2 and IL-2R alpha genes during the immune response.</clue>
<comment>NER T37 mod</comment></event>
<event KT="Other" id="E18">
<type class="Gene_expression"/>
<theme idref="T38" idref1="A1"/>
<clue>We propose that KBF1 is a competitive inhibitor of NF-kappa B and discuss how these factors may be involved in the transient <clueType>expression</clueType> <linkTheme>of</linkTheme> IL-2 and IL-2R alpha genes during the immune response.</clue>
<comment>NER T37 mod</comment></event>
<event CL="L1" KT="Analysis" LT="Propositional" id="E19" uncertainty="probable">
<type class="Correlation"/>
<theme idref="T35"/>
<theme idref="E17"/>
<clue>We propose that KBF1 is a competitive inhibitor of NF-kappa B and discuss how <corefTheme>these factors</corefTheme> <clueKT><clueCL>may</clueCL></clueKT> be <clueType>involved</clueType> <linkTheme>in</linkTheme> the transient expression of IL-2 and IL-2R alpha genes <clueTime>during the immune response.</clueTime></clue>
</event>
<event CL="L1" KT="Analysis" LT="Propositional" id="E20" uncertainty="probable">
<type class="Correlation"/>
<theme idref="T35"/>
<theme idref="E18"/>
<clue>We propose that KBF1 is a competitive inhibitor of NF-kappa B and discuss how <corefTheme>these factors</corefTheme> <clueKT><clueCL>may</clueCL></clueKT> be <clueType>involved</clueType> <linkTheme>in</linkTheme> the transient expression of IL-2 and IL-2R alpha genes <clueTime>during the immune response.</clueTime></clue>
</event>
<event CL="L1" KT="Analysis" LT="Propositional" id="E21" uncertainty="probable">
<type class="Correlation"/>
<theme idref="T36"/>
<theme idref="E17"/>
<clue>We propose that KBF1 is a competitive inhibitor of NF-kappa B and discuss how <corefTheme>these factors</corefTheme> <clueKT><clueCL>may</clueCL></clueKT> be <clueType>involved</clueType> <linkTheme>in</linkTheme> the transient expression of IL-2 and IL-2R alpha genes <clueTime>during the immune response.</clueTime></clue>
</event>
<event CL="L1" KT="Analysis" LT="Propositional" id="E22" uncertainty="probable">
<type class="Correlation"/>
<theme idref="T36"/>
<theme idref="E18"/>
<clue>We propose that KBF1 is a competitive inhibitor of NF-kappa B and discuss how <corefTheme>these factors</corefTheme> <clueKT><clueCL>may</clueCL></clueKT> be <clueType>involved</clueType> <linkTheme>in</linkTheme> the transient expression of IL-2 and IL-2R alpha genes <clueTime>during the immune response.</clueTime></clue>
</event>
</AbstractText>
</Abstract></Article></MedlineCitation></PubmedArticle></PubmedArticleSet></Annotation>
