<?xml version='1.0'?><!DOCTYPE Annotation PUBLIC "//GENIA//DTD GENIA ANNOTATION EVENT 2.0//EN_Modified" "../ModifiedGENIAtypes/Modified_GENIA_event_20.dtd"><Annotation annotates="http://www.ncbi.nlm.nih.gov/entrez/eutils/efetch.fcgi?db=pubmed&amp;retmode=xml&amp;rettype=medline&amp;id=1782151" created="18/02/2006" creator="Hitomi MASUDA"><PubmedArticleSet><PubmedArticle><MedlineCitation>
<PMID>1782151</PMID>
<Article>
<ArticleTitle>
<sentence id="S1">Stimulation of <term id="T1" lex="interferon_beta_gene_transcription" sem="Other"><term id="T2" lex="interferon_beta_gene" sem="DNA_domain_or_region">interferon beta gene</term> transcription</term> in vitro by purified <term id="T3" lex="NF-kappa_B" sem="Protein_molecule">NF-kappa B</term> and a novel <term id="T4" lex="TH_protein" sem="Protein_molecule">TH protein</term>.</sentence>
<event id="E1">
<type class="Transcription"/>
<theme idref="T2"/>
<clue>Stimulation of interferon beta gene <clueType>transcription</clueType> in vitro by purified NF-kappa B and a novel TH protein.</clue>
</event>
<event id="E2">
<type class="Positive_regulation"/>
<theme idref="E1"/>
<cause idref="T3"/>
<clue><clueType>Stimulation</clueType> <linkTheme>of</linkTheme> interferon beta gene transcription in vitro <linkCause>by</linkCause> purified NF-kappa B and a novel TH protein.</clue>
</event>
<event id="E3">
<type class="Positive_regulation"/>
<theme idref="E1"/>
<cause idref="T4"/>
<clue><clueType>Stimulation</clueType> <linkTheme>of</linkTheme> interferon beta gene transcription in vitro <linkCause>by</linkCause> purified NF-kappa B and a novel TH protein.</clue>
</event>
</ArticleTitle>
<Abstract>
<AbstractText>
<sentence id="S2">The <term id="T5" lex="human_interferon_beta_(IFN-beta)_regulatory_element" sem="DNA_domain_or_region"><term id="T6" lex="human_interferon_beta" sem="Protein_molecule">human interferon beta</term> (<term id="T7" lex="IFN-beta" sem="Protein_molecule">IFN-beta</term>) <term id="A200" sem="DNA_domain_or_region">regulatory element</term></term> consists of multiple <term id="T8" lex="enhanson_domain" sem="DNA_domain_or_region">enhanson domains</term> which are targets for <term id="T9" lex="transcription_factor" sem="Protein_family_or_group">transcription factors</term> involved in inducible expression of the <term id="T10" lex="promoter" sem="DNA_domain_or_region">promoter</term>.</sentence>
<event KT="Other" id="E4">
<type class="Gene_expression"/>
<theme idref="T7"/>
<clue>The human interferon beta (IFN-beta) regulatory element consists of multiple enhanson domains which are targets for transcription factors involved in inducible <clueType>expression</clueType> of the promoter.</clue>
</event>
<event KT="Other" id="E5">
<type class="Positive_regulation"/>
<theme idref="E4"/>
<cause idref="T10"/>
<clue>The human interferon beta (IFN-beta) regulatory element consists of multiple enhanson domains which are targets for transcription factors involved in <clueType>inducible</clueType> expression <linkCause>of</linkCause> the promoter.</clue>
</event>
<event KT="Other" id="E6">
<type class="Correlation"/>
<theme idref="E5"/>
<theme idref="T9"/>
<clue>The human interferon beta (IFN-beta) regulatory element consists of multiple enhanson domains which are targets for transcription factors <clueType>involved</clueType> <linkTheme>in</linkTheme> inducible expression of the promoter.</clue>
</event>
<event KT="Fact" id="E7">
<type class="Regulation"/>
<theme idref="T7" idref1="A200"/>
<cause idref="E6"/>
<clue>The human interferon beta (IFN-beta) regulatory element consists of multiple enhanson domains which <linkTheme>are</linkTheme> <clueType>targets</clueType> <linkCause>for</linkCause> transcription factors involved in inducible expression of the promoter.</clue>
</event>
<sentence id="S3">To further characterize the <term id="T11" lex="protein-DNA_interaction" sem="Other"><term id="A201" sem="Protein_molecule">protein</term>-<term id="A202" sem="DNA_domain_or_region">DNA</term> interactions</term> mediating <term id="T12" lex="IFN-beta_induction" sem="Other"><term id="T13" lex="IFN-beta" sem="Protein_molecule">IFN-beta</term> induction</term>, <term id="T14" lex="positive_regulatory_domain_(PRD)_II_binding_protein" sem="Protein_family_or_group"><term id="T15" lex="positive_regulatory_domain_(PRD)_II" sem="DNA_domain_or_region">positive regulatory domain (PRD) II</term> binding proteins</term> were purified from <term id="T16" lex="phorbol_ester" sem="Organic_compound_other">phorbol ester</term> induced <term id="T17" lex="Jurkat_T-cell" sem="Cell_cultured">Jurkat T-cells</term> and from <term id="T18" lex="IFN_primed,_cycloheximide/polyinosinic-polycytidylic_acid_treated_HeLa_S3_cell" sem="Cell_cultured"><term id="T19" lex="IFN" sem="Protein_molecule">IFN</term> primed, <term id="T20" lex="cycloheximide/polyinosinic-polycytidylic_acid" sem="Organic_compound_other">cycloheximide/polyinosinic-polycytidylic acid</term> treated HeLa S3 cells</term>.</sentence>
<event KT="Other" id="E8">
<type class="Positive_regulation"/>
<theme idref="T13"/>
<clue>To further characterize the protein-DNA interactions mediating IFN-beta <clueType>induction</clueType>, positive regulatory domain (PRD) II binding proteins were purified from phorbol ester induced Jurkat T-cells and from IFN primed, cycloheximide/polyinosinic-polycytidylic acid treated HeLa S3 cells.</clue>
</event>
<event KT="Analysis" id="E100">
<type class="Binding"/>
<theme idref="A201"/>
<theme idref="A202"/>
<clue>To further <clueKT>characterize</clueKT> the protein-DNA <clueType>interactions</clueType> mediating IFN-beta induction, positive regulatory domain (PRD) II binding proteins were purified from phorbol ester induced Jurkat T-cells and from IFN primed, cycloheximide/polyinosinic-polycytidylic acid treated HeLa S3 cells.</clue>
</event>
<event KT="Other" id="E9">
<type class="Positive_regulation"/>
<theme idref="E8"/>
<cause idref="E100"/>
<clue>To further characterize the protein-DNA interactions <clueType>mediating</clueType> IFN-beta induction, positive regulatory domain (PRD) II binding proteins were purified from phorbol ester induced Jurkat T-cells and from IFN primed, cycloheximide/polyinosinic-polycytidylic acid treated HeLa S3 cells.</clue>
</event>
<sentence id="S4">From <term id="T21" lex="HeLa_cell" sem="Cell_cultured">HeLa cells</term>, two major proteins of <cons id="T22" lex="(AND 52_kilodaltons_(kD) 45_kilodaltons_(kD))" sem="(AND Protein_molecule Protein_molecule)"><frag id="F1"><term id="A2" sem="Protein_molecule">52</term></frag> and <frag id="F2"><term id="A3" sem="Protein_molecule">45</term></frag> <frag id="F3">kilodaltons (<term id="A4" sem="Protein_molecule">kD</term>)</frag></cons> copurified with <term id="T23" lex="DNA_binding_activity" sem="Other"><term id="A1" sem="DNA_domain_or_region">DNA</term> binding activity</term>, whereas from <term id="T24" lex="T-cell" sem="Cell_natural">T-cells</term>, four proteins--a <term id="T25" lex="major_protein" sem="Protein_family_or_group">major protein</term> of <term id="T26" lex="52_kD" sem="Protein_molecule">52 kD</term> and three <term id="T27" lex="minor_protein" sem="Protein_family_or_group">minor proteins</term> of <term id="T28" lex="82_kD" sem="Protein_molecule">82</term>, <term id="T29" lex="67_kD" sem="Protein_molecule">67</term>, and <term id="T30" lex="43-47_kD" sem="Protein_molecule">43-47 <term id="A203" sem="Protein_molecule">kD</term></term>--were purified.</sentence>
<event id="E10">
<type class="Binding"/>
<theme idref="A1"/>
<theme idref="A2" idref1="A4"/>
<clue><clueLoc>From HeLa cells</clueLoc>, two major proteins of 52 and 45 kilodaltons (kD) <linkTheme>copurified with</linkTheme> DNA <clueType>binding activity</clueType>, whereas from T-cells, four proteins--a major protein of 52 kD and three minor proteins of 82, 67, and 43-47 kD--were purified.</clue>
</event>
<event id="E11">
<type class="Binding"/>
<theme idref="A1"/>
<theme idref="A3" idref1="A4"/>
<clue><clueLoc>From HeLa cells</clueLoc>, two major proteins of 52 and 45 kilodaltons (kD) <linkTheme>copurified with</linkTheme> DNA <clueType>binding activity</clueType>, whereas from T-cells, four proteins--a major protein of 52 kD and three minor proteins of 82, 67, and 43-47 kD--were purified.</clue>
</event>
<event id="E202">
<type class="Binding"/>
<theme idref="T26"/>
<theme idref="A1"/>
<clue>From HeLa cells, two major proteins of 52 and 45 kilodaltons (kD) copurified <linkTheme>with</linkTheme> DNA <clueType>binding activity</clueType>, whereas <clueLoc>from T-cells</clueLoc>, four proteins--a major protein of 52 kD and three minor proteins of 82, 67, and 43-47 kD--were <linkTheme>purified</linkTheme>.</clue>
</event>
<event id="E203">
<type class="Binding"/>
<theme idref="T28" idref1="A203"/>
<theme idref="A1"/>
<clue>From HeLa cells, two major proteins of 52 and 45 kilodaltons (kD) copurified <linkTheme>with</linkTheme> DNA <clueType>binding activity</clueType>, whereas <clueLoc>from T-cells</clueLoc>, four proteins--a major protein of 52 kD and three minor proteins of 82, 67, and 43-47 kD--were <linkTheme>purified</linkTheme>.</clue>
</event>
<event id="E204">
<type class="Binding"/>
<theme idref="T29" idref1="A203"/>
<theme idref="A1"/>
<clue>From HeLa cells, two major proteins of 52 and 45 kilodaltons (kD) copurified <linkTheme>with</linkTheme> DNA <clueType>binding activity</clueType>, whereas <clueLoc>from T-cells</clueLoc>, four proteins--a major protein of 52 kD and three minor proteins of 82, 67, and 43-47 kD--were <linkTheme>purified</linkTheme>.</clue>
</event>
<event id="E205">
<type class="Binding"/>
<theme idref="T30"/>
<theme idref="A1"/>
<clue>From HeLa cells, two major proteins of 52 and 45 kilodaltons (kD) copurified <linkTheme>with</linkTheme> DNA <clueType>binding activity</clueType>, whereas <clueLoc>from T-cells</clueLoc>, four proteins--a major protein of 52 kD and three minor proteins of 82, 67, and 43-47 kD--were <linkTheme>purified</linkTheme>.</clue>
</event>
<sentence id="S5">Also, an <term id="A300" sem="Protein_family_or_group">induction <term id="T31" lex="specific_DNA_binding_protein" sem="Protein_family_or_group">specific <term id="A5" sem="Protein_family_or_group">DNA binding protein</term></term></term> was purified from <term id="T32" lex="HeLa_cell" sem="Cell_cultured">HeLa cells</term> that interacted with the (<term id="T33" lex="AAGTGA" sem="Polynucleotide">AAGTGA</term>)4 <term id="T34" lex="tetrahexamer_sequence" sem="DNA_domain_or_region">tetrahexamer sequence</term> and the <term id="T35" lex="PRDI_domain" sem="DNA_domain_or_region">PRDI domain</term>.</sentence>
<event id="E12">
<type class="Positive_regulation"/>
<cause idref="A5"/>
<clue>Also, an <clueType>induction</clueType> specific DNA binding protein was purified <clueLoc>from HeLa cells</clueLoc> that interacted with the (AAGTGA)4 tetrahexamer sequence and the PRDI domain.</clue>
</event>
<event id="E13">
<type class="Binding"/>
<theme idref="A300"/>
<theme idref="T34"/>
<clue>Also, an induction specific DNA binding protein was purified from HeLa cells that <clueType>interacted</clueType> <linkTheme>with</linkTheme> the (AAGTGA)4 tetrahexamer sequence and the PRDI domain.</clue>
</event>
<event id="E14">
<type class="Binding"/>
<theme idref="A300"/>
<theme idref="T35"/>
<clue>Also, an induction specific DNA binding protein was purified from HeLa cells that <clueType>interacted</clueType> <linkTheme>with</linkTheme> the (AAGTGA)4 tetrahexamer sequence and the PRDI domain.</clue>
</event>
<sentence id="S6">This protein is immunologically distinct from <term id="T36" lex="IRF-1/ISGF2" sem="Protein_molecule">IRF-1/ISGF2</term>.</sentence>
<sentence id="S7"><term id="T37" lex="uninduced_HeLa_extract" sem="Cell_component">Uninduced</term> or <term id="T38" lex="Sendai_virus_induced_HeLa_extract" sem="Cell_component"><term id="T39" lex="Sendai_virus" sem="Virus">Sendai virus</term> induced <term id="T40" lex="HeLa_extract" sem="Cell_component">HeLa extracts</term></term> were used to examine <term id="T41" lex="transcription" sem="Other">transcription</term> in vitro using a series of <term id="T42" lex="IFN_beta_promoter_deletion" sem="DNA_domain_or_region"><term id="A204" sem="DNA_domain_or_region">IFN beta promoter</term> deletions</term>.</sentence>
<event KT="Method" id="E206">
<type class="Mutagenesis"/>
<theme idref="A204"/>
<clue>Uninduced or Sendai virus induced HeLa extracts were used to examine transcription in vitro using a series of IFN beta promoter <clueType>deletions</clueType>.</clue>
<comment>ARTIFICIAL</comment></event>
<sentence id="S8">Deletions <term id="A205" sem="DNA_domain_or_region">upstream of the <term id="T43" lex="PRDII_element" sem="DNA_domain_or_region">PRDII element</term></term> increased <term id="T44" lex="transcription" sem="Other">transcription</term> in the uninduced extract, indicating predominantly <term id="T45" lex="negative_regulation" sem="Other">negative regulation</term> of the <term id="T46" lex="promoter" sem="DNA_domain_or_region">promoter</term>.</sentence>
<event KT="Method" id="E15">
<type class="Mutagenesis"/>
<theme idref="A205"/>
<clue><clueType>Deletions</clueType> upstream of the PRDII element increased transcription in the uninduced extract, indicating predominantly negative regulation of the promoter.</clue>
<comment>TPS: A205, ARTIFICIAL</comment></event>
<event id="E16">
<type class="Positive_regulation"/>
<theme idref="E1"/>
<cause idref="E15"/>
<clue>Deletions upstream of the PRDII element <clueType>increased</clueType> <corefTheme>transcription</corefTheme> <clueLoc>in the uninduced extract</clueLoc>, indicating predominantly negative regulation of the promoter.</clue>
</event>
<event CL="L2" KT="Analysis" id="E207">
<type class="Negative_regulation"/>
<theme idref="T46"/>
<cause idref="E15"/>
<clue>Deletions upstream of the PRDII element increased transcription in the uninduced extract, <linkCause><clueKT><clueCL>indicating</clueCL></clueKT></linkCause> predominantly <clueType>negative regulation</clueType> <linkTheme>of</linkTheme> the promoter.</clue>
</event>
<sentence id="S9">A 2-4-fold increase in <term id="T47" lex="IFN-beta_promoter" sem="DNA_domain_or_region">IFN-beta promoter</term> <term id="T48" lex="transcription" sem="Other">transcription</term> was observed in <term id="T49" lex="Sendai_virus_induced_extract" sem="Cell_component"><term id="T50" lex="Sendai_virus" sem="Virus">Sendai virus</term> induced extracts</term>, and deletion of <term id="T51" lex="PRDI" sem="DNA_domain_or_region">PRDI</term> and <term id="T52" lex="PRDII_element" sem="DNA_domain_or_region"><term id="T53" lex="PRDII" sem="DNA_domain_or_region">PRDII</term> elements</term> decreased this induced level of <term id="T54" lex="transcription" sem="Other">transcription</term>.</sentence>
<event id="E17">
<type class="Transcription"/>
<theme idref="T47"/>
<clue>A 2-4-fold increase in IFN-beta promoter <clueType>transcription</clueType> was observed in Sendai virus induced extracts, and deletion of PRDI and PRDII elements decreased this induced level of transcription.</clue>
</event>
<event Manner="High" id="E18">
<type class="Positive_regulation"/>
<theme idref="E17"/>
<cause idref="E15"/>
<clue>A <clueManner>2-4-fold</clueManner> <clueType>increase</clueType> <linkTheme>in</linkTheme> IFN-beta promoter transcription was <clueKT>observed</clueKT> <clueLoc>in Sendai virus induced extracts</clueLoc>, and deletion of PRDI and PRDII elements decreased this induced level of transcription.</clue>
</event>
<event KT="Method" id="E19">
<type class="Mutagenesis"/>
<theme idref="T51"/>
<clue>A 2-4-fold increase in IFN-beta promoter transcription was observed in Sendai virus induced extracts, and <clueType>deletion</clueType> <linkTheme>of</linkTheme> PRDI and PRDII elements decreased this induced level of transcription.</clue>
<comment>ARTIFICIAL</comment></event>
<event KT="Method" id="E119">
<type class="Mutagenesis"/>
<theme idref="T53"/>
<clue>A 2-4-fold increase in IFN-beta promoter transcription was observed in Sendai virus induced extracts, and <clueType>deletion</clueType> <linkTheme>of</linkTheme> PRDI and PRDII elements decreased this induced level of transcription.</clue>
<comment>ARTIFICIAL</comment></event>
<event id="E20">
<type class="Negative_regulation"/>
<theme idref="E18"/>
<cause idref="E19"/>
<clue>A 2-4-fold increase in IFN-beta promoter transcription was observed in Sendai virus induced extracts, and deletion of PRDI and PRDII elements <clueType>decreased</clueType> <linkTheme>this induced level of transcription</linkTheme>.</clue>
</event>
<event id="E120">
<type class="Negative_regulation"/>
<theme idref="E18"/>
<cause idref="E119"/>
<clue>A 2-4-fold increase in IFN-beta promoter transcription was observed in Sendai virus induced extracts, and deletion of PRDI and PRDII elements <clueType>decreased</clueType> <linkTheme>this induced level of transcription</linkTheme>.</clue>
</event>
<sentence id="S10">When purified <cons id="T55" lex="(AND PRDII_binding_protein tetrahexamer_binding_protein)" sem="(AND Protein_family_or_group Protein_family_or_group)"><frag id="F4"><term id="A7" sem="DNA_domain_or_region">PRDII</term></frag> and <frag id="F5"><term id="A8" sem="DNA_domain_or_region">tetrahexamer</term></frag> <frag id="F6">binding <term id="A9" sem="Protein_family_or_group">proteins</term></frag></cons> were added to the induced extract, a 4-fold increase in <term id="T56" lex="transcription" sem="Other">transcription</term> was observed.</sentence>
<event id="E21">
<type class="Binding"/>
<theme idref="A7"/>
<theme idref="A9"/>
<clue>When purified PRDII and tetrahexamer <clueType>binding</clueType> proteins were added to the induced extract, a 4-fold increase in transcription was observed.</clue>
</event>
<event id="E22">
<type class="Binding"/>
<theme idref="A8"/>
<theme idref="A9"/>
<clue>When purified PRDII and tetrahexamer <clueType>binding</clueType> proteins were added to the induced extract, a 4-fold increase in transcription was observed.</clue>
</event>
<event Manner="High" id="E23">
<type class="Positive_regulation"/>
<theme idref="E17"/>
<cause idref="E21"/>
<cause idref="E22"/>
<clue>When purified PRDII and tetrahexamer binding proteins were added to the induced extract, a <clueManner>4-fold</clueManner> <clueType>increase</clueType> <linkTheme>in</linkTheme> <linkTheme>transcription</linkTheme> was <clueKT>observed</clueKT>.</clue>
</event>
<sentence id="S11">These experiments demonstrate that it is possible to modulate <term id="A208" sem="Protein_molecule">IFN-beta</term> <term id="T57" lex="transcription" sem="Other">transcription</term> in vitro but indicate that <term id="A10" sem="Protein_family_or_group">additional proteins</term> may be required to fully activate <term id="T58" lex="IFN-beta_transcription" sem="Other"><term id="T59" lex="IFN-beta" sem="Protein_molecule">IFN-beta</term> <term id="T60" lex="transcription" sem="Other">transcription</term></term>.</sentence>
<event KT="Other" id="E24">
<type class="Transcription"/>
<theme idref="T59"/>
<clue>These experiments demonstrate that it is possible to modulate IFN-beta transcription in vitro but indicate that additional proteins may be required to fully activate IFN-beta <clueType>transcription</clueType>.</clue>
</event>
<event CL="L1" KT="Analysis" id="E25" uncertainty="probable">
<type class="Positive_regulation"/>
<theme idref="E24"/>
<cause idref="A10"/>
<clue>These experiments demonstrate that it is possible to modulate IFN-beta transcription in vitro but <clueKT>indicate</clueKT> that additional proteins <clueCL>may</clueCL> be <linkCause>required to</linkCause> fully <clueType>activate</clueType> IFN-beta transcription.</clue>
</event>
</AbstractText>
</Abstract></Article></MedlineCitation></PubmedArticle></PubmedArticleSet></Annotation>
