<?xml version='1.0'?><!DOCTYPE Annotation PUBLIC "//GENIA//DTD GENIA ANNOTATION EVENT 2.0//EN_Modified" "../ModifiedGENIAtypes/Modified_GENIA_event_20.dtd"><Annotation annotates="http://www.ncbi.nlm.nih.gov/entrez/eutils/efetch.fcgi?db=pubmed&amp;retmode=xml&amp;rettype=medline&amp;id=1829648" created="19/02/2006" creator="Hitomi MASUDA"><PubmedArticleSet><PubmedArticle><MedlineCitation>
<PMID>1829648</PMID>
<Article>
<ArticleTitle>
<sentence id="S1">Characterization of an <term id="T1" lex="immediate-early_gene" sem="DNA_family_or_group">immediate-early gene</term> induced in <term id="T2" lex="adherent_monocyte" sem="Cell_natural">adherent monocytes</term> that encodes <term id="T3" lex="I_kappa_B-like_activity" sem="Other"><term id="T4" lex="I_kappa_B" sem="Protein_molecule">I kappa B</term>-like activity</term>.</sentence>
<event id="E100">
<type class="Positive_regulation"/>
<theme idref="T1"/>
<clue>Characterization of an immediate-early gene <clueType>induced</clueType> <clueLoc>in adherent monocytes</clueLoc> that encodes I kappa B-like activity.</clue>
</event>
</ArticleTitle>
<Abstract>
<AbstractText>
<sentence id="S2">We have cloned a group of <term id="T5" lex="cDNA" sem="DNA_family_or_group">cDNAs</term> representing <term id="T6" lex="mRNA" sem="RNA_family_or_group">mRNAs</term> that are rapidly induced following adherence of <term id="T7" lex="human_monocyte" sem="Cell_natural">human monocytes</term>.</sentence>
<event id="E1">
<type class="Cell_communication"/>
<theme idref="T7"/>
<clue>We have cloned a group of cDNAs representing mRNAs that are rapidly induced following <clueType>adherence</clueType> <linkTheme>of</linkTheme> human monocytes.</clue>
</event>
<event Manner="High" id="E2">
<type class="Positive_regulation"/>
<theme idref="T6"/>
<cause idref="E1"/>
<clue>We have cloned a group of cDNAs representing mRNAs that are <clueManner>rapidly</clueManner> <clueType>induced</clueType> <linkCause>following</linkCause> adherence of human monocytes.</clue>
</event>
<sentence id="S3">One of the induced transcripts (<term id="T8" lex="MAD-3" sem="RNA_molecule">MAD-3</term>) encodes a protein of <term id="T9" lex="317_amino_acid" sem="Peptide">317 amino acids</term> with one domain containing <term id="T10" lex="five_tandem_repeat" sem="Protein_substructure">five tandem repeats</term> of the <term id="T11" lex="cdc10/ankyrin_motif" sem="Protein_substructure">cdc10/ankyrin motif</term>, which is 60% similar (46% identical) to the <term id="T12" lex="ankyrin_repeat_region" sem="Protein_domain_or_region">ankyrin repeat region</term> of the precursor of <term id="T13" lex="NF-kappa_B/KBF1_p50" sem="Protein_molecule"><term id="T14" lex="NF-kappa_B" sem="Protein_molecule">NF-kappa B</term><term id="T15" lex="KBF1" sem="Protein_molecule">/KBF1</term> p50</term>.</sentence>
<event id="E3">
<type class="Positive_regulation"/>
<theme idref="T8"/>
<cause idref="E1"/>
<clue>One of the <clueType>induced</clueType> transcripts (MAD-3) encodes a protein of 317 amino acids with one domain containing five tandem repeats of the cdc10/ankyrin motif, which is 60% similar (46% identical) to the ankyrin repeat region of the precursor of NF-kappa B/KBF1 p50.</clue>
</event>
<sentence id="S4">The <term id="T16" lex="C-terminus" sem="Protein_domain_or_region">C-terminus</term> has a putative <term id="T17" lex="protein_kinase_C_phosphorylation_site" sem="Protein_domain_or_region"><term id="T18" lex="protein_kinase_C" sem="Protein_molecule">protein kinase C</term> phosphorylation site</term>.</sentence>
<sentence id="S5">In vitro translated <term id="T19" lex="MAD-3_protein" sem="Protein_molecule">MAD-3 protein</term> was found to specifically inhibit the <term id="A1" sem="DNA_molecule">DNA</term>-binding activity of the <term id="T20" lex="p50/p65_NF-kappa_B_complex" sem="Protein_complex">p50/p65 <term id="T21" lex="NF-kappa_B" sem="Protein_molecule">NF-kappa B</term> complex</term> but not that of the <term id="T22" lex="p50/p50_KBF1_factor" sem="Protein_molecule">p50/p50 KBF1 factor</term> or of <term id="A3" sem="Protein_family_or_group">other <term id="T23" lex="DNA-binding_protein" sem="Protein_family_or_group">DNA-binding proteins</term></term>.</sentence>
<event KT="Other" id="E4">
<type class="Translation"/>
<theme idref="T19"/>
<clue>In vitro <clueType>translated</clueType> MAD-3 protein was found to specifically inhibit the DNA-binding activity of the p50/p65 NF-kappa B complex but not that of the p50/p50 KBF1 factor or of other DNA-binding proteins.</clue>
</event>
<event KT="Other" id="E5">
<type class="Binding"/>
<theme idref="A1"/>
<theme idref="T20"/>
<clue>In vitro translated MAD-3 protein was found to specifically inhibit the DNA-<clueType>binding activity</clueType> <linkTheme>of</linkTheme> the p50/p65 NF-kappa B complex but not that of the p50/p50 KBF1 factor or of other DNA-binding proteins.</clue>
</event>
<event KT="Other" id="E6">
<type class="Binding"/>
<theme idref="A1"/>
<theme idref="T22"/>
<clue>In vitro translated MAD-3 protein was found to specifically inhibit the DNA-<clueType>binding activity</clueType> of the p50/p65 NF-kappa B complex but not that <linkTheme>of</linkTheme> the p50/p50 KBF1 factor or of other DNA-binding proteins.</clue>
</event>
<event KT="Other" id="E16">
<type class="Binding"/>
<theme idref="A1"/>
<theme idref="A3"/>
<clue>In vitro translated MAD-3 protein was found to specifically inhibit the DNA-<clueType>binding activity</clueType> of the p50/p65 NF-kappa B complex but not that of the p50/p50 KBF1 factor or <linkTheme>of</linkTheme> other DNA-binding proteins.</clue>
</event>
<event LT="Propositional" id="E7">
<type class="Negative_regulation"/>
<theme idref="E5"/>
<cause idref="E4"/>
<clue>In vitro translated MAD-3 protein was <clueKT>found</clueKT> to specifically <clueType>inhibit</clueType> the DNA-binding activity of the p50/p65 NF-kappa B complex but not that of the p50/p50 KBF1 factor or of other DNA-binding proteins.</clue>
</event>
<event LT="Propositional" Polarity="Negative" assertion="non-exist" id="E8">
<type class="Negative_regulation"/>
<theme idref="E6"/>
<cause idref="E4"/>
<clue>In vitro translated MAD-3 protein was <clueKT>found</clueKT> to specifically <clueType>inhibit</clueType> the DNA-binding activity of the p50/p65 NF-kappa B complex but <cluePolarity>not</cluePolarity> that of the p50/p50 KBF1 factor or of other DNA-binding proteins.</clue>
</event>
<event LT="Propositional" Polarity="Negative" assertion="non-exist" id="E17">
<type class="Negative_regulation"/>
<theme idref="E16"/>
<cause idref="E4"/>
<clue>In vitro translated MAD-3 protein was <clueKT>found</clueKT> to specifically <clueType>inhibit</clueType> the DNA-binding activity of the p50/p65 NF-kappa B complex but <cluePolarity>not</cluePolarity> that of the p50/p50 KBF1 factor or of other DNA-binding proteins.</clue>
</event>
<sentence id="S6">The <term id="T24" lex="MAD-3_cDNA" sem="DNA_molecule">MAD-3 cDNA</term> encodes an <term id="T25" lex="I_kappa_B-like_protein" sem="Protein_molecule">I kappa B-like protein</term> that is likely to be involved in regulation of <term id="T26" lex="transcriptional_response" sem="Other">transcriptional responses</term> to <term id="T27" lex="NF-kappa_B" sem="Protein_molecule">NF-kappa B</term>, including <term id="T28" lex="adhesion-dependent_pathway" sem="Other">adhesion-dependent pathways</term> of <term id="T29" lex="monocyte_activation" sem="Other"><term id="A2" sem="Cell_natural">monocyte</term> activation</term>.</sentence>
<event KT="Other" id="E9">
<type class="Positive_regulation"/>
<cause idref="T27"/>
<clue>The MAD-3 cDNA encodes an I kappa B-like protein that is likely to be involved in regulation of <clueType>transcriptional responses</clueType> <linkTheme>to</linkTheme> NF-kappa B, including adhesion-dependent pathways of monocyte activation.</clue>
</event>
<event KT="Other" id="E10">
<type class="Regulation"/>
<theme idref="E9"/>
<clue>The MAD-3 cDNA encodes an I kappa B-like protein that is likely to be involved in <clueType>regulation</clueType> <linkTheme>of</linkTheme> transcriptional responses to NF-kappa B, including adhesion-dependent pathways of monocyte activation.</clue>
</event>
<event CL="L2" KT="Analysis" LT="Propositional" id="E11" uncertainty="probable">
<type class="Correlation"/>
<theme idref="E10"/>
<theme idref="T25"/>
<clue>The MAD-3 cDNA encodes an I kappa B-like protein that is <clueKT><clueCL>likely</clueCL></clueKT> to be <clueType>involved</clueType> <linkTheme>in</linkTheme> regulation of transcriptional responses to NF-kappa B, including adhesion-dependent pathways of monocyte activation.</clue>
</event>
<event KT="Other" id="E12">
<type class="Physiological_process"/>
<theme idref="A2"/>
<cause idref="E1"/>
<clue>The MAD-3 cDNA encodes an I kappa B-like protein that is likely to be involved in regulation of transcriptional responses to NF-kappa B, including <corefCause>adhesion</corefCause>-<linkCause>dependent pathways of</linkCause> monocyte <clueType>activation</clueType>.</clue>
</event>
<event KT="Other" id="E14">
<type class="Regulation"/>
<theme idref="E12"/>
<clue>The MAD-3 cDNA encodes an I kappa B-like protein that is likely to be involved in <clueType>regulation</clueType> <linkTheme>of</linkTheme> <corefTheme>transcriptional responses to NF-kappa B</corefTheme>, including adhesion-dependent pathways of monocyte activation.</clue>
</event>
<event CL="L2" KT="Analysis" LT="Propositional" assertion="non-exist" id="E15">
<type class="Correlation"/>
<theme idref="E14"/>
<theme idref="T25"/>
<clue>The MAD-3 cDNA encodes an I kappa B-like protein that is <clueKT><clueCL>likely</clueCL></clueKT> to be <clueType>involved</clueType> <linkTheme>in</linkTheme> regulation of transcriptional responses to NF-kappa B, including adhesion-dependent pathways of monocyte activation.</clue>
</event>
</AbstractText>
</Abstract></Article></MedlineCitation></PubmedArticle></PubmedArticleSet></Annotation>
