<?xml version='1.0'?><!DOCTYPE Annotation PUBLIC "//GENIA//DTD GENIA ANNOTATION EVENT 2.0//EN_Modified" "../ModifiedGENIAtypes/Modified_GENIA_event_20.dtd"><Annotation annotates="http://www.ncbi.nlm.nih.gov/entrez/eutils/efetch.fcgi?db=pubmed&amp;retmode=xml&amp;rettype=medline&amp;id=1847170" created="09/01/2007" creator="Noriko Katsu"><PubmedArticleSet><PubmedArticle><MedlineCitation>
<PMID>1847170</PMID>
<Article>
<ArticleTitle>
<sentence id="S1"><term id="T1" lex="platelet-activating_factor" sem="Protein_molecule">Platelet-activating factor</term> induces <term id="T2" lex="phospholipid_turnover" sem="Other"><term id="T3" lex="phospholipid" sem="Lipid">phospholipid</term> turnover</term>, <term id="T4" lex="calcium_flux" sem="Other"><term id="T5" lex="calcium" sem="Element">calcium</term> flux</term>, <term id="T6" lex="arachidonic_acid_liberation" sem="Other"><term id="T7" lex="arachidonic_acid" sem="Lipid">arachidonic acid</term> liberation</term>, <term id="T8" lex="eicosanoid_generation" sem="Other"><term id="A1" sem="Lipid">eicosanoid</term> generation</term>, and <term id="T9" lex="oncogene_expression" sem="Other"><term id="T10" lex="oncogene" sem="DNA_domain_or_region">oncogene</term> expression</term> in a <term id="T11" lex="human_B_cell_line" sem="Cell_cultured">human B cell line</term>.</sentence>
<event id="E1">
<type class="Positive_regulation"/>
<theme idref="E2"/>
<cause idref="T1"/>
<clue>Platelet-activating factor <clueType>induces</clueType> phospholipid turnover, calcium flux, arachidonic acid liberation, eicosanoid generation, and oncogene expression in a human B cell line.</clue>
</event>
<event id="E7">
<type class="Positive_regulation"/>
<theme idref="E3"/>
<cause idref="T1"/>
<clue>Platelet-activating factor <clueType>induces</clueType> phospholipid turnover, calcium flux, arachidonic acid liberation, eicosanoid generation, and oncogene expression in a human B cell line.</clue>
</event>
<event id="E8">
<type class="Positive_regulation"/>
<theme idref="E4"/>
<cause idref="T1"/>
<clue>Platelet-activating factor <clueType>induces</clueType> phospholipid turnover, calcium flux, arachidonic acid liberation, eicosanoid generation, and oncogene expression in a human B cell line.</clue>
</event>
<event id="E9">
<type class="Positive_regulation"/>
<theme idref="E5"/>
<cause idref="T1"/>
<clue>Platelet-activating factor <clueType>induces</clueType> phospholipid turnover, calcium flux, arachidonic acid liberation, eicosanoid generation, and oncogene expression in a human B cell line.</clue>
</event>
<event id="E10">
<type class="Positive_regulation"/>
<theme idref="E6"/>
<cause idref="T1"/>
<clue>Platelet-activating factor <clueType>induces</clueType> phospholipid turnover, calcium flux, arachidonic acid liberation, eicosanoid generation, and oncogene expression in a human B cell line.</clue>
</event>
<event id="E2">
<type class="Metabolism"/>
<theme idref="T3"/>
<clue>Platelet-activating factor induces phospholipid <clueType>turnover</clueType>, calcium flux, arachidonic acid liberation, eicosanoid generation, and oncogene expression <clueLoc>in a human B cell line</clueLoc>.</clue>
</event>
<event id="E3">
<type class="Localization"/>
<theme idref="T5"/>
<clue>Platelet-activating factor induces phospholipid turnover, calcium <clueType>flux</clueType>, arachidonic acid liberation, eicosanoid generation, and oncogene expression <clueLoc>in a human B cell line</clueLoc>.</clue>
</event>
<event id="E4">
<type class="Localization"/>
<theme idref="T7"/>
<clue>Platelet-activating factor induces phospholipid turnover, calcium flux, arachidonic acid <clueType>liberation</clueType>, eicosanoid generation, and oncogene expression <clueLoc>in a human B cell line</clueLoc>.</clue>
</event>
<event id="E5">
<type class="Localization"/>
<theme idref="A1"/>
<clue>Platelet-activating factor induces phospholipid turnover, calcium flux, arachidonic acid liberation, eicosanoid <clueType>generation</clueType>, and oncogene expression <clueLoc>in a human B cell line</clueLoc>.</clue>
</event>
<event id="E6">
<type class="Gene_expression"/>
<theme idref="T10"/>
<clue>Platelet-activating factor induces phospholipid turnover, calcium flux, arachidonic acid liberation, eicosanoid generation, and oncogene <clueType>expression</clueType> <clueLoc>in a human B cell line</clueLoc>.</clue>
</event>
</ArticleTitle>
<Abstract>
<AbstractText>
<sentence id="S2"><term id="T12" lex="platelet-activating_factor" sem="Protein_molecule">Platelet-activating factor</term> is a potent mediator of the <term id="T13" lex="inflammatory_response" sem="Other">inflammatory response</term>.</sentence>
<event KT="Fact" Manner="High" id="E11">
<type class="Positive_regulation"/>
<theme idref="T13"/>
<cause idref="T12"/>
<clue>Platelet-activating factor is a <clueManner>potent</clueManner> <clueType>mediator</clueType> <linkTheme>of</linkTheme> the inflammatory response.</clue>
</event>
<sentence id="S3">Studies of the actions of <term id="T14" lex="platelet-activating_factor" sem="Protein_molecule">platelet-activating factor</term> have centered mainly around <term id="T15" lex="neutrophil" sem="Cell_natural">neutrophils</term>, <term id="T16" lex="monocyte" sem="Cell_natural">monocytes</term>, and <term id="T17" lex="platelet" sem="Cell_natural">platelets</term>.</sentence>
<event KT="Investigation" id="E12" uncertainty="doubtful">
<type class="Regulation"/>
<cause idref="T14"/>
<clue><clueKT>Studies</clueKT> of the <clueType>actions</clueType> <linkCause>of</linkCause> platelet-activating factor have centered mainly around <clueLoc>neutrophils</clueLoc>, monocytes, and platelets.</clue>
<comment>NO THEME</comment></event>
<event KT="Investigation" id="E44" uncertainty="doubtful">
<type class="Regulation"/>
<cause idref="T14"/>
<clue><clueKT>Studies</clueKT> of the <clueType>actions</clueType> <linkCause>of</linkCause> platelet-activating factor have centered mainly around neutrophils, <clueLoc>monocytes</clueLoc>, and platelets.</clue>
<comment>NO THEME</comment></event>
<event KT="Investigation" id="E45" uncertainty="doubtful">
<type class="Regulation"/>
<cause idref="T14"/>
<clue><clueKT>Studies</clueKT> of the <clueType>actions</clueType> <linkCause>of</linkCause> platelet-activating factor have centered mainly around neutrophils, monocytes, and <clueLoc>platelets</clueLoc>.</clue>
<comment>NO THEME</comment></event>
<sentence id="S4">In this report we begin to uncover the influence of <term id="T18" lex="platelet-activating_factor" sem="Protein_molecule">platelet-activating factor</term> on <term id="T19" lex="B_lymphocyte" sem="Cell_natural">B lymphocytes</term>.</sentence>
<event KT="Investigation" id="E13" uncertainty="doubtful">
<type class="Regulation"/>
<cause idref="T18"/>
<clue>In this report we begin <clueKT>to uncover</clueKT> the <clueType>influence</clueType> <linkCause>of</linkCause> platelet-activating factor <clueLoc>on B lymphocytes</clueLoc>.</clue>
<comment>CAUTION, on; NO THEME</comment></event>
<sentence id="S5">Employing the <term id="T20" lex="EBV-transformed_human_B_cell_line" sem="Cell_cultured"><term id="A2" sem="Virus">EBV</term>-transformed <term id="T21" lex="human_B_cell_line" sem="Cell_cultured">human B cell line</term></term> <term id="T22" lex="SKW6.4" sem="Cell_cultured">SKW6.4</term>, we demonstrate that <term id="T23" lex="platelet-activating_factor" sem="Protein_molecule">platelet-activating factor</term> significantly alters <term id="T24" lex="membrane_phospholipid_metabolism" sem="Other"><term id="T25" lex="membrane_phospholipid" sem="Lipid">membrane phospholipid</term> metabolism</term> indicated by the incorporation of <term id="T26" lex="32P" sem="Element">32P</term> into <term id="T27" lex="phosphatidylcholine" sem="Lipid">phosphatidylcholine</term>, <term id="T28" lex="phosphatidylinositol" sem="Lipid">phosphatidylinositol</term>, and <term id="T29" lex="phosphatidic_acid" sem="Lipid">phosphatidic acid</term> but not significantly into <term id="T30" lex="phosphatidylethanolamine" sem="Organic_compound_other">phosphatidylethanolamine</term> at concentrations ranging from 10(-9) to 10(-6) M.</sentence>
<event KT="Analysis" Manner="High" id="E14">
<type class="Regulation"/>
<theme idref="E16"/>
<cause idref="T23"/>
<clue>Employing the <clueLoc>EBV-transformed human B cell line SKW6.4</clueLoc>, we <clueKT>demonstrate</clueKT> that platelet-activating factor <clueManner>significantly</clueManner> <clueType>alters</clueType> <corefTheme>membrane phospholipid metabolism</corefTheme> indicated by the incorporation of 32P into phosphatidylcholine, phosphatidylinositol, and phosphatidic acid but not significantly into phosphatidylethanolamine at concentrations ranging from 10(-9) to 10(-6) M.</clue>
</event>
<event KT="Analysis" Manner="High" id="E15">
<type class="Regulation"/>
<theme idref="E17"/>
<cause idref="T23"/>
<clue>Employing the <clueLoc>EBV-transformed human B cell line SKW6.4</clueLoc>, we <clueKT>demonstrate</clueKT> that platelet-activating factor <clueManner>significantly</clueManner> <clueType>alters</clueType> <corefTheme>membrane phospholipid metabolism</corefTheme> indicated by the incorporation of 32P into phosphatidylcholine, phosphatidylinositol, and phosphatidic acid but not significantly into phosphatidylethanolamine at concentrations ranging from 10(-9) to 10(-6) M.</clue>
</event>
<event KT="Analysis" Manner="High" id="E19">
<type class="Regulation"/>
<theme idref="E18"/>
<cause idref="T23"/>
<clue>Employing the <clueLoc>EBV-transformed human B cell line SKW6.4</clueLoc>, we <clueKT>demonstrate</clueKT> that platelet-activating factor <clueManner>significantly</clueManner> <clueType>alters</clueType> <corefTheme>membrane phospholipid metabolism</corefTheme> indicated by the incorporation of 32P into phosphatidylcholine, phosphatidylinositol, and phosphatidic acid but not significantly into phosphatidylethanolamine at concentrations ranging from 10(-9) to 10(-6) M.</clue>
</event>
<event KT="Analysis" Manner="Low" assertion="non-exist" id="E20">
<type class="Regulation"/>
<theme idref="E21"/>
<cause idref="T23"/>
<clue>Employing the <clueLoc>EBV-transformed human B cell line SKW6.4</clueLoc>, we <clueKT>demonstrate</clueKT> that platelet-activating factor significantly <clueType>alters</clueType> <corefTheme>membrane phospholipid metabolism</corefTheme> indicated by the incorporation of 32P into phosphatidylcholine, phosphatidylinositol, and phosphatidic acid but <clueManner>not significantly</clueManner> into phosphatidylethanolamine at concentrations ranging from 10(-9) to 10(-6) M.</clue>
</event>
<event id="E16">
<type class="Metabolism"/>
<theme idref="T27"/>
<clue>Employing the EBV-transformed human B cell line SKW6.4, we demonstrate that platelet-activating factor significantly alters membrane phospholipid metabolism indicated by the <clueType>incorporation of 32P</clueType> <linkTheme>into</linkTheme> phosphatidylcholine, phosphatidylinositol, and phosphatidic acid but not significantly into phosphatidylethanolamine at concentrations ranging from 10(-9) to 10(-6) M.</clue>
</event>
<event id="E17">
<type class="Metabolism"/>
<theme idref="T28"/>
<clue>Employing the EBV-transformed human B cell line SKW6.4, we demonstrate that platelet-activating factor significantly alters membrane phospholipid metabolism indicated by the <clueType>incorporation of 32P</clueType> <linkTheme>into</linkTheme> phosphatidylcholine, phosphatidylinositol, and phosphatidic acid but not significantly into phosphatidylethanolamine at concentrations ranging from 10(-9) to 10(-6) M.</clue>
</event>
<event id="E18">
<type class="Metabolism"/>
<theme idref="T29"/>
<clue>Employing the EBV-transformed human B cell line SKW6.4, we demonstrate that platelet-activating factor significantly alters membrane phospholipid metabolism indicated by the <clueType>incorporation of 32P</clueType> <linkTheme>into</linkTheme> phosphatidylcholine, phosphatidylinositol, and phosphatidic acid but not significantly into phosphatidylethanolamine at concentrations ranging from 10(-9) to 10(-6) M.</clue>
</event>
<event id="E21">
<type class="Metabolism"/>
<theme idref="T30"/>
<clue>Employing the EBV-transformed human B cell line SKW6.4, we demonstrate that platelet-activating factor significantly alters membrane phospholipid metabolism indicated by the <clueType>incorporation of 32P</clueType> into phosphatidylcholine, phosphatidylinositol, and phosphatidic acid but not significantly <linkTheme>into</linkTheme> phosphatidylethanolamine at concentrations ranging from 10(-9) to 10(-6) M.</clue>
</event>
<event id="E22">
<type class="Biological_process"/>
<theme idref="T21"/>
<clue>Employing the EBV-<clueType>transformed</clueType> human B cell line SKW6.4, we demonstrate that platelet-activating factor significantly alters membrane phospholipid metabolism indicated by the incorporation of 32P into phosphatidylcholine, phosphatidylinositol, and phosphatidic acid but not significantly into phosphatidylethanolamine at concentrations ranging from 10(-9) to 10(-6) M.</clue>
</event>
<event id="E46">
<type class="Positive_regulation"/>
<theme idref="E22"/>
<theme idref="A2"/>
<clue>Employing the EBV-<clueType>transformed</clueType> human B cell line SKW6.4, we demonstrate that platelet-activating factor significantly alters membrane phospholipid metabolism indicated by the incorporation of 32P into phosphatidylcholine, phosphatidylinositol, and phosphatidic acid but not significantly into phosphatidylethanolamine at concentrations ranging from 10(-9) to 10(-6) M.</clue>
</event>
<sentence id="S6">The inactive precursor, <term id="T31" lex="lyso-platelet-activating_factor" sem="Protein_molecule">lyso-platelet-activating factor</term>, at a concentration as high as 10(-7) M had no effect on any of the <term id="T32" lex="membrane_phospholipid" sem="Lipid">membrane phospholipids</term>.</sentence>
<event Polarity="Negative" assertion="non-exist" id="E23">
<type class="Regulation"/>
<theme idref="T32"/>
<cause idref="T31"/>
<clue>The <corefCause>inactive precursor</corefCause>, lyso-platelet-activating factor, at a concentration as high as 10(-7) M had <cluePolarity>no</cluePolarity> <clueType>effect</clueType> <linkTheme>on</linkTheme> any of the membrane phospholipids.</clue>
</event>
<sentence id="S7">We also show that <term id="T33" lex="platelet-activating_factor" sem="Protein_molecule">platelet-activating factor</term> from 10(-12) to 10(-6) M induced rapid and significant elevation in <term id="T34" lex="intracellular_calcium_level" sem="Other">intracellular <term id="A4" sem="Element">calcium</term> levels</term>, whereas <term id="A3" sem="Protein_molecule">lyso-<term id="T35" lex="platelet-activating_factor" sem="Protein_molecule">platelet-activating factor</term></term> was again ineffective.</sentence>
<event KT="Analysis" id="E24">
<type class="Positive_regulation"/>
<theme idref="E25"/>
<cause idref="T33"/>
<clue>We also <clueKT>show</clueKT> that platelet-activating factor from 10(-12) to 10(-6) M <clueType>induced</clueType> rapid and significant elevation in intracellular calcium levels, whereas lyso-platelet-activating factor was again ineffective.</clue>
</event>
<event KT="Other" Manner="High" id="E25">
<type class="Positive_regulation"/>
<theme idref="A4"/>
<clue>We also show that platelet-activating factor from 10(-12) to 10(-6) M induced <clueManner>rapid</clueManner> and <clueManner>significant</clueManner> <clueType>elevation</clueType> <linkTheme>in</linkTheme> <clueLoc>intracellular</clueLoc> calcium levels, whereas lyso-platelet-activating factor was again ineffective.</clue>
</event>
<event Polarity="Negative" assertion="non-exist" id="E26">
<type class="Regulation"/>
<theme idref="E25"/>
<cause idref="A3"/>
<clue>We also show that platelet-activating factor from 10(-12) to 10(-6) M induced rapid and significant elevation in intracellular calcium levels, whereas lyso-platelet-activating factor was again <clueType><cluePolarity>ineffective</cluePolarity></clueType>.</clue>
</event>
<sentence id="S8">We further demonstrate the impact of <term id="T36" lex="platelet-activating_factor" sem="Protein_molecule">platelet-activating factor</term> binding to <term id="T37" lex="B_cell" sem="Cell_natural">B cells</term> by measuring <term id="T38" lex="platelet-activating_factor" sem="Protein_molecule">platelet-activating factor</term> induced <term id="T39" lex="arachidonic_acid" sem="Organic_compound_other">arachidonic acid</term> release and <term id="T40" lex="5-hydroxyeicosatetraenoic_acid" sem="Organic_compound_other">5-hydroxyeicosatetraenoic acid</term> production.</sentence>
<event KT="Analysis" id="E27">
<type class="Regulation"/>
<theme idref="T37"/>
<cause idref="E28"/>
<clue>We further <clueKT>demonstrate</clueKT> the <clueType>impact</clueType> <linkCause>of</linkCause> platelet-activating factor binding <linkTheme>to</linkTheme> B cells by measuring platelet-activating factor induced arachidonic acid release and 5-hydroxyeicosatetraenoic acid production.</clue>
</event>
<event KT="Other" id="E28">
<type class="Binding"/>
<theme idref="T36"/>
<clue>We further demonstrate the impact of platelet-activating factor <clueType>binding</clueType> to B cells by measuring platelet-activating factor induced arachidonic acid release and 5-hydroxyeicosatetraenoic acid production.</clue>
</event>
<event KT="Other" id="E29">
<type class="Localization"/>
<theme idref="T39"/>
<clue>We further demonstrate the impact of platelet-activating factor binding to <clueLoc>B cells</clueLoc> by measuring platelet-activating factor induced arachidonic acid <clueType>release</clueType> and 5-hydroxyeicosatetraenoic acid production.</clue>
</event>
<event KT="Other" id="E30">
<type class="Metabolism"/>
<theme idref="T40"/>
<clue>We further demonstrate the impact of platelet-activating factor binding to <clueLoc>B cells</clueLoc> by measuring platelet-activating factor induced arachidonic acid release and 5-hydroxyeicosatetraenoic acid <clueType>production</clueType>.</clue>
</event>
<event KT="Other" id="E31">
<type class="Positive_regulation"/>
<theme idref="E29"/>
<cause idref="T38"/>
<clue>We further demonstrate the impact of platelet-activating factor binding to B cells by measuring platelet-activating factor <clueType>induced</clueType> arachidonic acid release and 5-hydroxyeicosatetraenoic acid production.</clue>
</event>
<event KT="Other" id="E32">
<type class="Positive_regulation"/>
<theme idref="E30"/>
<cause idref="T38"/>
<clue>We further demonstrate the impact of platelet-activating factor binding to B cells by measuring platelet-activating factor <clueType>induced</clueType> arachidonic acid release and 5-hydroxyeicosatetraenoic acid production.</clue>
</event>
<sentence id="S9">Moreover, <term id="T41" lex="platelet-activating_factor" sem="Protein_molecule">platelet-activating factor</term> was capable of inducing <term id="T42" lex="transcription" sem="Other">transcription</term> of the <term id="T43" lex="nuclear_proto-oncogene" sem="DNA_domain_or_region">nuclear proto-oncogenes</term> <term id="T44" lex="c-fos" sem="DNA_domain_or_region">c-fos</term> and <term id="T45" lex="c-jun" sem="DNA_domain_or_region">c-jun</term>.</sentence>
<event CL="L2" KT="Analysis" id="E33">
<type class="Positive_regulation"/>
<theme idref="E34"/>
<cause idref="T41"/>
<clue>Moreover, platelet-activating factor was <clueKT><clueCL>capable of</clueCL></clueKT> <clueType>inducing</clueType> transcription of the nuclear proto-oncogenes c-fos and c-jun.</clue>
</event>
<event CL="L2" KT="Analysis" id="E35">
<type class="Positive_regulation"/>
<theme idref="E36"/>
<cause idref="T41"/>
<clue>Moreover, platelet-activating factor was <clueKT><clueCL>capable of</clueCL></clueKT> <clueType>inducing</clueType> transcription of the nuclear proto-oncogenes c-fos and c-jun.</clue>
</event>
<event KT="Other" id="E34">
<type class="Transcription"/>
<theme idref="T44"/>
<clue>Moreover, platelet-activating factor was capable of inducing <clueType>transcription</clueType> <linkTheme>of</linkTheme> the <corefTheme>nuclear proto-oncogenes</corefTheme> c-fos and c-jun.</clue>
</event>
<event KT="Other" id="E36">
<type class="Transcription"/>
<theme idref="T45"/>
<clue>Moreover, platelet-activating factor was capable of inducing <clueType>transcription</clueType> <linkTheme>of</linkTheme> the <corefTheme>nuclear proto-oncogenes</corefTheme> c-fos and c-jun.</clue>
</event>
<sentence id="S10">Finally we explored the possible role of <term id="T46" lex="5-hydroxyeicosatetraenoic_acid" sem="Organic_compound_other">5-hydroxyeicosatetraenoic acid</term> as a regulator of <term id="T47" lex="arachidonic_acid_liberation" sem="Other"><term id="T48" lex="arachidonic_acid" sem="Organic_compound_other">arachidonic acid</term> liberation</term> demonstrating that <term id="T49" lex="endogenous_5-lipoxygenase_activity" sem="Other">endogenous <term id="T50" lex="5-lipoxygenase" sem="Protein_molecule">5-lipoxygenase</term> activity</term> modulates <term id="T51" lex="platelet-activating_factor" sem="Protein_molecule">platelet-activating factor</term> induced <term id="T52" lex="arachidonic_acid" sem="Organic_compound_other">arachidonic acid</term> release perhaps acting at the level of <term id="T53" lex="phospholipase_A2" sem="Protein_molecule">phospholipase A2</term>.</sentence>
<event KT="Investigation" id="E37" uncertainty="doubtful">
<type class="Regulation"/>
<theme idref="E38"/>
<cause idref="T46"/>
<clue>Finally we <clueKT>explored</clueKT> the possible <clueType>role</clueType> <linkCause>of</linkCause> 5-hydroxyeicosatetraenoic acid <clueType>as a regulator</clueType> <linkTheme>of</linkTheme> arachidonic acid liberation demonstrating that endogenous 5-lipoxygenase activity modulates platelet-activating factor induced arachidonic acid release perhaps acting at the level of phospholipase A2.</clue>
</event>
<event KT="Other" id="E38">
<type class="Localization"/>
<theme idref="T48"/>
<clue>Finally we explored the possible role of 5-hydroxyeicosatetraenoic acid as a regulator of arachidonic acid <clueType>liberation</clueType> demonstrating that endogenous 5-lipoxygenase activity modulates platelet-activating factor induced arachidonic acid release perhaps acting at the level of phospholipase A2.</clue>
</event>
<event KT="Analysis" id="E39">
<type class="Regulation"/>
<theme idref="E40"/>
<cause idref="T50"/>
<clue>Finally we explored the possible role of 5-hydroxyeicosatetraenoic acid as a regulator of arachidonic acid liberation <clueKT>demonstrating</clueKT> that endogenous 5-lipoxygenase activity <clueType>modulates</clueType> platelet-activating factor induced arachidonic acid release perhaps acting at the level of phospholipase A2.</clue>
</event>
<event KT="Other" id="E40">
<type class="Positive_regulation"/>
<theme idref="E41"/>
<cause idref="T51"/>
<clue>Finally we explored the possible role of 5-hydroxyeicosatetraenoic acid as a regulator of arachidonic acid liberation demonstrating that endogenous 5-lipoxygenase activity modulates platelet-activating factor <clueType>induced</clueType> arachidonic acid release perhaps acting at the level of phospholipase A2.</clue>
</event>
<event KT="Other" id="E41">
<type class="Localization"/>
<theme idref="T52"/>
<clue>Finally we explored the possible role of 5-hydroxyeicosatetraenoic acid as a regulator of arachidonic acid liberation demonstrating that endogenous 5-lipoxygenase activity modulates platelet-activating factor induced arachidonic acid <clueType>release</clueType> perhaps acting at the level of phospholipase A2.</clue>
</event>
<event CL="L1" KT="Analysis" id="E42">
<type class="Positive_regulation"/>
<theme idref="E39"/>
<cause idref="T53"/>
<clue>Finally we explored the possible role of 5-hydroxyeicosatetraenoic acid as a regulator of arachidonic acid liberation demonstrating that endogenous 5-lipoxygenase activity modulates platelet-activating factor induced arachidonic acid release <clueKT><clueCL>perhaps</clueCL></clueKT> acting <linkCause>at the level of</linkCause> phospholipase A2.</clue>
<comment>NO CLUETYPE</comment></event>
<sentence id="S11">In summary, <term id="T54" lex="platelet-activating_factor" sem="Protein_molecule">platelet-activating factor</term> is shown here to have a direct and profound effect on a <term id="T55" lex="pure_B_cell_line" sem="Cell_cultured">pure B cell line</term>.</sentence>
<event KT="Analysis" id="E43">
<type class="Regulation"/>
<cause idref="T54"/>
<clue>In summary, platelet-activating factor is <clueKT>shown</clueKT> here to have a direct and profound <clueType>effect</clueType> <clueLoc>on a pure B cell line</clueLoc>.</clue>
<comment>NO THEME; CAUTION, on</comment></event>
</AbstractText>
</Abstract></Article></MedlineCitation></PubmedArticle></PubmedArticleSet></Annotation>
