<?xml version='1.0'?><!DOCTYPE Annotation PUBLIC "//GENIA//DTD GENIA ANNOTATION EVENT 2.0//EN_Modified" "../ModifiedGENIAtypes/Modified_GENIA_event_20.dtd"><Annotation annotates="http://www.ncbi.nlm.nih.gov/entrez/eutils/efetch.fcgi?db=pubmed&amp;retmode=xml&amp;rettype=medline&amp;id=1899335" created="09/01/2007" creator="Noriko Katsu"><PubmedArticleSet><PubmedArticle><MedlineCitation>
<PMID>1899335</PMID>
<Article>
<ArticleTitle>
<sentence id="S1">Expression of <term id="T1" lex="c-jun,_jun_B_and_jun_D_proto-oncogene" sem="DNA_domain_or_region"><term id="T2" lex="c-jun" sem="DNA_domain_or_region">c-jun</term>, <term id="T3" lex="jun_B" sem="DNA_domain_or_region">jun B</term> and <term id="T4" lex="jun_D_proto-oncogene" sem="DNA_family_or_group"><term id="A1" sem="DNA_domain_or_region">jun D</term> proto-oncogenes</term></term> in <term id="T5" lex="human_peripheral-blood_granulocyte" sem="Cell_natural">human peripheral-blood <term id="T6" lex="granulocyte" sem="Cell_natural">granulocytes</term></term>.</sentence>
<event KT="Investigation" id="E1">
<type class="Gene_expression"/>
<theme idref="T2"/>
<clue><clueType>Expression</clueType> <linkTheme>of</linkTheme> c-jun, jun B and jun D <corefTheme>proto-oncogenes</corefTheme> <clueLoc>in human peripheral-blood granulocytes</clueLoc>.</clue>
</event>
<event KT="Investigation" id="E2">
<type class="Gene_expression"/>
<theme idref="T3"/>
<clue><clueType>Expression</clueType> <linkTheme>of</linkTheme> c-jun, jun B and jun D <corefTheme>proto-oncogenes</corefTheme> <clueLoc>in human peripheral-blood granulocytes</clueLoc>.</clue>
</event>
<event KT="Investigation" id="E3">
<type class="Gene_expression"/>
<theme idref="A1"/>
<clue><clueType>Expression</clueType> <linkTheme>of</linkTheme> c-jun, jun B and jun D <corefTheme>proto-oncogenes</corefTheme> <clueLoc>in human peripheral-blood granulocytes</clueLoc>.</clue>
</event>
</ArticleTitle>
<Abstract>
<AbstractText>
<sentence id="S2">We have found that <term id="T7" lex="purified_human_peripheral-blood_granulocyte" sem="Cell_natural">purified human peripheral-blood <term id="T8" lex="granulocyte" sem="Cell_natural">granulocytes</term></term> express constitutively significant levels of <term id="T9" lex="proto-oncogene" sem="DNA_family_or_group">proto-oncogenes</term> <cons id="T10" lex="(AND c-junmRNA jun_B_mRNA jun_D_mRNA)" sem="(AND RNA_molecule RNA_molecule RNA_molecule)"><frag id="F1"><term id="A2" sem="RNA_molecule">c-jun</term></frag>, <frag id="F2"><term id="A3" sem="RNA_molecule">jun B</term></frag> and <frag id="F3"><term id="A4" sem="RNA_molecule">jun D</term></frag> <frag id="F4"><term id="A5" sem="RNA_molecule">mRNA</term></frag></cons>.</sentence>
<event Manner="High" id="E4">
<type class="Transcription"/>
<theme idref="A2" idref1="A5"/>
<clue>We have <clueKT>found</clueKT> that purified <clueLoc>human peripheral-blood granulocytes</clueLoc> <clueType>express</clueType> constitutively <clueManner>significant levels</clueManner> <linkTheme>of</linkTheme> <corefTheme>proto-oncogenes</corefTheme> c-jun, jun B and jun D mRNA.</clue>
</event>
<event Manner="High" id="E5">
<type class="Transcription"/>
<theme idref="A3" idref1="A5"/>
<clue>We have <clueKT>found</clueKT> that purified <clueLoc>human peripheral-blood granulocytes</clueLoc> <clueType>express</clueType> constitutively <clueManner>significant levels</clueManner> <linkTheme>of</linkTheme> <corefTheme>proto-oncogenes</corefTheme> c-jun, jun B and jun D mRNA.</clue>
</event>
<event Manner="High" id="E6">
<type class="Transcription"/>
<theme idref="A4" idref1="A5"/>
<clue>We have <clueKT>found</clueKT> that purified <clueLoc>human peripheral-blood granulocytes</clueLoc> <clueType>express</clueType> constitutively <clueManner>significant levels</clueManner> <linkTheme>of</linkTheme> <corefTheme>proto-oncogenes</corefTheme> c-jun, jun B and jun D mRNA.</clue>
</event>
<sentence id="S3">Upon functional activation of <term id="T11" lex="granulocyte" sem="Cell_natural">granulocytes</term> by <term id="T12" lex="4_beta-phorbol_12-myristate_13-acetate" sem="Organic_compound_other">4 beta-phorbol 12-myristate 13-acetate</term> (<term id="T13" lex="PMA" sem="Organic_compound_other">PMA</term>), the levels of <cons id="T14" lex="(AND c-jun_transcript jun_B_transcript jun_D_transcript)" sem="(AND RNA_molecule RNA_molecule RNA_molecule)"><frag id="F5"><term id="A6" sem="RNA_molecule"><term id="A10" sem="DNA_domain_or_region">c-jun</term></term></frag>, <frag id="F6"><term id="A7" sem="RNA_molecule"><term id="A11" sem="DNA_domain_or_region">jun B</term></term></frag> and <frag id="F7"><term id="A8" sem="RNA_molecule"><term id="A12" sem="DNA_domain_or_region">jun D</term></term></frag> <frag id="F8"><term id="A9" sem="RNA_molecule">transcripts</term></frag></cons> were increased.</sentence>
<event id="E25">
<type class="Transcription"/>
<theme idref="A6" idref1="A9"/>
<clue>Upon functional activation of granulocytes by 4 beta-phorbol 12-myristate 13-acetate (PMA), the <clueType>levels</clueType> <linkTheme>of</linkTheme> c-jun, jun B and jun D transcripts were increased.</clue>
<comment>CAUTION, levels</comment></event>
<event id="E26">
<type class="Transcription"/>
<theme idref="A7" idref1="A9"/>
<clue>Upon functional activation of granulocytes by 4 beta-phorbol 12-myristate 13-acetate (PMA), the <clueType>levels</clueType> <linkTheme>of</linkTheme> c-jun, jun B and jun D transcripts were increased.</clue>
<comment>CAUTION, levels</comment></event>
<event id="E27">
<type class="Transcription"/>
<theme idref="A8" idref1="A9"/>
<clue>Upon functional activation of granulocytes by 4 beta-phorbol 12-myristate 13-acetate (PMA), the <clueType>levels</clueType> <linkTheme>of</linkTheme> c-jun, jun B and jun D transcripts were increased.</clue>
<comment>CAUTION, levels</comment></event>
<event id="E7">
<type class="Positive_regulation"/>
<theme idref="E25"/>
<cause idref="E8"/>
<clue><linkCause>Upon</linkCause> functional activation of granulocytes by 4 beta-phorbol 12-myristate 13-acetate (PMA), the levels of c-jun, jun B and jun D transcripts were <clueType>increased</clueType>.</clue>
</event>
<event id="E9">
<type class="Positive_regulation"/>
<theme idref="E26"/>
<cause idref="E8"/>
<clue><linkCause>Upon</linkCause> functional activation of granulocytes by 4 beta-phorbol 12-myristate 13-acetate (PMA), the levels of c-jun, jun B and jun D transcripts were <clueType>increased</clueType>.</clue>
</event>
<event id="E10">
<type class="Positive_regulation"/>
<theme idref="E27"/>
<cause idref="E8"/>
<clue><linkCause>Upon</linkCause> functional activation of granulocytes by 4 beta-phorbol 12-myristate 13-acetate (PMA), the levels of c-jun, jun B and jun D transcripts were <clueType>increased</clueType>.</clue>
</event>
<event id="E8">
<type class="Physiological_process"/>
<theme idref="T11"/>
<cause idref="T13"/>
<clue>Upon functional <clueType>activation</clueType> <linkTheme>of</linkTheme> granulocytes <linkCause>by</linkCause> 4 beta-phorbol 12-myristate 13-acetate (PMA), the levels of c-jun, jun B and jun D transcripts were increased.</clue>
</event>
<sentence id="S4">The three <term id="T15" lex="jun_genes" sem="DNA_domain_or_region">jun genes</term> showed a similar time course in their induction by <term id="T16" lex="PMA" sem="Organic_compound_other">PMA</term>, <term id="T17" lex="maximal_mRNA_level" sem="Other">maximal mRNA levels</term> being reached after 60 min of induction.</sentence>
<event id="E11">
<type class="Positive_regulation"/>
<theme idref="A10"/>
<cause idref="T16"/>
<clue>The <corefTheme>three jun genes</corefTheme> showed a similar time course in their <clueType>induction</clueType> <linkCause>by</linkCause> PMA, maximal mRNA levels being reached after 60 min of induction.</clue>
</event>
<event id="E12">
<type class="Positive_regulation"/>
<theme idref="A11"/>
<cause idref="T16"/>
<clue>The <corefTheme>three jun genes</corefTheme> showed a similar time course in their <clueType>induction</clueType> <linkCause>by</linkCause> PMA, maximal mRNA levels being reached after 60 min of induction.</clue>
</event>
<event id="E13">
<type class="Positive_regulation"/>
<theme idref="A12"/>
<cause idref="T16"/>
<clue>The <corefTheme>three jun genes</corefTheme> showed a similar time course in their <clueType>induction</clueType> <linkCause>by</linkCause> PMA, maximal mRNA levels being reached after 60 min of induction.</clue>
</event>
<event KT="Other" Manner="High" id="E28">
<type class="Transcription"/>
<theme idref="A10"/>
<clue>The three jun genes showed a similar time course in their induction by PMA, <clueManner>maximal</clueManner> <clueType>mRNA levels</clueType> being reached <clueTime>after 60 min of induction</clueTime>.</clue>
</event>
<event KT="Other" Manner="High" id="E29">
<type class="Transcription"/>
<theme idref="A11"/>
<clue>The three jun genes showed a similar time course in their induction by PMA, <clueManner>maximal</clueManner> <clueType>mRNA levels</clueType> being reached <clueTime>after 60 min of induction</clueTime>.</clue>
</event>
<event KT="Other" Manner="High" id="E30">
<type class="Transcription"/>
<theme idref="A12"/>
<clue>The three jun genes showed a similar time course in their induction by PMA, <clueManner>maximal</clueManner> <clueType>mRNA levels</clueType> being reached <clueTime>after 60 min of induction</clueTime>.</clue>
</event>
<sentence id="S5">These results suggest that expression of <term id="T18" lex="c-jun" sem="DNA_domain_or_region">c-jun</term>, <term id="T19" lex="jun_B" sem="DNA_domain_or_region">jun B</term> and <term id="T20" lex="jun_D_gene" sem="DNA_domain_or_region"><term id="A13" sem="DNA_domain_or_region">jun D</term> genes</term> might be involved in <term id="T21" lex="terminal_granulocyte_differentiation" sem="Other"><term id="T22" lex="terminal_granulocyte" sem="Cell_natural">terminal granulocyte</term> differentiation</term> or in regulating <term id="T23" lex="granulocyte_functionality" sem="Other"><term id="T24" lex="granulocyte" sem="Cell_natural">granulocyte</term> functionality</term>.</sentence>
<event KT="Other" id="E14">
<type class="Gene_expression"/>
<theme idref="T18"/>
<clue>These results suggest that <clueType>expression</clueType> <linkTheme>of</linkTheme> c-jun, jun B and jun D genes might be involved in terminal granulocyte differentiation or in regulating granulocyte functionality.</clue>
</event>
<event KT="Other" id="E19">
<type class="Gene_expression"/>
<theme idref="T19"/>
<clue>These results suggest that <clueType>expression</clueType> <linkTheme>of</linkTheme> c-jun, jun B and jun D genes might be involved in terminal granulocyte differentiation or in regulating granulocyte functionality.</clue>
</event>
<event KT="Other" id="E20">
<type class="Gene_expression"/>
<theme idref="A13"/>
<clue>These results suggest that <clueType>expression</clueType> <linkTheme>of</linkTheme> c-jun, jun B and jun D genes might be involved in terminal granulocyte differentiation or in regulating granulocyte functionality.</clue>
</event>
<event CL="L1" KT="Analysis" id="E15" uncertainty="probable">
<type class="Regulation"/>
<theme idref="E17"/>
<cause idref="E14"/>
<clue>These results <clueKT>suggest</clueKT> that expression of c-jun, jun B and jun D genes <clueCL>might</clueCL> be <clueType>involved</clueType> <linkTheme>in</linkTheme> terminal granulocyte differentiation or in regulating granulocyte functionality.</clue>
</event>
<event CL="L1" KT="Analysis" id="E16" uncertainty="probable">
<type class="Regulation"/>
<theme idref="E18"/>
<cause idref="E14"/>
<clue>These results <clueKT>suggest</clueKT> that expression of c-jun, jun B and jun D genes <clueCL>might</clueCL> be <clueType>involved</clueType> in terminal granulocyte differentiation or <linkTheme>in</linkTheme> regulating granulocyte functionality.</clue>
</event>
<event CL="L1" KT="Analysis" id="E21" uncertainty="probable">
<type class="Regulation"/>
<theme idref="E17"/>
<cause idref="E19"/>
<clue>These results <clueKT>suggest</clueKT> that expression of c-jun, jun B and jun D genes <clueCL>might</clueCL> be <clueType>involved</clueType> <linkTheme>in</linkTheme> terminal granulocyte differentiation or in regulating granulocyte functionality.</clue>
</event>
<event CL="L1" KT="Analysis" id="E22" uncertainty="probable">
<type class="Regulation"/>
<theme idref="E18"/>
<cause idref="E19"/>
<clue>These results <clueKT>suggest</clueKT> that expression of c-jun, jun B and jun D genes <clueCL>might</clueCL> be <clueType>involved</clueType> in terminal granulocyte differentiation or <linkTheme>in</linkTheme> regulating granulocyte functionality.</clue>
</event>
<event CL="L1" KT="Analysis" id="E23" uncertainty="probable">
<type class="Regulation"/>
<theme idref="E17"/>
<cause idref="E20"/>
<clue>These results <clueKT>suggest</clueKT> that expression of c-jun, jun B and jun D genes <clueCL>might</clueCL> be <clueType>involved</clueType> <linkTheme>in</linkTheme> terminal granulocyte differentiation or in regulating granulocyte functionality.</clue>
</event>
<event CL="L1" KT="Analysis" id="E24" uncertainty="probable">
<type class="Regulation"/>
<theme idref="E18"/>
<cause idref="E20"/>
<clue>These results <clueKT>suggest</clueKT> that expression of c-jun, jun B and jun D genes <clueCL>might</clueCL> be <clueType>involved</clueType> in terminal granulocyte differentiation or <linkTheme>in</linkTheme> regulating granulocyte functionality.</clue>
</event>
<event KT="Other" id="E17">
<type class="Cell_differentiation"/>
<theme idref="T22"/>
<clue>These results suggest that expression of c-jun, jun B and jun D genes might be involved in terminal granulocyte <clueType>differentiation</clueType> or in regulating granulocyte functionality.</clue>
</event>
<event KT="Other" id="E18">
<type class="Physiological_process"/>
<theme idref="T24"/>
<clue>These results suggest that expression of c-jun, jun B and jun D genes might be involved in terminal granulocyte differentiation or in <clueType>regulating</clueType> granulocyte <clueType>functionality</clueType>.</clue>
</event>
</AbstractText>
</Abstract></Article></MedlineCitation></PubmedArticle></PubmedArticleSet></Annotation>
