<?xml version='1.0'?><!DOCTYPE Annotation PUBLIC "//GENIA//DTD GENIA ANNOTATION EVENT 2.0//EN_Modified" "../ModifiedGENIAtypes/Modified_GENIA_event_20.dtd"><Annotation annotates="http://www.ncbi.nlm.nih.gov/entrez/eutils/efetch.fcgi?db=pubmed&amp;retmode=xml&amp;rettype=medline&amp;id=1939341" created="17/11/2006" creator="Noriko Katsu"><PubmedArticleSet><PubmedArticle><MedlineCitation>
<PMID>1939341</PMID>
<Article>
<ArticleTitle>
<sentence id="S1">Inhibition of <term id="T1" lex="phorbol_ester-induced_monocytic_differentiation" sem="Other"><term id="A1" sem="Organic_compound_other">phorbol ester</term>-induced <term id="A2" sem="Cell_natural">monocytic</term> differentiation</term> by <term id="T2" lex="dexamethasone" sem="Lipid">dexamethasone</term> is associated with down-regulation of <term id="T3" lex="c-fos" sem="DNA_domain_or_region">c-fos</term> and <term id="T4" lex="c-jun" sem="DNA_domain_or_region">c-jun</term> (<term id="T5" lex="AP-1" sem="DNA_domain_or_region">AP-1</term>).</sentence>
<event KT="Other" id="E1">
<type class="Positive_regulation"/>
<theme idref="E2"/>
<cause idref="A1"/>
<clue>Inhibition of phorbol ester-<clueType>induced</clueType> monocytic differentiation by dexamethasone is associated with down-regulation of c-fos and c-jun (AP-1).</clue>
</event>
<event KT="Other" id="E2">
<type class="Cell_differentiation"/>
<theme idref="A2"/>
<clue>Inhibition of phorbol ester-induced monocytic <clueType>differentiation</clueType> by dexamethasone is associated with down-regulation of c-fos and c-jun (AP-1).</clue>
</event>
<event KT="Other" id="E3">
<type class="Negative_regulation"/>
<theme idref="E1"/>
<cause idref="T2"/>
<clue><clueType>Inhibition</clueType> <linkTheme>of</linkTheme> phorbol ester-induced monocytic differentiation <linkCause>by</linkCause> dexamethasone is associated with down-regulation of c-fos and c-jun (AP-1).</clue>
</event>
<event KT="Analysis" id="E4">
<type class="Correlation"/>
<theme idref="E3"/>
<theme idref="E7"/>
<clue>Inhibition of phorbol ester-induced monocytic differentiation by dexamethasone is <clueType><clueKT>associated</clueKT></clueType> <linkTheme>with</linkTheme> down-regulation of c-fos and c-jun (AP-1).</clue>
</event>
<event KT="Analysis" id="E5">
<type class="Correlation"/>
<theme idref="E3"/>
<theme idref="E8"/>
<clue>Inhibition of phorbol ester-induced monocytic differentiation by dexamethasone is <clueType><clueKT>associated</clueKT></clueType> <linkTheme>with</linkTheme> down-regulation of c-fos and c-jun (AP-1).</clue>
</event>
<event KT="Analysis" id="E6">
<type class="Correlation"/>
<theme idref="E3"/>
<theme idref="E9"/>
<clue>Inhibition of phorbol ester-induced monocytic differentiation by dexamethasone is <clueType><clueKT>associated</clueKT></clueType> <linkTheme>with</linkTheme> down-regulation of c-fos and c-jun (AP-1).</clue>
</event>
<event KT="Other" id="E7">
<type class="Negative_regulation"/>
<theme idref="T3"/>
<clue>Inhibition of phorbol ester-induced monocytic differentiation by dexamethasone is associated with <clueType>down-regulation</clueType> <linkTheme>of</linkTheme> c-fos and c-jun (AP-1).</clue>
</event>
<event KT="Other" id="E8">
<type class="Negative_regulation"/>
<theme idref="T4"/>
<clue>Inhibition of phorbol ester-induced monocytic differentiation by dexamethasone is associated with <clueType>down-regulation</clueType> <linkTheme>of</linkTheme> c-fos and c-jun (AP-1).</clue>
</event>
<event KT="Other" id="E9">
<type class="Negative_regulation"/>
<theme idref="T5"/>
<clue>Inhibition of phorbol ester-induced monocytic differentiation by dexamethasone is associated with <clueType>down-regulation</clueType> <linkTheme>of</linkTheme> c-fos and c-jun (AP-1).</clue>
</event>
</ArticleTitle>
<Abstract>
<AbstractText>
<sentence id="S2">Previous studies have shown that treatment of <term id="T6" lex="human_myeloid_leukemia_cell" sem="Cell_natural">human myeloid leukemia cells</term> with <term id="T7" lex="12-O-tetradecanoylphorbol-13-acetate" sem="Organic_compound_other">12-O-tetradecanoylphorbol-13-acetate</term> (<term id="T8" lex="TPA" sem="Organic_compound_other">TPA</term>) is associated with induction of <term id="T9" lex="monocytic_differentiation" sem="Other"><term id="A3" sem="Cell_natural">monocytic</term> differentiation</term> and expression of the <cons id="T10" lex="(AND c-jun_early_response_gene c-fos_early_response_gene)" sem="(AND DNA_family_or_group DNA_family_or_group)"><frag id="F1">c-jun</frag> and <frag id="F2">c-fos</frag> <frag id="F3">early response genes</frag></cons>.</sentence>
<event KT="Other" id="E38">
<type class="Artificial_process"/>
<theme idref="T6"/>
<theme idref="T8"/>
<clue>Previous studies have shown that <clueType>treatment</clueType> <linkTheme>of</linkTheme> human myeloid leukemia cells <linkTheme>with</linkTheme> 12-O-tetradecanoylphorbol-13-acetate (TPA) is associated with induction of monocytic differentiation and expression of the c-jun and c-fos early response genes.</clue>
</event>
<event KT="Analysis" Source="Other" id="E48">
<type class="Correlation"/>
<theme idref="E38"/>
<theme idref="E10"/>
<clue><clueSource>Previous studies</clueSource> have <clueKT>shown</clueKT> that treatment of human myeloid leukemia cells with 12-O-tetradecanoylphorbol-13-acetate (TPA) is <clueType><clueKT>associated</clueKT></clueType> <linkTheme>with</linkTheme> induction of monocytic differentiation and expression of the c-jun and c-fos early response genes.</clue>
</event>
<event KT="Analysis" Source="Other" id="E77">
<type class="Correlation"/>
<theme idref="E38"/>
<theme idref="E11"/>
<clue><clueSource>Previous studies</clueSource> have <clueKT>shown</clueKT> that treatment of human myeloid leukemia cells with 12-O-tetradecanoylphorbol-13-acetate (TPA) is <clueType><clueKT>associated</clueKT></clueType> <linkTheme>with</linkTheme> induction of monocytic differentiation and expression of the c-jun and c-fos early response genes.</clue>
</event>
<event KT="Analysis" Source="Other" id="E79">
<type class="Correlation"/>
<theme idref="E38"/>
<theme idref="E12"/>
<clue><clueSource>Previous studies</clueSource> have <clueKT>shown</clueKT> that treatment of human myeloid leukemia cells with 12-O-tetradecanoylphorbol-13-acetate (TPA) is <clueType><clueKT>associated</clueKT></clueType> <linkTheme>with</linkTheme> induction of monocytic differentiation and expression of the c-jun and c-fos early response genes.</clue>
</event>
<event KT="Other" id="E10">
<type class="Positive_regulation"/>
<theme idref="E13"/>
<clue>Previous studies have shown that treatment of human myeloid leukemia cells with 12-O-tetradecanoylphorbol-13-acetate (TPA) is associated with <clueType>induction</clueType> <linkTheme>of</linkTheme> monocytic differentiation and expression of the c-jun and c-fos early response genes.</clue>
</event>
<event KT="Other" id="E11">
<type class="Positive_regulation"/>
<theme idref="E14"/>
<clue>Previous studies have shown that treatment of human myeloid leukemia cells with 12-O-tetradecanoylphorbol-13-acetate (TPA) is associated with <clueType>induction</clueType> <linkTheme>of</linkTheme> monocytic differentiation and expression of the c-jun and c-fos early response genes.</clue>
</event>
<event KT="Other" id="E12">
<type class="Positive_regulation"/>
<theme idref="E15"/>
<clue>Previous studies have shown that treatment of human myeloid leukemia cells with 12-O-tetradecanoylphorbol-13-acetate (TPA) is associated with <clueType>induction</clueType> <linkTheme>of</linkTheme> monocytic differentiation and expression of the c-jun and c-fos early response genes.</clue>
</event>
<event KT="Other" id="E13">
<type class="Cell_differentiation"/>
<theme idref="T6"/>
<theme idref="A3"/>
<clue>Previous studies have shown that treatment of human myeloid leukemia cells with 12-O-tetradecanoylphorbol-13-acetate (TPA) is associated with induction of monocytic <clueType>differentiation</clueType> and expression of the c-jun and c-fos early response genes.</clue>
</event>
<event KT="Other" id="E14">
<type class="Gene_expression"/>
<theme idref="F1" idref1="F3"/>
<clue>Previous studies have shown that treatment of human myeloid leukemia cells with 12-O-tetradecanoylphorbol-13-acetate (TPA) is associated with induction of monocytic differentiation and <clueType>expression</clueType> <linkTheme>of</linkTheme> the c-jun and c-fos early response genes.</clue>
</event>
<event KT="Other" id="E15">
<type class="Gene_expression"/>
<theme idref="F2" idref1="F3"/>
<clue>Previous studies have shown that treatment of human myeloid leukemia cells with 12-O-tetradecanoylphorbol-13-acetate (TPA) is associated with induction of monocytic differentiation and <clueType>expression</clueType> <linkTheme>of</linkTheme> the c-jun and c-fos early response genes.</clue>
</event>
<sentence id="S3">The present work demonstrates that the <term id="T11" lex="glucocorticoid" sem="Lipid">glucocorticoid</term> <term id="T12" lex="dexamethasone" sem="Lipid">dexamethasone</term> inhibits <term id="T13" lex="TPA-induced_increase" sem="Other"><term id="T14" lex="TPA" sem="Organic_compound_other">TPA</term>-induced increases</term> in <cons id="T15" lex="(AND c-jun_mRNA_level c-fos_mRNA_level)" sem="(AND Other Other)"><frag id="F4"><term id="A7" sem="RNA_molecule">c-jun</term></frag> and <frag id="F5"><term id="A8" sem="RNA_molecule">c-fos</term></frag> <frag id="F6"><term id="A9" sem="RNA_molecule">mRNA</term> levels</frag></cons> in <term id="T16" lex="U-937_leukemia_cell" sem="Cell_cultured">U-937 leukemia cells</term>.</sentence>
<event KT="Analysis" id="E16">
<type class="Negative_regulation"/>
<theme idref="E18"/>
<cause idref="T12"/>
<clue>The present work <clueKT>demonstrates</clueKT> that the <corefCause>glucocorticoid</corefCause> dexamethasone <clueType>inhibits</clueType> TPA-induced increases in c-jun and c-fos mRNA levels in U-937 leukemia cells.</clue>
</event>
<event KT="Analysis" id="E17">
<type class="Negative_regulation"/>
<theme idref="E19"/>
<cause idref="T12"/>
<clue>The present work <clueKT>demonstrates</clueKT> that the <corefCause>glucocorticoid</corefCause> dexamethasone <clueType>inhibits</clueType> TPA-induced increases in c-jun and c-fos mRNA levels in U-937 leukemia cells.</clue>
</event>
<event KT="Other" id="E18">
<type class="Positive_regulation"/>
<theme idref="A7" idref1="A9"/>
<cause idref="T14"/>
<clue>The present work demonstrates that the glucocorticoid dexamethasone inhibits TPA<linkCause>-induced</linkCause> <clueType>increases</clueType> <linkTheme>in</linkTheme> c-jun and c-fos mRNA <clueType>levels</clueType> <clueLoc>in U-937 leukemia cells</clueLoc>.</clue>
</event>
<event KT="Other" id="E19">
<type class="Positive_regulation"/>
<theme idref="A8" idref1="A9"/>
<cause idref="T14"/>
<clue>The present work demonstrates that the glucocorticoid dexamethasone inhibits TPA<linkCause>-induced</linkCause> <clueType>increases</clueType> <linkTheme>in</linkTheme> c-jun and c-fos mRNA <clueType>levels</clueType> <clueLoc>in U-937 leukemia cells</clueLoc>.</clue>
</event>
<sentence id="S4">These findings were associated with a block in appearance of the <term id="T17" lex="monocytic_phenotype" sem="Cell_natural">monocytic phenotype</term>, including inhibition of <term id="T18" lex="TPA-induced_increase" sem="Other"><term id="T19" lex="TPA" sem="Organic_compound_other">TPA</term>-induced increases</term> in <cons id="T20" lex="(AND lamin_A_transcript lamin_C_transcript vimentin_transcript)" sem="(AND RNA_molecule RNA_molecule RNA_molecule)"><frag id="F7">lamin A</frag>, <frag id="F8">lamin C</frag>, and <frag id="F9">vimentin</frag> <frag id="F10">transcripts</frag></cons>.</sentence>
<event KT="Analysis" id="E20">
<type class="Correlation"/>
<theme idref="E16"/>
<theme idref="E28"/>
<clue><corefTheme>These findings</corefTheme> were <clueType><clueKT>associated</clueKT></clueType> <linkTheme>with</linkTheme> a block in appearance of the monocytic phenotype, including inhibition of TPA-induced increases in lamin A, lamin C, and vimentin transcripts.</clue>
</event>
<event KT="Analysis" id="E21">
<type class="Correlation"/>
<theme idref="E16"/>
<theme idref="E30"/>
<clue><corefTheme>These findings</corefTheme> were <clueType><clueKT>associated</clueKT></clueType> <linkTheme>with</linkTheme> a block in appearance of the monocytic phenotype, including inhibition of TPA-induced increases in lamin A, lamin C, and vimentin transcripts.</clue>
</event>
<event KT="Analysis" id="E22">
<type class="Correlation"/>
<theme idref="E16"/>
<theme idref="E31"/>
<clue><corefTheme>These findings</corefTheme> were <clueType><clueKT>associated</clueKT></clueType> <linkTheme>with</linkTheme> a block in appearance of the monocytic phenotype, including inhibition of TPA-induced increases in lamin A, lamin C, and vimentin transcripts.</clue>
</event>
<event KT="Analysis" id="E23">
<type class="Correlation"/>
<theme idref="E16"/>
<theme idref="E32"/>
<clue><corefTheme>These findings</corefTheme> were <clueType><clueKT>associated</clueKT></clueType> <linkTheme>with</linkTheme> a block in appearance of the monocytic phenotype, including inhibition of TPA-induced increases in lamin A, lamin C, and vimentin transcripts.</clue>
</event>
<event KT="Analysis" id="E24">
<type class="Correlation"/>
<theme idref="E17"/>
<theme idref="E28"/>
<clue><corefTheme>These findings</corefTheme> were <clueType><clueKT>associated</clueKT></clueType> <linkTheme>with</linkTheme> a block in appearance of the monocytic phenotype, including inhibition of TPA-induced increases in lamin A, lamin C, and vimentin transcripts.</clue>
</event>
<event KT="Analysis" id="E25">
<type class="Correlation"/>
<theme idref="E17"/>
<theme idref="E30"/>
<clue><corefTheme>These findings</corefTheme> were <clueType><clueKT>associated</clueKT></clueType> <linkTheme>with</linkTheme> a block in appearance of the monocytic phenotype, including inhibition of TPA-induced increases in lamin A, lamin C, and vimentin transcripts.</clue>
</event>
<event KT="Analysis" id="E26">
<type class="Correlation"/>
<theme idref="E17"/>
<theme idref="E31"/>
<clue><corefTheme>These findings</corefTheme> were <clueType><clueKT>associated</clueKT></clueType> <linkTheme>with</linkTheme> a block in appearance of the monocytic phenotype, including inhibition of TPA-induced increases in lamin A, lamin C, and vimentin transcripts.</clue>
</event>
<event KT="Analysis" id="E27">
<type class="Correlation"/>
<theme idref="E17"/>
<theme idref="E32"/>
<clue><corefTheme>These findings</corefTheme> were <clueType><clueKT>associated</clueKT></clueType> <linkTheme>with</linkTheme> a block in appearance of the monocytic phenotype, including inhibition of TPA-induced increases in lamin A, lamin C, and vimentin transcripts.</clue>
</event>
<event KT="Other" id="E28">
<type class="Negative_regulation"/>
<theme idref="E29"/>
<clue>These findings were associated with a <clueType>block</clueType> <linkTheme>in</linkTheme> appearance of the monocytic phenotype, including inhibition of TPA-induced increases in lamin A, lamin C, and vimentin transcripts.</clue>
</event>
<event KT="Other" id="E29">
<type class="Cell_differentiation"/>
<theme idref="T17"/>
<clue>These findings were associated with a block in <clueType>appearance</clueType> <linkTheme>of</linkTheme> the monocytic phenotype, including inhibition of TPA-induced increases in lamin A, lamin C, and vimentin transcripts.</clue>
</event>
<event KT="Other" id="E30">
<type class="Negative_regulation"/>
<theme idref="E33"/>
<clue>These findings were associated with a block in appearance of the monocytic phenotype, including <clueType>inhibition</clueType> <linkTheme>of</linkTheme> TPA-induced increases in lamin A, lamin C, and vimentin transcripts.</clue>
</event>
<event KT="Other" id="E31">
<type class="Negative_regulation"/>
<theme idref="E34"/>
<clue>These findings were associated with a block in appearance of the monocytic phenotype, including <clueType>inhibition</clueType> <linkTheme>of</linkTheme> TPA-induced increases in lamin A, lamin C, and vimentin transcripts.</clue>
</event>
<event KT="Other" id="E32">
<type class="Negative_regulation"/>
<theme idref="E35"/>
<clue>These findings were associated with a block in appearance of the monocytic phenotype, including <clueType>inhibition</clueType> <linkTheme>of</linkTheme> TPA-induced increases in lamin A, lamin C, and vimentin transcripts.</clue>
</event>
<event KT="Other" id="E33">
<type class="Positive_regulation"/>
<theme idref="F7" idref1="F10"/>
<cause idref="T19"/>
<clue>These findings were associated with a block in appearance of the monocytic phenotype, including inhibition of TPA<linkCause>-induced</linkCause> <clueType>increases</clueType> <linkTheme>in</linkTheme> lamin A, lamin C, and vimentin transcripts.</clue>
</event>
<event KT="Other" id="E34">
<type class="Positive_regulation"/>
<theme idref="F8" idref1="F10"/>
<cause idref="T19"/>
<clue>These findings were associated with a block in appearance of the monocytic phenotype, including inhibition of TPA<linkCause>-induced</linkCause> <clueType>increases</clueType> <linkTheme>in</linkTheme> lamin A, lamin C, and vimentin transcripts.</clue>
</event>
<event KT="Other" id="E35">
<type class="Positive_regulation"/>
<theme idref="F9" idref1="F10"/>
<cause idref="T19"/>
<clue>These findings were associated with a block in appearance of the monocytic phenotype, including inhibition of TPA<linkCause>-induced</linkCause> <clueType>increases</clueType> <linkTheme>in</linkTheme> lamin A, lamin C, and vimentin transcripts.</clue>
</event>
<sentence id="S5">Other studies have demonstrated that <term id="T21" lex="TPA-induced_monocytic_differentiation" sem="Other"><term id="T22" lex="TPA" sem="Organic_compound_other">TPA</term>-induced <term id="A14" sem="Cell_natural">monocytic</term> differentiation</term> and expression of the <term id="T23" lex="c-jun" sem="DNA_domain_or_region">c-jun</term> and <term id="T24" lex="c-fos_gene" sem="DNA_domain_or_region">c-fos <term id="A15" sem="DNA_domain_or_region">genes</term></term> in <term id="T25" lex="myeloid_leukemia_cell" sem="Cell_natural">myeloid leukemia cells</term> are regulated by <term id="T26" lex="protein_kinase_C" sem="Protein_molecule">protein kinase C</term> (<term id="T27" lex="PKC" sem="Protein_molecule">PKC</term>).</sentence>
<event KT="Other" id="E36">
<type class="Positive_regulation"/>
<theme idref="E39"/>
<cause idref="T22"/>
<clue>Other studies have demonstrated that TPA-<clueType>induced</clueType> monocytic differentiation and expression of the c-jun and c-fos genes in myeloid leukemia cells are regulated by protein kinase C (PKC).</clue>
</event>
<event KT="Other" id="E39">
<type class="Cell_differentiation"/>
<theme idref="A14"/>
<theme idref="T25"/>
<clue>Other studies have demonstrated that TPA-induced monocytic <clueType>differentiation</clueType> and expression of the c-jun and c-fos genes in myeloid leukemia cells are regulated by protein kinase C (PKC).</clue>
</event>
<event KT="Other" id="E40">
<type class="Gene_expression"/>
<theme idref="T23" idref1="A15"/>
<clue>Other studies have demonstrated that TPA-induced monocytic differentiation and <clueType>expression</clueType> <linkTheme>of</linkTheme> the c-jun and c-fos genes <clueLoc>in myeloid leukemia cells</clueLoc> are regulated by protein kinase C (PKC).</clue>
</event>
<event KT="Other" id="E41">
<type class="Gene_expression"/>
<theme idref="T24"/>
<clue>Other studies have demonstrated that TPA-induced monocytic differentiation and <clueType>expression</clueType> <linkTheme>of</linkTheme> the c-jun and c-fos genes <clueLoc>in myeloid leukemia cells</clueLoc> are regulated by protein kinase C (PKC).</clue>
</event>
<event KT="Analysis" Source="Other" id="E42">
<type class="Regulation"/>
<theme idref="E39"/>
<cause idref="T27"/>
<clue><clueSource>Other studies</clueSource> have <clueKT>demonstrated</clueKT> that TPA-induced monocytic differentiation and expression of the c-jun and c-fos genes in myeloid leukemia cells are <clueType>regulated</clueType> <linkCause>by</linkCause> protein kinase C (PKC).</clue>
</event>
<event KT="Analysis" Source="Other" id="E43">
<type class="Regulation"/>
<theme idref="E40"/>
<cause idref="T27"/>
<clue><clueSource>Other studies</clueSource> have <clueKT>demonstrated</clueKT> that TPA-induced monocytic differentiation and expression of the c-jun and c-fos genes in myeloid leukemia cells are <clueType>regulated</clueType> <linkCause>by</linkCause> protein kinase C (PKC).</clue>
</event>
<event KT="Analysis" Source="Other" id="E44">
<type class="Regulation"/>
<theme idref="E41"/>
<cause idref="T27"/>
<clue><clueSource>Other studies</clueSource> have <clueKT>demonstrated</clueKT> that TPA-induced monocytic differentiation and expression of the c-jun and c-fos genes in myeloid leukemia cells are <clueType>regulated</clueType> <linkCause>by</linkCause> protein kinase C (PKC).</clue>
</event>
<sentence id="S6">The finding that <term id="T28" lex="dexamethasone" sem="Lipid">dexamethasone</term> has no effect on <term id="T29" lex="TPA-induced_activation" sem="Other"><term id="T30" lex="TPA" sem="Organic_compound_other">TPA</term>-induced activation</term> of <term id="T31" lex="PKC" sem="Protein_molecule">PKC</term> suggests that this <term id="T32" lex="glucocorticoid" sem="Lipid">glucocorticoid</term> inhibits <term id="A20" sem="Other">signals downstream or parallel to this <term id="T33" lex="enzyme" sem="Protein_family_or_group">enzyme</term></term>.</sentence>
<event Polarity="Negative" assertion="non-exist" id="E45">
<type class="Regulation"/>
<theme idref="E46"/>
<cause idref="T28"/>
<clue>The <clueKT>finding</clueKT> that dexamethasone has <cluePolarity>no</cluePolarity> <clueType>effect</clueType> <linkTheme>on</linkTheme> TPA-induced activation of PKC suggests that this glucocorticoid inhibits signals downstream or parallel to this enzyme.</clue>
</event>
<event id="E46">
<type class="Positive_regulation"/>
<theme idref="T31"/>
<cause idref="T30"/>
<clue>The finding that dexamethasone has no effect on TPA<linkCause>-induced</linkCause> <clueType>activation</clueType> <linkTheme>of</linkTheme> PKC suggests that this glucocorticoid inhibits signals downstream or parallel to this enzyme.</clue>
</event>
<event CL="L2" KT="Analysis" id="E47" uncertainty="probable">
<type class="Negative_regulation"/>
<theme idref="A20"/>
<cause idref="E28"/>
<clue>The finding that dexamethasone has no effect on TPA-induced activation of PKC <clueKT><clueCL>suggests</clueCL></clueKT> that <corefCause>this glucocorticoid</corefCause> <clueType>inhibits</clueType> signals downstream or parallel to this enzyme.</clue>
<comment>TPS: A20</comment></event>
<sentence id="S7">Nuclear run-on assays demonstrate that: (1) induction of <cons id="T34" lex="(AND c-jun_expression c-fos_expression)" sem="(AND Other Other)"><frag id="F11"><term id="A16" sem="DNA_domain_or_region">c-jun</term></frag> and <frag id="F12"><term id="A17" sem="DNA_domain_or_region">c-fos</term></frag> <frag id="F13">expression</frag></cons> by <term id="T35" lex="TPA" sem="Organic_compound_other">TPA</term> is regulated by <term id="T36" lex="transcriptional_mechanism" sem="Other">transcriptional mechanisms</term>, (2) <term id="T37" lex="TPA-induced_expression" sem="Other"><term id="T38" lex="TPA" sem="Organic_compound_other">TPA</term>-induced expression</term> of <term id="T39" lex="c-jun" sem="DNA_domain_or_region">c-jun</term> and <term id="T40" lex="c-fos" sem="DNA_domain_or_region">c-fos</term> does not require <term id="T41" lex="protein_synthesis" sem="Other">protein synthesis</term>, and (3) <term id="T42" lex="TPA-induced_expression" sem="Other"><term id="T43" lex="TPA" sem="Organic_compound_other">TPA</term>-induced expression</term> of both genes is inhibited at the <term id="T44" lex="ranscriptional_level" sem="Other">transcriptional level</term> by <term id="T45" lex="dexamethasone" sem="Lipid">dexamethasone</term>.</sentence>
<event KT="Other" id="E49">
<type class="Positive_regulation"/>
<theme idref="E51"/>
<cause idref="T35"/>
<clue>Nuclear run-on assays demonstrate that: (1) <clueType>induction</clueType> <linkTheme>of</linkTheme> c-jun and c-fos expression <linkCause>by</linkCause> TPA is regulated by transcriptional mechanisms, (2) TPA-induced expression of c-jun and c-fos does not require protein synthesis, and (3) TPA-induced expression of both genes is inhibited at the transcriptional level by dexamethasone.</clue>
</event>
<event KT="Other" id="E50">
<type class="Positive_regulation"/>
<theme idref="E52"/>
<cause idref="T35"/>
<clue>Nuclear run-on assays demonstrate that: (1) <clueType>induction</clueType> <linkTheme>of</linkTheme> c-jun and c-fos expression <linkCause>by</linkCause> TPA is regulated by transcriptional mechanisms, (2) TPA-induced expression of c-jun and c-fos does not require protein synthesis, and (3) TPA-induced expression of both genes is inhibited at the transcriptional level by dexamethasone.</clue>
</event>
<event KT="Other" id="E51">
<type class="Gene_expression"/>
<theme idref="A16"/>
<clue>Nuclear run-on assays demonstrate that: (1) induction of c-jun and c-fos <clueType>expression</clueType> by TPA is regulated by transcriptional mechanisms, (2) TPA-induced expression of c-jun and c-fos does not require protein synthesis, and (3) TPA-induced expression of both genes is inhibited at the transcriptional level by dexamethasone.</clue>
</event>
<event KT="Other" id="E52">
<type class="Gene_expression"/>
<theme idref="A17"/>
<clue>Nuclear run-on assays demonstrate that: (1) induction of c-jun and c-fos <clueType>expression</clueType> by TPA is regulated by transcriptional mechanisms, (2) TPA-induced expression of c-jun and c-fos does not require protein synthesis, and (3) TPA-induced expression of both genes is inhibited at the transcriptional level by dexamethasone.</clue>
</event>
<event KT="Analysis" id="E53">
<type class="Regulation"/>
<theme idref="E49"/>
<cause idref="T36"/>
<clue><clueExperiment>Nuclear run-on assays</clueExperiment> <clueKT>demonstrate</clueKT> that: (1) induction of c-jun and c-fos expression by TPA is <clueType>regulated</clueType> <linkCause>by</linkCause> transcriptional mechanisms, (2) TPA-induced expression of c-jun and c-fos does not require protein synthesis, and (3) TPA-induced expression of both genes is inhibited at the transcriptional level by dexamethasone.</clue>
</event>
<event KT="Analysis" id="E54">
<type class="Regulation"/>
<theme idref="E50"/>
<cause idref="T36"/>
<clue><clueExperiment>Nuclear run-on assays</clueExperiment> <clueKT>demonstrate</clueKT> that: (1) induction of c-jun and c-fos expression by TPA is <clueType>regulated</clueType> <linkCause>by</linkCause> transcriptional mechanisms, (2) TPA-induced expression of c-jun and c-fos does not require protein synthesis, and (3) TPA-induced expression of both genes is inhibited at the transcriptional level by dexamethasone.</clue>
</event>
<event id="E55">
<type class="Positive_regulation"/>
<theme idref="E57"/>
<cause idref="T38"/>
<clue>Nuclear run-on assays demonstrate that: (1) induction of c-jun and c-fos expression by TPA is regulated by transcriptional mechanisms, (2) TPA-<clueType>induced</clueType> expression of c-jun and c-fos does not require protein synthesis, and (3) TPA-induced expression of both genes is inhibited at the transcriptional level by dexamethasone.</clue>
</event>
<event id="E56">
<type class="Positive_regulation"/>
<theme idref="E58"/>
<cause idref="T38"/>
<clue>Nuclear run-on assays demonstrate that: (1) induction of c-jun and c-fos expression by TPA is regulated by transcriptional mechanisms, (2) TPA-<clueType>induced</clueType> expression of c-jun and c-fos does not require protein synthesis, and (3) TPA-induced expression of both genes is inhibited at the transcriptional level by dexamethasone.</clue>
</event>
<event id="E57">
<type class="Gene_expression"/>
<theme idref="T39"/>
<clue>Nuclear run-on assays demonstrate that: (1) induction of c-jun and c-fos expression by TPA is regulated by transcriptional mechanisms, (2) TPA-induced <clueType>expression</clueType> <linkTheme>of</linkTheme> c-jun and c-fos does not require protein synthesis, and (3) TPA-induced expression of both genes is inhibited at the transcriptional level by dexamethasone.</clue>
</event>
<event id="E58">
<type class="Gene_expression"/>
<theme idref="T40"/>
<clue>Nuclear run-on assays demonstrate that: (1) induction of c-jun and c-fos expression by TPA is regulated by transcriptional mechanisms, (2) TPA-induced <clueType>expression</clueType> <linkTheme>of</linkTheme> c-jun and c-fos does not require protein synthesis, and (3) TPA-induced expression of both genes is inhibited at the transcriptional level by dexamethasone.</clue>
<comment>NER: T40 sem mod, Protein_molecule -&gt; DNA_domain_or_region</comment></event>
<event KT="Analysis" Polarity="Negative" assertion="non-exist" id="E59">
<type class="Positive_regulation"/>
<theme idref="E55"/>
<cause idref="T41"/>
<clue><clueExperiment>Nuclear run-on assays</clueExperiment> <clueKT>demonstrate</clueKT> that: (1) induction of c-jun and c-fos expression by TPA is regulated by transcriptional mechanisms, (2) TPA-induced expression of c-jun and c-fos does <cluePolarity>not</cluePolarity> <clueType>require</clueType> protein synthesis, and (3) TPA-induced expression of both genes is inhibited at the transcriptional level by dexamethasone.</clue>
</event>
<event KT="Analysis" Polarity="Negative" assertion="non-exist" id="E60">
<type class="Positive_regulation"/>
<theme idref="E56"/>
<cause idref="T41"/>
<clue><clueExperiment>Nuclear run-on assays</clueExperiment> <clueKT>demonstrate</clueKT> that: (1) induction of c-jun and c-fos expression by TPA is regulated by transcriptional mechanisms, (2) TPA-induced expression of c-jun and c-fos does <cluePolarity>not</cluePolarity> <clueType>require</clueType> protein synthesis, and (3) TPA-induced expression of both genes is inhibited at the transcriptional level by dexamethasone.</clue>
</event>
<event KT="Other" id="E61">
<type class="Positive_regulation"/>
<theme idref="E63"/>
<cause idref="T43"/>
<clue>Nuclear run-on assays demonstrate that: (1) induction of c-jun and c-fos expression by TPA is regulated by transcriptional mechanisms, (2) TPA-induced expression of c-jun and c-fos does not require protein synthesis, and (3) TPA-<clueType>induced</clueType> expression of both genes is inhibited at the transcriptional level by dexamethasone.</clue>
</event>
<event KT="Other" id="E62">
<type class="Positive_regulation"/>
<theme idref="E64"/>
<cause idref="T43"/>
<clue>Nuclear run-on assays demonstrate that: (1) induction of c-jun and c-fos expression by TPA is regulated by transcriptional mechanisms, (2) TPA-induced expression of c-jun and c-fos does not require protein synthesis, and (3) TPA-<clueType>induced</clueType> expression of both genes is inhibited at the transcriptional level by dexamethasone.</clue>
</event>
<event KT="Other" id="E63">
<type class="Transcription"/>
<theme idref="A16"/>
<clue>Nuclear run-on assays demonstrate that: (1) induction of c-jun and c-fos expression by TPA is regulated by transcriptional mechanisms, (2) TPA-induced expression of c-jun and c-fos does not require protein synthesis, and (3) TPA-induced <clueType>expression</clueType> <linkTheme>of</linkTheme> <corefTheme>both genes</corefTheme> is inhibited <clueType>at the transcriptional level</clueType> by dexamethasone.</clue>
</event>
<event KT="Other" id="E64">
<type class="Transcription"/>
<theme idref="A17"/>
<clue>Nuclear run-on assays demonstrate that: (1) induction of c-jun and c-fos expression by TPA is regulated by transcriptional mechanisms, (2) TPA-induced expression of c-jun and c-fos does not require protein synthesis, and (3) TPA-induced <clueType>expression</clueType> <linkTheme>of</linkTheme> <corefTheme>both genes</corefTheme> is inhibited <clueType>at the transcriptional level</clueType> by dexamethasone.</clue>
</event>
<event KT="Analysis" id="E65">
<type class="Negative_regulation"/>
<theme idref="E61"/>
<cause idref="T45"/>
<clue><clueExperiment>Nuclear run-on assays</clueExperiment> <clueKT>demonstrate</clueKT> that: (1) induction of c-jun and c-fos expression by TPA is regulated by transcriptional mechanisms, (2) TPA-induced expression of c-jun and c-fos does not require protein synthesis, and (3) TPA-induced expression of both genes is <clueType>inhibited</clueType> at the transcriptional level <linkCause>by</linkCause> dexamethasone.</clue>
</event>
<event KT="Analysis" id="E66">
<type class="Negative_regulation"/>
<theme idref="E62"/>
<cause idref="T45"/>
<clue><clueExperiment>Nuclear run-on assays</clueExperiment> <clueKT>demonstrate</clueKT> that: (1) induction of c-jun and c-fos expression by TPA is regulated by transcriptional mechanisms, (2) TPA-induced expression of c-jun and c-fos does not require protein synthesis, and (3) TPA-induced expression of both genes is <clueType>inhibited</clueType> at the transcriptional level <linkCause>by</linkCause> dexamethasone.</clue>
</event>
<sentence id="S8">To further define the effects of <term id="T46" lex="dexamethasone" sem="Lipid">dexamethasone</term> at the <term id="T47" lex="molecular_level" sem="Other">molecular level</term>, we prepared a series of <term id="A22" sem="DNA_domain_or_region">deleted <term id="T48" lex="c-jun_promoter_fragment" sem="DNA_domain_or_region">c-jun promoter fragments</term> linked to the <term id="T49" lex="chloramphenicol_acetyltransferase_(CAT)_gene" sem="DNA_domain_or_region"><term id="T50" lex="chloramphenicol_acetyltransferase" sem="Protein_molecule">chloramphenicol acetyltransferase</term> (<term id="T51" lex="CAT" sem="Protein_molecule">CAT</term>) gene</term></term>.</sentence>
<event KT="Investigation" id="E67" uncertainty="doubtful">
<type class="Regulation"/>
<theme idref="T47"/>
<cause idref="T46"/>
<clue><clueKT>To further define</clueKT> the <clueType>effects</clueType> <linkCause>of</linkCause> dexamethasone <linkTheme>at</linkTheme> the molecular level, we prepared a series of <clueExperiment>deleted c-jun promoter fragments linked to the chloramphenicol acetyltransferase (CAT) gene</clueExperiment>.</clue>
</event>
<sentence id="S9">Increases in <term id="T52" lex="CAT_activity" sem="Other"><term id="T53" lex="CAT" sem="Protein_molecule">CAT</term> activity</term> during <term id="T54" lex="transient_expression" sem="Other">transient expression</term> of these constructs in <term id="T55" lex="TPA-treated_U-937_cell" sem="Cell_cultured"><term id="T56" lex="TPA" sem="Organic_compound_other">TPA</term>-treated <term id="A18" sem="Cell_cultured">U-937 cells</term></term> could be assigned to the <term id="A21" sem="DNA_domain_or_region">region (-97 to -20) of the <term id="T57" lex="promoter" sem="DNA_domain_or_region">promoter</term></term> that contains the <term id="T58" lex="AP-1_binding_site" sem="DNA_domain_or_region">AP-1 binding site</term>.</sentence>
<event id="E68">
<type class="Positive_regulation"/>
<theme idref="T53"/>
<cause idref="A21"/>
<clue><clueType>Increases</clueType> <linkTheme>in</linkTheme> CAT activity <clueTime>during transient expression of these constructs</clueTime> in TPA-treated U-937 cells could be <linkCause>assigned to</linkCause> the region (-97 to -20) of the promoter that contains the AP-1 binding site.</clue>
<comment>TPS: A21</comment></event>
<event id="E37">
<type class="Gene_expression"/>
<theme idref="A22"/>
<clue>Increases in CAT activity during transient <clueType>expression</clueType> <linkTheme>of</linkTheme> <corefTheme>these constructs</corefTheme> <clueLoc>in TPA-treated U-937 cells</clueLoc> could be assigned to the region (-97 to -20) of the promoter that contains the AP-1 binding site.</clue>
<comment>TPS: A22</comment></event>
<event KT="Method" id="E69">
<type class="Artificial_process"/>
<theme idref="T56"/>
<theme idref="A18"/>
<clue>Increases in CAT activity during transient expression of these constructs in TPA-<clueType>treated</clueType> U-937 cells could be assigned to the region (-97 to -20) of the promoter that contains the AP-1 binding site.</clue>
</event>
<sentence id="S10">This induction of <term id="T59" lex="CAT_activity" sem="Other"><term id="T60" lex="CAT" sem="Protein_molecule">CAT</term> activity</term> was sensitive to <term id="T61" lex="dexamethasone" sem="Lipid">dexamethasone</term>.</sentence>
<event id="E70">
<type class="Positive_regulation"/>
<theme idref="T60"/>
<clue>This <clueType>induction</clueType> <linkTheme>of</linkTheme> CAT activity was sensitive to dexamethasone.</clue>
</event>
<event id="E71">
<type class="Regulation"/>
<theme idref="E70"/>
<cause idref="T61"/>
<clue>This induction of CAT activity was <clueType>sensitive</clueType> <linkCause>to</linkCause> dexamethasone.</clue>
</event>
<sentence id="S11">These findings suggest that <term id="T62" lex="dexamethasone" sem="Lipid">dexamethasone</term> down-regulates <term id="T63" lex="TPA-induced_transcription" sem="Other"><term id="T64" lex="TPA" sem="Organic_compound_other">TPA</term>-induced transcription</term> of the <term id="T65" lex="c-jun" sem="DNA_domain_or_region">c-jun</term> gene during <term id="T66" lex="monocytic_differentiation" sem="Other"><term id="A19" sem="Cell_natural">monocytic</term> differentiation</term> by inhibiting activation of the <term id="T67" lex="AP-1_site" sem="DNA_domain_or_region">AP-1 site</term>.</sentence>
<event CL="L2" KT="Analysis" id="E72">
<type class="Negative_regulation"/>
<theme idref="E74"/>
<cause idref="E75"/>
<clue>These findings <clueKT><clueCL>suggest</clueCL></clueKT> that dexamethasone <clueType>down-regulates</clueType> TPA-induced transcription of the c-jun gene during monocytic differentiation <linkCause>by</linkCause> inhibiting activation of the AP-1 site.</clue>
</event>
<event KT="Other" id="E73">
<type class="Positive_regulation"/>
<theme idref="E74"/>
<cause idref="T64"/>
<clue>These findings suggest that dexamethasone down-regulates TPA-<clueType>induced</clueType> transcription of the c-jun gene during monocytic differentiation by inhibiting activation of the AP-1 site.</clue>
</event>
<event KT="Other" id="E74">
<type class="Transcription"/>
<theme idref="T65"/>
<clue>These findings suggest that dexamethasone down-regulates TPA-induced <clueType>transcription</clueType> <linkTheme>of</linkTheme> the c-jun gene <clueTime>during monocytic differentiation</clueTime> by inhibiting activation of the AP-1 site.</clue>
</event>
<event KT="Other" id="E75">
<type class="Negative_regulation"/>
<theme idref="E76"/>
<cause idref="T62"/>
<clue>These findings suggest that dexamethasone down-regulates TPA-induced transcription of the c-jun gene during monocytic differentiation by <clueType>inhibiting</clueType> activation of the AP-1 site.</clue>
</event>
<event KT="Other" id="E76">
<type class="Positive_regulation"/>
<theme idref="T67"/>
<clue>These findings suggest that dexamethasone down-regulates TPA-induced transcription of the c-jun gene during monocytic differentiation by inhibiting <clueType>activation</clueType> <linkTheme>of</linkTheme> the AP-1 site.</clue>
</event>
<event KT="Other" id="E78">
<type class="Cell_differentiation"/>
<theme idref="A19"/>
<clue>These findings suggest that dexamethasone down-regulates TPA-induced transcription of the c-jun gene during monocytic <clueType>differentiation</clueType> by inhibiting activation of the AP-1 site.</clue>
</event>
</AbstractText>
</Abstract></Article></MedlineCitation></PubmedArticle></PubmedArticleSet></Annotation>
