<?xml version='1.0'?><!DOCTYPE Annotation PUBLIC "//GENIA//DTD GENIA ANNOTATION EVENT 2.0//EN_Modified" "../ModifiedGENIAtypes/Modified_GENIA_event_20.dtd"><Annotation annotates="http://www.ncbi.nlm.nih.gov/entrez/eutils/efetch.fcgi?db=pubmed&amp;retmode=xml&amp;rettype=medline&amp;id=1946405" created="18/11/2006" creator="Noriko Katsu"><PubmedArticleSet><PubmedArticle><MedlineCitation>
<PMID>1946405</PMID>
<Article>
<ArticleTitle>
<sentence id="S1">Isolation of a candidate repressor/activator, <term id="T2" lex="NF-E1" sem="Protein_molecule">NF-E1</term> (<term id="T3" lex="YY-1" sem="Protein_molecule">YY-1</term>, <term id="T4" lex="delta" sem="Protein_molecule">delta</term>), that binds to the <term id="T5" lex="immunoglobulin_kappa_3&apos;_enhancer" sem="DNA_domain_or_region">immunoglobulin kappa 3&apos; enhancer</term> and the <term id="T6" lex="immunoglobulin_heavy-chain_mu_E1_site" sem="DNA_domain_or_region">immunoglobulin heavy-chain mu E1 site</term>.</sentence>
<event KT="Other" id="E1">
<type class="Binding"/>
<theme idref="T2"/>
<theme idref="T5"/>
<clue>Isolation of a candidate repressor/activator, NF-E1 (YY-1, delta), that <clueType>binds</clueType> <linkTheme>to</linkTheme> the immunoglobulin kappa 3&apos; enhancer and the immunoglobulin heavy-chain mu E1 site.</clue>
<comment>NER: T1 del &quot;repressor/activator&quot;</comment></event>
<event KT="Other" id="E2">
<type class="Binding"/>
<theme idref="T2"/>
<theme idref="T6"/>
<clue>Isolation of a candidate repressor/activator, NF-E1 (YY-1, delta), that <clueType>binds</clueType> <linkTheme>to</linkTheme> the immunoglobulin kappa 3&apos; enhancer and the immunoglobulin heavy-chain mu E1 site.</clue>
</event>
<event KT="Other" id="E3">
<type class="Binding"/>
<theme idref="T3"/>
<theme idref="T5"/>
<clue>Isolation of a candidate repressor/activator, NF-E1 (YY-1, delta), that <clueType>binds</clueType> <linkTheme>to</linkTheme> the immunoglobulin kappa 3&apos; enhancer and the immunoglobulin heavy-chain mu E1 site.</clue>
</event>
<event KT="Other" id="E4">
<type class="Binding"/>
<theme idref="T3"/>
<theme idref="T6"/>
<clue>Isolation of a candidate repressor/activator, NF-E1 (YY-1, delta), that <clueType>binds</clueType> <linkTheme>to</linkTheme> the immunoglobulin kappa 3&apos; enhancer and the immunoglobulin heavy-chain mu E1 site.</clue>
</event>
<event KT="Other" id="E5">
<type class="Binding"/>
<theme idref="T4"/>
<theme idref="T5"/>
<clue>Isolation of a candidate repressor/activator, NF-E1 (YY-1, delta), that <clueType>binds</clueType> <linkTheme>to</linkTheme> the immunoglobulin kappa 3&apos; enhancer and the immunoglobulin heavy-chain mu E1 site.</clue>
</event>
<event KT="Other" id="E6">
<type class="Binding"/>
<theme idref="T4"/>
<theme idref="T6"/>
<clue>Isolation of a candidate repressor/activator, NF-E1 (YY-1, delta), that <clueType>binds</clueType> <linkTheme>to</linkTheme> the immunoglobulin kappa 3&apos; enhancer and the immunoglobulin heavy-chain mu E1 site.</clue>
</event>
</ArticleTitle>
<Abstract>
<AbstractText>
<sentence id="S2">We have determined that the developmental control of <term id="T7" lex="immunoglobulin_kappa_3&apos;_enhancer" sem="DNA_domain_or_region">immunoglobulin kappa 3&apos; enhancer</term> (<term id="T8" lex="kappa_E3&apos;" sem="DNA_domain_or_region">kappa E3&apos;</term>) activity is the result of the combined influence of <term id="T9" lex="positive-_and_negative-acting_element" sem="DNA_domain_or_region"><term id="A1" sem="DNA_domain_or_region">positive-</term> and <term id="A2" sem="DNA_domain_or_region">negative-</term><term id="A3" sem="DNA_domain_or_region">acting elements</term></term>.</sentence>
<event KT="Other" id="E7">
<type class="Regulation"/>
<theme idref="T8"/>
<clue>We have determined that the <clueTime>developmental</clueTime> <clueType>control</clueType> <linkTheme>of</linkTheme> immunoglobulin kappa 3&apos; enhancer (kappa E3&apos;) activity is the result of the combined influence of positive- and negative-acting elements.</clue>
</event>
<event KT="Analysis" id="E8">
<type class="Regulation"/>
<theme idref="E7"/>
<cause idref="A1" idref1="A3"/>
<cause idref="A2" idref1="A3"/>
<clue>We have <clueKT>determined</clueKT> that the developmental control of immunoglobulin kappa 3&apos; enhancer (kappa E3&apos;) activity is the <clueType>result of the combined influence</clueType> <linkCause>of</linkCause> positive- and negative-acting elements.</clue>
</event>
<sentence id="S3">We show that a <term id="A4" sem="DNA_domain_or_region">central core in the <term id="T10" lex="kappa_E3&apos;_enhancer" sem="DNA_domain_or_region">kappa E3&apos; enhancer</term></term> is active at the <term id="T11" lex="pre-B-cell_stage" sem="Other">pre-B-cell stage</term> but is repressed by <term id="T12" lex="flanking_negative-acting_element" sem="DNA_domain_or_region">flanking negative-acting elements</term>.</sentence>
<event KT="Analysis" id="E19">
<type class="Positive_regulation"/>
<theme idref="A4"/>
<clue>We <clueKT>show</clueKT> that a central core in the kappa E3&apos; enhancer is <clueType>active</clueType> <clueTime>at the pre-B-cell stage</clueTime> but is repressed by flanking negative-acting elements.</clue>
</event>
<event KT="Analysis" id="E9">
<type class="Negative_regulation"/>
<theme idref="A4"/>
<cause idref="T12"/>
<clue>We <clueKT>show</clueKT> that a central core in the kappa E3&apos; enhancer is active at the pre-B-cell stage but is <clueType>repressed</clueType> <linkCause>by</linkCause> flanking negative-acting elements.</clue>
<comment>TPS: A4</comment></event>
<sentence id="S4">The <term id="T13" lex="negative-acting_sequence" sem="DNA_domain_or_region">negative-acting sequences</term> repress <term id="T14" lex="enhancer_activity" sem="Other">enhancer activity</term> in a position- and orientation-independent manner at the <term id="T15" lex="pre-B-cell_stage" sem="Other">pre-B-cell stage</term>.</sentence>
<event id="E10">
<type class="Negative_regulation"/>
<theme idref="T10"/>
<cause idref="T13"/>
<clue>The negative-acting sequences <clueType>repress</clueType> <corefTheme>enhancer</corefTheme> activity in a position- and orientation-independent manner at the pre-B-cell stage.</clue>
<comment>NER: T14 mod &quot;repress enhancer activity&quot;-&gt;&quot;enhancer activity&quot;</comment></event>
<sentence id="S5">We have isolated a <term id="T16" lex="human_cDNA_clone" sem="DNA_family_or_group">human cDNA clone</term> encoding a <term id="T17" lex="zinc_finger_protein" sem="Protein_molecule">zinc finger protein</term> (<term id="T18" lex="NF-E1" sem="Protein_molecule">NF-E1</term>) that binds to the <term id="A7" sem="DNA_domain_or_region"><term id="T19" lex="negative-acting_segment" sem="DNA_domain_or_region">negative-acting segment</term> of the <term id="T20" lex="kappa_E3&apos;_enhancer" sem="DNA_domain_or_region">kappa E3&apos; enhancer</term></term>.</sentence>
<event KT="Other" id="E11">
<type class="Binding"/>
<theme idref="A7"/>
<theme idref="T18"/>
<clue>We have isolated a human cDNA clone encoding a zinc finger protein (NF-E1) that <clueType>binds</clueType> <linkTheme>to</linkTheme> the negative-acting segment of the kappa E3&apos; enhancer.</clue>
<comment>TPS: A7</comment></event>
<sentence id="S6">This protein also binds to the <term id="T21" lex="immunoglobulin_heavy-chain_enhancer_mu_E1_site" sem="DNA_domain_or_region">immunoglobulin heavy-chain enhancer mu E1 site</term>.</sentence>
<event id="E12">
<type class="Binding"/>
<theme idref="T18"/>
<theme idref="T21"/>
<clue><corefTheme>This protein</corefTheme> also <clueType>binds</clueType> <linkTheme>to</linkTheme> the immunoglobulin heavy-chain enhancer mu E1 site.</clue>
</event>
<sentence id="S7"><term id="T22" lex="NF-E1" sem="Protein_molecule">NF-E1</term> is encoded by the same gene as the <term id="T23" lex="YY-1_protein" sem="Protein_molecule">YY-1 protein</term>, which binds to the <term id="T24" lex="adeno-associated_virus_P5_promoter" sem="DNA_domain_or_region">adeno-associated virus P5 promoter</term>.</sentence>
<event KT="Fact" id="E13">
<type class="Binding"/>
<theme idref="T23"/>
<theme idref="T24"/>
<clue>NF-E1 is encoded by the same gene as the YY-1 protein, which <clueType>binds</clueType> <linkTheme>to</linkTheme> the adeno-associated virus P5 promoter.</clue>
</event>
<sentence id="S8"><term id="T25" lex="NF-E1" sem="Protein_molecule">NF-E1</term> is also the <term id="T26" lex="human_homologue" sem="Protein_family_or_group">human homologue</term> of the <term id="T27" lex="mouse_delta_protein" sem="Protein_molecule">mouse delta protein</term>, which binds to <term id="T28" lex="ribosomal_protein_gene_promoter" sem="DNA_domain_or_region">ribosomal protein gene promoters</term>.</sentence>
<event KT="Fact" id="E14">
<type class="Binding"/>
<theme idref="T27"/>
<theme idref="T28"/>
<clue>NF-E1 is also the human homologue of the mouse delta protein, which <clueType>binds</clueType> <linkTheme>to</linkTheme> ribosomal protein gene promoters.</clue>
<comment>NER: T27 sem mod, DNA_molecule -&gt; Protein_molecule</comment></event>
<sentence id="S9">The predicted <term id="T29" lex="amino_acid_sequence" sem="Other">amino acid sequence</term> of this protein contains features characteristic of <term id="T30" lex="transcriptional_activator" sem="Protein_family_or_group">transcriptional activators</term> as well as <term id="T31" lex="transcriptional_repressor" sem="Protein_family_or_group">transcriptional repressors</term>.</sentence>
<event id="E15">
<type class="Correlation"/>
<theme idref="T25"/>
<theme idref="T30"/>
<clue>The predicted <linkTheme>amino acid sequence</linkTheme> of <corefTheme>this protein</corefTheme> <clueType>contains features</clueType> <linkTheme>characteristic of</linkTheme> transcriptional activators as well as transcriptional repressors.</clue>
<comment>CAUTION</comment></event>
<event id="E16">
<type class="Correlation"/>
<theme idref="T29"/>
<theme idref="T31"/>
<clue>The predicted <linkTheme>amino acid sequence</linkTheme> of <corefTheme>this protein</corefTheme> <clueType>contains features</clueType> <linkTheme>characteristic of</linkTheme> transcriptional activators as well as transcriptional repressors.</clue>
<comment>CAUTION</comment></event>
<sentence id="S10">Cotransfection studies with this <term id="T32" lex="cDNA" sem="DNA_family_or_group">cDNA</term> indicate that it can repress <term id="T33" lex="basal_promoter_activity" sem="Other"><term id="T34" lex="basal_promoter" sem="DNA_domain_or_region">basal promoter</term> activity</term>.</sentence>
<event CL="L2" KT="Analysis" id="E17">
<type class="Negative_regulation"/>
<theme idref="T33"/>
<cause idref="T25"/>
<clue><clueExperiment>Cotransfection studies with this cDNA</clueExperiment> <clueKT>indicate</clueKT> that <linkCause>it</linkCause> <clueCL>can</clueCL> <clueType>repress</clueType> basal promoter activity.</clue>
</event>
<sentence id="S11">The apparent dual function of this protein is discussed.</sentence>
<event CL="L2" KT="Analysis" id="E18">
<type class="Regulation"/>
<cause idref="T25"/>
<clue>The <clueKT><clueCL>apparent</clueCL></clueKT> <clueType>dual function</clueType> <linkCause>of</linkCause> this protein is <clueKT>discussed</clueKT>.</clue>
<comment>NO THEME</comment></event>
</AbstractText>
</Abstract></Article></MedlineCitation></PubmedArticle></PubmedArticleSet></Annotation>
