<?xml version='1.0'?><!DOCTYPE Annotation PUBLIC "//GENIA//DTD GENIA ANNOTATION EVENT 2.0//EN_Modified" "../ModifiedGENIAtypes/Modified_GENIA_event_20.dtd"><Annotation annotates="http://www.ncbi.nlm.nih.gov/entrez/eutils/efetch.fcgi?db=pubmed&amp;retmode=xml&amp;rettype=medline&amp;id=1953785" created="20/11/2006" creator="Noriko Katsu"><PubmedArticleSet><PubmedArticle><MedlineCitation>
<PMID>1953785</PMID>
<Article>
<ArticleTitle>
<sentence id="S1">Regulation of <term id="T1" lex="interleukin-1_beta_production" sem="Other"><term id="T2" lex="interleukin-1_beta" sem="Protein_molecule">interleukin-1 beta</term> production</term> by <term id="T3" lex="glucocorticoid" sem="Lipid">glucocorticoids</term> in <term id="T4" lex="human_monocyte" sem="Cell_natural">human monocytes</term>: the mechanism of action depends on the <term id="A1" sem="Other">activation signal</term>.</sentence>
<event KT="Investigation" id="E1">
<type class="Regulation"/>
<theme idref="E2"/>
<cause idref="T3"/>
<clue><clueType>Regulation</clueType> <linkTheme>of</linkTheme> interleukin-1 beta production <linkCause>by</linkCause> glucocorticoids <clueLoc>in human monocytes</clueLoc>: the mechanism of action depends on the activation signal.</clue>
</event>
<event KT="Other" id="E2">
<type class="Gene_expression"/>
<theme idref="T2"/>
<clue>Regulation of interleukin-1 beta <clueType>production</clueType> by glucocorticoids in human monocytes: the mechanism of action depends on the activation signal.</clue>
</event>
<event id="E3">
<type class="Regulation"/>
<theme idref="E1"/>
<cause idref="A1"/>
<clue>Regulation of interleukin-1 beta production by glucocorticoids in human monocytes: the mechanism of action <clueType>depends</clueType> <linkCause>on</linkCause> the activation signal.</clue>
</event>
</ArticleTitle>
<Abstract>
<AbstractText>
<sentence id="S2"><term id="T5" lex="glucocorticoid" sem="Lipid">Glucocorticoids</term> are known to downregulate <term id="T6" lex="interleukin-1_beta_production" sem="Other"><term id="T7" lex="interleukin-1_beta" sem="Protein_molecule">interleukin-1 beta</term> production</term> in <term id="T8" lex="monocytic_cell" sem="Cell_natural">monocytic cells</term> by two different mechanims: direct inhibition of the <term id="T9" lex="gene_transcription" sem="Other">gene transcription</term> and <term id="T10" lex="destabilization" sem="Other">destabilization</term> of the preformed <term id="T11" lex="interleukin-1_beta_mRNA" sem="RNA_molecule"><term id="T12" lex="interleukin-1_beta" sem="Protein_molecule">interleukin-1 beta</term> mRNA</term>.</sentence>
<event KT="Fact" id="E4">
<type class="Negative_regulation"/>
<theme idref="E6"/>
<cause idref="E7"/>
<clue>Glucocorticoids are <clueKT>known</clueKT> to <clueType>downregulate</clueType> interleukin-1 beta production in monocytic cells <linkCause>by</linkCause> <corefCause>two different mechanims</corefCause>: direct inhibition of the gene transcription and destabilization of the preformed interleukin-1 beta mRNA.</clue>
</event>
<event KT="Fact" id="E32">
<type class="Negative_regulation"/>
<theme idref="E6"/>
<cause idref="A8"/>
<clue>Glucocorticoids are <clueKT>known</clueKT> to <clueType>downregulate</clueType> interleukin-1 beta production in monocytic cells <linkCause>by</linkCause> <corefCause>two different mechanims</corefCause>: direct inhibition of the gene transcription and destabilization of the preformed interleukin-1 beta mRNA.</clue>
</event>
<event KT="Other" id="E6">
<type class="Gene_expression"/>
<theme idref="T7"/>
<clue>Glucocorticoids are known to downregulate interleukin-1 beta <clueType>production</clueType> <clueLoc>in monocytic cells</clueLoc> by two different mechanims: direct inhibition of the gene transcription and destabilization of the preformed interleukin-1 beta mRNA.</clue>
</event>
<event KT="Other" id="E7">
<type class="Negative_regulation"/>
<theme idref="T9"/>
<cause idref="T5"/>
<clue>Glucocorticoids are known to downregulate interleukin-1 beta production in monocytic cells by two different mechanims: direct <clueType>inhibition</clueType> <linkTheme>of</linkTheme> the gene transcription and destabilization of the preformed interleukin-1 beta mRNA.</clue>
</event>
<event KT="Other" id="E8">
<type class="Negative_regulation"/>
<theme idref="T11"/>
<cause idref="T5"/>
<clue>Glucocorticoids are known to downregulate interleukin-1 beta production in monocytic cells by two different mechanims: direct inhibition of the gene transcription and <clueType>destabilization</clueType> <linkTheme>of</linkTheme> the preformed interleukin-1 beta mRNA.</clue>
</event>
<event KT="Other" id="E9">
<type class="Transcription"/>
<theme idref="T11"/>
<clue>Glucocorticoids are known to downregulate interleukin-1 beta production in monocytic cells by two different mechanims: direct inhibition of the gene transcription and destabilization of the <clueType>preformed</clueType> interleukin-1 beta mRNA.</clue>
</event>
<sentence id="S3">Now we have examined the effect of the nature of the <term id="A2" sem="Other">monocyte activating signal</term> on these two inhibitory mechanims.</sentence>
<event KT="Investigation" id="E10" uncertainty="doubtful">
<type class="Regulation"/>
<theme idref="E7"/>
<cause idref="A2"/>
<clue>Now we have <clueKT>examined</clueKT> the <clueType>effect</clueType> <linkCause>of</linkCause> the nature of the monocyte activating signal <linkTheme>on</linkTheme> <corefTheme>these two inhibitory mechanims</corefTheme>.</clue>
</event>
<event KT="Investigation" id="E11" uncertainty="doubtful">
<type class="Regulation"/>
<theme idref="E8"/>
<cause idref="A2"/>
<clue>Now we have <clueKT>examined</clueKT> the <clueType>effect</clueType> <linkCause>of</linkCause> the nature of the monocyte activating signal <linkTheme>on</linkTheme> <corefTheme>these two inhibitory mechanims</corefTheme>.</clue>
</event>
<sentence id="S4">When <term id="T13" lex="human_monocyte" sem="Cell_natural">human monocytes</term> were preincubated with <term id="T14" lex="dexamethasone" sem="Lipid">dexamethasone</term> for 1 hour and then stimulated either with bacterial <term id="A3" sem="Lipid">lipopolysaccharide</term> or <term id="A4" sem="Organic_compound_other">phorbol myristate</term>, it was found that <term id="T15" lex="dexamethasone" sem="Lipid">dexamethasone</term> inhibited the <term id="T16" lex="lipopolysaccharide-induced_interleukin-1_beta_protein_production" sem="Other"><term id="A5" sem="Organic_compound_other">lipopolysaccharide</term>-induced <term id="T17" lex="interleukin-1_beta" sem="Protein_molecule">interleukin-1 beta</term> protein production</term>, but the <term id="T19" lex="phorbol_myristate-induced_production" sem="Other"><term id="T20" lex="phorbol_myristate" sem="Organic_compound_other">phorbol myristate</term>-induced production</term> was increased 3-10 fold.</sentence>
<event KT="Method" id="E12">
<type class="Artificial_process"/>
<theme idref="T13"/>
<theme idref="T14"/>
<clue>When human monocytes were <clueType>preincubated</clueType> <linkTheme>with</linkTheme> dexamethasone for 1 hour and then stimulated either with bacterial lipopolysaccharide or phorbol myristate, it was found that dexamethasone inhibited the lipopolysaccharide-induced interleukin-1 beta protein production, but the phorbol myristate-induced production was increased 3-10 fold.</clue>
</event>
<event id="E13">
<type class="Physiological_process"/>
<theme idref="T13"/>
<cause idref="A3"/>
<clue>When human monocytes were preincubated with dexamethasone for 1 hour and then <clueType>stimulated</clueType> either <linkCause>with</linkCause> bacterial lipopolysaccharide or phorbol myristate, it was found that dexamethasone inhibited the lipopolysaccharide-induced interleukin-1 beta protein production, but the phorbol myristate-induced production was increased 3-10 fold.</clue>
</event>
<event id="E14">
<type class="Physiological_process"/>
<theme idref="T13"/>
<cause idref="A4"/>
<clue>When human monocytes were preincubated with dexamethasone for 1 hour and then <clueType>stimulated</clueType> either <linkCause>with</linkCause> bacterial lipopolysaccharide or phorbol myristate, it was found that dexamethasone inhibited the lipopolysaccharide-induced interleukin-1 beta protein production, but the phorbol myristate-induced production was increased 3-10 fold.</clue>
</event>
<event id="E15">
<type class="Negative_regulation"/>
<theme idref="E16"/>
<cause idref="T15"/>
<clue>When human monocytes were preincubated with dexamethasone for 1 hour and then stimulated either with bacterial lipopolysaccharide or phorbol myristate, it was <clueKT>found</clueKT> that dexamethasone <clueType>inhibited</clueType> the lipopolysaccharide-induced interleukin-1 beta protein production, but the phorbol myristate-induced production was increased 3-10 fold.</clue>
</event>
<event KT="Other" id="E16">
<type class="Positive_regulation"/>
<theme idref="E17"/>
<cause idref="A5"/>
<clue>When human monocytes were preincubated with dexamethasone for 1 hour and then stimulated either with bacterial lipopolysaccharide or phorbol myristate, it was found that dexamethasone inhibited the lipopolysaccharide-<clueType>induced</clueType> interleukin-1 beta protein production, but the phorbol myristate-induced production was increased 3-10 fold.</clue>
</event>
<event KT="Other" id="E17">
<type class="Gene_expression"/>
<theme idref="T17"/>
<clue>When human monocytes were preincubated with dexamethasone for 1 hour and then stimulated either with bacterial lipopolysaccharide or phorbol myristate, it was found that dexamethasone inhibited the lipopolysaccharide-induced interleukin-1 beta protein <clueType>production</clueType>, but the phorbol myristate-induced production was increased 3-10 fold.</clue>
<comment>NER: T18 del &quot;interleukin-1 beta&quot; as duplicated</comment></event>
<event id="E18">
<type class="Positive_regulation"/>
<theme idref="E17"/>
<cause idref="T20"/>
<clue>When human monocytes were preincubated with dexamethasone for 1 hour and then stimulated either with bacterial lipopolysaccharide or phorbol myristate, it was found that dexamethasone inhibited the lipopolysaccharide-induced interleukin-1 beta protein production, but the phorbol myristate-<clueType>induced</clueType> <corefTheme>production</corefTheme> was increased 3-10 fold.</clue>
</event>
<event Manner="High" id="E19">
<type class="Positive_regulation"/>
<theme idref="E18"/>
<cause idref="T15"/>
<clue>When human monocytes were preincubated with dexamethasone for 1 hour and then stimulated either with bacterial lipopolysaccharide or phorbol myristate, it was <clueKT>found</clueKT> that dexamethasone inhibited the lipopolysaccharide-induced interleukin-1 beta protein production, but the phorbol myristate-induced production was <clueType>increased</clueType> <clueManner>3-10 fold</clueManner>.</clue>
<comment>NO COREFCAUSE</comment></event>
<sentence id="S5">This difference was also seen at the <term id="T21" lex="mRNA_level" sem="Other">mRNA level</term>.</sentence>
<sentence id="S6">When <term id="T22" lex="dexamethasone" sem="Lipid">dexamethasone</term> was added to the cultures 3 hours after the stimulators, it clearly decreased the <term id="T23" lex="interleukin-1_beta_mRNA_level" sem="Other"><term id="T24" lex="interleukin-1_beta_mRNA" sem="RNA_molecule"><term id="T25" lex="interleukin-1_beta" sem="Protein_molecule">interleukin-1 beta</term> mRNA</term> levels</term> regardless of the stimulator used (although the effect was clearly weaker on the <term id="T26" lex="PMA-induced_mRNA" sem="RNA_family_or_group"><term id="A6" sem="Organic_compound_other">PMA</term>-induced mRNA</term>).</sentence>
<event id="E21">
<type class="Negative_regulation"/>
<theme idref="E22"/>
<cause idref="T22"/>
<clue>When dexamethasone was added to the cultures <clueTime>3 hours after the stimulators</clueTime>, it clearly <clueType>decreased</clueType> the interleukin-1 beta mRNA levels regardless of the stimulator used (although the effect was clearly weaker on the PMA-induced mRNA).</clue>
</event>
<event id="E22">
<type class="Transcription"/>
<theme idref="T25"/>
<clue>When dexamethasone was added to the cultures 3 hours after the stimulators, it clearly decreased the interleukin-1 beta mRNA <clueType>levels</clueType> regardless of the stimulator used (although the effect was clearly weaker on the PMA-induced mRNA).</clue>
</event>
<event Polarity="Negative" assertion="non-exist" id="E23">
<type class="Regulation"/>
<theme idref="E21"/>
<cause idref="A3"/>
<clue>When dexamethasone was added to the cultures 3 hours after the stimulators, it clearly decreased the interleukin-1 beta mRNA levels <linkCause><cluePolarity>regardless of</cluePolarity></linkCause> the <corefCause>stimulator</corefCause> used (although the effect was clearly weaker on the PMA-induced mRNA).</clue>
<comment>NO CLUETYPE</comment></event>
<event Polarity="Negative" assertion="non-exist" id="E24">
<type class="Regulation"/>
<theme idref="E21"/>
<cause idref="A4"/>
<clue>When dexamethasone was added to the cultures 3 hours after the stimulators, it clearly decreased the interleukin-1 beta mRNA levels <linkCause><cluePolarity>regardless of</cluePolarity></linkCause> the <corefCause>stimulator</corefCause> used (although the effect was clearly weaker on the PMA-induced mRNA).</clue>
<comment>NO CLUETYPE</comment></event>
<event id="E25">
<type class="Positive_regulation"/>
<theme idref="T24"/>
<cause idref="A6"/>
<clue>When dexamethasone was added to the cultures 3 hours after the stimulators, it clearly decreased the interleukin-1 beta mRNA levels regardless of the stimulator used (although the effect was clearly weaker on the PMA-<clueType>induced</clueType> <corefTheme>mRNA</corefTheme>).</clue>
</event>
<event Manner="Low" id="E26">
<type class="Negative_regulation"/>
<theme idref="T26"/>
<cause idref="T22"/>
<clue>When dexamethasone was added to the cultures 3 hours after the stimulators, it clearly decreased the interleukin-1 beta mRNA levels regardless of the stimulator used (although the <clueType>effect</clueType> was clearly <clueManner>weaker</clueManner> <linkTheme>on</linkTheme> the PMA-induced mRNA).</clue>
<comment>CAUTION: effect, referring to E21</comment></event>
<sentence id="S7">Thus these data suggest that the <term id="A8" sem="RNA_molecule"><term id="A7" sem="Organic_compound_other">phorbol myristate</term>-induced signal</term> (<term id="T27" lex="prolonged_protein_kinase_C_activation" sem="Other">prolonged <term id="T28" lex="protein_kinase_C" sem="Protein_molecule">protein kinase C</term> activation</term>?) cannot be inhibited by prior incubation with <term id="T29" lex="dexamethasone" sem="Lipid">dexamethasone</term> and it also protects the <term id="T30" lex="induced_mRNA" sem="RNA_family_or_group">induced mRNA</term> for the degradative action of <term id="T31" lex="dexamethasone" sem="Lipid">dexamethasone</term>.</sentence>
<event KT="Other" id="E27">
<type class="Positive_regulation"/>
<theme idref="T24"/>
<cause idref="A7"/>
<clue>Thus these data suggest that the phorbol myristate-<clueType>induced</clueType> <corefTheme>signal</corefTheme> (prolonged protein kinase C activation?) cannot be inhibited by prior incubation with dexamethasone and it also protects the induced mRNA for the degradative action of dexamethasone.</clue>
</event>
<event KT="Other" id="E28">
<type class="Positive_regulation"/>
<theme idref="E29"/>
<cause idref="A7"/>
<clue>Thus these data suggest that the phorbol myristate-<clueType>induced</clueType> signal (prolonged protein kinase C activation?) cannot be inhibited by prior incubation with dexamethasone and it also protects the induced mRNA for the degradative action of dexamethasone.</clue>
</event>
<event KT="Other" id="E29" uncertainty="probable">
<type class="Positive_regulation"/>
<theme idref="E30"/>
<clue>Thus these data suggest that the phorbol myristate-induced signal (<clueType>prolonged</clueType> protein kinase C activation?) cannot be inhibited by prior incubation with dexamethasone and it also protects the induced mRNA for the degradative action of dexamethasone.</clue>
</event>
<event KT="Other" id="E30" uncertainty="probable">
<type class="Positive_regulation"/>
<theme idref="T28"/>
<clue>Thus these data suggest that the phorbol myristate-induced signal (prolonged protein kinase C <clueType>activation</clueType>?) cannot be inhibited by prior incubation with dexamethasone and it also protects the induced mRNA for the degradative action of dexamethasone.</clue>
</event>
<event CL="L2" KT="Analysis" Polarity="Negative" assertion="non-exist" id="E31">
<type class="Negative_regulation"/>
<theme idref="E27"/>
<cause idref="T29"/>
<clue><clueKT>Thus</clueKT> these data <clueKT>suggest</clueKT> that the phorbol myristate-induced signal (prolonged protein kinase C activation?) <clueCL>can</clueCL><cluePolarity>not</cluePolarity> be <clueType>inhibited</clueType> <linkCause>by</linkCause> <clueTime>prior</clueTime> incubation with dexamethasone and it also protects the induced mRNA for the degradative action of dexamethasone.</clue>
</event>
<event CL="L2" KT="Analysis" id="E33">
<type class="Negative_regulation"/>
<theme idref="E34"/>
<cause idref="E29"/>
<clue><clueKT>Thus</clueKT> these data <clueKT><clueCL>suggest</clueCL></clueKT> that the phorbol myristate-induced signal (prolonged protein kinase C activation?) cannot be inhibited by prior incubation with dexamethasone and <corefCause>it</corefCause> also <clueType>protects</clueType> the induced mRNA <linkTheme>for</linkTheme> the degradative action of dexamethasone.</clue>
</event>
<event KT="Other" id="E34">
<type class="Negative_regulation"/>
<theme idref="T30"/>
<cause idref="T31"/>
<clue>Thus these data suggest that the phorbol myristate-induced signal (prolonged protein kinase C activation?) cannot be inhibited by prior incubation with dexamethasone and it also protects the induced mRNA for the <clueType>degradative</clueType> action <linkCause>of</linkCause> dexamethasone.</clue>
</event>
</AbstractText>
</Abstract></Article></MedlineCitation></PubmedArticle></PubmedArticleSet></Annotation>
