<?xml version='1.0'?><!DOCTYPE Annotation PUBLIC "//GENIA//DTD GENIA ANNOTATION EVENT 2.0//EN_Modified" "../ModifiedGENIAtypes/Modified_GENIA_event_20.dtd"><Annotation annotates="http://www.ncbi.nlm.nih.gov/entrez/eutils/efetch.fcgi?db=pubmed&amp;retmode=xml&amp;rettype=medline&amp;id=1958222" created="12/03/2006" creator="Hitomi Masuda"><PubmedArticleSet><PubmedArticle><MedlineCitation>
<PMID>1958222</PMID>
<Article>
<ArticleTitle>
<sentence id="S1">Constitutive activation of <term id="T1" lex="NF-kB" sem="Protein_molecule">NF-kB</term> in <term id="T2" lex="human_thymocyte" sem="Cell_natural">human thymocytes</term>.</sentence>
<event id="E1">
<type class="Positive_regulation"/>
<theme idref="T1"/>
<clue>Constitutive <clueType>activation</clueType> <linkTheme>of</linkTheme> NF-kB <clueLoc>in human thymocytes</clueLoc>.</clue>
</event>
</ArticleTitle>
<Abstract>
<AbstractText>
<sentence id="S2"><term id="T3" lex="NF-kB" sem="Protein_molecule">NF-kB</term> is a <term id="T4" lex="eukaryotic_transcription_regulatory_factor" sem="Protein_family_or_group">eukaryotic transcription regulatory factor</term>.</sentence>
<sentence id="S3">In <term id="T5" lex="T_cell" sem="Cell_natural">T cells</term> and <term id="T6" lex="T_cell_line" sem="Cell_cultured">T cell lines</term>, <term id="T7" lex="NF-kB" sem="Protein_molecule">NF-kB</term> is bound to a <term id="T8" lex="cytoplasmic_proteic_inhibitor" sem="Protein_family_or_group">cytoplasmic proteic inhibitor</term>, the <term id="T9" lex="IkB" sem="Protein_molecule">IkB</term>.</sentence>
<event KT="Fact" LT="Propositional" id="E2">
<type class="Binding"/>
<theme idref="T7"/>
<theme idref="T9"/>
<clue><clueLoc>In T cells</clueLoc> and T cell lines, NF-kB is <clueType>bound</clueType> <linkTheme>to</linkTheme> a cytoplasmic proteic inhibitor, the IkB.</clue>
</event>
<event KT="Fact" LT="Propositional" id="E102">
<type class="Binding"/>
<theme idref="T7"/>
<theme idref="T9"/>
<clue><clueLoc>In</clueLoc> T cells and <clueLoc>T cell lines</clueLoc>, NF-kB is <clueType>bound</clueType> <linkTheme>to</linkTheme> a cytoplasmic proteic inhibitor, the IkB.</clue>
</event>
<sentence id="S4">Treatment of <term id="T10" lex="T_cell" sem="Cell_natural">T cells</term> with <term id="T11" lex="mitogen" sem="Other">mitogens</term> (<term id="T12" lex="phorbol_ester" sem="Organic_compound_other">phorbol esters</term>) or <term id="T13" lex="cytokine" sem="Protein_family_or_group">cytokines</term> (<term id="T14" lex="TNF_alpha" sem="Protein_molecule">TNF alpha</term>) induces <term id="T15" lex="NF-kB" sem="Protein_molecule">NF-kB</term> <term id="T16" lex="nuclear_translocation" sem="Other">nuclear translocation</term> and the subsequent expression of <term id="T17" lex="NF-kB_dependent_T_cell_gene" sem="DNA_family_or_group"><term id="T18" lex="NF-kB" sem="Protein_molecule">NF-kB</term> dependent T cell genes</term>.</sentence>
<event KT="Other" id="E3">
<type class="Localization"/>
<theme idref="T15"/>
<clue>Treatment of T cells with mitogens (phorbol esters) or cytokines (TNF alpha) induces NF-kB <clueLoc>nuclear</clueLoc> <clueType>translocation</clueType> and the subsequent expression of NF-kB dependent T cell genes.</clue>
</event>
<event KT="Fact" LT="Propositional" id="E4">
<type class="Positive_regulation"/>
<theme idref="E3"/>
<cause idref="T12"/>
<clue>Treatment of T cells with mitogens (phorbol esters) or cytokines (TNF alpha) <clueType>induces</clueType> NF-kB nuclear translocation and the subsequent expression of NF-kB dependent T cell genes.</clue>
</event>
<event KT="Fact" LT="Propositional" id="E5">
<type class="Positive_regulation"/>
<theme idref="E3"/>
<cause idref="T14"/>
<clue>Treatment of T cells with mitogens (phorbol esters) or cytokines (TNF alpha) <clueType>induces</clueType> NF-kB nuclear translocation and the subsequent expression of NF-kB dependent T cell genes.</clue>
</event>
<event KT="Other" id="E6">
<type class="Gene_expression"/>
<theme idref="T17"/>
<clue>Treatment of T cells with mitogens (phorbol esters) or cytokines (TNF alpha) induces NF-kB nuclear translocation and the subsequent <clueType>expression</clueType> <linkTheme>of</linkTheme> NF-kB dependent T cell genes.</clue>
</event>
<event KT="Fact" LT="Propositional" id="E7">
<type class="Positive_regulation"/>
<theme idref="E6"/>
<cause idref="E4"/>
<clue>Treatment of T cells with mitogens (phorbol esters) or cytokines (TNF alpha) <clueType>induces</clueType> NF-kB nuclear translocation and the subsequent expression of NF-kB dependent T cell genes.</clue>
</event>
<event KT="Fact" LT="Propositional" id="E8">
<type class="Positive_regulation"/>
<theme idref="E6"/>
<cause idref="E5"/>
<clue>Treatment of T cells with mitogens (phorbol esters) or cytokines (TNF alpha) <clueType>induces</clueType> NF-kB nuclear translocation and the subsequent expression of NF-kB dependent T cell genes.</clue>
</event>
<sentence id="S5">Here we examined the activation of <term id="T19" lex="NF-kB" sem="Protein_molecule">NF-kB</term> in <term id="T20" lex="human_T_cell_thymic_progenitor" sem="Cell_natural">human T cell thymic progenitors</term>.</sentence>
<event KT="Investigation" id="E100" uncertainty="doubtful">
<type class="Positive_regulation"/>
<theme idref="T19"/>
<clue>Here we examined the <clueType>activation</clueType> <linkTheme>of</linkTheme> NF-kB <clueLoc>in human T cell thymic progenitors</clueLoc>.</clue>
</event>
<sentence id="S6">We report differences in <term id="T21" lex="(Ca2+)i_requirement_for" sem="Other"><term id="T22" lex="(Ca2+)i" sem="Inorganic_compound">(Ca2+)i</term> requirement for</term> <term id="T23" lex="NF-kB" sem="Protein_molecule">NF-kB</term> activation in <term id="T24" lex="thymocyte" sem="Cell_natural">thymocytes</term> as compared to mature <term id="T25" lex="T_cell" sem="Cell_natural">T cells</term>.</sentence>
<event id="E9" uncertainty="doubtful">
<type class="Positive_regulation"/>
<theme idref="T23"/>
<cause idref="T22"/>
<clue>We <clueKT>report</clueKT> differences in (Ca2+)i <linkCause>requirement for</linkCause> NF-kB <clueType>activation</clueType> <clueLoc>in thymocytes</clueLoc> as compared to mature T cells.</clue>
</event>
<event id="E10" uncertainty="doubtful">
<type class="Positive_regulation"/>
<theme idref="T23"/>
<cause idref="T22"/>
<clue>We <clueKT>report</clueKT> differences in (Ca2+)i <linkCause>requirement for</linkCause> NF-kB <clueType>activation</clueType> <clueLoc>in</clueLoc> thymocytes as compared to <clueLoc>mature T cells</clueLoc>.</clue>
</event>
<sentence id="S7">Furthermore, our results indicated that <term id="T26" lex="thymocyte" sem="Cell_natural">thymocytes</term> have a <term id="T27" lex="constitutively_active_form" sem="Protein_family_or_group">constitutively active form</term> of <term id="T28" lex="NF-kB" sem="Protein_molecule">NF-kB</term>, suggesting that they are activated in vivo.</sentence>
<event CL="L2" KT="Analysis" LT="Propositional" id="E12">
<type class="Positive_regulation"/>
<theme idref="T28"/>
<clue>Furthermore, our results indicated that <clueLoc>thymocytes</clueLoc> have a constitutively active form of NF-kB, <clueKT><clueCL>suggesting</clueCL></clueKT> that <corefTheme>they</corefTheme> are <clueType>activated</clueType> in vivo.</clue>
</event>
</AbstractText>
</Abstract></Article></MedlineCitation></PubmedArticle></PubmedArticleSet></Annotation>
