<?xml version='1.0'?><!DOCTYPE Annotation PUBLIC "//GENIA//DTD GENIA ANNOTATION EVENT 2.0//EN_Modified" "../ModifiedGENIAtypes/Modified_GENIA_event_20.dtd"><Annotation annotates="http://www.ncbi.nlm.nih.gov/entrez/eutils/efetch.fcgi?db=pubmed&amp;retmode=xml&amp;rettype=medline&amp;id=2023633" created="18/04/2006" creator="Hitomi MASUDA"><PubmedArticleSet><PubmedArticle><MedlineCitation>
<PMID>2023633</PMID>
<Article>
<ArticleTitle>
<sentence id="S1"><term id="T1" lex="HIV_enhancer_activity" sem="Other"><term id="T2" lex="HIV_enhancer" sem="DNA_domain_or_region"><term id="T3" lex="HIV" sem="Virus">HIV</term> enhancer</term> activity</term> perpetuated by <term id="T4" lex="NF-kappa_B" sem="Protein_molecule">NF-kappa B</term> induction on infection of <term id="T5" lex="monocyte" sem="Cell_natural">monocytes</term> [see comments]</sentence>
<event id="E1">
<type class="Initiation_of_viral_infection"/>
<theme idref="T5"/>
<theme idref="T3"/>
<clue>HIV enhancer activity perpetuated by NF-kappa B induction on <clueType>infection</clueType> <linkTheme>of</linkTheme> monocytes [see comments]</clue>
</event>
<event id="E2">
<type class="Positive_regulation"/>
<theme idref="E1"/>
<cause idref="T4"/>
<clue>HIV enhancer activity perpetuated by NF-kappa B <clueType>induction</clueType> <linkTheme>on</linkTheme> infection of monocytes [see comments]</clue>
</event>
<event id="E3">
<type class="Positive_regulation"/>
<theme idref="T2"/>
<cause idref="E2"/>
<clue>HIV enhancer activity <clueType>perpetuated</clueType> <linkCause>by</linkCause> NF-kappa B induction on infection of monocytes [see comments]</clue>
</event>
</ArticleTitle>
<Abstract>
<AbstractText>
<sentence id="S2">Permissiveness to replication of human immunodeficiency virus (<term id="T6" lex="HIV" sem="Virus">HIV</term>) differs in <term id="T7" lex="T_lymphocyte" sem="Cell_natural">T lymphocytes</term> and <term id="T8" lex="macrophage" sem="Cell_natural">macrophages</term>.</sentence>
<event KT="Other" id="E100">
<type class="Viral_life_cycle"/>
<theme idref="T6"/>
<clue>Permissiveness to <clueType>replication</clueType> <linkTheme>of</linkTheme> human immunodeficiency virus (HIV) differs in T lymphocytes and macrophages.</clue>
</event>
<sentence id="S3">In <term id="T9" lex="T_cell" sem="Cell_natural">T cells</term>, <term id="T10" lex="HIV" sem="Virus">HIV</term> transcription is poorly detected <term id="T11" lex="in_vivo" sem="Other">in vivo</term>.</sentence>
<event KT="Other" id="E4">
<type class="Transcription"/>
<theme idref="T10"/>
<clue><clueLoc>In T cells</clueLoc>, HIV <clueType>transcription</clueType> is poorly detected in vivo.</clue>
</event>
<sentence id="S4">Cloned, normal <term id="T12" lex="T_lymphocyte" sem="Cell_natural">T lymphocytes</term> show very little, if any, <term id="T13" lex="basal_activity" sem="Other">basal activity</term> of the <term id="T14" lex="HIV_enhancer" sem="DNA_domain_or_region"><term id="T15" lex="HIV" sem="Virus">HIV</term> enhancer</term> and low <term id="T16" lex="nuclear_expression" sem="Other">nuclear expression</term> of <term id="T17" lex="NF-kappa_B" sem="Protein_molecule">NF-kappa B</term>, a <term id="T18" lex="potent_transcriptional_activator" sem="Protein_family_or_group">potent transcriptional activator</term> of the <term id="T19" lex="HIV_enhancer" sem="DNA_domain_or_region"><term id="T20" lex="HIV" sem="Virus">HIV</term> enhancer</term>.</sentence>
<event KT="Analysis" Manner="Low" id="E5">
<type class="Gene_expression"/>
<theme idref="T17"/>
<clue>Cloned, normal <clueLoc>T lymphocytes</clueLoc> <clueKT>show</clueKT> very little, if any, basal activity of the HIV enhancer and <clueManner>low</clueManner> <clueLoc>nuclear</clueLoc> <clueType>expression</clueType> <linkTheme>of</linkTheme> NF-kappa B, a potent transcriptional activator of the HIV enhancer.</clue>
</event>
<sentence id="S5">In contrast, fixed tissue <term id="T21" lex="macrophage" sem="Cell_natural">macrophages</term> express detectable <term id="T22" lex="HIV_protein" sem="Protein_family_or_group"><term id="T23" lex="HIV" sem="Virus">HIV</term> proteins</term>, indicating <term id="T24" lex="permanent_virus_transcription" sem="Other">permanent virus transcription</term>.</sentence>
<event KT="Fact" id="E6">
<type class="Gene_expression"/>
<theme idref="T22"/>
<clue>In contrast, fixed tissue <clueLoc>macrophages</clueLoc> <clueType>express</clueType> detectable HIV proteins, indicating permanent virus transcription.</clue>
</event>
<event CL="L2" KT="Analysis" id="E101">
<type class="Transcription"/>
<theme idref="T23"/>
<clue>In contrast, fixed tissue macrophages express detectable HIV proteins, <clueKT><clueCL>indicating</clueCL></clueKT> permanent <corefTheme>virus</corefTheme> <clueType>transcription</clueType>.</clue>
</event>
<sentence id="S6">One explanation for the perpetuation of <term id="T25" lex="virus_infection" sem="Other"><term id="A1" sem="Virus">virus</term> infection</term> in <term id="T26" lex="macrophage" sem="Cell_natural">macrophages</term> could be sustained <term id="T27" lex="nuclear_NF-kappa_B_expression" sem="Other">nuclear <term id="T28" lex="NF-kappa_B" sem="Protein_molecule">NF-kappa B</term> expression</term>.</sentence>
<event KT="Other" id="E7">
<type class="Initiation_of_viral_infection"/>
<theme idref="A1"/>
<clue>One explanation for the perpetuation of virus <clueType>infection</clueType> in macrophages could be sustained nuclear NF-kappa B expression.</clue>
</event>
<event KT="Other" id="E8">
<type class="Positive_regulation"/>
<theme idref="E7"/>
<clue>One explanation for the <clueType>perpetuation</clueType> <linkTheme>of</linkTheme> virus infection <clueLoc>in macrophages</clueLoc> could be sustained nuclear NF-kappa B expression.</clue>
</event>
<event KT="Other" id="E9">
<type class="Gene_expression"/>
<theme idref="T28"/>
<clue>One explanation for the perpetuation of virus infection <clueLoc>in macrophages</clueLoc> could be sustained <clueLoc>nuclear</clueLoc> NF-kappa B <clueType>expression</clueType>.</clue>
</event>
<event CL="L1" KT="Analysis" Manner="High" id="E11" uncertainty="probable">
<type class="Correlation"/>
<theme idref="E9"/>
<theme idref="E8"/>
<clue>One <clueKT>explanation</clueKT> for the perpetuation of virus infection in macrophages <clueCL>could</clueCL> be <clueType><clueManner>sustained</clueManner></clueType> nuclear NF-kappa B expression.</clue>
</event>
<sentence id="S7">However, the <term id="T29" lex="U937_monocytic_cell_line" sem="Cell_cultured">U937 monocytic cell line</term>, which is fully permissive to <term id="T30" lex="HIV_replication" sem="Other"><term id="T31" lex="HIV" sem="Virus">HIV</term> replication</term>, is known to express only low levels of <term id="T32" lex="nuclear_NF-kappa_B" sem="Protein_molecule">nuclear <term id="T33" lex="NF-kappa_B" sem="Protein_molecule">NF-kappa B</term></term>.</sentence>
<event KT="Fact" Manner="Low" id="E12">
<type class="Gene_expression"/>
<theme idref="T32"/>
<clue>However, the <clueLoc>U937 monocytic cell line</clueLoc>, which is fully permissive to HIV replication, is <clueKT>known</clueKT> to <clueType>express</clueType> only <clueManner>low levels</clueManner> of <clueLoc>nuclear</clueLoc> NF-kappa B.</clue>
</event>
<sentence id="S8">We show here that chronic <term id="T34" lex="HIV_infection" sem="Other"><term id="T35" lex="HIV" sem="Virus">HIV</term> infection</term> results in both induction of a <term id="A2" sem="Protein_molecule"><term id="T36" lex="nuclear_factor" sem="Protein_molecule">nuclear factor</term> with antigenic properties indistinguishable from those of <term id="T37" lex="NF-kappa_B" sem="Protein_molecule">NF-kappa B</term></term> and permanently increased <term id="T38" lex="HIV_enhancer_activity" sem="Other"><term id="T39" lex="HIV_enhancer" sem="DNA_domain_or_region"><term id="T40" lex="HIV" sem="Virus">HIV</term> enhancer</term> activity</term>.</sentence>
<event id="E13">
<type class="Initiation_of_viral_infection"/>
<theme idref="T35"/>
<clue>We show here that chronic HIV <clueType>infection</clueType> results in both induction of a nuclear factor with antigenic properties indistinguishable from those of NF-kappa B and permanently increased HIV enhancer activity.</clue>
</event>
<event KT="Analysis" id="E14">
<type class="Positive_regulation"/>
<theme idref="A2"/>
<cause idref="E13"/>
<clue>We <clueKT>show</clueKT> here that chronic HIV infection <linkCause>results in</linkCause> both <clueType>induction</clueType> <linkTheme>of</linkTheme> a nuclear factor with antigenic properties indistinguishable from those of NF-kappa B and permanently increased HIV enhancer activity.</clue>
<comment>TPS: A2</comment></event>
<event KT="Analysis" id="E15">
<type class="Positive_regulation"/>
<theme idref="T38"/>
<cause idref="E13"/>
<clue>We <clueKT>show</clueKT> here that chronic HIV infection <linkCause>results in</linkCause> both induction of a nuclear factor with antigenic properties indistinguishable from those of NF-kappa B and permanently <clueType>increased</clueType> HIV enhancer activity.</clue>
</event>
<sentence id="S9">This phenomenon, which is independent of <term id="T41" lex="tumour_necrosis_factor" sem="Protein_molecule">tumour necrosis factor</term>, is associated with <term id="T42" lex="HIV_replication" sem="Other"><term id="T43" lex="HIV" sem="Virus">HIV</term> replication</term>, and is thus likely to explain at least in part the perpetuation of <term id="T44" lex="HIV_infection" sem="Other"><term id="T45" lex="HIV" sem="Virus">HIV</term> infection</term> in <term id="T46" lex="monocyte" sem="Cell_natural">monocytes</term>.</sentence>
<event Polarity="Negative" assertion="non-exist" id="E16">
<type class="Correlation"/>
<theme idref="E14"/>
<theme idref="T41"/>
<clue><corefTheme>This phenomenon</corefTheme>, which is <clueType><cluePolarity>independent</cluePolarity></clueType> <linkTheme>of</linkTheme> tumour necrosis factor, is associated with HIV replication, and is thus likely to explain at least in part the perpetuation of HIV infection in monocytes.</clue>
</event>
<event Polarity="Negative" assertion="non-exist" id="E17">
<type class="Correlation"/>
<theme idref="E15"/>
<theme idref="T41"/>
<clue><corefTheme>This phenomenon</corefTheme>, which is <clueType><cluePolarity>independent</cluePolarity></clueType> <linkTheme>of</linkTheme> tumour necrosis factor, is associated with HIV replication, and is thus likely to explain at least in part the perpetuation of HIV infection in monocytes.</clue>
</event>
<event KT="Other" id="E18">
<type class="Viral_life_cycle"/>
<theme idref="T43"/>
<clue>This phenomenon, which is independent of tumour necrosis factor, is associated with HIV <clueType>replication</clueType>, and is thus likely to explain at least in part the perpetuation of HIV infection in monocytes.</clue>
</event>
<event KT="Analysis" id="E19">
<type class="Correlation"/>
<theme idref="E14"/>
<theme idref="E18"/>
<clue><corefTheme>This phenomenon</corefTheme>, which is independent of tumour necrosis factor, is <clueType><clueKT>associated</clueKT></clueType> <linkTheme>with</linkTheme> HIV replication, and is thus likely to explain at least in part the perpetuation of HIV infection in monocytes.</clue>
</event>
<event KT="Analysis" id="E20">
<type class="Correlation"/>
<theme idref="E15"/>
<theme idref="E18"/>
<clue><corefTheme>This phenomenon</corefTheme>, which is independent of tumour necrosis factor, is <clueType><clueKT>associated</clueKT></clueType> <linkTheme>with</linkTheme> HIV replication, and is thus likely to explain at least in part the perpetuation of HIV infection in monocytes.</clue>
</event>
<event KT="Other" id="E21">
<type class="Initiation_of_viral_infection"/>
<theme idref="T46"/>
<theme idref="T45"/>
<clue>This phenomenon, which is independent of tumour necrosis factor, is associated with HIV replication, and is thus likely to explain at least in part the perpetuation of HIV <clueType>infection</clueType> <linkTheme>in</linkTheme> monocytes.</clue>
</event>
<event KT="Other" id="E22">
<type class="Positive_regulation"/>
<theme idref="E21"/>
<clue>This phenomenon, which is independent of tumour necrosis factor, is associated with HIV replication, and is thus likely to explain at least in part the <clueType>perpetuation</clueType> <linkTheme>of</linkTheme> HIV infection in monocytes.</clue>
</event>
<event CL="L2" KT="Analysis" id="E23" uncertainty="probable">
<type class="Correlation"/>
<theme idref="E22"/>
<theme idref="E14"/>
<clue>This phenomenon, which is independent of tumour necrosis factor, is associated with HIV replication, and is <clueKT>thus</clueKT> <clueCL>likely</clueCL> to <clueType>explain</clueType> at least in part the perpetuation of HIV infection in monocytes.</clue>
</event>
<event CL="L2" KT="Analysis" id="E24" uncertainty="probable">
<type class="Correlation"/>
<theme idref="E22"/>
<theme idref="E15"/>
<clue>This phenomenon, which is independent of tumour necrosis factor, is associated with HIV replication, and is <clueKT>thus</clueKT> <clueCL>likely</clueCL> to <clueType>explain</clueType> at least in part the perpetuation of HIV infection in monocytes.</clue>
</event>
</AbstractText>
</Abstract></Article></MedlineCitation></PubmedArticle></PubmedArticleSet></Annotation>
