<?xml version='1.0'?><!DOCTYPE Annotation PUBLIC "//GENIA//DTD GENIA ANNOTATION EVENT 2.0//EN_Modified" "../ModifiedGENIAtypes/Modified_GENIA_event_20.dtd"><Annotation annotates="http://www.ncbi.nlm.nih.gov/entrez/eutils/efetch.fcgi?db=pubmed&amp;retmode=xml&amp;rettype=medline&amp;id=2056282" created="22/04/2006" creator="Hitomi MASUDA"><PubmedArticleSet><PubmedArticle><MedlineCitation>
<PMID>2056282</PMID>
<Article>
<ArticleTitle>
<sentence id="S1"><term id="T1" lex="human_tumor_necrosis_factor_alpha_gene_regulation" sem="Other"><term id="A1" sem="DNA_domain_or_region">Human <term id="T2" lex="tumor_necrosis_factor_alpha" sem="Protein_molecule">tumor necrosis factor alpha</term> gene</term> regulation</term> in <term id="T3" lex="phorbol_ester" sem="Organic_compound_other">phorbol ester</term> <cons id="T4" lex="(AND stimulated_T_cell_line stimulated_B_cell_line)" sem="(AND Cell_cultured Cell_cultured)"><frag id="F1">stimulated</frag> <frag id="F2"><term id="A55" sem="Cell_cultured">T</term></frag> and <frag id="F3"><term id="A56" sem="Cell_cultured">B</term></frag> <frag id="F4"><term id="A57" sem="Cell_cultured">cell lines</term></frag></cons>.</sentence>
<event id="E1">
<type class="Regulation"/>
<theme idref="A1"/>
<clue>Human tumor necrosis factor alpha gene <clueType>regulation</clueType> <clueLoc>in phorbol ester stimulated T</clueLoc> and B <clueLoc>cell lines</clueLoc>.</clue>
</event>
<event id="E101">
<type class="Regulation"/>
<theme idref="A1"/>
<clue>Human tumor necrosis factor alpha gene <clueType>regulation</clueType> <clueLoc>in phorbol ester stimulated</clueLoc> T and <clueLoc>B cell lines</clueLoc>.</clue>
</event>
<event KT="Method" LT="Propositional" id="E201">
<type class="Physiological_process"/>
<theme idref="A55" idref1="A57"/>
<cause idref="T3"/>
<clue>Human tumor necrosis factor alpha gene regulation in phorbol ester <clueType>stimulated</clueType> T and B cell lines.</clue>
</event>
<event KT="Method" LT="Propositional" id="E301">
<type class="Physiological_process"/>
<theme idref="A56" idref1="A57"/>
<cause idref="T3"/>
<clue>Human tumor necrosis factor alpha gene regulation in phorbol ester <clueType>stimulated</clueType> T and B cell lines.</clue>
</event>
</ArticleTitle>
<Abstract>
<AbstractText>
<sentence id="S2">The minimal region of the <term id="T5" lex="human_tumor_necrosis_factor_alpha_(TNF-alpha)_gene_promoter" sem="DNA_domain_or_region"><term id="T6" lex="human_tumor_necrosis_factor_alpha" sem="Protein_molecule">human tumor necrosis factor alpha</term> (<term id="T7" lex="TNF-alpha" sem="Protein_molecule"><term id="A4" sem="DNA_domain_or_region">TNF-alpha</term></term>) <term id="A2" sem="DNA_domain_or_region">gene promoter</term></term> necessary for its transcriptional induction by <term id="T8" lex="phorbol_esters" sem="Organic_compound_other">phorbol esters</term> (<term id="T9" lex="PMA" sem="Organic_compound_other">PMA</term>) in <term id="T10" lex="human_T_and_B_lymphocyte_cell_line" sem="Cell_cultured"><term id="T11" lex="human_T_cell_line" sem="Cell_cultured">human T</term> and <term id="T12" lex="B_lymphocyte_cell_line" sem="Cell_cultured">B lymphocyte cell lines</term></term> has been localized <term id="A3" sem="DNA_domain_or_region">between <term id="T13" lex="-52_and_+89_nucleotides" sem="DNA_domain_or_region">-52 and +89 nucleotides</term> (nt) relative to the gene&apos;s <term id="T14" lex="transcriptional_start_site" sem="DNA_domain_or_region">transcriptional start site</term></term>.</sentence>
<event id="E2">
<type class="Positive_regulation"/>
<theme idref="T7"/>
<cause idref="T9"/>
<clue>The minimal region of the human tumor necrosis factor alpha (TNF-alpha) gene promoter necessary for <linkTheme>its</linkTheme> <clueType>transcriptional induction</clueType> <linkCause>by</linkCause> phorbol esters (PMA) <clueLoc>in human T</clueLoc> and B <clueLoc>lymphocyte cell lines</clueLoc> has been localized between -52 and +89 nucleotides (nt) relative to the gene&apos;s transcriptional start site.</clue>
</event>
<event id="E102">
<type class="Positive_regulation"/>
<theme idref="T7"/>
<cause idref="T9"/>
<clue>The minimal region of the human tumor necrosis factor alpha (TNF-alpha) gene promoter necessary for <linkTheme>its</linkTheme> <clueType>transcriptional induction</clueType> <linkCause>by</linkCause> phorbol esters (PMA) <clueLoc>in human</clueLoc> T and <clueLoc>B lymphocyte cell lines</clueLoc> has been localized between -52 and +89 nucleotides (nt) relative to the gene&apos;s transcriptional start site.</clue>
</event>
<event id="E3">
<type class="Positive_regulation"/>
<theme idref="E2"/>
<cause idref="T7" idref1="A2"/>
<clue>The minimal region of the human tumor necrosis factor alpha (TNF-alpha) gene promoter <clueType>necessary</clueType> <linkTheme>for</linkTheme> its transcriptional induction by phorbol esters (PMA) in human T and B lymphocyte cell lines has been localized between -52 and +89 nucleotides (nt) relative to the gene&apos;s transcriptional start site.</clue>
</event>
<event id="E103">
<type class="Positive_regulation"/>
<theme idref="E102"/>
<cause idref="T7" idref1="A2"/>
<clue>The minimal region of the human tumor necrosis factor alpha (TNF-alpha) gene promoter <clueType>necessary</clueType> <linkTheme>for</linkTheme> its transcriptional induction by phorbol esters (PMA) in human T and B lymphocyte cell lines has been localized between -52 and +89 nucleotides (nt) relative to the gene&apos;s transcriptional start site.</clue>
</event>
<sentence id="S3">Comparison of these sequences to those required to mediate <term id="A5" sem="Virus">virus</term> or <term id="T15" lex="lipopolysaccharide_(LPS)_induction" sem="Other"><term id="T16" lex="lipopolysaccharide" sem="Lipid">lipopolysaccharide</term> (<term id="T17" lex="LPS" sem="Lipid">LPS</term>) induction</term> of the gene reveal significant differences, and thus, the sequence requirements for <term id="T18" lex="PMA" sem="Organic_compound_other">PMA</term> induction are distinct from those that mediate induction by <term id="T19" lex="virus" sem="Virus">virus</term> or <term id="T20" lex="LPS" sem="Lipid">LPS</term>.</sentence>
<event KT="Analysis" id="E4">
<type class="Positive_regulation"/>
<theme idref="E2"/>
<cause idref="A3"/>
<clue>Comparison of these sequences to those required to mediate virus or lipopolysaccharide (LPS) induction of the gene reveal significant differences, and <clueKT>thus</clueKT>, <corefCause>the sequence</corefCause> <clueType>requirements</clueType> <linkTheme>for</linkTheme> <corefTheme>PMA induction</corefTheme> are distinct from those that mediate induction by virus or LPS.</clue>
<comment>TPS: A3</comment></event>
<event KT="Other" id="E5">
<type class="Positive_regulation"/>
<theme idref="A4"/>
<cause idref="T19"/>
<clue>Comparison of these sequences to those required to mediate virus or lipopolysaccharide (LPS) induction of the gene reveal significant differences, and thus, the sequence requirements for PMA induction are distinct from those that mediate <clueType>induction</clueType> <linkCause>by</linkCause> virus or LPS.</clue>
<comment>No corefTheme</comment></event>
<event KT="Other" id="E6">
<type class="Positive_regulation"/>
<theme idref="A4"/>
<cause idref="T20"/>
<clue>Comparison of these sequences to those required to mediate virus or lipopolysaccharide (LPS) induction of the gene reveal significant differences, and thus, the sequence requirements for PMA induction are distinct from those that mediate <clueType>induction</clueType> <linkCause>by</linkCause> virus or LPS.</clue>
<comment>No corefTheme</comment></event>
<event id="E7">
<type class="Positive_regulation"/>
<theme idref="E5"/>
<cause idref="A3"/>
<clue>Comparison of these sequences to those required to mediate virus or lipopolysaccharide (LPS) induction of the gene reveal significant differences, and thus, the sequence requirements for PMA induction are distinct from <corefCause>those</corefCause> that <clueType>mediate</clueType> induction by virus or LPS.</clue>
</event>
<event id="E8">
<type class="Positive_regulation"/>
<theme idref="E6"/>
<cause idref="A3"/>
<clue>Comparison of these sequences to those required to mediate virus or lipopolysaccharide (LPS) induction of the gene reveal significant differences, and thus, the sequence requirements for PMA induction are distinct from <corefCause>those</corefCause> that <clueType>mediate</clueType> induction by virus or LPS.</clue>
</event>
<event KT="Other" id="E100">
<type class="Positive_regulation"/>
<theme idref="A4"/>
<cause idref="A5"/>
<clue>Comparison of these sequences to those required to mediate virus or lipopolysaccharide (LPS) <clueType>induction</clueType> <linkTheme>of</linkTheme> the gene reveal significant differences, and thus, the sequence requirements for PMA induction are distinct from those that mediate induction by virus or LPS.</clue>
</event>
<event KT="Other" id="E401">
<type class="Positive_regulation"/>
<theme idref="A4"/>
<cause idref="T17"/>
<clue>Comparison of these sequences to those required to mediate virus or lipopolysaccharide (LPS) <clueType>induction</clueType> <linkTheme>of</linkTheme> the gene reveal significant differences, and thus, the sequence requirements for PMA induction are distinct from those that mediate induction by virus or LPS.</clue>
</event>
<event id="E202" uncertainty="doubtful">
<type class="Positive_regulation"/>
<theme idref="E100"/>
<cause idref="A3"/>
<clue>Comparison of <corefCause>these sequences</corefCause> to those <linkCause>required to</linkCause> <clueType>mediate</clueType> virus or lipopolysaccharide (LPS) induction of the gene reveal significant differences, and thus, the sequence requirements for PMA induction are distinct from those that mediate induction by virus or LPS.</clue>
</event>
<event id="E203" uncertainty="doubtful">
<type class="Positive_regulation"/>
<theme idref="E401"/>
<cause idref="A3"/>
<clue>Comparison of <corefCause>these sequences</corefCause> to those <linkCause>required to</linkCause> <clueType>mediate</clueType> virus or lipopolysaccharide (LPS) induction of the gene reveal significant differences, and thus, the sequence requirements for PMA induction are distinct from those that mediate induction by virus or LPS.</clue>
</event>
<sentence id="S4">Although three sites in the <term id="T21" lex="TNF-alpha_promoter" sem="DNA_domain_or_region"><term id="T22" lex="TNF-alpha" sem="Protein_molecule">TNF-alpha</term> promoter</term> (<term id="A6" sem="DNA_domain_or_region">kappa 1</term>, <term id="A7" sem="DNA_domain_or_region">kappa 2</term>, and <term id="A8" sem="DNA_domain_or_region">kappa 3</term>) specifically bind the <term id="T23" lex="transcription_factor" sem="Protein_family_or_group">transcription factor</term> <term id="T24" lex="NF-kappa_B" sem="Protein_molecule">NF-kappa B</term> in lymphoid <term id="T25" lex="nuclear_extract" sem="Cell_component">nuclear extracts</term>, <term id="T26" lex="TNF-alpha_mRNA" sem="RNA_molecule"><term id="T27" lex="TNF-alpha" sem="Protein_molecule">TNF-alpha</term> mRNA</term> induction by <term id="T28" lex="PMA" sem="Organic_compound_other">PMA</term> does not correlate with <term id="T29" lex="NF-kappa_B_binding_activity" sem="Other"><term id="T30" lex="NF-kappa_B" sem="Protein_molecule">NF-kappa B</term> binding activities</term> displayed by different <cons id="T31" lex="(AND T_cell_line B_cell_line)" sem="(AND Cell_cultured Cell_cultured)"><frag id="F5">T</frag> and <frag id="F6">B</frag> <frag id="F7">cell lines</frag></cons>.</sentence>
<event LT="Propositional" id="E11">
<type class="Binding"/>
<theme idref="A6"/>
<theme idref="T24"/>
<clue>Although three sites in the TNF-alpha promoter (kappa 1, kappa 2, and kappa 3) specifically <clueType>bind</clueType> the transcription factor NF-kappa B <clueLoc>in lymphoid nuclear extracts</clueLoc>, TNF-alpha mRNA induction by PMA does not correlate with NF-kappa B binding activities displayed by different T and B cell lines.</clue>
</event>
<event LT="Propositional" id="E12">
<type class="Binding"/>
<theme idref="A7"/>
<theme idref="T24"/>
<clue>Although three sites in the TNF-alpha promoter (kappa 1, kappa 2, and kappa 3) specifically <clueType>bind</clueType> the transcription factor NF-kappa B <clueLoc>in lymphoid nuclear extracts</clueLoc>, TNF-alpha mRNA induction by PMA does not correlate with NF-kappa B binding activities displayed by different T and B cell lines.</clue>
</event>
<event LT="Propositional" id="E13">
<type class="Binding"/>
<theme idref="A8"/>
<theme idref="T24"/>
<clue>Although three sites in the TNF-alpha promoter (kappa 1, kappa 2, and kappa 3) specifically <clueType>bind</clueType> the transcription factor NF-kappa B <clueLoc>in lymphoid nuclear extracts</clueLoc>, TNF-alpha mRNA induction by PMA does not correlate with NF-kappa B binding activities displayed by different T and B cell lines.</clue>
</event>
<event id="E14">
<type class="Positive_regulation"/>
<theme idref="T26"/>
<cause idref="T28"/>
<clue>Although three sites in the TNF-alpha promoter (kappa 1, kappa 2, and kappa 3) specifically bind the transcription factor NF-kappa B in lymphoid nuclear extracts, TNF-alpha mRNA <clueType>induction</clueType> <linkCause>by</linkCause> PMA does not correlate with NF-kappa B binding activities displayed by different T and B cell lines.</clue>
</event>
<event KT="Analysis" LT="Propositional" Polarity="Negative" assertion="non-exist" id="E15">
<type class="Correlation"/>
<theme idref="E11"/>
<theme idref="E14"/>
<clue>Although three sites in the TNF-alpha promoter (kappa 1, kappa 2, and kappa 3) specifically bind the transcription factor NF-kappa B in lymphoid nuclear extracts, TNF-alpha mRNA induction by PMA does <cluePolarity>not</cluePolarity> <clueType><clueKT>correlate</clueKT></clueType> <linkTheme>with</linkTheme> <corefTheme>NF-kappa B binding activities</corefTheme> displayed by different <clueLoc>T</clueLoc> and B <clueLoc>cell lines</clueLoc>.</clue>
</event>
<event KT="Analysis" LT="Propositional" Polarity="Negative" assertion="non-exist" id="E115">
<type class="Correlation"/>
<theme idref="E11"/>
<theme idref="E14"/>
<clue>Although three sites in the TNF-alpha promoter (kappa 1, kappa 2, and kappa 3) specifically bind the transcription factor NF-kappa B in lymphoid nuclear extracts, TNF-alpha mRNA induction by PMA does <cluePolarity>not</cluePolarity> <clueType><clueKT>correlate</clueKT></clueType> <linkTheme>with</linkTheme> <corefTheme>NF-kappa B binding activities</corefTheme> displayed by different T and <clueLoc>B cell lines</clueLoc>.</clue>
</event>
<event KT="Analysis" LT="Propositional" Polarity="Negative" assertion="non-exist" id="E16">
<type class="Correlation"/>
<theme idref="E12"/>
<theme idref="E14"/>
<clue>Although three sites in the TNF-alpha promoter (kappa 1, kappa 2, and kappa 3) specifically bind the transcription factor NF-kappa B in lymphoid nuclear extracts, TNF-alpha mRNA induction by PMA does <cluePolarity>not</cluePolarity> <clueType><clueKT>correlate</clueKT></clueType> <linkTheme>with</linkTheme> <corefTheme>NF-kappa B binding activities</corefTheme> displayed by different <clueLoc>T</clueLoc> and B <clueLoc>cell lines</clueLoc>.</clue>
</event>
<event KT="Analysis" LT="Propositional" Polarity="Negative" assertion="non-exist" id="E116">
<type class="Correlation"/>
<theme idref="E12"/>
<theme idref="E14"/>
<clue>Although three sites in the TNF-alpha promoter (kappa 1, kappa 2, and kappa 3) specifically bind the transcription factor NF-kappa B in lymphoid nuclear extracts, TNF-alpha mRNA induction by PMA does <cluePolarity>not</cluePolarity> <clueType><clueKT>correlate</clueKT></clueType> <linkTheme>with</linkTheme> <corefTheme>NF-kappa B binding activities</corefTheme> displayed by different T and <clueLoc>B cell lines</clueLoc>.</clue>
</event>
<event KT="Analysis" LT="Propositional" Polarity="Negative" assertion="non-exist" id="E17">
<type class="Correlation"/>
<theme idref="E13"/>
<theme idref="E14"/>
<clue>Although three sites in the TNF-alpha promoter (kappa 1, kappa 2, and kappa 3) specifically bind the transcription factor NF-kappa B in lymphoid nuclear extracts, TNF-alpha mRNA induction by PMA does <cluePolarity>not</cluePolarity> <clueType><clueKT>correlate</clueKT></clueType> <linkTheme>with</linkTheme> <corefTheme>NF-kappa B binding activities</corefTheme> displayed by different <clueLoc>T</clueLoc> and B <clueLoc>cell lines</clueLoc>.</clue>
</event>
<event KT="Analysis" LT="Propositional" Polarity="Negative" assertion="non-exist" id="E117">
<type class="Correlation"/>
<theme idref="E13"/>
<theme idref="E14"/>
<clue>Although three sites in the TNF-alpha promoter (kappa 1, kappa 2, and kappa 3) specifically bind the transcription factor NF-kappa B in lymphoid nuclear extracts, TNF-alpha mRNA induction by PMA does <cluePolarity>not</cluePolarity> <clueType><clueKT>correlate</clueKT></clueType> <linkTheme>with</linkTheme> <corefTheme>NF-kappa B binding activities</corefTheme> displayed by different T and <clueLoc>B cell lines</clueLoc>.</clue>
</event>
<sentence id="S5">Moreover, <term id="T32" lex="kappa_1-kappa_3" sem="DNA_domain_or_region">kappa 1-kappa 3</term> can each be deleted from the <term id="T33" lex="TNF-alpha_promoter" sem="DNA_domain_or_region"><term id="T34" lex="TNF-alpha" sem="Protein_molecule"><term id="A9" sem="DNA_domain_or_region">TNF-alpha</term></term> promoter</term> with little effect on the gene&apos;s <term id="T35" lex="inducibility" sem="Other">inducibility</term> by <term id="T36" lex="PMA" sem="Organic_compound_other">PMA</term>.</sentence>
<event id="E18">
<type class="Positive_regulation"/>
<theme idref="A9"/>
<cause idref="T36"/>
<clue>Moreover, kappa 1-kappa 3 can each be deleted from the TNF-alpha promoter with little effect on <corefTheme>the gene&apos;s</corefTheme> <clueType>inducibility</clueType> <linkCause>by</linkCause> PMA.</clue>
</event>
<event KT="Method" LT="Propositional" id="E19">
<type class="Mutagenesis"/>
<theme idref="A6"/>
<clue>Moreover, <corefTheme>kappa 1-kappa 3</corefTheme> can each be <clueType>deleted</clueType> <clueLoc>from the TNF-alpha promoter</clueLoc> with little effect on the gene&apos;s inducibility by PMA.</clue>
<comment>ARTIFICIAL</comment></event>
<event KT="Method" LT="Propositional" id="E20">
<type class="Mutagenesis"/>
<theme idref="A7"/>
<clue>Moreover, <corefTheme>kappa 1-kappa 3</corefTheme> can each be <clueType>deleted</clueType> <clueLoc>from the TNF-alpha promoter</clueLoc> with little effect on the gene&apos;s inducibility by PMA.</clue>
<comment>ARTIFICIAL</comment></event>
<event KT="Method" LT="Propositional" id="E21">
<type class="Mutagenesis"/>
<theme idref="A8"/>
<clue>Moreover, <corefTheme>kappa 1-kappa 3</corefTheme> can each be <clueType>deleted</clueType> <clueLoc>from the TNF-alpha promoter</clueLoc> with little effect on the gene&apos;s inducibility by PMA.</clue>
<comment>ARTIFICIAL</comment></event>
<event LT="Propositional" Manner="Low" assertion="non-exist" id="E22">
<type class="Correlation"/>
<theme idref="E18"/>
<theme idref="E19"/>
<clue>Moreover, kappa 1-kappa 3 can each be deleted from the TNF-alpha promoter <linkTheme>with</linkTheme> <clueManner>little</clueManner> <clueType>effect</clueType> <linkTheme>on</linkTheme> the gene&apos;s inducibility by PMA.</clue>
</event>
<event LT="Propositional" Manner="Low" assertion="non-exist" id="E23">
<type class="Correlation"/>
<theme idref="E18"/>
<theme idref="E20"/>
<clue>Moreover, kappa 1-kappa 3 can each be deleted from the TNF-alpha promoter <linkTheme>with</linkTheme> <clueManner>little</clueManner> <clueType>effect</clueType> <linkTheme>on</linkTheme> the gene&apos;s inducibility by PMA.</clue>
</event>
<event LT="Propositional" Manner="Low" assertion="non-exist" id="E24">
<type class="Correlation"/>
<theme idref="E18"/>
<theme idref="E21"/>
<clue>Moreover, kappa 1-kappa 3 can each be deleted from the TNF-alpha promoter <linkTheme>with</linkTheme> <clueManner>little</clueManner> <clueType>effect</clueType> <linkTheme>on</linkTheme> the gene&apos;s inducibility by PMA.</clue>
</event>
<sentence id="S6">Therefore, <term id="T37" lex="TNF-alpha_mRNA" sem="RNA_molecule"><term id="T38" lex="TNF-alpha" sem="Protein_molecule">TNF-alpha</term> mRNA</term> induction by <term id="T39" lex="PMA" sem="Organic_compound_other">PMA</term>, like its induction by <term id="T40" lex="virus" sem="Virus">virus</term> and <term id="T41" lex="LPS" sem="Lipid">LPS</term>, is not primarily mediated by <term id="T42" lex="NF-kappa_B" sem="Protein_molecule">NF-kappa B</term>, but rather is mediated through <term id="A10" sem="DNA_domain_or_region"><term id="A11" sem="Protein_family_or_group">other</term> sequences</term> and <term id="T43" lex="protein_factor" sem="Protein_family_or_group">protein factors</term>.</sentence>
<event KT="Other" id="E25">
<type class="Positive_regulation"/>
<theme idref="T37"/>
<cause idref="T39"/>
<clue>Therefore, TNF-alpha mRNA <clueType>induction</clueType> <linkCause>by</linkCause> PMA, like its induction by virus and LPS, is not primarily mediated by NF-kappa B, but rather is mediated through other sequences and protein factors.</clue>
</event>
<event KT="Analysis" LT="Propositional" Manner="Low" assertion="non-exist" id="E26">
<type class="Positive_regulation"/>
<theme idref="E25"/>
<cause idref="T42"/>
<clue><clueKT>Therefore</clueKT>, TNF-alpha mRNA induction by PMA, like its induction by virus and LPS, is <clueManner>not primarily</clueManner> <clueType>mediated</clueType> <linkCause>by</linkCause> NF-kappa B, but rather is mediated through other sequences and protein factors.</clue>
</event>
<event KT="Analysis" LT="Propositional" id="E27">
<type class="Positive_regulation"/>
<theme idref="A10"/>
<cause idref="E25"/>
<clue><clueKT>Therefore</clueKT>, TNF-alpha mRNA induction by PMA, like its induction by virus and LPS, is not primarily mediated by NF-kappa B, but rather is <clueType>mediated</clueType> <linkCause>through</linkCause> other sequences and protein factors.</clue>
</event>
<event KT="Analysis" LT="Propositional" id="E28">
<type class="Positive_regulation"/>
<theme idref="A11" idref1="T43"/>
<cause idref="E25"/>
<clue><clueKT>Therefore</clueKT>, TNF-alpha mRNA induction by PMA, like its induction by virus and LPS, is not primarily mediated by NF-kappa B, but rather is <clueType>mediated</clueType> <linkCause>through</linkCause> other sequences and protein factors.</clue>
</event>
<event KT="Fact" id="E29">
<type class="Positive_regulation"/>
<theme idref="T37"/>
<cause idref="T40"/>
<clue>Therefore, TNF-alpha mRNA induction by PMA, like <corefTheme>its</corefTheme> <clueType>induction</clueType> <linkCause>by</linkCause> virus and LPS, is not primarily mediated by NF-kappa B, but rather is mediated through other sequences and protein factors.</clue>
</event>
<event KT="Fact" id="E30">
<type class="Positive_regulation"/>
<theme idref="T37"/>
<cause idref="T41"/>
<clue>Therefore, TNF-alpha mRNA induction by PMA, like <corefTheme>its</corefTheme> <clueType>induction</clueType> <linkCause>by</linkCause> virus and LPS, is not primarily mediated by NF-kappa B, but rather is mediated through other sequences and protein factors.</clue>
</event>
<event KT="Analysis" LT="Propositional" Manner="Low" assertion="non-exist" id="E31">
<type class="Positive_regulation"/>
<theme idref="E29"/>
<cause idref="T42"/>
<clue><clueKT>Therefore</clueKT>, TNF-alpha mRNA induction by PMA, like its induction by virus and LPS, is <clueManner>not primarily</clueManner> <clueType>mediated</clueType> <linkCause>by</linkCause> NF-kappa B, but rather is mediated through other sequences and protein factors.</clue>
</event>
<event KT="Analysis" LT="Propositional" Manner="Low" assertion="non-exist" id="E32">
<type class="Positive_regulation"/>
<theme idref="E30"/>
<cause idref="T42"/>
<clue><clueKT>Therefore</clueKT>, TNF-alpha mRNA induction by PMA, like its induction by virus and LPS, is <clueManner>not primarily</clueManner> <clueType>mediated</clueType> <linkCause>by</linkCause> NF-kappa B, but rather is mediated through other sequences and protein factors.</clue>
</event>
<event KT="Analysis" LT="Propositional" id="E33">
<type class="Positive_regulation"/>
<theme idref="A10"/>
<cause idref="E29"/>
<clue><clueKT>Therefore</clueKT>, TNF-alpha mRNA induction by PMA, like its induction by virus and LPS, is not primarily mediated by NF-kappa B, but rather is <clueType>mediated</clueType> <linkCause>through</linkCause> other sequences and protein factors.</clue>
</event>
<event KT="Analysis" LT="Propositional" id="E34">
<type class="Positive_regulation"/>
<theme idref="A11" idref1="T43"/>
<cause idref="E29"/>
<clue><clueKT>Therefore</clueKT>, TNF-alpha mRNA induction by PMA, like its induction by virus and LPS, is not primarily mediated by NF-kappa B, but rather is <clueType>mediated</clueType> <linkCause>through</linkCause> other sequences and protein factors.</clue>
</event>
<event KT="Analysis" LT="Propositional" id="E35">
<type class="Positive_regulation"/>
<theme idref="A10"/>
<cause idref="E30"/>
<clue><clueKT>Therefore</clueKT>, TNF-alpha mRNA induction by PMA, like its induction by virus and LPS, is not primarily mediated by NF-kappa B, but rather is <clueType>mediated</clueType> <linkCause>through</linkCause> other sequences and protein factors.</clue>
</event>
<event KT="Analysis" LT="Propositional" id="E36">
<type class="Positive_regulation"/>
<theme idref="A11" idref1="T43"/>
<cause idref="E30"/>
<clue><clueKT>Therefore</clueKT>, TNF-alpha mRNA induction by PMA, like its induction by virus and LPS, is not primarily mediated by NF-kappa B, but rather is <clueType>mediated</clueType> <linkCause>through</linkCause> other sequences and protein factors.</clue>
</event>
<sentence id="S7">Surprisingly, <term id="A12" sem="Protein_complex">multimers of kappa 1-kappa 3</term> can confer <term id="T44" lex="PMA" sem="Organic_compound_other">PMA</term> inducibility on a <term id="T45" lex="heterologous_promoter" sem="DNA_domain_or_region">heterologous promoter</term> in a <cons id="T46" lex="(BUT_NOT B_(Raji)_cell_line T_(HUT78)_cell_line)" sem="(BUT_NOT Cell_cultured Cell_cultured)"><frag id="F8">B (<term id="T47" lex="Raji" sem="Cell_cultured">Raji</term>)</frag>, but not a <frag id="F9">T (<term id="T48" lex="HUT78" sem="Cell_cultured">HUT78</term>)</frag> <frag id="F10">cell line</frag></cons>.</sentence>
<event id="E37">
<type class="Positive_regulation"/>
<theme idref="T45"/>
<cause idref="T44"/>
<clue>Surprisingly, multimers of kappa 1-kappa 3 can confer PMA <clueType>inducibility</clueType> <linkTheme>on</linkTheme> a heterologous promoter in a B (Raji), but not a T (HUT78) cell line.</clue>
</event>
<event CL="L2" KT="Analysis" LT="Propositional" id="E38">
<type class="Positive_regulation"/>
<theme idref="E37"/>
<cause idref="A12"/>
<clue>Surprisingly, multimers of kappa 1-kappa 3 <clueKT><clueCL>can</clueCL></clueKT> <clueType>confer</clueType> PMA inducibility on a heterologous promoter <clueLoc>in a B (Raji)</clueLoc>, but not a T (HUT78) <clueLoc>cell line</clueLoc>.</clue>
<comment>TPS: A12</comment></event>
<event LT="Propositional" Polarity="Negative" assertion="non-exist" id="E39">
<type class="Positive_regulation"/>
<theme idref="E37"/>
<cause idref="A12"/>
<clue>Surprisingly, multimers of kappa 1-kappa 3 can <clueType>confer</clueType> PMA inducibility on a heterologous promoter <clueLoc>in</clueLoc> a B (Raji), but <cluePolarity>not</cluePolarity> <clueLoc>a T (HUT78) cell line</clueLoc>.</clue>
</event>
<sentence id="S8">However they are not functional on a truncated <term id="T49" lex="TNF-alpha_promoter" sem="DNA_domain_or_region"><term id="T50" lex="TNF-alpha" sem="Protein_molecule">TNF-alpha</term> promoter</term>, indicating that <term id="T51" lex="promoter_context" sem="Other">promoter context</term> and <term id="A14" sem="Other">cell type specificity</term> influence the <term id="A13" sem="Other"><term id="T52" lex="PMA" sem="Organic_compound_other">PMA</term> inducible function of these <term id="T53" lex="NF-kappa_B_binding_site" sem="DNA_domain_or_region"><term id="T54" lex="NF-kappa_B" sem="Protein_molecule">NF-kappa B</term> binding sites</term></term>.</sentence>
<event KT="Analysis" LT="Propositional" id="E40">
<type class="Correlation"/>
<theme idref="A13"/>
<theme idref="T51"/>
<clue>However they are not functional on a truncated TNF-alpha promoter, <clueKT>indicating</clueKT> that promoter context and cell type specificity <clueType>influence</clueType> the PMA inducible function of these NF-kappa B binding sites.</clue>
<comment>TPS: A13</comment></event>
<event KT="Analysis" LT="Propositional" id="E41">
<type class="Correlation"/>
<theme idref="A13"/>
<theme idref="A14"/>
<clue>However they are not functional on a truncated TNF-alpha promoter, <clueKT>indicating</clueKT> that promoter context and cell type specificity <clueType>influence</clueType> the PMA inducible function of these NF-kappa B binding sites.</clue>
</event>
</AbstractText>
</Abstract></Article></MedlineCitation></PubmedArticle></PubmedArticleSet></Annotation>
