<?xml version='1.0'?><!DOCTYPE Annotation PUBLIC "//GENIA//DTD GENIA ANNOTATION EVENT 2.0//EN_Modified" "../ModifiedGENIAtypes/Modified_GENIA_event_20.dtd"><Annotation annotates="http://www.ncbi.nlm.nih.gov/entrez/eutils/efetch.fcgi?db=pubmed&amp;retmode=xml&amp;rettype=medline&amp;id=2112575" created="2006/11/01" creator="Yumiko Katsu"><PubmedArticleSet><PubmedArticle><MedlineCitation>
<PMID>2112575</PMID>
<Article>
<ArticleTitle>
<sentence id="S1">The expression of <term id="T1" lex="c-fos" sem="DNA_domain_or_region">c-fos</term>, <term id="T2" lex="c-jun" sem="DNA_domain_or_region">c-jun</term>, and <term id="T3" lex="c-myc_gene" sem="DNA_domain_or_region">c-myc genes</term> is regulated by <term id="T4" lex="heat_shock" sem="Other">heat shock</term> in <term id="T5" lex="human_lymphoid_cell" sem="Cell_natural">human lymphoid cells</term>.</sentence>
<event id="E1">
<type class="Gene_expression"/>
<theme idref="T1"/>
<clue>The <clueType>expression</clueType> <linkTheme>of</linkTheme> c-fos, c-jun, and c-myc genes is regulated by heat shock <clueLoc>in human lymphoid cells</clueLoc>.</clue>
</event>
<event id="E2">
<type class="Gene_expression"/>
<theme idref="T2"/>
<clue>The <clueType>expression</clueType> <linkTheme>of</linkTheme> c-fos, c-jun, and c-myc genes is regulated by heat shock <clueLoc>in human lymphoid cells</clueLoc>.</clue>
</event>
<event id="E3">
<type class="Gene_expression"/>
<theme idref="T3"/>
<clue>The <clueType>expression</clueType> <linkTheme>of</linkTheme> c-fos, c-jun, and c-myc genes is regulated by heat shock <clueLoc>in human lymphoid cells</clueLoc>.</clue>
</event>
<event id="E4">
<type class="Regulation"/>
<theme idref="E1"/>
<cause idref="T4"/>
<clue>The expression of c-fos, c-jun, and c-myc genes is <clueType>regulated</clueType> <linkCause>by</linkCause> heat shock <clueLoc>in human lymphoid cells</clueLoc>.</clue>
</event>
<event id="E5">
<type class="Regulation"/>
<theme idref="E2"/>
<cause idref="T4"/>
<clue>The expression of c-fos, c-jun, and c-myc genes is <clueType>regulated</clueType> <linkCause>by</linkCause> heat shock <clueLoc>in human lymphoid cells</clueLoc>.</clue>
</event>
<event id="E6">
<type class="Regulation"/>
<theme idref="E3"/>
<cause idref="T4"/>
<clue>The expression of c-fos, c-jun, and c-myc genes is <clueType>regulated</clueType> <linkCause>by</linkCause> heat shock <clueLoc>in human lymphoid cells</clueLoc>.</clue>
</event>
</ArticleTitle>
<Abstract>
<AbstractText>
<sentence id="S2">The effect of <term id="T6" lex="heat_shock" sem="Other">heat shock</term> on the expression of the <term id="T7" lex="nuclear_protooncogenes" sem="DNA_family_or_group">nuclear protooncogenes</term> <term id="T8" lex="c-fos" sem="DNA_domain_or_region">c-fos</term>, <term id="T9" lex="c-jun" sem="DNA_domain_or_region">c-jun</term>, and <term id="T10" lex="c-myc" sem="DNA_domain_or_region">c-myc</term> was studied in <term id="T11" lex="human_lymphoid_cell" sem="Cell_natural">human lymphoid cells</term>.</sentence>
<event KT="Other" id="E7">
<type class="Gene_expression"/>
<theme idref="T8"/>
<clue>The effect of heat shock on the <clueType>expression</clueType> <linkTheme>of</linkTheme> the nuclear protooncogenes c-fos, c-jun, and c-myc was studied <clueLoc>in human lymphoid cells</clueLoc>.</clue>
</event>
<event KT="Other" id="E8">
<type class="Gene_expression"/>
<theme idref="T9"/>
<clue>The effect of heat shock on the <clueType>expression</clueType> <linkTheme>of</linkTheme> the nuclear protooncogenes c-fos, c-jun, and c-myc was studied <clueLoc>in human lymphoid cells</clueLoc>.</clue>
</event>
<event KT="Other" id="E9">
<type class="Gene_expression"/>
<theme idref="T10"/>
<clue>The effect of heat shock on the <clueType>expression</clueType> <linkTheme>of</linkTheme> the nuclear protooncogenes c-fos, c-jun, and c-myc was studied <clueLoc>in human lymphoid cells</clueLoc>.</clue>
</event>
<event KT="Investigation" id="E10" uncertainty="doubtful">
<type class="Regulation"/>
<theme idref="E7"/>
<cause idref="T6"/>
<clue>The <clueType>effect</clueType> <linkCause>of</linkCause> heat shock <linkTheme>on</linkTheme> the expression of the nuclear protooncogenes c-fos, c-jun, and c-myc was <clueKT>studied</clueKT> <clueLoc>in human lymphoid cells</clueLoc>.</clue>
</event>
<event KT="Investigation" id="E11" uncertainty="doubtful">
<type class="Regulation"/>
<theme idref="E8"/>
<cause idref="T6"/>
<clue>The <clueType>effect</clueType> <linkCause>of</linkCause> heat shock <linkTheme>on</linkTheme> the expression of the nuclear protooncogenes c-fos, c-jun, and c-myc was <clueKT>studied</clueKT> <clueLoc>in human lymphoid cells</clueLoc>.</clue>
</event>
<event KT="Investigation" id="E12" uncertainty="doubtful">
<type class="Regulation"/>
<theme idref="E9"/>
<cause idref="T6"/>
<clue>The <clueType>effect</clueType> <linkCause>of</linkCause> heat shock <linkTheme>on</linkTheme> the expression of the nuclear protooncogenes c-fos, c-jun, and c-myc was <clueKT>studied</clueKT> <clueLoc>in human lymphoid cells</clueLoc>.</clue>
</event>
<sentence id="S3"><term id="A1" lex="heat_shock" sem="Other">Heat shock</term> caused an increase in <cons id="C1" lex="(AND c-fos_mRNA c-jun_mRNA)" sem="(AND RNA_molecule RNA_molecule)"><frag id="F1">c-fos</frag> and <frag id="F2">c-jun</frag> <frag id="F3">mRNA</frag></cons> levels and a decrease in <term id="T15" lex="c-myc_mRNA" sem="RNA_molecule"><term id="T16" lex="c-myc" sem="DNA_domain_or_region">c-myc</term> mRNA</term> levels in <cons id="T17" lex="(AND pre-B_(Hyon)_cell_line T_(DND-41)_cell_line)" sem="(AND Cell_cultured Cell_cultured)"><frag id="F4">pre-B (Hyon)</frag> and <frag id="F5">T (DND-41)</frag> <frag id="F6">cell lines</frag></cons> as well as in freshly isolated normal human thymocytes.</sentence>
<event id="E16">
<type class="Transcription"/>
<theme idref="F1" idref1="F3"/>
<clue>Heat shock caused an increase in c-fos and c-jun mRNA <clueType>levels</clueType> and a decrease in c-myc mRNA levels in pre-B (Hyon) and T (DND-41) cell lines as well as in freshly isolated normal human thymocytes.</clue>
</event>
<event id="E13">
<type class="Positive_regulation"/>
<theme idref="E16"/>
<cause idref="A1"/>
<clue>Heat shock caused an <clueType>increase</clueType> <linkTheme>in</linkTheme> c-fos and c-jun mRNA levels and a decrease in c-myc mRNA levels <clueLoc>in pre-B (Hyon)</clueLoc> and T (DND-41) <clueLoc>cell lines</clueLoc> as well as in freshly isolated normal human thymocytes.</clue>
</event>
<event id="E130">
<type class="Positive_regulation"/>
<theme idref="E16"/>
<cause idref="A1"/>
<clue>Heat shock caused an <clueType>increase</clueType> <linkTheme>in</linkTheme> c-fos and c-jun mRNA levels and a decrease in c-myc mRNA levels <clueLoc>in</clueLoc> pre-B (Hyon) and <clueLoc>T (DND-41) cell lines</clueLoc> as well as in freshly isolated normal human thymocytes.</clue>
</event>
<event id="E131">
<type class="Positive_regulation"/>
<theme idref="E16"/>
<cause idref="A1"/>
<clue>Heat shock caused an <clueType>increase</clueType> <linkTheme>in</linkTheme> c-fos and c-jun mRNA levels and a decrease in c-myc mRNA levels in pre-B (Hyon) and T (DND-41) cell lines as well as <clueLoc>in freshly isolated normal human thymocytes</clueLoc>.</clue>
</event>
<event id="E37">
<type class="Transcription"/>
<theme idref="F2" idref1="F3"/>
<clue>Heat shock caused an increase in c-fos and c-jun mRNA levels and a decrease in c-myc mRNA levels in pre-B (Hyon) and T (DND-41) cell lines as well as in freshly isolated normal human thymocytes.</clue>
</event>
<event id="E14">
<type class="Positive_regulation"/>
<theme idref="E37"/>
<cause idref="A1"/>
<clue>Heat shock caused an <clueType>increase</clueType> <linkTheme>in</linkTheme> c-fos and c-jun mRNA levels and a decrease in c-myc mRNA levels <clueLoc>in pre-B (Hyon)</clueLoc> and T (DND-41) <clueLoc>cell lines</clueLoc> as well as in freshly isolated normal human thymocytes.</clue>
</event>
<event id="E140">
<type class="Positive_regulation"/>
<theme idref="E37"/>
<cause idref="A1"/>
<clue>Heat shock caused an <clueType>increase</clueType> <linkTheme>in</linkTheme> c-fos and c-jun mRNA levels and a decrease in c-myc mRNA levels <clueLoc>in</clueLoc> pre-B (Hyon) and <clueLoc>T (DND-41) cell lines</clueLoc> as well as in freshly isolated normal human thymocytes.</clue>
</event>
<event id="E141">
<type class="Positive_regulation"/>
<theme idref="E37"/>
<cause idref="A1"/>
<clue>Heat shock caused an <clueType>increase</clueType> <linkTheme>in</linkTheme> c-fos and c-jun mRNA levels and a decrease in c-myc mRNA levels in pre-B (Hyon) and T (DND-41) cell lines as well as <clueLoc>in freshly isolated normal human thymocytes</clueLoc>.</clue>
</event>
<event id="E41">
<type class="Transcription"/>
<theme idref="T15"/>
<clue>Heat shock caused an increase in c-fos and c-jun mRNA levels and a decrease in c-myc mRNA <clueType>levels</clueType> in pre-B (Hyon) and T (DND-41) cell lines as well as in freshly isolated normal human thymocytes.</clue>
</event>
<event id="E15">
<type class="Negative_regulation"/>
<theme idref="E41"/>
<cause idref="A1"/>
<clue>Heat shock caused an increase in c-fos and c-jun mRNA levels and a <clueType>decrease</clueType> <linkTheme>in</linkTheme> c-myc mRNA levels <clueLoc>in pre-B (Hyon)</clueLoc> and T (DND-41) <clueLoc>cell lines</clueLoc> as well as in freshly isolated normal human thymocytes.</clue>
</event>
<event id="E150">
<type class="Negative_regulation"/>
<theme idref="E41"/>
<cause idref="A1"/>
<clue>Heat shock caused an increase in c-fos and c-jun mRNA levels and a <clueType>decrease</clueType> <linkTheme>in</linkTheme> c-myc mRNA levels <clueLoc>in</clueLoc> pre-B (Hyon) and <clueLoc>T (DND-41) cell lines</clueLoc> as well as in freshly isolated normal human thymocytes.</clue>
</event>
<event id="E151">
<type class="Negative_regulation"/>
<theme idref="E41"/>
<cause idref="A1"/>
<clue>Heat shock caused an increase in c-fos and c-jun mRNA levels and a <clueType>decrease</clueType> <linkTheme>in</linkTheme> c-myc mRNA levels in pre-B (Hyon) and T (DND-41) cell lines as well as <clueLoc>in freshly isolated normal human thymocytes</clueLoc>.</clue>
</event>
<sentence id="S4">The changes in the <term id="T12" lex="mRNA" sem="RNA_molecule">mRNA</term> levels of these <term id="T19" lex="protooncogene" sem="DNA_family_or_group">protooncogenes</term> in <term id="T20" lex="Hyon_cell" sem="Cell_cultured">Hyon cells</term> were most pronounced at 42 and 43 degrees C; kinetic analysis demonstrated that the changes could be detected within 30 min of <term id="T21" lex="heat_shock" sem="Other">heat shock</term>.</sentence>
<event KT="Analysis" id="E19">
<type class="Regulation"/>
<theme idref="E16"/>
<clue>The <clueType>changes</clueType> <linkTheme>in</linkTheme> <corefTheme>the mRNA levels of these protooncogenes</corefTheme> <clueLoc>in Hyon cells</clueLoc> were most <clueKT>pronounced</clueKT> at 42 and 43 degrees C; kinetic analysis demonstrated that the changes could be detected within 30 min of heat shock.</clue>
<comment>TPS A5</comment></event>
<event KT="Analysis" id="E20">
<type class="Regulation"/>
<theme idref="E37"/>
<clue>The <clueType>changes</clueType> <linkTheme>in</linkTheme> <corefTheme>the mRNA levels of these protooncogenes</corefTheme> <clueLoc>in Hyon cells</clueLoc> were most <clueKT>pronounced</clueKT> at 42 and 43 degrees C; kinetic analysis demonstrated that the changes could be detected within 30 min of heat shock.</clue>
</event>
<event KT="Analysis" id="E21">
<type class="Regulation"/>
<theme idref="E41"/>
<clue>The <clueType>changes</clueType> <linkTheme>in</linkTheme> <corefTheme>the mRNA levels of these protooncogenes</corefTheme> <clueLoc>in Hyon cells</clueLoc> were most <clueKT>pronounced</clueKT> at 42 and 43 degrees C; kinetic analysis demonstrated that the changes could be detected within 30 min of heat shock.</clue>
</event>
<event KT="Analysis" id="E34">
<type class="Positive_regulation"/>
<theme idref="E19"/>
<cause idref="T21"/>
<clue>The changes in the mRNA levels of these protooncogenes in Hyon cells were most pronounced at 42 and 43 degrees C; <clueExperiment>kinetic analysis</clueExperiment> <clueKT>demonstrated</clueKT> that the <corefTheme>changes</corefTheme> could be <clueType>detected</clueType> <clueTime>within 30 min of heat shock</clueTime>.</clue>
</event>
<event KT="Analysis" id="E35">
<type class="Positive_regulation"/>
<theme idref="E20"/>
<cause idref="T21"/>
<clue>The changes in the mRNA levels of these protooncogenes in Hyon cells were most pronounced at 42 and 43 degrees C; <clueExperiment>kinetic analysis</clueExperiment> <clueKT>demonstrated</clueKT> that the <corefTheme>changes</corefTheme> could be <clueType>detected</clueType> <clueTime>within 30 min of heat shock</clueTime>.</clue>
</event>
<event KT="Analysis" id="E36">
<type class="Positive_regulation"/>
<theme idref="E21"/>
<cause idref="T21"/>
<clue>The changes in the mRNA levels of these protooncogenes in Hyon cells were most pronounced at 42 and 43 degrees C; <clueExperiment>kinetic analysis</clueExperiment> <clueKT>demonstrated</clueKT> that the <corefTheme>changes</corefTheme> could be <clueType>detected</clueType> <clueTime>within 30 min of heat shock</clueTime>.</clue>
</event>
<sentence id="S5">Altered transcription of <term id="T22" lex="c-fos" sem="DNA_domain_or_region">c-fos</term> and <term id="T23" lex="c-myc_gene" sem="DNA_domain_or_region"><term id="T24" lex="c-myc" sem="DNA_domain_or_region">c-myc</term> genes</term> was the primary effect of <term id="T25" lex="heat_shock" sem="Other">heat shock</term>.</sentence>
<event id="E22">
<type class="Transcription"/>
<theme idref="T22"/>
<clue>Altered <clueType>transcription</clueType> <linkTheme>of</linkTheme> c-fos and c-myc genes was the primary effect of heat shock.</clue>
</event>
<event id="E23">
<type class="Transcription"/>
<theme idref="T24"/>
<clue>Altered <clueType>transcription</clueType> <linkTheme>of</linkTheme> c-fos and c-myc genes was the primary effect of heat shock.</clue>
</event>
<event id="E24">
<type class="Regulation"/>
<theme idref="E22"/>
<cause idref="T25"/>
<clue><clueType>Altered</clueType> transcription of c-fos and c-myc genes was the primary <linkCause>effect of</linkCause> heat shock.</clue>
</event>
<event id="E25">
<type class="Regulation"/>
<theme idref="E23"/>
<cause idref="T25"/>
<clue><clueType>Altered</clueType> transcription of c-fos and c-myc genes was the primary <linkCause>effect of</linkCause> heat shock.</clue>
</event>
<sentence id="S6">Secondarily, <term id="T26" lex="heat_shock" sem="Other">heat shock</term> of <term id="T27" lex="Hyon_cell" sem="Cell_cultured">Hyon cells</term> stabilized the <term id="T29" lex="c-myc_mRNA" sem="RNA_molecule"><term id="T30" lex="c-myc" sem="DNA_domain_or_region">c-myc</term> mRNA</term> level by increasing its <term id="T31" lex="half-life" sem="Other">half-life</term> from 24 to 45 min.</sentence>
<event id="E260">
<type class="Positive_regulation"/>
<theme idref="T29"/>
<cause idref="T26"/>
<clue>Secondarily, heat shock <clueLoc>of Hyon cells</clueLoc> stabilized the c-myc mRNA level by <clueType>increasing</clueType> <corefTheme>its</corefTheme> <clueType>half-life</clueType> <clueTime>from 24 to 45 min</clueTime>.</clue>
</event>
<sentence id="S7">The overall effect of <term id="T32" lex="heat_shock" sem="Other">heat shock</term> on <term id="T34" lex="c-myc_mRNA" sem="RNA_molecule"><term id="T35" lex="c-myc" sem="DNA_domain_or_region">c-myc</term> mRNA</term> level, however, was a marked inhibition of its <term id="T36" lex="transcription" sem="Other">transcription</term>.</sentence>
<event id="E17">
<type class="Transcription"/>
<theme idref="T34"/>
<clue>The overall effect of heat shock on c-myc mRNA <clueType>level</clueType>, however, was a marked inhibition of its transcription.</clue>
</event>
<event id="E28">
<type class="Regulation"/>
<theme idref="E17"/>
<cause idref="T32"/>
<clue>The overall <clueType>effect</clueType> <linkCause>of</linkCause> heat shock <linkTheme>on</linkTheme> c-myc mRNA level, however, was a marked inhibition of its transcription.</clue>
</event>
<event KT="Other" id="E29">
<type class="Transcription"/>
<theme idref="T34"/>
<clue>The overall effect of heat shock on c-myc mRNA level, however, was a marked inhibition of <corefTheme>its</corefTheme> <clueType>transcription</clueType>.</clue>
</event>
<event Manner="High" id="E30">
<type class="Negative_regulation"/>
<theme idref="E29"/>
<cause idref="T32"/>
<clue>The overall effect of heat shock on c-myc mRNA level, however, was a <clueManner>marked</clueManner> <clueType>inhibition</clueType> <linkTheme>of</linkTheme> its transcription.</clue>
</event>
<sentence id="S8">These results demonstrate that the <term id="T37" lex="transcription" sem="Other">transcription</term> of <term id="T38" lex="nuclear_protooncogene" sem="DNA_domain_or_region">nuclear <term id="T39" lex="protooncogene" sem="DNA_family_or_group">protooncogenes</term></term> is regulated by <term id="T40" lex="heat_shock" sem="Other">heat shock</term> indicating a role for <term id="T41" lex="nuclear_protooncogene" sem="DNA_family_or_group">nuclear <term id="T42" lex="protooncogene" sem="DNA_family_or_group">protooncogenes</term></term> in the <term id="A6" lex="stress" sem="Other">stress</term> response of <term id="T43" lex="lymphoid_cell" sem="Cell_natural">lymphoid cells</term>.</sentence>
<event KT="Other" id="E31">
<type class="Transcription"/>
<theme idref="T39"/>
<clue>These results demonstrate that the <clueType>transcription</clueType> <linkTheme>of</linkTheme> nuclear protooncogenes is regulated by heat shock indicating a role for nuclear protooncogenes in the stress response of lymphoid cells.</clue>
</event>
<event KT="Analysis" id="E32">
<type class="Regulation"/>
<theme idref="E31"/>
<cause idref="T40"/>
<clue>These results <clueKT>demonstrate</clueKT> that the transcription of nuclear protooncogenes is <clueType>regulated</clueType> <linkCause>by</linkCause> heat shock indicating a role for nuclear protooncogenes in the stress response of lymphoid cells.</clue>
</event>
<event CL="L2" KT="Analysis" id="E33">
<type class="Regulation"/>
<theme idref="E38"/>
<cause idref="T42"/>
<clue>These results demonstrate that the transcription of nuclear protooncogenes is regulated by heat shock <clueKT><clueCL>indicating</clueCL></clueKT> a <clueType>role</clueType> <linkCause>for</linkCause> nuclear protooncogenes <linkTheme>in</linkTheme> the stress response of lymphoid cells.</clue>
</event>
<event KT="Other" id="E38">
<type class="Physiological_process"/>
<theme idref="T43"/>
<cause idref="A6"/>
<clue>These results demonstrate that the transcription of nuclear protooncogenes is regulated by heat shock indicating a role for nuclear protooncogenes in the stress <clueType>response</clueType> <linkTheme>of</linkTheme> lymphoid cells.</clue>
</event>
</AbstractText>
</Abstract></Article></MedlineCitation></PubmedArticle></PubmedArticleSet></Annotation>
