<?xml version='1.0'?><!DOCTYPE Annotation PUBLIC "//GENIA//DTD GENIA ANNOTATION EVENT 2.0//EN_Modified" "../ModifiedGENIAtypes/Modified_GENIA_event_20.dtd"><Annotation annotates="http://www.ncbi.nlm.nih.gov/entrez/eutils/efetch.fcgi?db=pubmed&amp;retmode=xml&amp;rettype=medline&amp;id=2121746" created="10/01/2007" creator="Noriko Katsu"><PubmedArticleSet><PubmedArticle><MedlineCitation>
<PMID>2121746</PMID>
<Article>
<ArticleTitle>
<sentence id="S1"><term id="A1" sem="Other">Adherence</term>-dependent increase in <term id="T1" lex="human_monocyte_PDGF(B)_mRNA" sem="RNA_molecule">human <term id="A3" sem="Cell_natural">monocyte</term> <term id="A2" sem="RNA_molecule">PDGF(B) mRNA</term></term> is associated with increases in <cons id="T2" lex="(AND c-fos_mRNA c-jun_mRNA EGR2_mRNA)" sem="(AND RNA_molecule RNA_molecule RNA_molecule)"><frag id="F1"><term id="A4" sem="RNA_molecule">c-fos</term></frag>, <frag id="F2"><term id="A5" sem="RNA_molecule">c-jun</term></frag>, and <frag id="F3"><term id="A6" sem="RNA_molecule">EGR2</term></frag> <frag id="F4"><term id="A7" sem="RNA_molecule">mRNA</term></frag></cons>.</sentence>
<event KT="Other" id="E1">
<type class="Positive_regulation"/>
<theme idref="A2"/>
<cause idref="E4"/>
<clue>Adherence<linkCause>-dependent</linkCause> <clueType>increase</clueType> <linkTheme>in</linkTheme> <clueLoc>human monocyte</clueLoc> PDGF(B) mRNA is associated with increases in c-fos, c-jun, and EGR2 mRNA.</clue>
</event>
<event KT="Analysis" id="E2">
<type class="Correlation"/>
<theme idref="E1"/>
<theme idref="E3"/>
<clue>Adherence-dependent increase in human monocyte PDGF(B) mRNA is <clueType><clueKT>associated</clueKT></clueType> <linkTheme>with</linkTheme> increases in c-fos, c-jun, and EGR2 mRNA.</clue>
</event>
<event KT="Analysis" id="E7">
<type class="Correlation"/>
<theme idref="E1"/>
<theme idref="E5"/>
<clue>Adherence-dependent increase in human monocyte PDGF(B) mRNA is <clueType><clueKT>associated</clueKT></clueType> <linkTheme>with</linkTheme> increases in c-fos, c-jun, and EGR2 mRNA.</clue>
</event>
<event KT="Analysis" id="E8">
<type class="Correlation"/>
<theme idref="E1"/>
<theme idref="E6"/>
<clue>Adherence-dependent increase in human monocyte PDGF(B) mRNA is <clueType><clueKT>associated</clueKT></clueType> <linkTheme>with</linkTheme> increases in c-fos, c-jun, and EGR2 mRNA.</clue>
</event>
<event KT="Other" id="E3">
<type class="Positive_regulation"/>
<theme idref="A4" idref1="A22"/>
<clue>Adherence-dependent increase in human monocyte PDGF(B) mRNA is associated with <clueType>increases</clueType> <linkTheme>in</linkTheme> c-fos, c-jun, and EGR2 mRNA.</clue>
</event>
<event KT="Other" id="E5">
<type class="Positive_regulation"/>
<theme idref="A4" idref1="A22"/>
<clue>Adherence-dependent increase in human monocyte PDGF(B) mRNA is associated with <clueType>increases</clueType> <linkTheme>in</linkTheme> c-fos, c-jun, and EGR2 mRNA.</clue>
</event>
<event KT="Other" id="E6">
<type class="Positive_regulation"/>
<theme idref="A4" idref1="A22"/>
<clue>Adherence-dependent increase in human monocyte PDGF(B) mRNA is associated with <clueType>increases</clueType> <linkTheme>in</linkTheme> c-fos, c-jun, and EGR2 mRNA.</clue>
</event>
<event KT="Other" id="E4">
<type class="Cell_adhesion"/>
<theme idref="A3"/>
<clue><clueType>Adherence</clueType>-dependent increase in human monocyte PDGF(B) mRNA is associated with increases in c-fos, c-jun, and EGR2 mRNA.</clue>
</event>
</ArticleTitle>
<Abstract>
<AbstractText>
<sentence id="S2">Adherence is an important initial step in the transition of a <term id="T3" lex="circulating_monocyte" sem="Cell_natural">circulating monocyte</term> to a <term id="T4" lex="tissue_macrophage" sem="Cell_natural">tissue macrophage</term>.</sentence>
<event KT="Other" id="E9">
<type class="Cell_adhesion"/>
<theme idref="T3"/>
<clue><clueType>Adherence</clueType> is an important initial step in the transition of a circulating monocyte to a tissue macrophage.</clue>
</event>
<event KT="Fact" id="E10">
<type class="Positive_regulation"/>
<theme idref="E11"/>
<cause idref="E9"/>
<clue>Adherence is an important <clueType>initial step</clueType> <linkTheme>in</linkTheme> the transition of a circulating monocyte to a tissue macrophage.</clue>
</event>
<event KT="Other" id="E11">
<type class="Cell_differentiation"/>
<theme idref="T3"/>
<theme idref="T4"/>
<clue>Adherence is an important initial step in the <clueType>transition</clueType> <linkTheme>of</linkTheme> a circulating monocyte to a tissue macrophage.</clue>
</event>
<sentence id="S3">This differentiation is accompanied by an augmented capacity to generate <term id="T5" lex="growth_factor" sem="Protein_family_or_group">growth factors</term>.</sentence>
<event KT="Fact" id="E12">
<type class="Correlation"/>
<theme idref="E11"/>
<theme idref="E13"/>
<clue><corefTheme>This differentiation</corefTheme> is <clueType>accompanied</clueType> <linkTheme>by</linkTheme> an augmented capacity to generate growth factors.</clue>
</event>
<event CL="L2" KT="Analysis" id="E13">
<type class="Positive_regulation"/>
<theme idref="E14"/>
<clue>This differentiation is accompanied by an <clueType>augmented</clueType> <clueKT><clueCL>capacity</clueCL></clueKT> <linkTheme>to</linkTheme> generate growth factors.</clue>
</event>
<event KT="Other" id="E14">
<type class="Positive_regulation"/>
<theme idref="T5"/>
<clue>This differentiation is accompanied by an augmented capacity to <clueType>generate</clueType> growth factors.</clue>
</event>
<sentence id="S4">We hypothesized that adherence itself might be an important trigger for a sequence of <term id="T6" lex="gene_activation" sem="Other">gene activation</term> culminating in cells with increased <term id="A40" sem="RNA_family_or_group"><term id="A22" sem="RNA_molecule">mRNA</term> encoding</term> profibrotic <term id="T8" lex="growth_factor" sem="Protein_family_or_group">growth factors</term> such as <term id="T9" lex="platelet-derived_growth_factor_B_subunit" sem="Protein_molecule">platelet-derived growth factor B subunit</term> (<term id="A8" sem="RNA_molecule"><term id="T10" lex="PDGF[B]" sem="Protein_molecule">PDGF[B]</term></term>) and <term id="T11" lex="transforming_growth_factor-beta" sem="Protein_molecule">transforming growth factor-beta</term> (<term id="A9" sem="RNA_molecule"><term id="T12" lex="TGF-beta" sem="Protein_molecule">TGF-beta</term></term>).</sentence>
<event CL="L1" KT="Analysis" id="E15" uncertainty="doubtful">
<type class="Positive_regulation"/>
<theme idref="T6"/>
<cause idref="E9"/>
<clue>We <clueKT>hypothesized</clueKT> that <corefCause>adherence</corefCause> itself <clueCL>might</clueCL> be an important <clueType>trigger</clueType> <linkTheme>for</linkTheme> a sequence of gene activation culminating in cells with increased mRNA encoding profibrotic growth factors such as platelet-derived growth factor B subunit (PDGF[B]) and transforming growth factor-beta (TGF-beta).</clue>
</event>
<event KT="Other" id="E16">
<type class="Positive_regulation"/>
<theme idref="E17"/>
<cause idref="T6"/>
<clue>We hypothesized that adherence itself might be an important trigger for a sequence of gene activation <clueType>culminating</clueType> <linkTheme>in</linkTheme> cells with increased mRNA encoding profibrotic growth factors such as platelet-derived growth factor B subunit (PDGF[B]) and transforming growth factor-beta (TGF-beta).</clue>
</event>
<event KT="Other" id="E19">
<type class="Positive_regulation"/>
<theme idref="E18"/>
<cause idref="T6"/>
<clue>We hypothesized that adherence itself might be an important trigger for a sequence of gene activation <clueType>culminating</clueType> <linkTheme>in</linkTheme> cells with increased mRNA encoding profibrotic growth factors such as platelet-derived growth factor B subunit (PDGF[B]) and transforming growth factor-beta (TGF-beta).</clue>
</event>
<event KT="Other" id="E17">
<type class="Positive_regulation"/>
<theme idref="A40" idref1="A8"/>
<clue>We hypothesized that adherence itself might be an important trigger for a sequence of gene activation culminating in <clueLoc>cells</clueLoc> with <clueType>increased</clueType> mRNA encoding <corefTheme>profibrotic growth factors</corefTheme> such as platelet-derived growth factor B subunit (PDGF[B]) and transforming growth factor-beta (TGF-beta).</clue>
<comment>TPS: A40</comment></event>
<event KT="Other" id="E18">
<type class="Positive_regulation"/>
<theme idref="A40" idref1="A9"/>
<clue>We hypothesized that adherence itself might be an important trigger for a sequence of gene activation culminating in <clueLoc>cells</clueLoc> with <clueType>increased</clueType> mRNA encoding <corefTheme>profibrotic growth factors</corefTheme> such as platelet-derived growth factor B subunit (PDGF[B]) and transforming growth factor-beta (TGF-beta).</clue>
<comment>TPS: A40</comment></event>
<sentence id="S5">After in vitro adherence, human <term id="A10" sem="Cell_natural">monocytes</term> had a biphasic increase in <term id="T13" lex="PDGF(B)_mRNA" sem="RNA_molecule"><term id="T14" lex="PDGF(B)" sem="Protein_molecule">PDGF(B)</term> mRNA</term> with peaks at 6 h and 13 d.</sentence>
<event id="E20">
<type class="Cell_adhesion"/>
<theme idref="A10"/>
<clue>After in vitro <clueType>adherence</clueType>, human monocytes had a biphasic increase in PDGF(B) mRNA with peaks at 6 h and 13 d.</clue>
</event>
<event id="E21">
<type class="Positive_regulation"/>
<theme idref="T13"/>
<cause idref="E20"/>
<clue><linkCause>After</linkCause> in vitro adherence, human <clueLoc>monocytes</clueLoc> had a biphasic <clueType>increase</clueType> <linkTheme>in</linkTheme> PDGF(B) mRNA with peaks <clueTime>at 6 h and 13 d</clueTime>.</clue>
</event>
<sentence id="S6">No increase in <term id="T15" lex="TGF-beta_mRNA" sem="RNA_molecule"><term id="T16" lex="TGF-beta" sem="Protein_molecule">TGF-beta</term> mRNA</term> was observed.</sentence>
<event Polarity="Negative" assertion="non-exist" id="E22">
<type class="Positive_regulation"/>
<theme idref="T15"/>
<cause idref="E20"/>
<clue><cluePolarity>No</cluePolarity> <clueType>increase</clueType> <linkTheme>in</linkTheme> TGF-beta mRNA was <clueKT>observed</clueKT>.</clue>
<comment>NO COREFCAUSE</comment></event>
<sentence id="S7">The 6-h increase in <term id="T17" lex="PDGF(B)_mRNA" sem="RNA_molecule"><term id="T18" lex="PDGF(B)" sem="Protein_molecule">PDGF(B)</term> mRNA</term> was adherence dependent, and in addition, was abrogated when the <term id="T19" lex="cytoskeletal_integrity" sem="Other">cytoskeletal integrity</term> was compromised by <term id="T20" lex="cytochalasin_D" sem="Organic_compound_other">cytochalasin D</term>.</sentence>
<event id="E23">
<type class="Positive_regulation"/>
<theme idref="T17"/>
<clue>The <clueTime>6-h</clueTime> <clueType>increase</clueType> <linkTheme>in</linkTheme> PDGF(B) mRNA was adherence dependent, and in addition, was abrogated when the cytoskeletal integrity was compromised by cytochalasin D.</clue>
</event>
<event id="E24">
<type class="Regulation"/>
<theme idref="E23"/>
<cause idref="E20"/>
<clue>The 6-h increase in PDGF(B) mRNA was <corefCause>adherence</corefCause> <clueType>dependent</clueType>, and in addition, was abrogated when the cytoskeletal integrity was compromised by cytochalasin D.</clue>
</event>
<event id="E25">
<type class="Negative_regulation"/>
<theme idref="E23"/>
<cause idref="E26"/>
<clue>The 6-h increase in PDGF(B) mRNA was adherence dependent, and in addition, was <clueType>abrogated</clueType> <linkCause>when</linkCause> the cytoskeletal integrity was compromised by cytochalasin D.</clue>
</event>
<event id="E26">
<type class="Negative_regulation"/>
<theme idref="T19"/>
<cause idref="T20"/>
<clue>The 6-h increase in PDGF(B) mRNA was adherence dependent, and in addition, was abrogated when the cytoskeletal integrity was <clueType>compromised</clueType> <linkCause>by</linkCause> cytochalasin D.</clue>
</event>
<sentence id="S8">The 6-h increase in <term id="T21" lex="PDGF(B)_mRNA" sem="RNA_molecule"><term id="T22" lex="PDGF(B)" sem="Protein_molecule">PDGF(B)</term> mRNA</term> was unaltered by <term id="A13" sem="Other">adherence</term> in the presence of the <term id="T23" lex="monocyte_stimulus_lipopolysaccharide" sem="Lipid">monocyte stimulus lipopolysaccharide</term>.</sentence>
<event id="E27">
<type class="Positive_regulation"/>
<theme idref="T21"/>
<clue>The 6-h <clueType>increase</clueType> <linkTheme>in</linkTheme> PDGF(B) mRNA was unaltered by adherence in the presence of the monocyte stimulus lipopolysaccharide.</clue>
</event>
<event Polarity="Negative" assertion="non-exist" id="E28">
<type class="Regulation"/>
<theme idref="E27"/>
<cause idref="A13"/>
<clue>The 6-h increase in PDGF(B) mRNA was <clueType><cluePolarity>unaltered</cluePolarity></clueType> <linkCause>by</linkCause> adherence in the presence of the monocyte stimulus lipopolysaccharide.</clue>
</event>
<event id="E29">
<type class="Positive_regulation"/>
<theme idref="E28"/>
<cause idref="T23"/>
<clue>The 6-h increase in PDGF(B) mRNA was unaltered by adherence <linkCause>in the presence of</linkCause> the monocyte stimulus lipopolysaccharide.</clue>
<comment>NO CLUETYPE</comment></event>
<sentence id="S9">Adherence to either <term id="A15" sem="Multicellular_organism_genetically_modified">fibronectin</term> or <term id="A16" sem="Multicellular_organism_genetically_modified">collagen</term><term id="A17" sem="Multicellular_organism_genetically_modified">-coated plastic</term> had little consistent effect on <term id="T24" lex="PDGF(B)_mRNA_accumulation" sem="Other"><term id="T25" lex="PDGF(B)_mRNA" sem="RNA_molecule"><term id="T26" lex="PDGF(B)" sem="Protein_molecule">PDGF(B)</term> mRNA</term> accumulation</term>.</sentence>
<event id="E30">
<type class="Cell_adhesion"/>
<theme idref="A10"/>
<theme idref="A15" idref1="A17"/>
<clue><clueType>Adherence</clueType> <linkTheme>to</linkTheme> either fibronectin or collagen-coated plastic had little consistent effect on PDGF(B) mRNA accumulation.</clue>
</event>
<event id="E31">
<type class="Cell_adhesion"/>
<theme idref="A10"/>
<theme idref="A16" idref1="A17"/>
<clue><clueType>Adherence</clueType> <linkTheme>to</linkTheme> either fibronectin or collagen-coated plastic had little consistent effect on PDGF(B) mRNA accumulation.</clue>
</event>
<event id="E32">
<type class="Positive_regulation"/>
<theme idref="T25"/>
<clue>Adherence to either fibronectin or collagen-coated plastic had little consistent effect on PDGF(B) mRNA <clueType>accumulation</clueType>.</clue>
</event>
<event Manner="Low" assertion="non-exist" id="E33">
<type class="Regulation"/>
<theme idref="E32"/>
<cause idref="E30"/>
<clue>Adherence to either fibronectin or collagen-coated plastic had <clueManner>little</clueManner> consistent <clueType>effect</clueType> <linkTheme>on</linkTheme> PDGF(B) mRNA accumulation.</clue>
</event>
<event Manner="Low" assertion="non-exist" id="E34">
<type class="Regulation"/>
<theme idref="E32"/>
<cause idref="E31"/>
<clue>Adherence to either fibronectin or collagen-coated plastic had <clueManner>little</clueManner> consistent <clueType>effect</clueType> <linkTheme>on</linkTheme> PDGF(B) mRNA accumulation.</clue>
</event>
<sentence id="S10">The increased <term id="T27" lex="PDGF(B)_mRNA" sem="RNA_molecule"><term id="T28" lex="PDGF(B)" sem="Protein_molecule">PDGF(B)</term> mRNA</term> observed in <term id="T29" lex="adherent_monocyte" sem="Cell_natural">adherent <term id="A14" sem="Cell_natural">monocytes</term></term> was accompanied by increases in <term id="T30" lex="mRNA" sem="RNA_family_or_group"><term id="A21" sem="RNA_molecule">mRNA</term>s</term> of the <term id="T31" lex="early_growth_response_gene" sem="DNA_domain_or_region">early growth response genes</term> <term id="A18" sem="RNA_molecule"><term id="T32" lex="c-fos" sem="DNA_domain_or_region">c-fos</term></term> (maximal at 20 min), <term id="A19" sem="RNA_molecule">c-jun</term>, and <term id="A20" sem="RNA_molecule">EGR2</term> (maximal at 6-24 h).</sentence>
<event id="E35">
<type class="Positive_regulation"/>
<theme idref="T27"/>
<clue>The <clueType>increased</clueType> PDGF(B) mRNA <clueKT>observed</clueKT> <clueLoc>in adherent monocytes</clueLoc> was accompanied by increases in mRNAs of the early growth response genes c-fos (maximal at 20 min), c-jun, and EGR2 (maximal at 6-24 h).</clue>
</event>
<event id="E36">
<type class="Cell_adhesion"/>
<theme idref="A14"/>
<clue>The increased PDGF(B) mRNA observed in <clueType>adherent</clueType> monocytes was accompanied by increases in mRNAs of the early growth response genes c-fos (maximal at 20 min), c-jun, and EGR2 (maximal at 6-24 h).</clue>
</event>
<event id="E37">
<type class="Correlation"/>
<theme idref="E35"/>
<theme idref="E38"/>
<clue>The increased PDGF(B) mRNA observed in adherent monocytes was <clueType>accompanied</clueType> <linkTheme>by</linkTheme> increases in mRNAs of the early growth response genes c-fos (maximal at 20 min), c-jun, and EGR2 (maximal at 6-24 h).</clue>
</event>
<event id="E41">
<type class="Correlation"/>
<theme idref="E35"/>
<theme idref="E39"/>
<clue>The increased PDGF(B) mRNA observed in adherent monocytes was <clueType>accompanied</clueType> <linkTheme>by</linkTheme> increases in mRNAs of the early growth response genes c-fos (maximal at 20 min), c-jun, and EGR2 (maximal at 6-24 h).</clue>
</event>
<event id="E42">
<type class="Correlation"/>
<theme idref="E35"/>
<theme idref="E40"/>
<clue>The increased PDGF(B) mRNA observed in adherent monocytes was <clueType>accompanied</clueType> <linkTheme>by</linkTheme> increases in mRNAs of the early growth response genes c-fos (maximal at 20 min), c-jun, and EGR2 (maximal at 6-24 h).</clue>
</event>
<event Manner="High" id="E38">
<type class="Positive_regulation"/>
<theme idref="A21" idref1="A18"/>
<clue>The increased PDGF(B) mRNA observed in adherent monocytes was accompanied by <clueType>increases</clueType> <linkTheme>in</linkTheme> mRNAs of the <corefTheme>early growth response genes</corefTheme> c-fos (<clueManner>maximal</clueManner> at 20 min), c-jun, and EGR2 (maximal at 6-24 h).</clue>
</event>
<event id="E39">
<type class="Positive_regulation"/>
<theme idref="A21" idref1="A19"/>
<clue>The increased PDGF(B) mRNA observed in adherent monocytes was accompanied by <clueType>increases</clueType> <linkTheme>in</linkTheme> mRNAs of the <corefTheme>early growth response genes</corefTheme> c-fos (maximal at 20 min), c-jun, and EGR2 (maximal at 6-24 h).</clue>
</event>
<event Manner="High" id="E40">
<type class="Positive_regulation"/>
<theme idref="A21" idref1="A20"/>
<clue>The increased PDGF(B) mRNA observed in adherent monocytes was accompanied by <clueType>increases</clueType> <linkTheme>in</linkTheme> mRNAs of the <corefTheme>early growth response genes</corefTheme> c-fos (maximal at 20 min), c-jun, and EGR2 (<clueManner>maximal</clueManner> at 6-24 h).</clue>
</event>
<sentence id="S11">The increase in <term id="A23" sem="RNA_molecule">c-jun</term> and <term id="A24" sem="RNA_molecule">EGR2</term>, but not <term id="A25" sem="RNA_molecule"><term id="T33" lex="c-fos" sem="DNA_domain_or_region">c-fos</term></term>, <term id="A26" sem="RNA_molecule">mRNA</term> was also abrogated by <term id="T34" lex="cytochalasin_D" sem="Organic_compound_other">cytochalasin D</term>.</sentence>
<event KT="Other" id="E43">
<type class="Positive_regulation"/>
<theme idref="A23" idref1="A26"/>
<clue>The <clueType>increase</clueType> <linkTheme>in</linkTheme> c-jun and EGR2, but not c-fos, mRNA was also abrogated by cytochalasin D.</clue>
</event>
<event KT="Other" id="E44">
<type class="Positive_regulation"/>
<theme idref="A24" idref1="A26"/>
<clue>The <clueType>increase</clueType> <linkTheme>in</linkTheme> c-jun and EGR2, but not c-fos, mRNA was also abrogated by cytochalasin D.</clue>
</event>
<event id="E45">
<type class="Positive_regulation"/>
<theme idref="A25" idref1="A26"/>
<clue>The <clueType>increase</clueType> <linkTheme>in</linkTheme> c-jun and EGR2, but not c-fos, mRNA was also abrogated by cytochalasin D.</clue>
</event>
<event id="E46">
<type class="Negative_regulation"/>
<theme idref="E43"/>
<cause idref="T34"/>
<clue>The increase in c-jun and EGR2, but not c-fos, mRNA was also <clueType>abrogated</clueType> <linkCause>by</linkCause> cytochalasin D.</clue>
</event>
<event id="E47">
<type class="Negative_regulation"/>
<theme idref="E44"/>
<cause idref="T34"/>
<clue>The increase in c-jun and EGR2, but not c-fos, mRNA was also <clueType>abrogated</clueType> <linkCause>by</linkCause> cytochalasin D.</clue>
</event>
<event Polarity="Negative" assertion="non-exist" id="E48">
<type class="Negative_regulation"/>
<theme idref="E45"/>
<cause idref="T34"/>
<clue>The increase in c-jun and EGR2, but <cluePolarity>not</cluePolarity> c-fos, mRNA was also <clueType>abrogated</clueType> <linkCause>by</linkCause> cytochalasin D.</clue>
</event>
<sentence id="S12">These observations suggest that adherence results in increases of <cons id="T35" lex="(AND c-fos_mRNA c-jun_mRNA EGR2_mRNA PDGF(B)_mRNA)" sem="(AND RNA_molecule RNA_molecule RNA_molecule RNA_molecule)"><frag id="F5"><term id="A27" sem="RNA_molecule">c-fos</term></frag>, <frag id="F6"><term id="A28" sem="RNA_molecule">c-jun</term></frag>, <frag id="F7"><term id="A29" sem="RNA_molecule">EGR2</term></frag>, and <frag id="F8"><term id="A30" sem="RNA_molecule">PDGF(B)</term></frag> <frag id="F9"><term id="A31" sem="RNA_molecule">mRNA</term></frag></cons>.</sentence>
<event id="E49">
<type class="Cell_adhesion"/>
<theme idref="A10"/>
<clue>These observations suggest that <clueType>adherence</clueType> results in increases of c-fos, c-jun, EGR2, and PDGF(B) mRNA.</clue>
<comment>NO COREFTHEME</comment></event>
<event CL="L2" KT="Analysis" id="E50" uncertainty="probable">
<type class="Positive_regulation"/>
<theme idref="A27" idref1="A31"/>
<cause idref="E49"/>
<clue>These observations <clueKT><clueCL>suggest</clueCL></clueKT> that adherence <clueType>results in increases</clueType> <linkTheme>of</linkTheme> c-fos, c-jun, EGR2, and PDGF(B) mRNA.</clue>
</event>
<event CL="L2" KT="Analysis" id="E51" uncertainty="probable">
<type class="Positive_regulation"/>
<theme idref="A28" idref1="A31"/>
<cause idref="E49"/>
<clue>These observations <clueKT><clueCL>suggest</clueCL></clueKT> that adherence <clueType>results in increases</clueType> <linkTheme>of</linkTheme> c-fos, c-jun, EGR2, and PDGF(B) mRNA.</clue>
</event>
<event CL="L2" KT="Analysis" id="E52" uncertainty="probable">
<type class="Positive_regulation"/>
<theme idref="A29" idref1="A31"/>
<cause idref="E49"/>
<clue>These observations <clueKT><clueCL>suggest</clueCL></clueKT> that adherence <clueType>results in increases</clueType> <linkTheme>of</linkTheme> c-fos, c-jun, EGR2, and PDGF(B) mRNA.</clue>
</event>
<event CL="L2" KT="Analysis" id="E53" uncertainty="probable">
<type class="Positive_regulation"/>
<theme idref="A30" idref1="A31"/>
<cause idref="E49"/>
<clue>These observations <clueKT><clueCL>suggest</clueCL></clueKT> that adherence <clueType>results in increases</clueType> <linkTheme>of</linkTheme> c-fos, c-jun, EGR2, and PDGF(B) mRNA.</clue>
</event>
<sentence id="S13">In addition, the increases in <term id="T36" lex="c-jun" sem="DNA_domain_or_region">c-jun</term>, <term id="T37" lex="EGR2" sem="DNA_domain_or_region">EGR2</term>, and <term id="T38" lex="PDGF(B)" sem="Protein_molecule">PDGF(B)</term> may depend on <term id="T39" lex="cytoskeletal_rearrangement" sem="Other">cytoskeletal rearrangement</term>.</sentence>
<event KT="Other" id="E54">
<type class="Positive_regulation"/>
<theme idref="T36"/>
<clue>In addition, the <clueType>increases</clueType> <linkTheme>in</linkTheme> c-jun, EGR2, and PDGF(B) may depend on cytoskeletal rearrangement.</clue>
</event>
<event KT="Other" id="E56">
<type class="Positive_regulation"/>
<theme idref="T37"/>
<clue>In addition, the <clueType>increases</clueType> <linkTheme>in</linkTheme> c-jun, EGR2, and PDGF(B) may depend on cytoskeletal rearrangement.</clue>
</event>
<event KT="Other" id="E57">
<type class="Positive_regulation"/>
<theme idref="T38"/>
<clue>In addition, the <clueType>increases</clueType> <linkTheme>in</linkTheme> c-jun, EGR2, and PDGF(B) may depend on cytoskeletal rearrangement.</clue>
</event>
<event CL="L1" KT="Analysis" id="E55" uncertainty="probable">
<type class="Regulation"/>
<theme idref="E54"/>
<cause idref="T39"/>
<clue>In addition, the increases in c-jun, EGR2, and PDGF(B) <clueKT><clueCL>may</clueCL></clueKT> <clueType>depend</clueType> <linkCause>on</linkCause> cytoskeletal rearrangement.</clue>
</event>
<event CL="L1" KT="Analysis" id="E58" uncertainty="probable">
<type class="Regulation"/>
<theme idref="E56"/>
<cause idref="T39"/>
<clue>In addition, the increases in c-jun, EGR2, and PDGF(B) <clueKT><clueCL>may</clueCL></clueKT> <clueType>depend</clueType> <linkCause>on</linkCause> cytoskeletal rearrangement.</clue>
</event>
<event CL="L1" KT="Analysis" id="E59" uncertainty="probable">
<type class="Regulation"/>
<theme idref="E57"/>
<cause idref="T39"/>
<clue>In addition, the increases in c-jun, EGR2, and PDGF(B) <clueKT><clueCL>may</clueCL></clueKT> <clueType>depend</clueType> <linkCause>on</linkCause> cytoskeletal rearrangement.</clue>
</event>
<sentence id="S14">Modulation of these events at the time of adherence offers a mechanism by which differential priming of the cells may be accomplished.</sentence>
<event id="E60" uncertainty="doubtful">
<type class="Regulation"/>
<theme idref="E54"/>
<clue><clueType>Modulation</clueType> <linkTheme>of</linkTheme> <corefTheme>these events</corefTheme> <clueTime>at the time of adherence</clueTime> offers a mechanism by which differential priming of the cells may be accomplished.</clue>
</event>
<event id="E64">
<type class="Regulation"/>
<theme idref="E56"/>
<clue><clueType>Modulation</clueType> <linkTheme>of</linkTheme> <corefTheme>these events</corefTheme> <clueTime>at the time of adherence</clueTime> offers a mechanism by which differential priming of the cells may be accomplished.</clue>
</event>
<event id="E65">
<type class="Regulation"/>
<theme idref="E57"/>
<clue><clueType>Modulation</clueType> <linkTheme>of</linkTheme> <corefTheme>these events</corefTheme> <clueTime>at the time of adherence</clueTime> offers a mechanism by which differential priming of the cells may be accomplished.</clue>
</event>
<event CL="L1" KT="Analysis" id="E61" uncertainty="doubtful">
<type class="Positive_regulation"/>
<theme idref="E62"/>
<cause idref="E60"/>
<clue>Modulation of these events at the time of adherence offers a mechanism <linkCause>by</linkCause> which differential priming of the cells <clueKT><clueCL>may</clueCL></clueKT> be <clueType>accomplished</clueType>.</clue>
</event>
<event CL="L1" KT="Analysis" id="E67">
<type class="Positive_regulation"/>
<theme idref="E62"/>
<cause idref="E64"/>
<clue>Modulation of these events at the time of adherence offers a mechanism <linkCause>by</linkCause> which differential priming of the cells <clueKT><clueCL>may</clueCL></clueKT> be <clueType>accomplished</clueType>.</clue>
</event>
<event CL="L1" KT="Analysis" id="E68">
<type class="Positive_regulation"/>
<theme idref="E62"/>
<cause idref="E65"/>
<clue>Modulation of these events at the time of adherence offers a mechanism <linkCause>by</linkCause> which differential priming of the cells <clueKT><clueCL>may</clueCL></clueKT> be <clueType>accomplished</clueType>.</clue>
</event>
<event KT="Other" id="E62">
<type class="Physiological_process"/>
<theme idref="A10"/>
<clue>Modulation of these events at the time of adherence offers a mechanism by which differential <clueType>priming</clueType> <linkTheme>of</linkTheme> <corefTheme>the cells</corefTheme> may be accomplished.</clue>
</event>
<event id="E63">
<type class="Cell_adhesion"/>
<theme idref="A10"/>
<clue>Modulation of these events at the time of <clueType>adherence</clueType> offers a mechanism by which differential priming of the cells may be accomplished.</clue>
<comment>NO COREFTHEME</comment></event>
</AbstractText>
</Abstract></Article></MedlineCitation></PubmedArticle></PubmedArticleSet></Annotation>
