<?xml version='1.0'?><!DOCTYPE Annotation PUBLIC "//GENIA//DTD GENIA ANNOTATION EVENT 2.0//EN_Modified" "../ModifiedGENIAtypes/Modified_GENIA_event_20.dtd"><Annotation annotates="http://www.ncbi.nlm.nih.gov/entrez/eutils/efetch.fcgi?db=pubmed&amp;retmode=xml&amp;rettype=medline&amp;id=2123468" created="06/11/03" creator="Yumiko Katsu"><PubmedArticleSet><PubmedArticle><MedlineCitation>
<PMID>2123468</PMID>
<Article>
<ArticleTitle>
<sentence id="S1">Single cell assay of a <term id="T1" lex="transcription_factor" sem="Protein_family_or_group">transcription factor</term> reveals a threshold in <term id="T2" lex="transcription" sem="Other">transcription</term> activated by signals emanating from the <term id="T3" lex="T-cell_antigen_receptor" sem="Protein_family_or_group">T-cell antigen receptor</term>.</sentence>
<event KT="Other" id="E1">
<type class="Positive_regulation"/>
<theme idref="T2"/>
<cause idref="E1"/>
<clue><clueExperiment>Single cell assay of a transcription factor</clueExperiment> reveals a threshold in transcription <clueType>activated</clueType> <linkCause>by</linkCause> signals emanating from the T-cell antigen receptor.</clue>
</event>
<event KT="Other" id="E100">
<type class="Cell_communication"/>
<theme idref="T3"/>
<clue><clueExperiment>Single cell assay of a transcription factor</clueExperiment> reveals a threshold in transcription activated by <clueType>signals emanating</clueType> <linkTheme>from</linkTheme> the T-cell antigen receptor.</clue>
</event>
</ArticleTitle>
<Abstract>
<AbstractText>
<sentence id="S2">Stimulation of <term id="T4" lex="T_lymphocyte" sem="Cell_natural">T lymphocytes</term> through their <term id="T5" lex="antigen_receptor" sem="Protein_family_or_group">antigen receptor</term> leads to the appearance of several <term id="T6" lex="transcription_factor" sem="Protein_family_or_group">transcription factors</term>, including <term id="T7" lex="NF-AT" sem="Protein_molecule">NF-AT</term> and <term id="T8" lex="NF-kappa_B" sem="Protein_molecule">NF-kappa B</term>, which are involved in regulating <term id="A3" sem="DNA_family_or_group">genes</term> required for <term id="A2" sem="Other">immunologic activation</term>.</sentence>
<event KT="Other" id="E2">
<type class="Positive_regulation"/>
<theme idref="A2"/>
<cause idref="A3"/>
<clue>Stimulation of T lymphocytes through their antigen receptor leads to the appearance of several transcription factors, including NF-AT and NF-kappa B, which are involved in regulating genes <clueType>required</clueType> <linkTheme>for</linkTheme> immunologic activation.</clue>
</event>
<event KT="Other" id="E3">
<type class="Regulation"/>
<theme idref="E8"/>
<cause idref="T7"/>
<clue>Stimulation of T lymphocytes through their antigen receptor leads to the appearance of several <corefCause>transcription factors</corefCause>, including NF-AT and NF-kappa B, which are <clueType>involved</clueType> <linkTheme>in</linkTheme> regulating genes required for immunologic activation.</clue>
</event>
<event KT="Other" id="E4">
<type class="Regulation"/>
<theme idref="E8"/>
<cause idref="T8"/>
<clue>Stimulation of T lymphocytes through their antigen receptor leads to the appearance of several <corefCause>transcription factors</corefCause>, including NF-AT and NF-kappa B, which are <clueType>involved</clueType> <linkTheme>in</linkTheme> regulating genes required for immunologic activation.</clue>
</event>
<event KT="Other" id="E5">
<type class="Gene_expression"/>
<theme idref="T7"/>
<clue>Stimulation of T lymphocytes through their antigen receptor leads to the <clueType>appearance</clueType> <linkTheme>of</linkTheme> <corefTheme>several transcription factors</corefTheme>, including NF-AT and NF-kappa B, which are involved in regulating genes required for immunologic activation.</clue>
</event>
<event KT="Other" id="E6">
<type class="Gene_expression"/>
<theme idref="T8"/>
<clue>Stimulation of T lymphocytes through their antigen receptor leads to the <clueType>appearance</clueType> <linkTheme>of</linkTheme> <corefTheme>several transcription factors</corefTheme>, including NF-AT and NF-kappa B, which are involved in regulating genes required for immunologic activation.</clue>
</event>
<event KT="Other" id="E7">
<type class="Physiological_process"/>
<theme idref="T4"/>
<clue><clueType>Stimulation</clueType> <linkTheme>of</linkTheme> T lymphocytes through their antigen receptor leads to the appearance of several transcription factors, including NF-AT and NF-kappa B, which are involved in regulating genes required for immunologic activation.</clue>
</event>
<event KT="Other" id="E70">
<type class="Physiological_process"/>
<theme idref="E7"/>
<cause idref="T5"/>
<clue>Stimulation of T lymphocytes <linkCause>through</linkCause> their antigen receptor leads to the appearance of several transcription factors, including NF-AT and NF-kappa B, which are involved in regulating genes required for immunologic activation.</clue>
<comment>NO CLUETYPE</comment></event>
<event KT="Other" id="E8">
<type class="Regulation"/>
<theme idref="A3"/>
<clue>Stimulation of T lymphocytes through their antigen receptor leads to the appearance of several transcription factors, including NF-AT and NF-kappa B, which are involved in <clueType>regulating</clueType> genes required for immunologic activation.</clue>
</event>
<event KT="Fact" id="E9">
<type class="Positive_regulation"/>
<theme idref="E5"/>
<cause idref="E7"/>
<clue>Stimulation of T lymphocytes through their antigen receptor <clueType>leads</clueType> <linkTheme>to</linkTheme> the appearance of several transcription factors, including NF-AT and NF-kappa B, which are involved in regulating genes required for immunologic activation.</clue>
</event>
<event KT="Fact" id="E10">
<type class="Positive_regulation"/>
<theme idref="E6"/>
<cause idref="E7"/>
<clue>Stimulation of T lymphocytes through their antigen receptor <clueType>leads</clueType> <linkTheme>to</linkTheme> the appearance of several transcription factors, including NF-AT and NF-kappa B, which are involved in regulating genes required for immunologic activation.</clue>
</event>
<sentence id="S3">To investigate the activity of a single <term id="T9" lex="transcription_factor" sem="Protein_family_or_group">transcription factor</term> in <term id="T10" lex="individual_viable_cell" sem="Cell_natural">individual viable cells</term>, we have applied an assay that uses the fluorescence-activated cell sorter to quantitate <term id="T11" lex="beta-galactosidase" sem="Protein_molecule">beta-galactosidase</term> (<term id="T12" lex="beta-gal" sem="Protein_molecule">beta-gal</term>).</sentence>
<event KT="Investigation" id="E11" uncertainty="doubtful">
<type class="Positive_regulation"/>
<theme idref="T9"/>
<clue><clueKT>To investigate</clueKT> the <clueType>activity</clueType> <linkTheme>of</linkTheme> a single transcription factor <clueLoc>in individual viable cells</clueLoc>, we have applied an assay that uses the <clueExperiment>fluorescence-activated cell sorter to quantitate beta-galactosidase (beta-gal)</clueExperiment>.</clue>
</event>
<sentence id="S4">We have analyzed the distribution of <term id="T13" lex="NF-AT_transcriptional_activity" sem="Other"><term id="T14" lex="NF-AT" sem="Protein_molecule">NF-AT</term> transcriptional activity</term> among <term id="T15" lex="T_cell" sem="Cell_natural">T cells</term> undergoing activation by using a construct in which three <term id="A101" sem="DNA_domain_or_region">tandem copies of the <term id="T16" lex="NF-AT-binding_site" sem="DNA_domain_or_region"><term id="T17" lex="NF-AT" sem="Protein_molecule">NF-AT</term>-binding site</term></term> directs <term id="T18" lex="transcription" sem="Other">transcription</term> of the <term id="T19" lex="lacZ_gene" sem="DNA_domain_or_region">lacZ gene</term>.</sentence>
<event KT="Investigation" id="E12" uncertainty="doubtful">
<type class="Positive_regulation"/>
<cause idref="T14"/>
<clue>We have <clueKT>analyzed</clueKT> the distribution of NF-AT <clueType>transcriptional activity</clueType> <clueLoc>among T cells</clueLoc> undergoing activation <clueExperiment>by using a construct in which three tandem copies of the NF-AT-binding site directs transcription of the lacZ gene</clueExperiment>.</clue>
<comment>NO THEME</comment></event>
<event KT="Other" id="E13">
<type class="Physiological_process"/>
<theme idref="T15"/>
<clue>We have analyzed the distribution of NF-AT transcriptional activity among T cells undergoing <clueType>activation</clueType> by using a construct in which three tandem copies of the NF-AT-binding site directs transcription of the lacZ gene.</clue>
</event>
<event id="E15">
<type class="Transcription"/>
<theme idref="T19"/>
<clue>We have analyzed the distribution of NF-AT transcriptional activity among T cells undergoing activation by using a construct in which three tandem copies of the NF-AT-binding site directs <clueType>transcription</clueType> <linkTheme>of</linkTheme> the lacZ gene.</clue>
</event>
<event id="E16">
<type class="Regulation"/>
<theme idref="E15"/>
<cause idref="A101"/>
<clue>We have analyzed the distribution of NF-AT transcriptional activity among T cells undergoing activation by using a construct in which three tandem copies of the NF-AT-binding site <clueType>directs</clueType> transcription of the lacZ gene.</clue>
</event>
<sentence id="S5">Unexpectedly, stimulation of <term id="T20" lex="cloned_stably_transfected_Jurkat_T_cell" sem="Cell_cultured">cloned stably transfected Jurkat T cells</term> leads to a bimodal pattern of <term id="A4" sem="Protein_molecule">beta-gal</term> expression in which some cells express no <term id="T22" lex="beta-gal" sem="Protein_molecule">beta-gal</term> and others express high levels.</sentence>
<event id="E17">
<type class="Physiological_process"/>
<theme idref="T20"/>
<clue>Unexpectedly, <clueType>stimulation</clueType> <linkTheme>of</linkTheme> cloned stably transfected Jurkat T cells leads to a bimodal pattern of beta-gal expression in which some cells express no beta-gal and others express high levels.</clue>
<comment>NER: T21 del &quot;T cells&quot;</comment></event>
<event id="E18">
<type class="Gene_expression"/>
<theme idref="A4"/>
<clue>Unexpectedly, stimulation of cloned stably transfected Jurkat T cells leads to a bimodal pattern of beta-gal <clueType>expression</clueType> in which some cells express no beta-gal and others express high levels.</clue>
</event>
<event id="E19">
<type class="Positive_regulation"/>
<theme idref="E20"/>
<cause idref="E17"/>
<clue>Unexpectedly, stimulation of cloned stably transfected Jurkat T cells <clueType>leads</clueType> <linkTheme>to</linkTheme> a bimodal pattern of beta-gal expression in which some cells express no beta-gal and others express high levels.</clue>
</event>
<event id="E190">
<type class="Positive_regulation"/>
<theme idref="E21"/>
<cause idref="E17"/>
<clue>Unexpectedly, stimulation of cloned stably transfected Jurkat T cells <clueType>leads</clueType> <linkTheme>to</linkTheme> a bimodal pattern of beta-gal expression in which some cells express no beta-gal and others express high levels.</clue>
</event>
<event Polarity="Negative" assertion="non-exist" id="E20">
<type class="Gene_expression"/>
<theme idref="T22"/>
<clue>Unexpectedly, stimulation of <clueLoc>cloned stably transfected Jurkat T cells</clueLoc> leads to a bimodal pattern of beta-gal expression in which <clueLoc>some cells</clueLoc> <clueType>express</clueType> <cluePolarity>no</cluePolarity> beta-gal and others express high levels.</clue>
</event>
<event id="E21">
<type class="Gene_expression"/>
<theme idref="T22"/>
<clue>Unexpectedly, stimulation of <clueLoc>cloned stably transfected Jurkat T cells</clueLoc> leads to a bimodal pattern of beta-gal expression in which some cells express no beta-gal and <clueLoc>others</clueLoc> <clueType>express</clueType> high levels.</clue>
</event>
<event Manner="High" id="E210">
<type class="Positive_regulation"/>
<theme idref="E21"/>
<clue>Unexpectedly, stimulation of <clueLoc>cloned stably transfected Jurkat T cells</clueLoc> leads to a bimodal pattern of beta-gal expression in which some cells express no beta-gal and <clueLoc>others</clueLoc> express <clueType><clueManner>high levels</clueManner></clueType>.</clue>
</event>
<sentence id="S6">This expression pattern cannot be accounted for by <term id="A5" sem="Other">cell-cycle position</term> or <term id="A6" sem="Cell_cultured">heritable variation</term>.</sentence>
<event CL="L2" KT="Analysis" Polarity="Negative" assertion="non-exist" id="E22">
<type class="Regulation"/>
<theme idref="E18"/>
<cause idref="A5"/>
<clue><corefTheme>This expression pattern</corefTheme> <clueCL>can</clueCL><cluePolarity>not</cluePolarity> be <clueType><clueKT>accounted</clueKT></clueType> <linkTheme>for</linkTheme> <linkCause>by</linkCause> cell-cycle position or heritable variation.</clue>
</event>
<event CL="L2" KT="Analysis" Polarity="Negative" assertion="non-exist" id="E23">
<type class="Regulation"/>
<theme idref="E18"/>
<cause idref="A6"/>
<clue><corefTheme>This expression pattern</corefTheme> <clueCL>can</clueCL><cluePolarity>not</cluePolarity> be <clueType><clueKT>accounted</clueKT></clueType> <linkTheme>for</linkTheme> <linkCause>by</linkCause> cell-cycle position or heritable variation.</clue>
</event>
<sentence id="S7">Further results, in which <term id="T23" lex="beta-gal_activity" sem="Other"><term id="T24" lex="beta-gal" sem="Protein_molecule">beta-gal</term> activity</term> is correlated with <term id="T25" lex="NF-AT-binding_activity" sem="Other"><term id="T26" lex="NF-AT" sem="Protein_molecule">NF-AT</term>-binding activity</term>, indicate that the concentration of <term id="T27" lex="NF-AT" sem="Protein_molecule">NF-AT</term> must exceed a critical threshold before <term id="T28" lex="transcription" sem="Other">transcription</term> initiates.</sentence>
<event CL="L2" KT="Analysis" id="E14">
<type class="Positive_regulation"/>
<theme idref="E26"/>
<cause idref="T27"/>
<clue>Further results, in which beta-gal activity is correlated with NF-AT-binding activity, <clueKT><clueCL>indicate</clueCL></clueKT> that the concentration of NF-AT must <clueType>exceed a critical threshold</clueType> <linkTheme>before</linkTheme> transcription initiates.</clue>
</event>
<event KT="Other" id="E24">
<type class="Binding"/>
<theme idref="T26"/>
<clue>Further results, in which beta-gal activity is correlated with NF-AT-<clueType>binding</clueType> activity, indicate that the concentration of NF-AT must exceed a critical threshold before transcription initiates.</clue>
</event>
<event KT="Analysis" id="E25">
<type class="Correlation"/>
<theme idref="T24"/>
<theme idref="E24"/>
<clue>Further results, in which beta-gal activity is <clueType><clueKT>correlated</clueKT></clueType> <linkTheme>with</linkTheme> NF-AT-binding activity, indicate that the concentration of NF-AT must exceed a critical threshold before transcription initiates.</clue>
</event>
<event KT="Other" id="E26">
<type class="Positive_regulation"/>
<theme idref="T28"/>
<clue>Further results, in which beta-gal activity is correlated with NF-AT-binding activity, indicate that the concentration of NF-AT must exceed a critical threshold before transcription <clueType>initiates</clueType>.</clue>
</event>
<sentence id="S8">This threshold likely reflects the <term id="T29" lex="NF-AT_concentration-dependent_assembly" sem="Other"><term id="A7" sem="Other"><term id="T30" lex="NF-AT" sem="Protein_molecule">NF-AT</term> concentration</term>-dependent assembly</term> of <term id="T31" lex="transcription_complex" sem="Protein_complex">transcription complexes</term> at the <term id="T32" lex="promoter" sem="DNA_domain_or_region">promoter</term>.</sentence>
<event KT="Other" id="E27">
<type class="Binding"/>
<theme idref="T31"/>
<theme idref="T32"/>
<clue>This threshold likely reflects the NF-AT concentration-dependent <clueType>assembly</clueType> <linkTheme>of</linkTheme> transcription complexes <linkTheme>at</linkTheme> the promoter.</clue>
</event>
<event CL="L2" KT="Analysis" id="E28">
<type class="Positive_regulation"/>
<theme idref="E27"/>
<cause idref="A7"/>
<clue>This threshold <clueCL>likely</clueCL> <clueKT>reflects</clueKT> the NF-AT concentration-<clueType>dependent</clueType> assembly of transcription complexes at the promoter.</clue>
</event>
<sentence id="S9">Similar <term id="A8" sem="DNA_domain_or_region">constructs</term> controlled by <term id="T33" lex="NF-kappa_B" sem="Protein_molecule">NF-kappa B</term> or the entire <term id="T34" lex="interleukin-2_enhancer" sem="DNA_domain_or_region">interleukin-2 enhancer</term> show <term id="T35" lex="bimodal_expression_pattern" sem="Other">bimodal expression patterns</term> during induction, suggesting that thresholds set by the concentration of <term id="T36" lex="transcription_factor" sem="Protein_family_or_group">transcription factors</term> may be a common property of <term id="T37" lex="inducible_gene" sem="DNA_family_or_group">inducible <term id="A9" sem="DNA_family_or_group">genes</term></term>.</sentence>
<event id="E29">
<type class="Regulation"/>
<theme idref="A8"/>
<cause idref="T33"/>
<clue>Similar constructs <clueType>controlled</clueType> <linkCause>by</linkCause> NF-kappa B or the entire interleukin-2 enhancer show bimodal expression patterns during induction, suggesting that thresholds set by the concentration of transcription factors may be a common property of inducible genes.</clue>
</event>
<event KT="Other" id="E30">
<type class="Gene_expression"/>
<theme idref="A8"/>
<clue>Similar constructs controlled by NF-kappa B or the entire interleukin-2 enhancer show bimodal <clueType>expression</clueType> patterns during induction, suggesting that thresholds set by the concentration of transcription factors may be a common property of inducible genes.</clue>
</event>
<event KT="Other" id="E31">
<type class="Gene_expression"/>
<theme idref="T34"/>
<clue>Similar constructs controlled by NF-kappa B or the entire interleukin-2 enhancer show bimodal <clueType>expression</clueType> patterns during induction, suggesting that thresholds set by the concentration of transcription factors may be a common property of inducible genes.</clue>
</event>
<event id="E300">
<type class="Positive_regulation"/>
<theme idref="E30"/>
<clue>Similar constructs controlled by NF-kappa B or the entire interleukin-2 enhancer show bimodal expression patterns during <clueType>induction</clueType>, suggesting that thresholds set by the concentration of transcription factors may be a common property of inducible genes.</clue>
</event>
<event id="E301">
<type class="Positive_regulation"/>
<theme idref="E31"/>
<clue>Similar constructs controlled by NF-kappa B or the entire interleukin-2 enhancer show bimodal expression patterns during <clueType>induction</clueType>, suggesting that thresholds set by the concentration of transcription factors may be a common property of inducible genes.</clue>
</event>
<event KT="Analysis" id="E32">
<type class="Regulation"/>
<theme idref="E30"/>
<cause idref="A8"/>
<clue>Similar constructs controlled by NF-kappa B or the entire interleukin-2 enhancer <clueType><clueKT>show</clueKT></clueType> <corefTheme>bimodal expression patterns</corefTheme> <clueTime>during induction</clueTime>, suggesting that thresholds set by the concentration of transcription factors may be a common property of inducible genes.</clue>
</event>
<event KT="Analysis" id="E320">
<type class="Regulation"/>
<theme idref="E31"/>
<cause idref="A8"/>
<clue>Similar constructs controlled by NF-kappa B or the entire interleukin-2 enhancer <clueType><clueKT>show</clueKT></clueType> <corefTheme>bimodal expression patterns</corefTheme> <clueTime>during induction</clueTime>, suggesting that thresholds set by the concentration of transcription factors may be a common property of inducible genes.</clue>
</event>
<event KT="Other" id="E33" uncertainty="probable">
<type class="Positive_regulation"/>
<theme idref="A9"/>
<clue>Similar constructs controlled by NF-kappa B or the entire interleukin-2 enhancer show bimodal expression patterns during induction, suggesting that thresholds set by the concentration of transcription factors may be a common property of <clueType>inducible</clueType> genes.</clue>
</event>
</AbstractText>
</Abstract></Article></MedlineCitation></PubmedArticle></PubmedArticleSet></Annotation>
