<?xml version='1.0'?><!DOCTYPE Annotation PUBLIC "//GENIA//DTD GENIA ANNOTATION EVENT 2.0//EN_Modified" "../ModifiedGENIAtypes/Modified_GENIA_event_20.dtd"><Annotation annotates="http://www.ncbi.nlm.nih.gov/entrez/eutils/efetch.fcgi?db=pubmed&amp;retmode=xml&amp;rettype=medline&amp;id=2269427" created="12/01/2007" creator="Noriko Katsu"><PubmedArticleSet><PubmedArticle><MedlineCitation>
<PMID>2269427</PMID>
<Article>
<ArticleTitle>
<sentence id="S1">An <term id="T1" lex="in_vitro_globin_gene_switching_model" sem="Other">in vitro <term id="T2" lex="globin_gene" sem="DNA_family_or_group">globin gene</term> switching model</term> based on <term id="T3" lex="differentiated_embryonic_stem_cell" sem="Cell_natural">differentiated <term id="A1" sem="Cell_natural">embryonic stem cells</term></term>.</sentence>
<event KT="Investigation" id="E1">
<type class="DNA_recombination"/>
<theme idref="T2"/>
<clue>An in vitro globin gene <clueType>switching</clueType> model based on <clueLoc>differentiated embryonic stem cells</clueLoc>.</clue>
</event>
<event KT="Other" id="E2">
<type class="Cell_differentiation"/>
<theme idref="A1"/>
<clue>An in vitro globin gene switching model based on <clueType>differentiated</clueType> embryonic stem cells.</clue>
</event>
</ArticleTitle>
<Abstract>
<AbstractText>
<sentence id="S2">We used <term id="T4" lex="mouse_embryonic_stem_(ES)_cell" sem="Cell_natural">mouse embryonic stem (ES) cells</term> to study <term id="T5" lex="globin_gene_expression" sem="Other"><term id="T6" lex="globin_gene" sem="DNA_family_or_group">globin gene</term> expression</term> and switching in vitro.</sentence>
<event KT="Investigation" id="E3" uncertainty="doubtful">
<type class="Gene_expression"/>
<theme idref="T6"/>
<clue>We used mouse <clueLoc>embryonic stem (ES) cells</clueLoc> <clueKT>to study</clueKT> globin gene <clueType>expression</clueType> and switching in vitro.</clue>
</event>
<event KT="Investigation" id="E4" uncertainty="doubtful">
<type class="DNA_recombination"/>
<theme idref="T6"/>
<clue>We used mouse <clueLoc>embryonic stem (ES) cells</clueLoc> <clueKT>to study</clueKT> globin gene expression and <clueType>switching</clueType> in vitro.</clue>
</event>
<sentence id="S3">We show that <term id="T7" lex="ES-derived_embryoid_body" sem="Cell_natural">ES-derived embryoid bodies</term> express the full complement of <term id="T8" lex="mouse_embryonic_globin_gene" sem="DNA_family_or_group">mouse embryonic globin genes</term> in the correct temporal order and that on further <term id="T9" lex="differentiation" sem="Other">differentiation</term>, a switch occurs to the <term id="T10" lex="fetal/adult_gene" sem="DNA_family_or_group">fetal/adult genes</term>.</sentence>
<event KT="Analysis" id="E5">
<type class="Gene_expression"/>
<theme idref="T8"/>
<clue>We <clueKT>show</clueKT> that <clueLoc>ES-derived embryoid bodies</clueLoc> <clueType>express</clueType> the full complement of mouse embryonic globin genes in the correct temporal order and that on further differentiation, a switch occurs to the fetal/adult genes.</clue>
</event>
<event KT="Other" id="E6">
<type class="DNA_recombination"/>
<theme idref="T8"/>
<theme idref="T10"/>
<clue>We show that ES-derived embryoid bodies express the full complement of mouse embryonic globin genes in the correct temporal order and that on further differentiation, a <clueType>switch</clueType> occurs <linkTheme>to</linkTheme> the fetal/adult genes.</clue>
</event>
<event KT="Analysis" id="E7">
<type class="Positive_regulation"/>
<theme idref="E6"/>
<cause idref="E8"/>
<clue>We <clueKT>show</clueKT> that ES-derived embryoid bodies express the full complement of mouse embryonic globin genes in the correct temporal order and that <linkCause>on</linkCause> further differentiation, a switch occurs to the fetal/adult genes.</clue>
<comment>NO CLUETYPE</comment></event>
<event KT="Other" id="E8">
<type class="Cell_differentiation"/>
<theme idref="T7"/>
<clue>We show that ES-derived embryoid bodies express the full complement of mouse embryonic globin genes in the correct temporal order and that on further <clueType>differentiation</clueType>, a switch occurs to the fetal/adult genes.</clue>
</event>
<sentence id="S4">In addition, the <term id="T11" lex="erythroid-specific_transcription_factor" sem="Protein_family_or_group">erythroid-specific transcription factor</term> <term id="T12" lex="NF-E1" sem="Protein_molecule">NF-E1</term> was shown to be expressed coordinately with that of <term id="T13" lex="globin" sem="Protein_family_or_group">globin</term> in <term id="T14" lex="embryoid_body" sem="Cell_natural">embryoid bodies</term>.</sentence>
<event KT="Analysis" id="E9">
<type class="Gene_expression"/>
<theme idref="T12"/>
<clue>In addition, the erythroid-specific transcription factor NF-E1 was <clueKT>shown</clueKT> to be <clueType>expressed</clueType> coordinately with that of globin in embryoid bodies.</clue>
</event>
<event KT="Other" id="E10">
<type class="Correlation"/>
<theme idref="E9"/>
<theme idref="E11"/>
<clue>In addition, the erythroid-specific transcription factor NF-E1 was shown to be expressed <clueType>coordinately</clueType> <linkTheme>with</linkTheme> that of globin <clueLoc>in embryoid bodies</clueLoc>.</clue>
</event>
<event KT="Analysis" id="E11">
<type class="Gene_expression"/>
<theme idref="T13"/>
<clue>In addition, the erythroid-specific transcription factor NF-E1 was <clueKT>shown</clueKT> to be <clueType>expressed</clueType> coordinately with that <linkTheme>of</linkTheme> globin in embryoid bodies.</clue>
</event>
<sentence id="S5">We conclude from these experiments that the <term id="T15" lex="ES_cell_system" sem="Cell_natural"><term id="A20" sem="Cell_natural">ES cell</term> system</term> provides a good model to study <term id="T16" lex="hematopoietic_development" sem="Other"><term id="A2" sem="Cell_natural">hematopoietic</term> development</term>.</sentence>
<event KT="Other" id="E12" uncertainty="doubtful">
<type class="Cell_differentiation"/>
<theme idref="A20"/>
<theme idref="A2"/>
<clue>We conclude from these experiments that the ES cell system provides a good model to study hematopoietic <clueType>development</clueType>.</clue>
</event>
<sentence id="S6">When the <cons id="T17" lex="(OR human_epsilon-globin_gene human_beta-globin_gene)" sem="(OR DNA_family_or_group DNA_family_or_group)"><frag id="F1">human</frag> <frag id="F2">epsilon-</frag> or <frag id="F3">beta-</frag><frag id="F4">globin genes</frag></cons> driven by the <term id="T18" lex="dominant_control_region" sem="DNA_domain_or_region">dominant control region</term> (<term id="T19" lex="DCR" sem="DNA_domain_or_region">DCR</term>) are introduced into this system, the <term id="T20" lex="human_epsilon-globin_gene" sem="DNA_domain_or_region">human <term id="A3" sem="DNA_domain_or_region">epsilon-<term id="T21" lex="globin_gene" sem="DNA_family_or_group">globin gene</term></term></term>, in contrast to the <term id="T22" lex="beta-globin_gene" sem="DNA_domain_or_region">beta-<term id="T23" lex="globin_gene" sem="DNA_family_or_group">globin gene</term></term>, is not deregulated by the presence of the <term id="T24" lex="DCR" sem="DNA_domain_or_region">DCR</term> and is expressed strictly as an <term id="T25" lex="embryonic_gene" sem="DNA_family_or_group">embryonic gene</term>.</sentence>
<event id="E17">
<type class="Regulation"/>
<theme idref="A3"/>
<clue>When the human epsilon- or beta-globin genes driven by the dominant control region (DCR) are introduced into this system, the human epsilon-globin gene, in contrast to the beta-globin gene, is not de<clueType>regulated</clueType> by the presence of the DCR and is expressed strictly as an embryonic gene.</clue>
<comment>CAUTION, clueType</comment></event>
<event Polarity="Negative" assertion="non-exist" id="E13">
<type class="Negative_regulation"/>
<theme idref="E17"/>
<cause idref="T19"/>
<clue>When the human epsilon- or beta-globin genes driven by the dominant control region (DCR) are introduced into this system, the human epsilon-globin gene, in contrast to the beta-globin gene, is <cluePolarity>not</cluePolarity> <clueType>de</clueType>regulated <linkCause>by</linkCause> the presence of the DCR and is expressed strictly as an embryonic gene.</clue>
<comment>CAUTION, clueType</comment></event>
<event id="E14">
<type class="Gene_expression"/>
<theme idref="A3"/>
<clue>When the human epsilon- or beta-globin genes driven by the dominant control region (DCR) are introduced into this system, the human epsilon-globin gene, in contrast to the beta-globin gene, is not deregulated by the presence of the DCR and is <clueType>expressed</clueType> strictly as an embryonic gene.</clue>
</event>
<event Polarity="Negative" assertion="non-exist" id="E15">
<type class="Regulation"/>
<theme idref="T22"/>
<cause idref="T19"/>
<clue>When the human epsilon- or beta-globin genes driven by the dominant control region (DCR) are introduced into this system, the human epsilon-globin gene, in contrast <linkTheme>to</linkTheme> the beta-globin gene, is <cluePolarity>not</cluePolarity> <clueType>deregulated</clueType> <linkCause>by</linkCause> the presence of the DCR and is expressed strictly as an embryonic gene.</clue>
</event>
<sentence id="S7">We conclude from this that the <term id="T26" lex="epsilon-globin_gene" sem="DNA_domain_or_region">epsilon-<term id="T27" lex="globin_gene" sem="DNA_family_or_group">globin gene</term></term> is not regulated by competition with other <term id="A4" sem="DNA_family_or_group">genes in the <term id="T28" lex="human_beta-globin_locus" sem="DNA_domain_or_region">human beta-globin locus</term></term>.</sentence>
<event KT="Analysis" Polarity="Negative" assertion="non-exist" id="E18">
<type class="Regulation"/>
<theme idref="T26"/>
<cause idref="E16"/>
<clue>We <clueKT>conclude</clueKT> from this that the epsilon-globin gene is <cluePolarity>not</cluePolarity> <clueType>regulated</clueType> <linkCause>by</linkCause> competition with other genes in the human beta-globin locus.</clue>
</event>
<event KT="Other" id="E16">
<type class="Negative_regulation"/>
<cause idref="A4"/>
<clue>We conclude from this that the epsilon-globin gene is not regulated by <clueType>competition</clueType> <linkCause>with</linkCause> other genes in the human beta-globin locus.</clue>
<comment>TPS: A4; NO THEME</comment></event>
</AbstractText>
</Abstract></Article></MedlineCitation></PubmedArticle></PubmedArticleSet></Annotation>
