<?xml version='1.0'?><!DOCTYPE Annotation PUBLIC "//GENIA//DTD GENIA ANNOTATION EVENT 2.0//EN_Modified" "../ModifiedGENIAtypes/Modified_GENIA_event_20.dtd"><Annotation annotates="http://www.ncbi.nlm.nih.gov/entrez/eutils/efetch.fcgi?db=pubmed&amp;retmode=xml&amp;rettype=medline&amp;id=2314899" created="06/11/17" creator="Yumiko Katsu"><PubmedArticleSet><PubmedArticle><MedlineCitation>
<PMID>2314899</PMID>
<Article>
<ArticleTitle>
<sentence id="S1"><term id="T1" lex="Tax-independent_binding" sem="Other"><term id="T2" lex="Tax" sem="Protein_molecule">Tax</term>-independent binding</term> of multiple <term id="T3" lex="cellular_factors" sem="Protein_family_or_group">cellular factors</term> to <term id="T4" lex="Tax-response_element_DNA" sem="DNA_domain_or_region"><term id="T5" lex="Tax" sem="Protein_molecule">Tax</term>-response element DNA</term> of <term id="T6" lex="HTLV-I" sem="Virus">HTLV-I</term>.</sentence>
<event KT="Other" id="E1">
<type class="Binding"/>
<theme idref="T3"/>
<theme idref="T4"/>
<clue>Tax-independent <clueType>binding</clueType> <linkTheme>of</linkTheme> multiple cellular factors <linkTheme>to</linkTheme> Tax-response element DNA of <clueLoc>HTLV-I</clueLoc>.</clue>
</event>
<event KT="Investigation" Polarity="Negative" assertion="non-exist" id="E2">
<type class="Positive_regulation"/>
<theme idref="E1"/>
<cause idref="T2"/>
<clue>Tax-<clueType><cluePolarity>independent</cluePolarity></clueType> binding of multiple cellular factors to Tax-response element DNA of <clueLoc>HTLV-I</clueLoc>.</clue>
</event>
</ArticleTitle>
<Abstract>
<AbstractText>
<sentence id="S2">The <term id="T7" lex="human_T-cell_leukemia_virus_type_I_(HTLV-I)_promoter" sem="DNA_domain_or_region"><term id="T8" lex="human_T-cell_leukemia_virus_type_I" sem="Virus">human T-cell leukemia virus type I</term> (<term id="T9" lex="HTLV-I" sem="Virus">HTLV-I</term>) promoter</term> contains three copies of imperfect repeats of a <term id="T10" lex="21-base_pair_sequence" sem="Polynucleotide">21-base pair sequence</term> designated here as <term id="T11" lex="TRE" sem="DNA_domain_or_region">TRE</term> (<term id="T12" lex="Tax-response_element" sem="DNA_domain_or_region"><term id="T13" lex="Tax" sem="Protein_molecule">Tax</term>-response element</term>) that is responsive to the <term id="T14" lex="virally_encoded_transactivator_protein" sem="Protein_family_or_group">virally encoded transactivator protein</term> <term id="T15" lex="Tax" sem="Protein_molecule">Tax</term>.</sentence>
<event KT="Other" id="E3">
<type class="Regulation"/>
<theme idref="T11"/>
<cause idref="T15"/>
<clue>The human T-cell leukemia virus type I (HTLV-I) promoter contains three copies of imperfect repeats of a 21-base pair sequence designated here as TRE (Tax-response element) that is <clueType>responsive</clueType> <linkCause>to</linkCause> the virally encoded transactivator protein Tax.</clue>
</event>
<sentence id="S3">We have identified and separated four <term id="T16" lex="nuclear_protein" sem="Protein_family_or_group">nuclear proteins</term> from C81-66-45 cells, an <term id="T17" lex="HTLV-I_immortalized_Tax-expressing_human_T-lymphocyte_line" sem="Cell_cultured"><term id="T18" lex="HTLV-I" sem="Virus">HTLV-I</term> immortalized <term id="T19" lex="Tax" sem="Protein_molecule">Tax</term>-expressing human <term id="A1" sem="Cell_cultured">T-lymphocyte line</term></term> (Salahuddin et al., 1983), that interact with the <term id="T20" lex="TRE-DNA" sem="DNA_molecule"><term id="T21" lex="TRE" sem="DNA_domain_or_region">TRE</term>-DNA</term>, none of which are identical with the <term id="T22" lex="Tax-protein" sem="Protein_molecule"><term id="T23" lex="Tax" sem="Protein_molecule">Tax</term>-protein</term>.</sentence>
<event KT="Other" id="E4">
<type class="Gene_expression"/>
<theme idref="T19"/>
<clue>We have identified and separated four nuclear proteins from C81-66-45 cells, an HTLV-I immortalized Tax-<clueType>expressing</clueType> <clueLoc>human T-lymphocyte line</clueLoc> (Salahuddin et al., 1983), that interact with the TRE-DNA, none of which are identical with the Tax-protein.</clue>
</event>
<event KT="Other" id="E5">
<type class="Biological_process"/>
<theme idref="A1"/>
<clue>We have identified and separated four nuclear proteins from C81-66-45 cells, an HTLV-I <clueType>immortalized</clueType> Tax-expressing human T-lymphocyte line (Salahuddin et al., 1983), that interact with the TRE-DNA, none of which are identical with the Tax-protein.</clue>
</event>
<event KT="Other" id="E500">
<type class="Positive_regulation"/>
<theme idref="E5"/>
<cause idref="T18"/>
<clue>We have identified and separated four nuclear proteins from C81-66-45 cells, an HTLV-I <clueType>immortalized</clueType> Tax-expressing human T-lymphocyte line (Salahuddin et al., 1983), that interact with the TRE-DNA, none of which are identical with the Tax-protein.</clue>
</event>
<event KT="Other" id="E6">
<type class="Binding"/>
<theme idref="T20"/>
<theme idref="T16"/>
<clue>We have identified and separated four nuclear proteins from C81-66-45 cells, an HTLV-I immortalized Tax-expressing human T-lymphocyte line (Salahuddin et al., 1983), that <clueType>interact</clueType> <linkTheme>with</linkTheme> the TRE-DNA, none of which are identical with the Tax-protein.</clue>
</event>
<sentence id="S4">The proteins identified have molecular weights of about 32, 36 to 42, 50 and 110 kD.</sentence>
<sentence id="S5">Four different methods were used to identify the proteins.</sentence>
<sentence id="S6">First, from different cell lines three or all four of the <term id="T24" lex="nuclear_protein" sem="Protein_family_or_group">nuclear proteins</term> were specifically cross-linked by <term id="T25" lex="UV_irradiation" sem="Other">UV irradiation</term> to the radioactively labeled <term id="T26" lex="TRE-DNA_fragment" sem="DNA_domain_or_region"><term id="T27" lex="TRE" sem="DNA_domain_or_region">TRE</term>-DNA fragment</term>.</sentence>
<event id="E11">
<type class="Binding"/>
<theme idref="T24"/>
<theme idref="T26"/>
<clue>First, from different cell lines three or all four of the nuclear proteins were specifically <clueType>cross-linked</clueType> by UV irradiation <linkTheme>to</linkTheme> the radioactively labeled TRE-DNA fragment.</clue>
</event>
<event id="E12">
<type class="Positive_regulation"/>
<theme idref="E11"/>
<cause idref="T25"/>
<clue>First, from different cell lines three or all four of the nuclear proteins were specifically cross-linked <linkCause>by</linkCause> UV irradiation to the radioactively labeled TRE-DNA fragment.</clue>
<comment>NO CLUETYPE</comment></event>
<sentence id="S7">Second, <term id="T28" lex="TRE-DNA_binding_protein" sem="Protein_family_or_group"><term id="T29" lex="TRE" sem="DNA_domain_or_region">TRE</term>-DNA binding proteins</term> sedimented through a glycerol density gradient at rates corresponding to proteins of native molecular weights of 35 to 50 kD and 110 kD.</sentence>
<sentence id="S8">Third, only the <term id="T30" lex="50_kD_protein" sem="Protein_molecule">50 kD protein</term> was retained on a <term id="T31" lex="biotinylated_DNA-streptavidin_matrix" sem="Other">biotinylated DNA-streptavidin matrix</term> when the DNA fragment contained the <term id="T32" lex="TRE-DNA" sem="DNA_molecule"><term id="T33" lex="TRE" sem="DNA_domain_or_region">TRE</term>-DNA</term>.</sentence>
<event id="E13">
<type class="Binding"/>
<theme idref="T30"/>
<theme idref="T26"/>
<clue>Third, only the 50 kD protein was <clueType>retained on a biotinylated DNA-streptavidin matrix</clueType> when <corefTheme idref1="T26">the DNA fragment contained the TRE-DNA</corefTheme>.</clue>
</event>
<sentence id="S9">Fourth, extensive purification by several cycles of <term id="T34" lex="TRE-DNA_affinity_chromatography" sem="Other"><term id="T35" lex="TRE" sem="DNA_domain_or_region">TRE</term>-DNA affinity chromatography</term> resulted in the <cons id="T36" lex="(AND 32_kD_protein 36_to_42_kD_protein 110_kD_protein)" sem="(AND Protein_molecule Protein_molecule Protein_molecule)"><frag id="F1">32</frag>, <frag id="F2">36 to 42</frag> and <frag id="F3">110</frag> <frag id="F4">kD proteins</frag></cons> and to less extent the <term id="T37" lex="50_kD_factor" sem="Protein_molecule">50 kD factor</term>.</sentence>
<sentence id="S10">Two abundant proteins of 75 and 80 kD were competed out by <term id="T38" lex="poly[d(I-C)]" sem="Organic_compound_other">poly[d(I-C)]</term> in all reactions.</sentence>
<sentence id="S11">The <term id="T39" lex="cAMP-response_element" sem="DNA_domain_or_region">cAMP-response element</term> <term id="T40" lex="CRE" sem="DNA_domain_or_region">CRE</term>, <term id="T41" lex="TGACGTCA" sem="Polynucleotide">TGACGTCA</term>, present in the <term id="T42" lex="21_base-pair_sequence" sem="DNA_domain_or_region">21 base-pair sequence</term>, appears to be essential for specific <term id="T43" lex="protein-TRE-DNA_interaction" sem="Other"><term id="A10" sem="Protein_molecule">protein</term>-<term id="A11" sem="DNA_domain_or_region"><term id="T44" lex="TRE" sem="DNA_domain_or_region">TRE</term>-DNA</term> interactions</term> because <term id="T45" lex="mutation" sem="Other">mutation</term> of the two <term id="T46" lex="G" sem="Nucleotide">G</term>&apos;s destroys this complex.</sentence>
<event KT="Other" id="E7">
<type class="Binding"/>
<theme idref="A10"/>
<theme idref="A11"/>
<clue>The cAMP-response element CRE, TGACGTCA, present in the 21 base-pair sequence, appears to be essential for specific protein-TRE-DNA <clueType>interactions</clueType> because mutation of the two G&apos;s destroys this complex.</clue>
</event>
<event CL="L2" KT="Analysis" id="E8" uncertainty="probable">
<type class="Positive_regulation"/>
<theme idref="E7"/>
<cause idref="T40"/>
<clue>The cAMP-response element CRE, TGACGTCA, present in the 21 base-pair sequence, <clueKT><clueCL>appears</clueCL></clueKT> to be <clueType>essential</clueType> <linkTheme>for</linkTheme> specific protein-TRE-DNA interactions because mutation of the two G&apos;s destroys this complex.</clue>
</event>
<event id="E14" uncertainty="probable">
<type class="Mutagenesis"/>
<theme idref="T46"/>
<clue>The cAMP-response element CRE, TGACGTCA, present in the 21 base-pair sequence, appears to be essential for specific protein-TRE-DNA interactions because <clueType>mutation</clueType> <linkTheme>of</linkTheme> the two G&apos;s destroys this complex.</clue>
</event>
<event id="E15" uncertainty="probable">
<type class="Negative_regulation"/>
<theme idref="E7"/>
<cause idref="E14"/>
<clue>The cAMP-response element CRE, TGACGTCA, present in the 21 base-pair sequence, appears to be essential for specific protein-TRE-DNA interactions because mutation of the two G&apos;s <clueType>destroys</clueType> <corefTheme>this complex</corefTheme>.</clue>
</event>
<sentence id="S12">This result suggests that the <term id="T47" lex="cAMP_response_element_binding_protein" sem="Protein_family_or_group">cAMP response element binding protein</term>, <term id="T48" lex="CREB" sem="Protein_molecule">CREB</term>, is involved in the <term id="T49" lex="protein-TRE-DNA_complex" sem="Protein_complex">protein-<term id="T50" lex="TRE" sem="DNA_domain_or_region">TRE</term>-DNA complex</term> and in mediating the <term id="T51" lex="Tax_response" sem="Other"><term id="T52" lex="Tax" sem="Protein_molecule">Tax</term> response</term>.</sentence>
<event CL="L2" KT="Analysis" id="E9" uncertainty="probable">
<type class="Regulation"/>
<theme idref="T49"/>
<cause idref="T48"/>
<clue>This result <clueKT><clueCL>suggests</clueCL></clueKT> that the cAMP response element binding protein, CREB, is <clueType>involved</clueType> <linkTheme>in</linkTheme> the protein-TRE-DNA complex and in mediating the Tax response.</clue>
</event>
<event CL="L2" KT="Analysis" id="E16" uncertainty="probable">
<type class="Regulation"/>
<theme idref="E10"/>
<cause idref="T48"/>
<clue>This result <clueKT><clueCL>suggests</clueCL></clueKT> that the cAMP response element binding protein, CREB, is <clueType>involved</clueType> in the protein-TRE-DNA complex and <linkTheme>in</linkTheme> mediating the Tax response.</clue>
</event>
<event KT="Other" id="E10">
<type class="Regulation"/>
<theme idref="T51"/>
<cause idref="T48"/>
<clue>This result suggests that the cAMP response element binding protein, CREB, is involved in the protein-TRE-DNA complex and in <clueType>mediating</clueType> the Tax response.</clue>
</event>
</AbstractText>
</Abstract></Article></MedlineCitation></PubmedArticle></PubmedArticleSet></Annotation>
