<?xml version='1.0'?><!DOCTYPE Annotation PUBLIC "//GENIA//DTD GENIA ANNOTATION EVENT 2.0//EN_Modified" "../ModifiedGENIAtypes/Modified_GENIA_event_20.dtd"><Annotation annotates="http://www.ncbi.nlm.nih.gov/entrez/eutils/efetch.fcgi?db=pubmed&amp;retmode=xml&amp;rettype=medline&amp;id=2394747" created="06/11/19" creator="Yumiko Katsu"><PubmedArticleSet><PubmedArticle><MedlineCitation>
<PMID>2394747</PMID>
<Article>
<ArticleTitle>
<sentence id="S1"><term id="T1" lex="cell_type_specificity" sem="Cell_natural">Cell type specificity</term> and <term id="A1" sem="Other">activation</term> requirements for <term id="T2" lex="NFAT-1" sem="Protein_molecule">NFAT-1</term> (<term id="T3" lex="nuclear_factor" sem="Protein_family_or_group">nuclear factor</term> of <term id="T4" lex="activated_T-cell" sem="Cell_natural">activated T-cells</term>) transcriptional activity determined by a new method using <term id="T5" lex="transgenic_mice" sem="Multicellular_organism_genetically_modified">transgenic mice</term> to assay <term id="T6" lex="transcriptional_activity" sem="Other">transcriptional activity</term> of an individual <term id="T7" lex="nuclear_factor" sem="Protein_family_or_group">nuclear factor</term>.</sentence>
<event KT="Other" id="E1" uncertainty="doubtful">
<type class="Positive_regulation"/>
<cause idref="T7"/>
<clue>Cell type specificity and activation requirements for NFAT-1 (nuclear factor of activated T-cells) transcriptional activity determined by a new method using transgenic mice to assay <clueType>transcriptional activity</clueType> <linkCause>of</linkCause> an individual nuclear factor.</clue>
<comment>NO THEME</comment></event>
<event KT="Analysis" id="E2">
<type class="Positive_regulation"/>
<theme idref="A1"/>
<cause idref="E4"/>
<clue>Cell type specificity and activation <clueType>requirements</clueType> <linkCause>for</linkCause> NFAT-1 (nuclear factor of activated T-cells) transcriptional activity <clueKT>determined</clueKT> by a new method using transgenic mice to assay transcriptional activity of an individual nuclear factor.</clue>
</event>
<event KT="Other" id="E4">
<type class="Positive_regulation"/>
<cause idref="T2"/>
<clue>Cell type specificity and activation requirements for NFAT-1 (nuclear factor of activated T-cells) <clueType>transcriptional activity</clueType> determined <clueExperiment>by a new method using transgenic mice to assay transcriptional activity of an individual nuclear factor</clueExperiment>.</clue>
<comment>NO THEME</comment></event>
</ArticleTitle>
<Abstract>
<AbstractText>
<sentence id="S2"><term id="T8" lex="nuclear_factor" sem="Protein_family_or_group">Nuclear factor</term> of <term id="T9" lex="activated_T-cell" sem="Cell_natural">activated T-cells</term> (<term id="T10" lex="NFAT-1" sem="Protein_molecule">NFAT-1</term>) is a <term id="T11" lex="transcription_factor" sem="Protein_family_or_group">transcription factor</term> which is considered to be an important regulator in early <term id="T12" lex="T-cell_activation" sem="Other"><term id="A3" sem="Cell_natural">T-cell</term> activation</term>.</sentence>
<event CL="L2" KT="Analysis" Source="Other" id="E5" uncertainty="probable">
<type class="Positive_regulation"/>
<theme idref="E6"/>
<cause idref="T10"/>
<clue>Nuclear factor of activated T-cells (NFAT-1) is a transcription factor which <clueSource>is <clueKT><clueCL>considered</clueCL></clueKT> to</clueSource> be an important <clueType>regulator</clueType> in early T-cell activation.</clue>
</event>
<event KT="Other" id="E6">
<type class="Physiological_process"/>
<theme idref="A3"/>
<clue>Nuclear factor of activated T-cells (NFAT-1) is a transcription factor which is considered to be an important regulator in early T-cell <clueType>activation</clueType>.</clue>
</event>
<sentence id="S3">We have developed a system to monitor the <term id="T13" lex="transcriptional_activity" sem="Other">transcriptional activity</term> of <term id="T14" lex="NFAT-1" sem="Protein_molecule">NFAT-1</term> at the <term id="T15" lex="single_cell_level" sem="Cell_natural">single cell level</term> in <term id="T16" lex="whole_animal" sem="Multicellular_organism_natural">whole animals</term>.</sentence>
<event KT="Investigation" id="E300">
<type class="Positive_regulation"/>
<cause idref="T14"/>
<clue>We have developed a system <clueKT>to monitor</clueKT> the <clueType>transcriptional activity</clueType> <linkCause>of</linkCause> NFAT-1 at the single cell level in whole animals.</clue>
<comment>NO THEME</comment></event>
<sentence id="S4">The system is based on the use of an <term id="T17" lex="oligomerized_NFAT-1_binding_motif" sem="Polynucleotide">oligomerized <term id="T18" lex="NFAT-1" sem="Protein_molecule">NFAT-1</term> binding motif</term> that directs <term id="T19" lex="transcription_of_SV40_T-antigen" sem="Protein_molecule">transcription of <term id="A4" sem="Protein_molecule">SV40 T-antigen</term></term> in <term id="T20" lex="transgenic_mice" sem="Multicellular_organism_genetically_modified">transgenic mice</term>.</sentence>
<event id="E7">
<type class="Transcription"/>
<theme idref="A4"/>
<clue>The system is based on the use of an oligomerized NFAT-1 binding motif that directs <clueType>transcription</clueType> <linkTheme>of</linkTheme> SV40 T-antigen <clueLoc>in transgenic mice</clueLoc>.</clue>
</event>
<event id="E8">
<type class="Positive_regulation"/>
<theme idref="E7"/>
<cause idref="T17"/>
<clue>The system is based on the use of an oligomerized NFAT-1 binding motif that <clueType>directs</clueType> transcription of SV40 T-antigen <clueLoc>in transgenic mice</clueLoc>.</clue>
</event>
<sentence id="S5">This report represents the first demonstration that a <term id="T21" lex="multimerized_short_binding_motif" sem="Polynucleotide">multimerized short binding motif</term> can function appropriately in <term id="T22" lex="transgenic_mice" sem="Multicellular_organism_genetically_modified">transgenic mice</term>.</sentence>
<event CL="L2" KT="Analysis" id="E9">
<type class="Regulation"/>
<cause idref="T21"/>
<clue>This report represents the first <clueKT>demonstration</clueKT> that a multimerized short binding motif <clueCL>can</clueCL> <clueType>function</clueType> appropriately <clueLoc>in transgenic mice</clueLoc>.</clue>
</event>
<sentence id="S6"><term id="T23" lex="NFAT-1" sem="Protein_molecule">NFAT-1</term> activity had previously been thought to be confined to <term id="T24" lex="activated_T-lymphocyte" sem="Cell_natural">activated <term id="A5" sem="Cell_natural">T-lymphocytes</term></term> upon release of intracellular <term id="A2" sem="Inorganic_compound">calcium</term>.</sentence>
<event KT="Other" id="E10">
<type class="Physiological_process"/>
<theme idref="A5"/>
<cause idref="E11"/>
<clue>NFAT-1 activity had previously been thought to be confined to <clueType>activated</clueType> T-lymphocytes <linkCause>upon</linkCause> release of intracellular calcium.</clue>
</event>
<event KT="Other" id="E11">
<type class="Localization"/>
<theme idref="A2"/>
<clue>NFAT-1 activity had previously been thought to be confined to activated T-lymphocytes upon <clueType>release</clueType> <linkTheme>of</linkTheme> <clueLoc>intracellular</clueLoc> calcium.</clue>
<comment>NER: T25 del &quot;intracellular calcium&quot;</comment></event>
<event KT="Analysis" Source="Other" id="E12" uncertainty="probable">
<type class="Positive_regulation"/>
<theme idref="E10"/>
<cause idref="T23"/>
<clue>NFAT-1 activity had <clueSource>previously</clueSource> been <clueKT>thought</clueKT> to be <clueType>confined</clueType> <linkTheme>to</linkTheme> activated T-lymphocytes upon release of intracellular calcium.</clue>
</event>
<sentence id="S7">By targeting <term id="T27" lex="NFAT-1" sem="Protein_molecule">NFAT-1</term>-dependent <term id="A6" sem="Other">gene expression</term> in <term id="T28" lex="transgenic_mice" sem="Multicellular_organism_genetically_modified">transgenic mice</term> we discovered new sites of <term id="T29" lex="NFAT-1_activity" sem="Other"><term id="T30" lex="NFAT-1" sem="Protein_molecule">NFAT-1</term> activity</term>.</sentence>
<event KT="Other" id="E13">
<type class="Positive_regulation"/>
<theme idref="A6"/>
<cause idref="T27"/>
<clue>By targeting NFAT-1-<clueType>dependent</clueType> gene expression <clueLoc>in transgenic mice</clueLoc> we discovered new sites of NFAT-1 activity.</clue>
<comment>NER: T26 del &quot;NFAT-1-dependent gene expression&quot;</comment></event>
<sentence id="S8">Besides in <term id="T31" lex="T-lymphocyte" sem="Cell_natural">T-lymphocytes</term> <term id="T32" lex="NFAT-1_activity" sem="Other"><term id="T33" lex="NFAT-1" sem="Protein_molecule">NFAT-1</term> activity</term> could also be induced in <term id="T34" lex="T-lymphocyte-depleted_spleen_cell" sem="Cell_natural"><term id="A8" sem="Cell_natural">T-lymphocyte</term>-depleted <term id="A7" sem="Cell_natural">spleen cells</term></term> and <term id="T35" lex="purified_B-lymphocyte" sem="Cell_natural">purified <term id="A9" sem="Cell_natural">B-lymphocytes</term></term> and requires <term id="A10" sem="Other">agents</term> that both release <term id="T36" lex="intracellular_calcium" sem="Element">intracellular <term id="A100" sem="Inorganic_compound">calcium</term></term> and activate <term id="T37" lex="protein_kinase_C" sem="Protein_molecule">protein kinase C</term>.</sentence>
<event id="E15">
<type class="Positive_regulation"/>
<theme idref="T33"/>
<clue>Besides in T-lymphocytes NFAT-1 activity could also be <clueType>induced</clueType> <clueLoc>in T-lymphocyte-depleted spleen cells</clueLoc> and purified B-lymphocytes and requires agents that both release intracellular calcium and activate protein kinase C.</clue>
</event>
<event id="E150">
<type class="Positive_regulation"/>
<theme idref="T33"/>
<clue>Besides in T-lymphocytes NFAT-1 activity could also be <clueType>induced</clueType> <clueLoc>in</clueLoc> T-lymphocyte-depleted spleen cells and <clueLoc>purified B-lymphocytes</clueLoc> and requires agents that both release intracellular calcium and activate protein kinase C.</clue>
</event>
<event id="E17">
<type class="Localization"/>
<theme idref="A100"/>
<clue>Besides in T-lymphocytes NFAT-1 activity could also be induced in T-lymphocyte-depleted spleen cells and purified B-lymphocytes and requires agents that both <clueType>release</clueType> <clueLoc>intracellular</clueLoc> calcium and activate protein kinase C.</clue>
</event>
<event id="E170">
<type class="Positive_regulation"/>
<theme idref="E17"/>
<cause idref="A10"/>
<clue>Besides in T-lymphocytes NFAT-1 activity could also be induced in T-lymphocyte-depleted spleen cells and purified B-lymphocytes and requires agents that both release intracellular calcium and activate protein kinase C.</clue>
<comment>NO CLUETYPE</comment></event>
<event id="E18">
<type class="Positive_regulation"/>
<theme idref="T37"/>
<cause idref="A10"/>
<clue>Besides in T-lymphocytes NFAT-1 activity could also be induced in T-lymphocyte-depleted spleen cells and purified B-lymphocytes and requires agents that both release intracellular calcium and <clueType>activate</clueType> protein kinase C.</clue>
</event>
<event id="E19">
<type class="Positive_regulation"/>
<theme idref="T33"/>
<cause idref="A10"/>
<clue>Besides <clueLoc>in T-lymphocytes</clueLoc> NFAT-1 activity could also be induced in T-lymphocyte-depleted spleen cells and purified B-lymphocytes and <clueType>requires</clueType> agents that both release intracellular calcium and activate protein kinase C.</clue>
</event>
<sentence id="S9">A difference in the time course of appearance of <term id="T38" lex="NFAT-1_activity" sem="Other"><term id="T39" lex="NFAT-1" sem="Protein_molecule">NFAT-1</term> activity</term> between <term id="T40" lex="T-lymphocyte" sem="Cell_natural">T-lymphocytes</term> and <term id="T41" lex="non-T-lymphocyte" sem="Cell_natural">non-T-lymphocytes</term> was revealed.</sentence>
<event KT="Other" id="E900">
<type class="Positive_regulation"/>
<theme idref="T39"/>
<clue>A difference in the time course of <clueType>appearance</clueType> <linkTheme>of</linkTheme> NFAT-1 activity <clueLoc>between T-lymphocytes</clueLoc> and non-T-lymphocytes was revealed.</clue>
</event>
<event KT="Other" id="E901">
<type class="Positive_regulation"/>
<theme idref="T39"/>
<clue>A difference in the time course of <clueType>appearance</clueType> <linkTheme>of</linkTheme> NFAT-1 activity between T-lymphocytes and <clueLoc>non-T-lymphocytes</clueLoc> was revealed.</clue>
</event>
<sentence id="S10"><term id="T42" lex="constitutive_expression" sem="Other">Constitutive expression</term> was observed in a small population of cells in the <term id="T43" lex="dermis" sem="Tissue_natural">dermis</term> and some mice have developed <term id="T44" lex="skin_lesions" sem="Tissue_natural">skin lesions</term>.</sentence>
<event id="E20">
<type class="Positive_regulation"/>
<theme idref="T44"/>
<clue>Constitutive expression was observed in a small population of cells in the dermis and <clueLoc>some mice</clueLoc> have <clueType>developed</clueType> skin lesions.</clue>
</event>
<sentence id="S11">Interestingly, the tissue pattern of expression of the <term id="T45" lex="NFAT-1" sem="Protein_molecule">NFAT-1</term> activity resembles the expression pattern described for <term id="T46" lex="HIV-LTR/tat_transgenic_mice" sem="Multicellular_organism_natural">HIV-LTR/tat <term id="T47" lex="transgenic_mice" sem="Multicellular_organism_genetically_modified">transgenic mice</term></term> (Vogel, J., Hinrichs, S. H., Reynolds, R. K., Luciw, P. A., and Jay, G. (1988) Nature 335, 606-611).</sentence>
<event id="E21">
<type class="Localization"/>
<theme idref="T45"/>
<clue>Interestingly, the <clueLoc>tissue</clueLoc> pattern of <clueType>expression</clueType> <linkTheme>of</linkTheme> the NFAT-1 activity resembles the expression pattern described for HIV-LTR/tat transgenic mice (Vogel, J., Hinrichs, S. H., Reynolds, R. K., Luciw, P. A., and Jay, G. (1988) Nature 335, 606-611).</clue>
</event>
<event Source="Other" id="E210">
<type class="Localization"/>
<theme idref="T45"/>
<clue>Interestingly, the tissue pattern of expression of the NFAT-1 activity resembles the <clueType>expression</clueType> pattern described <clueLoc>for HIV-LTR/tat transgenic mice</clueLoc> <clueSource>(Vogel, J., Hinrichs, S. H., Reynolds, R. K., Luciw, P. A., and Jay, G. (1988) Nature 335, 606-611)</clueSource>.</clue>
</event>
<sentence id="S12">This similarity in expression and the fact that <term id="T48" lex="NFAT-1" sem="Protein_molecule">NFAT-1</term> has been shown to bind <term id="A200" sem="DNA_domain_or_region"><term id="T49" lex="functional_sequence" sem="DNA_domain_or_region">functional sequences</term> in <term id="T50" lex="HIV-LTR" sem="DNA_domain_or_region">HIV-LTR</term></term> suggest a role for <term id="T51" lex="NFAT-1" sem="Protein_molecule">NFAT-1</term> in <term id="T52" lex="dermal_activation" sem="Other">dermal activation</term> of the <term id="T53" lex="HIV-LTR" sem="DNA_domain_or_region">HIV-LTR</term>.</sentence>
<event KT="Analysis" id="E22">
<type class="Binding"/>
<theme idref="T48"/>
<theme idref="A200"/>
<clue>This similarity in expression and the fact that NFAT-1 has been <clueKT>shown</clueKT> to <clueType>bind</clueType> functional sequences in HIV-LTR suggest a role for NFAT-1 in dermal activation of the HIV-LTR.</clue>
</event>
<event KT="Other" id="E23">
<type class="Positive_regulation"/>
<theme idref="T53"/>
<clue>This similarity in expression and the fact that NFAT-1 has been shown to bind functional sequences in HIV-LTR suggest a role for NFAT-1 in dermal <clueType>activation</clueType> <linkTheme>of</linkTheme> the HIV-LTR.</clue>
</event>
<event CL="L2" KT="Analysis" id="E24" uncertainty="probable">
<type class="Regulation"/>
<theme idref="E23"/>
<cause idref="T51"/>
<clue>This similarity in expression and the fact that NFAT-1 has been shown to bind functional sequences in HIV-LTR <clueKT><clueCL>suggest</clueCL></clueKT> a <clueType>role</clueType> <linkCause>for</linkCause> NFAT-1 <linkTheme>in</linkTheme> dermal activation of the HIV-LTR.</clue>
</event>
</AbstractText>
</Abstract></Article></MedlineCitation></PubmedArticle></PubmedArticleSet></Annotation>
