<?xml version='1.0'?><!DOCTYPE Annotation PUBLIC "//GENIA//DTD GENIA ANNOTATION EVENT 2.0//EN_Modified" "../ModifiedGENIAtypes/Modified_GENIA_event_20.dtd"><Annotation annotates="http://www.ncbi.nlm.nih.gov/entrez/eutils/efetch.fcgi?db=pubmed&amp;retmode=xml&amp;rettype=medline&amp;id=2406568" created="11/04/2006" creator="Noriko Katsu"><PubmedArticleSet><PubmedArticle><MedlineCitation>
<PMID>2406568</PMID>
<Article>
<ArticleTitle>
<sentence id="S1"><term id="T1" lex="NF-kappa_B" sem="Protein_molecule">NF-kappa B</term> as inducible <term id="T2" lex="transcriptional_activator" sem="Protein_family_or_group">transcriptional activator</term> of the <term id="T3" lex="granulocyte-macrophage_colony-stimulating_factor_gene" sem="DNA_domain_or_region">granulocyte-macrophage colony-stimulating factor gene</term>.</sentence>
<event id="E1">
<type class="Positive_regulation"/>
<theme idref="T1"/>
<clue>NF-kappa B as <clueType>inducible</clueType> transcriptional activator of the granulocyte-macrophage colony-stimulating factor gene.</clue>
</event>
<event id="E29">
<type class="Positive_regulation"/>
<theme idref="T3"/>
<cause idref="T1"/>
<clue>NF-kappa B as inducible <clueType>transcriptional activator</clueType> <linkTheme>of</linkTheme> the granulocyte-macrophage colony-stimulating factor gene.</clue>
</event>
</ArticleTitle>
<Abstract>
<AbstractText>
<sentence id="S2">The expression of the gene encoding the <term id="T4" lex="granulocyte-macrophage_colony-stimulating_factor" sem="Protein_molecule">granulocyte-<term id="T5" lex="macrophage_colony-stimulating_factor" sem="Protein_molecule">macrophage colony-stimulating factor</term></term> (<term id="T6" lex="GM-CSF" sem="Protein_molecule">GM-CSF</term>) is induced upon activation of <term id="T7" lex="T_cell" sem="Cell_natural">T cells</term> with <term id="T8" lex="phytohemagglutinin" sem="Protein_molecule">phytohemagglutinin</term> and <term id="T9" lex="active_phorbolester" sem="Organic_compound_other">active phorbolester</term> and upon expression of <term id="T10" lex="tax1" sem="Protein_molecule">tax1</term>, a <term id="T11" lex="transactivating_protein" sem="Protein_family_or_group">transactivating protein</term> of the <term id="T12" lex="human_T-cell_leukemia_virus_type_I" sem="Virus">human T-cell leukemia virus type I</term>.</sentence>
<event KT="Other" id="E2">
<type class="Gene_expression"/>
<theme idref="T6"/>
<clue>The <clueType>expression</clueType> <linkTheme>of</linkTheme> the gene encoding the granulocyte-macrophage colony-stimulating factor (GM-CSF) is induced upon activation of T cells with phytohemagglutinin and active phorbolester and upon expression of tax1, a transactivating protein of the human T-cell leukemia virus type I.</clue>
</event>
<event KT="Method" id="E3">
<type class="Physiological_process"/>
<theme idref="T7"/>
<cause idref="T8"/>
<clue>The expression of the gene encoding the granulocyte-macrophage colony-stimulating factor (GM-CSF) is induced upon <clueType>activation</clueType> <linkTheme>of</linkTheme> T cells <linkCause>with</linkCause> phytohemagglutinin and active phorbolester and upon expression of tax1, a transactivating protein of the human T-cell leukemia virus type I.</clue>
</event>
<event KT="Method" id="E4">
<type class="Physiological_process"/>
<theme idref="T7"/>
<cause idref="T9"/>
<clue>The expression of the gene encoding the granulocyte-macrophage colony-stimulating factor (GM-CSF) is induced upon <clueType>activation</clueType> <linkTheme>of</linkTheme> T cells <linkCause>with</linkCause> phytohemagglutinin and active phorbolester and upon expression of tax1, a transactivating protein of the human T-cell leukemia virus type I.</clue>
</event>
<event KT="Other" id="E5">
<type class="Gene_expression"/>
<theme idref="T10"/>
<clue>The expression of the gene encoding the granulocyte-macrophage colony-stimulating factor (GM-CSF) is induced upon activation of T cells with phytohemagglutinin and active phorbolester and upon <clueType>expression</clueType> <linkTheme>of</linkTheme> tax1, a transactivating protein of the human T-cell leukemia virus type I.</clue>
</event>
<event KT="Fact" LT="Propositional" id="E6">
<type class="Positive_regulation"/>
<theme idref="E2"/>
<cause idref="E3"/>
<clue>The expression of the gene encoding the granulocyte-macrophage colony-stimulating factor (GM-CSF) is <clueType>induced</clueType> <linkCause>upon</linkCause> activation of T cells with phytohemagglutinin and active phorbolester and upon expression of tax1, a transactivating protein of the human T-cell leukemia virus type I.</clue>
</event>
<event KT="Fact" LT="Propositional" id="E7">
<type class="Positive_regulation"/>
<theme idref="E2"/>
<cause idref="E4"/>
<clue>The expression of the gene encoding the granulocyte-macrophage colony-stimulating factor (GM-CSF) is <clueType>induced</clueType> <linkCause>upon</linkCause> activation of T cells with phytohemagglutinin and active phorbolester and upon expression of tax1, a transactivating protein of the human T-cell leukemia virus type I.</clue>
</event>
<event KT="Fact" LT="Propositional" id="E8">
<type class="Positive_regulation"/>
<theme idref="E2"/>
<cause idref="E5"/>
<clue>The expression of the gene encoding the granulocyte-macrophage colony-stimulating factor (GM-CSF) is <clueType>induced</clueType> upon activation of T cells with phytohemagglutinin and active phorbolester and <linkCause>upon</linkCause> expression of tax1, a transactivating protein of the human T-cell leukemia virus type I.</clue>
</event>
<sentence id="S3">The same agents induce <term id="T13" lex="transcription" sem="Other">transcription</term> from the <cons id="T14" lex="(AND interleukin-2_receptor_alpha-chain_gene interleukin-2_gene)" sem="(AND DNA_domain_or_region DNA_domain_or_region)"><frag id="F1"><term id="A1" sem="DNA_domain_or_region">interleukin-2 receptor alpha-chain</term></frag> and <frag id="F2"><term id="A2" sem="DNA_domain_or_region">interleukin-2</term></frag> <frag id="F3"><term id="A3" sem="DNA_domain_or_region">genes</term></frag></cons>, depending on <term id="T15" lex="promoter_elements" sem="DNA_family_or_group">promoter elements</term> that bind the <term id="T16" lex="inducible_transcription_factor" sem="Protein_family_or_group">inducible transcription factor</term> <term id="T17" lex="NF-kappa_B" sem="Protein_molecule">NF-kappa B</term> (or an <term id="T18" lex="NF-kappa_B-like_factor" sem="Protein_family_or_group"><term id="T19" lex="NF-kappa_B" sem="Protein_molecule">NF-kappa B</term>-like factor</term>).</sentence>
<event KT="Fact" id="E9">
<type class="Positive_regulation"/>
<theme idref="E13"/>
<cause idref="T8"/>
<clue><corefCause>The same agents</corefCause> <clueType>induce</clueType> transcription from the interleukin-2 receptor alpha-chain and interleukin-2 genes, depending on promoter elements that bind the inducible transcription factor NF-kappa B (or an NF-kappa B-like factor).</clue>
</event>
<event KT="Fact" id="E10">
<type class="Positive_regulation"/>
<theme idref="E14"/>
<cause idref="T8"/>
<clue><corefCause>The same agents</corefCause> <clueType>induce</clueType> transcription from the interleukin-2 receptor alpha-chain and interleukin-2 genes, depending on promoter elements that bind the inducible transcription factor NF-kappa B (or an NF-kappa B-like factor).</clue>
</event>
<event KT="Fact" id="E11">
<type class="Positive_regulation"/>
<theme idref="E13"/>
<cause idref="T9"/>
<clue><corefCause>The same agents</corefCause> <clueType>induce</clueType> transcription from the interleukin-2 receptor alpha-chain and interleukin-2 genes, depending on promoter elements that bind the inducible transcription factor NF-kappa B (or an NF-kappa B-like factor).</clue>
</event>
<event KT="Fact" id="E12">
<type class="Positive_regulation"/>
<theme idref="E14"/>
<cause idref="T9"/>
<clue><corefCause>The same agents</corefCause> <clueType>induce</clueType> transcription from the interleukin-2 receptor alpha-chain and interleukin-2 genes, depending on promoter elements that bind the inducible transcription factor NF-kappa B (or an NF-kappa B-like factor).</clue>
</event>
<event KT="Other" id="E13">
<type class="Transcription"/>
<theme idref="A1" idref1="A3"/>
<clue>The same agents induce <clueType>transcription</clueType> <linkTheme>from</linkTheme> the interleukin-2 receptor alpha-chain and interleukin-2 genes, depending on promoter elements that bind the inducible transcription factor NF-kappa B (or an NF-kappa B-like factor).</clue>
</event>
<event KT="Other" id="E14">
<type class="Transcription"/>
<theme idref="A2" idref1="A3"/>
<clue>The same agents induce <clueType>transcription</clueType> <linkTheme>from</linkTheme> the interleukin-2 receptor alpha-chain and interleukin-2 genes, depending on promoter elements that bind the inducible transcription factor NF-kappa B (or an NF-kappa B-like factor).</clue>
</event>
<event KT="Fact" id="E15">
<type class="Binding"/>
<theme idref="T15"/>
<theme idref="T17"/>
<clue>The same agents induce transcription from the interleukin-2 receptor alpha-chain and interleukin-2 genes, depending on promoter elements that <clueType>bind</clueType> the inducible transcription factor NF-kappa B (or an NF-kappa B-like factor).</clue>
</event>
<event KT="Fact" id="E16">
<type class="Binding"/>
<theme idref="T15"/>
<theme idref="T18"/>
<clue>The same agents induce transcription from the interleukin-2 receptor alpha-chain and interleukin-2 genes, depending on promoter elements that <clueType>bind</clueType> the inducible transcription factor NF-kappa B (or an NF-kappa B-like factor).</clue>
</event>
<event KT="Fact" id="E46">
<type class="Positive_regulation"/>
<theme idref="T17"/>
<clue>The same agents induce transcription from the interleukin-2 receptor alpha-chain and interleukin-2 genes, depending on promoter elements that bind the <clueType>inducible</clueType> transcription factor NF-kappa B (or an NF-kappa B-like factor).</clue>
</event>
<event KT="Fact" id="E47">
<type class="Positive_regulation"/>
<theme idref="T18"/>
<clue>The same agents induce transcription from the interleukin-2 receptor alpha-chain and interleukin-2 genes, depending on promoter elements that bind the <clueType>inducible</clueType> transcription factor NF-kappa B (or an NF-kappa B-like factor).</clue>
</event>
<event KT="Fact" LT="Propositional" id="E17">
<type class="Regulation"/>
<theme idref="E9"/>
<cause idref="E15"/>
<clue>The same agents induce transcription from the interleukin-2 receptor alpha-chain and interleukin-2 genes, <clueType>depending</clueType> <linkCause>on</linkCause> promoter elements that bind the inducible transcription factor NF-kappa B (or an NF-kappa B-like factor).</clue>
</event>
<event KT="Fact" LT="Propositional" id="E18">
<type class="Regulation"/>
<theme idref="E10"/>
<cause idref="E15"/>
<clue>The same agents induce transcription from the interleukin-2 receptor alpha-chain and interleukin-2 genes, <clueType>depending</clueType> <linkCause>on</linkCause> promoter elements that bind the inducible transcription factor NF-kappa B (or an NF-kappa B-like factor).</clue>
</event>
<event KT="Fact" LT="Propositional" id="E19">
<type class="Regulation"/>
<theme idref="E11"/>
<cause idref="E15"/>
<clue>The same agents induce transcription from the interleukin-2 receptor alpha-chain and interleukin-2 genes, <clueType>depending</clueType> <linkCause>on</linkCause> promoter elements that bind the inducible transcription factor NF-kappa B (or an NF-kappa B-like factor).</clue>
</event>
<event KT="Fact" LT="Propositional" id="E20">
<type class="Regulation"/>
<theme idref="E12"/>
<cause idref="E15"/>
<clue>The same agents induce transcription from the interleukin-2 receptor alpha-chain and interleukin-2 genes, <clueType>depending</clueType> <linkCause>on</linkCause> promoter elements that bind the inducible transcription factor NF-kappa B (or an NF-kappa B-like factor).</clue>
</event>
<event KT="Fact" LT="Propositional" id="E21">
<type class="Regulation"/>
<theme idref="E9"/>
<cause idref="E16"/>
<clue>The same agents induce transcription from the interleukin-2 receptor alpha-chain and interleukin-2 genes, <clueType>depending</clueType> <linkCause>on</linkCause> promoter elements that bind the inducible transcription factor NF-kappa B (or an NF-kappa B-like factor).</clue>
</event>
<event KT="Fact" LT="Propositional" id="E22">
<type class="Regulation"/>
<theme idref="E10"/>
<cause idref="E16"/>
<clue>The same agents induce transcription from the interleukin-2 receptor alpha-chain and interleukin-2 genes, <clueType>depending</clueType> <linkCause>on</linkCause> promoter elements that bind the inducible transcription factor NF-kappa B (or an NF-kappa B-like factor).</clue>
</event>
<event KT="Fact" LT="Propositional" id="E23">
<type class="Regulation"/>
<theme idref="E11"/>
<cause idref="E16"/>
<clue>The same agents induce transcription from the interleukin-2 receptor alpha-chain and interleukin-2 genes, <clueType>depending</clueType> <linkCause>on</linkCause> promoter elements that bind the inducible transcription factor NF-kappa B (or an NF-kappa B-like factor).</clue>
</event>
<event KT="Fact" LT="Propositional" id="E24">
<type class="Regulation"/>
<theme idref="E12"/>
<cause idref="E16"/>
<clue>The same agents induce transcription from the interleukin-2 receptor alpha-chain and interleukin-2 genes, <clueType>depending</clueType> <linkCause>on</linkCause> promoter elements that bind the inducible transcription factor NF-kappa B (or an NF-kappa B-like factor).</clue>
</event>
<sentence id="S4">We therefore tested the possibility that the <term id="T20" lex="GM-CSF_gene" sem="DNA_domain_or_region"><term id="T21" lex="GM-CSF" sem="Protein_molecule">GM-CSF</term> gene</term> is also regulated by a cognate motif for the <term id="T22" lex="NF-kappa_B_transcription_factor" sem="Protein_molecule"><term id="T23" lex="NF-kappa_B" sem="Protein_molecule">NF-kappa B</term> transcription factor</term>.</sentence>
<event KT="Investigation" id="E25" uncertainty="doubtful">
<type class="Regulation"/>
<theme idref="T20"/>
<cause idref="T23"/>
<clue>We therefore <clueKT>tested</clueKT> the possibility that the GM-CSF gene is also <clueType>regulated</clueType> <linkCause>by</linkCause> a cognate motif for the NF-kappa B transcription factor.</clue>
</event>
<sentence id="S5">A recent functional analysis by Miyatake et al. (S. Miyatake, M. Seiki, M. Yoshida, and K. Arai, Mol. Cell. Biol. 8:5581-5587, 1988) described a <term id="T24" lex="short_promoter_region" sem="DNA_domain_or_region">short promoter region</term> in the <term id="T25" lex="GM-CSF_gene" sem="DNA_domain_or_region"><term id="T26" lex="GM-CSF" sem="Protein_molecule">GM-CSF</term> gene</term> that conferred strong inducibility by <term id="T27" lex="T-cell-activating_signal" sem="Other">T-cell-activating signals</term> and <term id="T28" lex="tax1" sem="Protein_molecule">tax1</term>, but no <term id="T29" lex="NF-kappa_B-binding_motif" sem="DNA_domain_or_region"><term id="T30" lex="NF-kappa_B" sem="Protein_molecule">NF-kappa B</term>-binding motifs</term> were identified.</sentence>
<event LT="Propositional" Manner="High" Source="Other" id="E26" uncertainty="doubtful">
<type class="Positive_regulation"/>
<theme idref="T25"/>
<cause idref="T27"/>
<clue>A recent functional analysis by <clueSource>Miyatake et al. (S. Miyatake, M. Seiki, M. Yoshida, and K. Arai, Mol. Cell. Biol. 8:5581-5587, 1988)</clueSource> described a short promoter region in the GM-CSF gene that conferred <clueManner>strong</clueManner> <clueType>inducibility</clueType> <linkCause>by</linkCause> T-cell-activating signals and tax1, but no NF-kappa B-binding motifs were identified.</clue>
</event>
<event LT="Propositional" Manner="High" Source="Other" id="E27" uncertainty="doubtful">
<type class="Positive_regulation"/>
<theme idref="T25"/>
<cause idref="T28"/>
<clue>A recent functional analysis by Miyatake et al. <clueSource>(S. Miyatake, M. Seiki, M. Yoshida, and K. Arai, Mol. Cell. Biol. 8:5581-5587, 1988)</clueSource> described a short promoter region in the GM-CSF gene that conferred <clueManner>strong</clueManner> <clueType>inducibility</clueType> <linkCause>by</linkCause> T-cell-activating signals and tax1, but no NF-kappa B-binding motifs were identified.</clue>
</event>
<sentence id="S6">Using <term id="T31" lex="electrophoretic_mobility_shift_assay" sem="Other">electrophoretic mobility shift assays</term>, we showed binding of purified <term id="T32" lex="human_NF-kappa_B" sem="Protein_molecule">human <term id="T33" lex="NF-kappa_B" sem="Protein_molecule">NF-kappa B</term></term> and of the <term id="A6" sem="Protein_molecule"><term id="T34" lex="NF-kappa_B" sem="Protein_molecule">NF-kappa B</term> activated</term> in <term id="T35" lex="Jurkat_T_cell" sem="Cell_cultured">Jurkat <term id="T36" lex="T_cell" sem="Cell_natural">T cells</term></term> to an <term id="A5" sem="DNA_domain_or_region">oligonucleotide comprising the <term id="T37" lex="GM-CSF_promoter_element" sem="DNA_domain_or_region"><term id="T38" lex="GM-CSF" sem="Protein_molecule">GM-CSF</term> promoter element</term></term> responsible for mediating responsiveness to <term id="T39" lex="T-cell-activating_signal" sem="Other">T-cell-activating signals</term> and <term id="T40" lex="tax1" sem="Protein_molecule">tax1</term>.</sentence>
<event LT="Propositional" id="E28">
<type class="Binding"/>
<theme idref="T33"/>
<theme idref="A5"/>
<clue><clueExperiment>Using electrophoretic mobility shift assays</clueExperiment>, we <clueKT>showed</clueKT> <clueType>binding</clueType> <linkTheme>of</linkTheme> purified human NF-kappa B and of the NF-kappa B activated in Jurkat T cells <linkTheme>to</linkTheme> an oligonucleotide comprising the GM-CSF promoter element responsible for mediating responsiveness to T-cell-activating signals and tax1.</clue>
<comment>TPS: A5</comment></event>
<event LT="Propositional" id="E36">
<type class="Binding"/>
<theme idref="A6"/>
<theme idref="A5"/>
<clue><clueExperiment>Using electrophoretic mobility shift assays</clueExperiment>, we <clueKT>showed</clueKT> <clueType>binding</clueType> <linkTheme>of</linkTheme> purified human NF-kappa B and of the NF-kappa B activated in Jurkat T cells <linkTheme>to</linkTheme> an oligonucleotide comprising the GM-CSF promoter element responsible for mediating responsiveness to T-cell-activating signals and tax1.</clue>
<comment>TPS: A5</comment></event>
<event id="E30">
<type class="Positive_regulation"/>
<theme idref="T34"/>
<clue>Using electrophoretic mobility shift assays, we showed binding of purified human NF-kappa B and of the NF-kappa B <clueType>activated</clueType> <clueLoc>in Jurkat T cells</clueLoc> to an oligonucleotide comprising the GM-CSF promoter element responsible for mediating responsiveness to T-cell-activating signals and tax1.</clue>
</event>
<event KT="Fact" id="E31">
<type class="Positive_regulation"/>
<theme idref="E33"/>
<cause idref="T37"/>
<clue>Using electrophoretic mobility shift assays, we showed binding of purified human NF-kappa B and of the NF-kappa B activated in Jurkat T cells to an oligonucleotide comprising the GM-CSF promoter element <clueType>responsible for mediating</clueType> responsiveness to T-cell-activating signals and tax1.</clue>
</event>
<event KT="Fact" id="E32">
<type class="Positive_regulation"/>
<theme idref="E34"/>
<cause idref="T37"/>
<clue>Using electrophoretic mobility shift assays, we showed binding of purified human NF-kappa B and of the NF-kappa B activated in Jurkat T cells to an oligonucleotide comprising the GM-CSF promoter element <clueType>responsible for mediating</clueType> responsiveness to T-cell-activating signals and tax1.</clue>
</event>
<event KT="Other" id="E33">
<type class="Regulation"/>
<theme idref="T38"/>
<cause idref="T39"/>
<clue>Using electrophoretic mobility shift assays, we showed binding of purified human NF-kappa B and of the NF-kappa B activated in Jurkat T cells to an oligonucleotide comprising the GM-CSF promoter element responsible for mediating <clueType>responsiveness</clueType> <linkCause>to</linkCause> T-cell-activating signals and tax1.</clue>
</event>
<event KT="Other" id="E34">
<type class="Regulation"/>
<theme idref="T38"/>
<cause idref="T40"/>
<clue>Using electrophoretic mobility shift assays, we showed binding of purified human NF-kappa B and of the NF-kappa B activated in Jurkat T cells to an oligonucleotide comprising the GM-CSF promoter element responsible for mediating <clueType>responsiveness</clueType> <linkCause>to</linkCause> T-cell-activating signals and tax1.</clue>
</event>
<sentence id="S7">As shown by a <term id="T41" lex="methylation_interference_analysis" sem="Other">methylation interference analysis</term> and oligonucleotide competition experiments, purified <term id="T42" lex="NF-kappa_B" sem="Protein_molecule">NF-kappa B</term> binds at <term id="T43" lex="position_-82_to_-91" sem="DNA_domain_or_region">positions -82 to -91</term> (<term id="T44" lex="GGGAACTACC" sem="Polynucleotide">GGGAACTACC</term>) of the <term id="T45" lex="GM-CSF_promoter" sem="DNA_domain_or_region"><term id="T46" lex="GM-CSF" sem="Protein_molecule">GM-CSF</term> promoter</term> sequence with an <term id="T47" lex="affinity" sem="Other">affinity</term> similar to that with which it binds to the <term id="T48" lex="biologically_functional_kappa_B_motif" sem="DNA_domain_or_region">biologically functional kappa B motif</term> in the <term id="T49" lex="beta_interferon_promoter" sem="DNA_domain_or_region">beta interferon promoter</term> (<term id="T50" lex="GGGAAATTCC" sem="Polynucleotide">GGGAAATTCC</term>).</sentence>
<event KT="Analysis" LT="Propositional" id="E37">
<type class="Binding"/>
<theme idref="T42"/>
<theme idref="T45"/>
<clue>As <clueKT>shown</clueKT> <clueExperiment>by a methylation interference analysis and oligonucleotide competition experiments</clueExperiment>, purified NF-kappa B <clueType>binds</clueType> <linkTheme>at</linkTheme> positions -82 to -91 (GGGAACTACC) of the GM-CSF promoter sequence with an affinity similar to that with which it binds to the biologically functional kappa B motif in the beta interferon promoter (GGGAAATTCC).</clue>
</event>
<event KT="Fact" LT="Propositional" id="E38">
<type class="Binding"/>
<theme idref="T42"/>
<theme idref="T48"/>
<clue>As shown <clueExperiment>by a methylation interference analysis and oligonucleotide competition experiments</clueExperiment>, purified NF-kappa B binds at positions -82 to -91 (GGGAACTACC) of the GM-CSF promoter sequence with an affinity similar to that with which it <clueType>binds</clueType> <linkTheme>to</linkTheme> the biologically functional kappa B motif in the beta interferon promoter (GGGAAATTCC).</clue>
</event>
<sentence id="S8">Two <term id="T51" lex="kappa_B-like_motif" sem="DNA_family_or_group">kappa B-like motifs</term> at <term id="T52" lex="position_-98_to_-108" sem="DNA_domain_or_region">positions -98 to -108</term> of the <term id="T53" lex="GM-CSF_promoter" sem="DNA_domain_or_region"><term id="T54" lex="GM-CSF" sem="Protein_molecule">GM-CSF</term> promoter</term> were also recognized but with much lower affinities.</sentence>
<event LT="Propositional" id="E39">
<type class="Binding"/>
<theme idref="T42"/>
<theme idref="T51" idref1="T53"/>
<clue>Two kappa B-like motifs at positions -98 to -108 of the GM-CSF promoter were also <clueType>recognized</clueType> but with much lower affinities.</clue>
<comment>NO COREFTHEME for T42</comment></event>
<event LT="Propositional" id="E40">
<type class="Binding"/>
<theme idref="T42"/>
<theme idref="T51" idref1="T53"/>
<clue>Two kappa B-like motifs at positions -98 to -108 of the GM-CSF promoter were also <clueType>recognized</clueType> but with much lower affinities.</clue>
<comment>NO COREFTHEME for T42</comment></event>
<sentence id="S9">Our data provide strong evidence that the expression of the <term id="T55" lex="GM-CSF_gene" sem="DNA_domain_or_region"><term id="T56" lex="GM-CSF" sem="Protein_molecule">GM-CSF</term> gene</term> following <term id="T57" lex="T-cell_activation" sem="Other"><term id="A4" sem="Cell_natural">T-cell</term> activation</term> is controlled by binding of the <term id="T58" lex="NF-kappa_B_transcription_factor" sem="Protein_molecule"><term id="T59" lex="NF-kappa_B" sem="Protein_molecule">NF-kappa B</term> transcription factor</term> to a <term id="T60" lex="high-affinity_binding_site" sem="DNA_domain_or_region">high-affinity binding site</term> in the <term id="T61" lex="GM-CSF_promoter" sem="DNA_domain_or_region"><term id="T62" lex="GM-CSF" sem="Protein_molecule">GM-CSF</term> promoter</term>.</sentence>
<event KT="Other" id="E41">
<type class="Positive_regulation"/>
<theme idref="E45"/>
<cause idref="E42"/>
<clue>Our data provide strong evidence that the expression of the GM-CSF gene <linkCause>following</linkCause> T-cell activation is controlled by binding of the NF-kappa B transcription factor to a high-affinity binding site in the GM-CSF promoter.</clue>
<comment>NO CLUETYPE</comment></event>
<event KT="Other" id="E45">
<type class="Gene_expression"/>
<theme idref="T56"/>
<clue>Our data provide strong evidence that the <clueType>expression</clueType> <linkTheme>of</linkTheme> the GM-CSF gene following T-cell activation is controlled by binding of the NF-kappa B transcription factor to a high-affinity binding site in the GM-CSF promoter.</clue>
</event>
<event KT="Method" id="E42">
<type class="Physiological_process"/>
<theme idref="A4"/>
<clue>Our data provide strong evidence that the expression of the GM-CSF gene following T-cell <clueType>activation</clueType> is controlled by binding of the NF-kappa B transcription factor to a high-affinity binding site in the GM-CSF promoter.</clue>
</event>
<event KT="Other" id="E43">
<type class="Binding"/>
<theme idref="T59"/>
<theme idref="T61"/>
<clue>Our data provide strong evidence that the expression of the GM-CSF gene following T-cell activation is controlled by <clueType>binding</clueType> <linkTheme>of</linkTheme> the NF-kappa B transcription factor <linkTheme>to</linkTheme> a high-affinity binding site in the GM-CSF promoter.</clue>
</event>
<event CL="L2" KT="Analysis" LT="Propositional" id="E44">
<type class="Regulation"/>
<theme idref="E41"/>
<cause idref="E43"/>
<clue>Our data <clueKT>provide <clueCL>strong evidence</clueCL></clueKT> that the expression of the GM-CSF gene following T-cell activation is <clueType>controlled</clueType> <linkCause>by</linkCause> binding of the NF-kappa B transcription factor to a high-affinity binding site in the GM-CSF promoter.</clue>
</event>
</AbstractText>
</Abstract></Article></MedlineCitation></PubmedArticle></PubmedArticleSet></Annotation>
