<?xml version='1.0'?><!DOCTYPE Annotation PUBLIC "//GENIA//DTD GENIA ANNOTATION EVENT 2.0//EN_Modified" "../ModifiedGENIAtypes/Modified_GENIA_event_20.dtd"><Annotation annotates="http://www.ncbi.nlm.nih.gov/entrez/eutils/efetch.fcgi?db=pubmed&amp;retmode=xml&amp;rettype=medline&amp;id=7479915" created="13/04/2006" creator="Noriko Katsu"><PubmedArticleSet><PubmedArticle><MedlineCitation>
<PMID>7479915</PMID>
<Article>
<ArticleTitle>
<sentence id="S1">Coexpression of <term id="T1" lex="NF-kappa_B/Rel" sem="Protein_molecule"><term id="T2" lex="NF-kappa_B" sem="Protein_molecule">NF-kappa B</term>/Rel</term> and <term id="T3" lex="Sp1" sem="Protein_molecule">Sp1</term> <term id="T4" lex="transcription_factor" sem="Protein_family_or_group">transcription factors</term> in <term id="T5" lex="human_immunodeficiency_virus_1-induced,_dendritic_cell-T-cell_syncytia" sem="Other"><term id="T6" lex="human_immunodeficiency_virus_1" sem="Virus">human immunodeficiency virus 1</term>-induced, <term id="A4" sem="Cell_natural">dendritic cell</term>-<term id="A5" sem="Cell_natural">T-cell</term> syncytia</term>.</sentence>
<event KT="Investigation" id="E1">
<type class="Gene_expression"/>
<theme idref="T1"/>
<clue><clueType>Coexpression</clueType> <linkTheme>of</linkTheme> NF-kappa B/Rel and Sp1 transcription factors <clueLoc>in human immunodeficiency virus 1-induced, dendritic cell-T-cell syncytia</clueLoc>.</clue>
</event>
<event KT="Investigation" id="E2">
<type class="Gene_expression"/>
<theme idref="T3"/>
<clue><clueType>Coexpression</clueType> <linkTheme>of</linkTheme> NF-kappa B/Rel and Sp1 transcription factors <clueLoc>in human immunodeficiency virus 1-induced, dendritic cell-T-cell syncytia</clueLoc>.</clue>
</event>
<event KT="Other" id="E3">
<type class="Cellular_physiological_process"/>
<theme idref="A4"/>
<theme idref="A5"/>
<clue>Coexpression of NF-kappa B/Rel and Sp1 transcription factors in human immunodeficiency virus 1-induced, dendritic cell-T-cell <clueType>syncytia</clueType>.</clue>
</event>
<event KT="Other" id="E43">
<type class="Positive_regulation"/>
<theme idref="E3"/>
<cause idref="T6"/>
<clue>Coexpression of NF-kappa B/Rel and Sp1 transcription factors in human immunodeficiency virus 1-<clueType>induced</clueType>, dendritic cell-T-cell syncytia.</clue>
</event>
</ArticleTitle>
<Abstract>
<AbstractText>
<sentence id="S2">Productive infection of <term id="T7" lex="T_cell" sem="Cell_natural">T cells</term> with <term id="T8" lex="human_immunodeficiency_virus_1" sem="Virus">human immunodeficiency virus 1</term> (<term id="T9" lex="HIV-1" sem="Virus">HIV-1</term>) typically requires that the <term id="T10" lex="T_cell" sem="Cell_natural">T cells</term> be stimulated with <term id="T11" lex="antigen" sem="Other">antigens</term> or <term id="T12" lex="mitogen" sem="Other">mitogens</term>.</sentence>
<event KT="Other" id="E4">
<type class="Initiation_of_viral_infection"/>
<theme idref="T7"/>
<theme idref="T9"/>
<clue><clueType>Productive infection</clueType> <linkTheme>of</linkTheme> T cells <linkTheme>with</linkTheme> human immunodeficiency virus 1 (HIV-1) typically requires that the T cells be stimulated with antigens or mitogens.</clue>
</event>
<event KT="Other" id="E5">
<type class="Physiological_process"/>
<theme idref="T10"/>
<cause idref="T11"/>
<clue>Productive infection of T cells with human immunodeficiency virus 1 (HIV-1) typically requires that the T cells be <clueType>stimulated</clueType> <linkCause>with</linkCause> antigens or mitogens.</clue>
</event>
<event KT="Other" id="E6">
<type class="Physiological_process"/>
<theme idref="T10"/>
<cause idref="T12"/>
<clue>Productive infection of T cells with human immunodeficiency virus 1 (HIV-1) typically requires that the T cells be <clueType>stimulated</clueType> <linkCause>with</linkCause> antigens or mitogens.</clue>
</event>
<event KT="Fact" id="E7">
<type class="Positive_regulation"/>
<theme idref="E4"/>
<cause idref="E5"/>
<clue>Productive infection of T cells with human immunodeficiency virus 1 (HIV-1) typically <clueType>requires</clueType> that the T cells be stimulated with antigens or mitogens.</clue>
</event>
<event KT="Fact" id="E8">
<type class="Positive_regulation"/>
<theme idref="E4"/>
<cause idref="E6"/>
<clue>Productive infection of T cells with human immunodeficiency virus 1 (HIV-1) typically <clueType>requires</clueType> that the T cells be stimulated with antigens or mitogens.</clue>
</event>
<sentence id="S3">This requirement has been attributed to the activation of the <term id="T13" lex="transcription_factor" sem="Protein_family_or_group">transcription factor</term> <term id="T14" lex="NF-kappa_B" sem="Protein_molecule">NF-kappa B</term>, which synergizes with the <term id="T15" lex="constitutive_transcription_factor" sem="Protein_family_or_group">constitutive transcription factor</term> <term id="T16" lex="Sp1" sem="Protein_molecule">Sp1</term> to drive the <term id="T17" lex="HIV-1_promoter" sem="DNA_domain_or_region"><term id="T18" lex="HIV-1" sem="Virus">HIV-1</term> promoter</term>.</sentence>
<event KT="Other" id="E9">
<type class="Positive_regulation"/>
<theme idref="T14"/>
<clue>This requirement has been attributed to the <clueType>activation</clueType> <linkTheme>of</linkTheme> the transcription factor NF-kappa B, which synergizes with the constitutive transcription factor Sp1 to drive the HIV-1 promoter.</clue>
</event>
<event KT="Fact" id="E10">
<type class="Positive_regulation"/>
<theme idref="T17"/>
<cause idref="T14"/>
<cause idref="T16"/>
<clue>This requirement has been attributed to the activation of the transcription factor NF-kappa B, which <clueType>synergizes</clueType> with the constitutive transcription factor Sp1 to <clueType>drive</clueType> the HIV-1 promoter.</clue>
</event>
<sentence id="S4">Recently, we have found that vigorous replication of <term id="T19" lex="HIV-1" sem="Virus">HIV-1</term> takes place in nonactivated <term id="T20" lex="memory_T_cell" sem="Cell_natural">memory <term id="T21" lex="T_cell" sem="Cell_natural">T cells</term></term> after <term id="T22" lex="syncytium_formation" sem="Other">syncytium formation</term> with <term id="T23" lex="dendritic_cell" sem="Cell_natural">dendritic cells</term> (<term id="T24" lex="DC" sem="Cell_natural">DCs</term>).</sentence>
<event id="E13">
<type class="Viral_life_cycle"/>
<theme idref="T19"/>
<clue>Recently, we have found that vigorous <clueType>replication</clueType> <linkTheme>of</linkTheme> HIV-1 takes place <clueLoc>in nonactivated memory T cells</clueLoc> after syncytium formation with dendritic cells (DCs).</clue>
</event>
<event Source="Other" id="E12">
<type class="Positive_regulation"/>
<theme idref="E13"/>
<cause idref="E14"/>
<clue><clueSource>Recently</clueSource>, we have <clueKT>found</clueKT> that vigorous replication of HIV-1 takes place in nonactivated memory T cells <linkCause>after</linkCause> syncytium formation with dendritic cells (DCs).</clue>
<comment>NO CLUETYPE</comment></event>
<event id="E14">
<type class="Cellular_physiological_process"/>
<theme idref="T20"/>
<theme idref="T24"/>
<clue>Recently, we have found that vigorous replication of HIV-1 takes place in nonactivated memory T cells after <clueType>syncytium formation</clueType> <linkTheme>with</linkTheme> dendritic cells (DCs).</clue>
</event>
<sentence id="S5">These <term id="T25" lex="syncytia" sem="Other">syncytia</term> lack <term id="T26" lex="activated_cell" sem="Cell_natural">activated cells</term> as determined by an absence of staining for Ki-67 cell cycle antigen.</sentence>
<event KT="Analysis" Polarity="Negative" assertion="non-exist" id="E15">
<type class="Physiological_process"/>
<theme idref="T20"/>
<clue><clueLoc>These syncytia</clueLoc> <cluePolarity>lack</cluePolarity> <clueType>activated</clueType> cells as <clueExperiment><clueKT>determined</clueKT> by an absence of staining for Ki-67 cell cycle antigen</clueExperiment>.</clue>
</event>
<sentence id="S6">The expression and activity of <term id="T27" lex="NF-kappa_B" sem="Protein_molecule">NF-kappa B</term> and <term id="T28" lex="Sp1" sem="Protein_molecule">Sp1</term> were, therefore, analyzed in isolated <term id="T29" lex="T_cell" sem="Cell_natural">T cells</term> and <term id="T30" lex="DC" sem="Cell_natural">DCs</term> from <term id="T31" lex="human" sem="Multicellular_organism_natural">humans</term> and <term id="T32" lex="mice" sem="Multicellular_organism_natural">mice</term>.</sentence>
<event KT="Investigation" id="E16" uncertainty="doubtful">
<type class="Gene_expression"/>
<theme idref="T27"/>
<clue>The <clueType>expression</clueType> and activity <linkTheme>of</linkTheme> NF-kappa B and Sp1 were, therefore, <clueKT>analyzed</clueKT> <clueLoc>in isolated T cells</clueLoc> and DCs <clueLoc>from humans</clueLoc> and mice.</clue>
</event>
<event KT="Investigation" id="E30" uncertainty="doubtful">
<type class="Gene_expression"/>
<theme idref="T27"/>
<clue>The <clueType>expression</clueType> and activity <linkTheme>of</linkTheme> NF-kappa B and Sp1 were, therefore, <clueKT>analyzed</clueKT> <clueLoc>in isolated T cells</clueLoc> and DCs <clueLoc>from</clueLoc> humans and <clueLoc>mice</clueLoc>.</clue>
</event>
<event KT="Investigation" id="E35" uncertainty="doubtful">
<type class="Gene_expression"/>
<theme idref="T27"/>
<clue>The <clueType>expression</clueType> and activity <linkTheme>of</linkTheme> NF-kappa B and Sp1 were, therefore, <clueKT>analyzed</clueKT> <clueLoc>in isolated</clueLoc> T cells and <clueLoc>DCs from humans</clueLoc> and mice.</clue>
</event>
<event KT="Investigation" id="E45" uncertainty="doubtful">
<type class="Gene_expression"/>
<theme idref="T27"/>
<clue>The <clueType>expression</clueType> and activity <linkTheme>of</linkTheme> NF-kappa B and Sp1 were, therefore, <clueKT>analyzed</clueKT> <clueLoc>in isolated</clueLoc> T cells and <clueLoc>DCs from</clueLoc> humans and <clueLoc>mice</clueLoc>.</clue>
</event>
<event KT="Investigation" id="E17" uncertainty="doubtful">
<type class="Gene_expression"/>
<theme idref="T28"/>
<clue>The <clueType>expression</clueType> and activity <linkTheme>of</linkTheme> NF-kappa B and Sp1 were, therefore, <clueKT>analyzed</clueKT> <clueLoc>in isolated T cells</clueLoc> and DCs <clueLoc>from humans</clueLoc> and mice.</clue>
</event>
<event KT="Investigation" id="E47" uncertainty="doubtful">
<type class="Gene_expression"/>
<theme idref="T28"/>
<clue>The <clueType>expression</clueType> and activity <linkTheme>of</linkTheme> NF-kappa B and Sp1 were, therefore, <clueKT>analyzed</clueKT> <clueLoc>in isolated T cells</clueLoc> and DCs <clueLoc>from</clueLoc> humans and <clueLoc>mice</clueLoc>.</clue>
</event>
<event KT="Investigation" id="E48" uncertainty="doubtful">
<type class="Gene_expression"/>
<theme idref="T28"/>
<clue>The <clueType>expression</clueType> and activity <linkTheme>of</linkTheme> NF-kappa B and Sp1 were, therefore, <clueKT>analyzed</clueKT> <clueLoc>in isolated</clueLoc> T cells and <clueLoc>DCs from humans</clueLoc> and mice.</clue>
</event>
<event KT="Investigation" id="E49" uncertainty="doubtful">
<type class="Gene_expression"/>
<theme idref="T28"/>
<clue>The <clueType>expression</clueType> and activity <linkTheme>of</linkTheme> NF-kappa B and Sp1 were, therefore, <clueKT>analyzed</clueKT> <clueLoc>in isolated</clueLoc> T cells and <clueLoc>DCs from</clueLoc> humans and <clueLoc>mice</clueLoc>.</clue>
</event>
<event KT="Investigation" id="E18" uncertainty="doubtful">
<type class="Positive_regulation"/>
<theme idref="T27"/>
<clue>The expression and <clueType>activity</clueType> <linkTheme>of</linkTheme> NF-kappa B and Sp1 were, therefore, <clueKT>analyzed</clueKT> <clueLoc>in isolated T cells</clueLoc> and DCs <clueLoc>from humans</clueLoc> and mice.</clue>
</event>
<event KT="Investigation" id="E50" uncertainty="doubtful">
<type class="Positive_regulation"/>
<theme idref="T27"/>
<clue>The expression and <clueType>activity</clueType> <linkTheme>of</linkTheme> NF-kappa B and Sp1 were, therefore, <clueKT>analyzed</clueKT> <clueLoc>in isolated T cells</clueLoc> and DCs <clueLoc>from</clueLoc> humans and <clueLoc>mice</clueLoc>.</clue>
</event>
<event KT="Investigation" id="E51" uncertainty="doubtful">
<type class="Positive_regulation"/>
<theme idref="T27"/>
<clue>The expression and <clueType>activity</clueType> <linkTheme>of</linkTheme> NF-kappa B and Sp1 were, therefore, <clueKT>analyzed</clueKT> <clueLoc>in isolated</clueLoc> T cells and <clueLoc>DCs from humans</clueLoc> and mice.</clue>
</event>
<event KT="Investigation" id="E52" uncertainty="doubtful">
<type class="Positive_regulation"/>
<theme idref="T27"/>
<clue>The expression and <clueType>activity</clueType> <linkTheme>of</linkTheme> NF-kappa B and Sp1 were, therefore, <clueKT>analyzed</clueKT> <clueLoc>in isolated</clueLoc> T cells and <clueLoc>DCs from</clueLoc> humans and <clueLoc>mice</clueLoc>.</clue>
</event>
<event KT="Investigation" id="E19" uncertainty="doubtful">
<type class="Positive_regulation"/>
<theme idref="T28"/>
<clue>The expression and <clueType>activity</clueType> <linkTheme>of</linkTheme> NF-kappa B and Sp1 were, therefore, <clueKT>analyzed</clueKT> <clueLoc>in isolated T cells</clueLoc> and DCs <clueLoc>from humans</clueLoc> and mice.</clue>
</event>
<event KT="Investigation" id="E53" uncertainty="doubtful">
<type class="Positive_regulation"/>
<theme idref="T28"/>
<clue>The expression and <clueType>activity</clueType> <linkTheme>of</linkTheme> NF-kappa B and Sp1 were, therefore, <clueKT>analyzed</clueKT> <clueLoc>in isolated T cells</clueLoc> and DCs <clueLoc>from</clueLoc> humans and <clueLoc>mice</clueLoc>.</clue>
</event>
<event KT="Investigation" id="E54" uncertainty="doubtful">
<type class="Positive_regulation"/>
<theme idref="T28"/>
<clue>The expression and <clueType>activity</clueType> <linkTheme>of</linkTheme> NF-kappa B and Sp1 were, therefore, <clueKT>analyzed</clueKT> <clueLoc>in isolated</clueLoc> T cells and <clueLoc>DCs from humans</clueLoc> and mice.</clue>
</event>
<event KT="Investigation" id="E55" uncertainty="doubtful">
<type class="Positive_regulation"/>
<theme idref="T28"/>
<clue>The expression and <clueType>activity</clueType> <linkTheme>of</linkTheme> NF-kappa B and Sp1 were, therefore, <clueKT>analyzed</clueKT> <clueLoc>in isolated</clueLoc> T cells and <clueLoc>DCs from</clueLoc> humans and <clueLoc>mice</clueLoc>.</clue>
</event>
<sentence id="S7">We have used <term id="T33" lex="immunolabeling" sem="Other">immunolabeling</term>, <term id="T34" lex="Western_blot_analysis" sem="Other">Western blot analysis</term>, and <term id="T35" lex="electrophoretic_mobility_shift" sem="Other">electrophoretic mobility shift</term> and <term id="T36" lex="supershift_assay" sem="Other">supershift assays</term>.</sentence>
<sentence id="S8"><term id="T37" lex="T_cell" sem="Cell_natural">T cells</term> lack active <term id="T38" lex="NF-kappa_B" sem="Protein_molecule">NF-kappa B</term> but express <term id="T39" lex="Sp1" sem="Protein_molecule">Sp1</term> as expected.</sentence>
<event Polarity="Negative" assertion="non-exist" id="E20">
<type class="Positive_regulation"/>
<theme idref="T38"/>
<clue><clueLoc>T cells</clueLoc> <cluePolarity>lack</cluePolarity> <clueType>active</clueType> NF-kappa B but express Sp1 as expected.</clue>
</event>
<event id="E21">
<type class="Gene_expression"/>
<theme idref="T39"/>
<clue><clueLoc>T cells</clueLoc> lack active NF-kappa B but <clueType>express</clueType> Sp1 as expected.</clue>
</event>
<sentence id="S9"><term id="T40" lex="DC" sem="Cell_natural">DCs</term> express high levels of all known <term id="T41" lex="NF-kappa_B" sem="Protein_molecule">NF-kappa B</term> and <term id="T42" lex="Rel_protein" sem="Protein_molecule">Rel proteins</term>, with activity residing primarily within <term id="T43" lex="RelB" sem="Protein_molecule">RelB</term>, <term id="T44" lex="p50" sem="Protein_molecule">p50</term>, and <term id="T45" lex="p65" sem="Protein_molecule">p65</term>.</sentence>
<event id="E22">
<type class="Gene_expression"/>
<theme idref="T41"/>
<clue><clueLoc>DCs</clueLoc> <clueType>express</clueType> high levels of all known NF-kappa B and Rel proteins, with activity residing primarily within RelB, p50, and p65.</clue>
</event>
<event Manner="High" id="E29">
<type class="Positive_regulation"/>
<theme idref="E22"/>
<clue><clueLoc>DCs</clueLoc> express <clueType><clueManner>high levels</clueManner></clueType> <linkTheme>of</linkTheme> all known NF-kappa B and Rel proteins, with activity residing primarily within RelB, p50, and p65.</clue>
</event>
<event id="E23">
<type class="Gene_expression"/>
<theme idref="T42"/>
<clue><clueLoc>DCs</clueLoc> <clueType>express</clueType> high levels of all known NF-kappa B and Rel proteins, with activity residing primarily within RelB, p50, and p65.</clue>
</event>
<event Manner="High" id="E34">
<type class="Positive_regulation"/>
<theme idref="E23"/>
<clue><clueLoc>DCs</clueLoc> express <clueType><clueManner>high levels</clueManner></clueType> <linkTheme>of</linkTheme> all known NF-kappa B and Rel proteins, with activity residing primarily within RelB, p50, and p65.</clue>
</event>
<event id="E40">
<type class="Correlation"/>
<theme idref="E22"/>
<theme idref="E23"/>
<theme idref="T43"/>
<clue>DCs express high levels of all known NF-kappa B and Rel proteins, with activity <clueType>residing</clueType> primarily <linkTheme>within</linkTheme> RelB, p50, and p65.</clue>
</event>
<event id="E41">
<type class="Correlation"/>
<theme idref="E22"/>
<theme idref="E23"/>
<theme idref="T44"/>
<clue>DCs express high levels of all known NF-kappa B and Rel proteins, with activity <clueType>residing</clueType> primarily <linkTheme>within</linkTheme> RelB, p50, and p65.</clue>
</event>
<event id="E42">
<type class="Correlation"/>
<theme idref="E22"/>
<theme idref="E23"/>
<theme idref="T45"/>
<clue>DCs express high levels of all known NF-kappa B and Rel proteins, with activity <clueType>residing</clueType> primarily <linkTheme>within</linkTheme> RelB, p50, and p65.</clue>
</event>
<sentence id="S10">However, <term id="T46" lex="DC" sem="Cell_natural">DCs</term> lack <term id="T47" lex="Sp1" sem="Protein_molecule">Sp1</term>, which may explain the failure of <term id="T48" lex="HIV-1" sem="Virus">HIV-1</term> to replicate in purified <term id="T49" lex="DC" sem="Cell_natural">DCs</term>.</sentence>
<event Polarity="Negative" assertion="non-exist" id="E24">
<type class="Positive_regulation"/>
<theme idref="T47"/>
<clue>However, <clueLoc>DCs</clueLoc> <clueType><cluePolarity>lack</cluePolarity></clueType> Sp1, which may explain the failure of HIV-1 to replicate in purified DCs.</clue>
</event>
<event KT="Other" Polarity="Negative" assertion="non-exist" id="E25">
<type class="Viral_life_cycle"/>
<theme idref="T48"/>
<clue>However, DCs lack Sp1, which may explain the <cluePolarity>failure</cluePolarity> <linkTheme>of</linkTheme> HIV-1 to <clueType>replicate</clueType> <clueLoc>in purified DCs</clueLoc>.</clue>
</event>
<sentence id="S11">Coexpression of <term id="T50" lex="NF-kappa_B" sem="Protein_molecule">NF-kappa B</term> and <term id="T51" lex="Sp1" sem="Protein_molecule">Sp1</term> occurs in the <term id="T52" lex="heterologous_DC-T-cell_syncytia" sem="Cell_natural">heterologous <term id="A1" sem="Cell_natural">DC</term>-<term id="A2" sem="Cell_natural">T-cell</term> syncytia</term> that are induced by <term id="T53" lex="HIV-1" sem="Virus">HIV-1</term>.</sentence>
<event id="E26">
<type class="Positive_regulation"/>
<theme idref="E27"/>
<cause idref="T53"/>
<clue>Coexpression of NF-kappa B and Sp1 occurs in the heterologous DC-T-cell syncytia that are <clueType>induced</clueType> <linkCause>by</linkCause> HIV-1.</clue>
</event>
<event id="E27">
<type class="Cellular_physiological_process"/>
<theme idref="A1"/>
<theme idref="A2"/>
<clue>Coexpression of NF-kappa B and Sp1 occurs in the heterologous DC-T-cell <clueType>syncytia</clueType> that are induced by HIV-1.</clue>
</event>
<event id="E28">
<type class="Gene_expression"/>
<theme idref="T50"/>
<clue><clueType>Coexpression</clueType> <linkTheme>of</linkTheme> NF-kappa B and Sp1 occurs <clueLoc>in the heterologous DC-T-cell syncytia that are induced by HIV-1</clueLoc>.</clue>
</event>
<event id="E11">
<type class="Gene_expression"/>
<theme idref="T51"/>
<clue><clueType>Coexpression</clueType> <linkTheme>of</linkTheme> NF-kappa B and Sp1 occurs <clueLoc>in the heterologous DC-T-cell syncytia that are induced by HIV-1</clueLoc>.</clue>
</event>
<sentence id="S12">Therefore, <term id="T54" lex="HIV-1-induced_cell_fusion" sem="Other"><term id="T55" lex="HIV-1" sem="Virus">HIV-1</term>-induced <term id="A6" sem="Other">cell fusion</term></term> brings together <term id="A3" sem="Protein_molecule">factors</term> that upregulate <term id="T56" lex="virus_transcription" sem="Other">virus transcription</term>.</sentence>
<event KT="Other" id="E44">
<type class="Positive_regulation"/>
<theme idref="A6"/>
<cause idref="T55"/>
<clue>Therefore, HIV-1-<clueType>induced</clueType> cell fusion brings together factors that upregulate virus transcription.</clue>
</event>
<event KT="Other" id="E31">
<type class="Positive_regulation"/>
<theme idref="T56"/>
<cause idref="A3"/>
<clue>Therefore, HIV-1-induced cell fusion brings together factors that <clueType>upregulate</clueType> virus transcription.</clue>
</event>
<event KT="Analysis" id="E32">
<type class="Positive_regulation"/>
<theme idref="E31"/>
<cause idref="E44"/>
<clue><clueKT>Therefore</clueKT>, HIV-1-induced cell fusion <clueType>brings together</clueType> factors that upregulate virus transcription.</clue>
</event>
<sentence id="S13">Since <term id="T57" lex="DC" sem="Cell_natural">DCs</term> and memory <term id="T58" lex="T_cell" sem="Cell_natural">T cells</term> frequently traffic together in situ, these unusual <term id="T59" lex="heterologous_syncytia" sem="Cell_natural">heterologous syncytia</term> could develop in <term id="T60" lex="infected_individual" sem="Multicellular_organism_natural">infected individuals</term> and lead to <term id="T61" lex="chronic_HIV-1_replication" sem="Other">chronic <term id="T62" lex="HIV-1" sem="Virus">HIV-1</term> replication</term> without <term id="T63" lex="ostensible_immune_stimulation" sem="Other">ostensible immune stimulation</term>.</sentence>
<event KT="Fact" id="E33">
<type class="Cellular_physiological_process"/>
<theme idref="T57"/>
<clue>Since DCs and memory T cells <clueKT>frequently</clueKT> <clueType>traffic together</clueType> in situ, these unusual heterologous syncytia could develop in infected individuals and lead to chronic HIV-1 replication without ostensible immune stimulation.</clue>
</event>
<event KT="Fact" id="E46">
<type class="Cellular_physiological_process"/>
<theme idref="T58"/>
<clue>Since DCs and memory T cells <clueKT>frequently</clueKT> <clueType>traffic together</clueType> in situ, these unusual heterologous syncytia could develop in infected individuals and lead to chronic HIV-1 replication without ostensible immune stimulation.</clue>
</event>
<event CL="L1" KT="Analysis" id="E36">
<type class="Cellular_physiological_process"/>
<theme idref="T59"/>
<clue>Since DCs and memory T cells frequently traffic together in situ, these unusual heterologous syncytia <clueKT><clueCL>could</clueCL></clueKT> <clueType>develop</clueType> <clueLoc>in infected individuals</clueLoc> and lead to chronic HIV-1 replication without ostensible immune stimulation.</clue>
</event>
<event CL="L1" KT="Analysis" id="E37">
<type class="Positive_regulation"/>
<theme idref="E38"/>
<cause idref="E36"/>
<clue>Since DCs and memory T cells frequently traffic together in situ, these unusual heterologous syncytia <clueKT><clueCL>could</clueCL></clueKT> develop in infected individuals and <clueType>lead</clueType> <linkTheme>to</linkTheme> chronic HIV-1 replication without ostensible immune stimulation.</clue>
</event>
<event KT="Other" id="E38">
<type class="Viral_life_cycle"/>
<theme idref="T62"/>
<clue>Since DCs and memory T cells frequently traffic together in situ, these unusual heterologous syncytia could develop in infected individuals and lead to chronic HIV-1 <clueType>replication</clueType> without ostensible immune stimulation.</clue>
</event>
<event CL="L1" KT="Analysis" Polarity="Negative" assertion="non-exist" id="E39">
<type class="Positive_regulation"/>
<theme idref="T63"/>
<cause idref="E36"/>
<clue>Since DCs and memory T cells frequently traffic together in situ, these unusual heterologous syncytia <clueKT><clueCL>could</clueCL></clueKT> develop in infected individuals and <clueType>lead</clueType> to chronic HIV-1 replication <linkTheme><cluePolarity>without</cluePolarity></linkTheme> ostensible immune stimulation.</clue>
</event>
</AbstractText>
</Abstract></Article></MedlineCitation></PubmedArticle></PubmedArticleSet></Annotation>
