<?xml version='1.0'?><!DOCTYPE Annotation PUBLIC "//GENIA//DTD GENIA ANNOTATION EVENT 2.0//EN_Modified" "../ModifiedGENIAtypes/Modified_GENIA_event_20.dtd"><Annotation annotates="http://www.ncbi.nlm.nih.gov/entrez/eutils/efetch.fcgi?db=pubmed&amp;retmode=xml&amp;rettype=medline&amp;id=7510689" created="14/04/2006" creator="Noriko Katsu"><PubmedArticleSet><PubmedArticle><MedlineCitation>
<PMID>7510689</PMID>
<Article>
<ArticleTitle>
<sentence id="S1"><term id="T1" lex="thrombin" sem="Protein_molecule">Thrombin</term> and <term id="T2" lex="thrombin_receptor_agonist_peptide" sem="Peptide"><term id="T3" lex="thrombin_receptor" sem="Protein_family_or_group">thrombin receptor</term> agonist peptide</term> induce early events of <term id="T4" lex="T_cell_activation" sem="Other"><term id="A1" sem="Cell_natural">T cell</term> activation</term> and synergize with <term id="T5" lex="TCR_cross-linking" sem="Other"><term id="T6" lex="TCR" sem="Protein_family_or_group">TCR</term> cross-linking</term> for <term id="T7" lex="CD69_expression" sem="Other"><term id="T8" lex="CD69" sem="Protein_molecule">CD69</term> expression</term> and <term id="A2" sem="Protein_molecule">interleukin 2</term> production.</sentence>
<event id="E1">
<type class="Physiological_process"/>
<theme idref="A1"/>
<clue>Thrombin and thrombin receptor agonist peptide induce early events of T cell <clueType>activation</clueType> and synergize with TCR cross-linking for CD69 expression and interleukin 2 production.</clue>
</event>
<event id="E2">
<type class="Positive_regulation"/>
<theme idref="E1"/>
<cause idref="T1"/>
<clue>Thrombin and thrombin receptor agonist peptide <clueType>induce</clueType> <clueTime>early events</clueTime> <linkTheme>of</linkTheme> T cell activation and synergize with TCR cross-linking for CD69 expression and interleukin 2 production.</clue>
</event>
<event id="E3">
<type class="Positive_regulation"/>
<theme idref="E1"/>
<cause idref="T2"/>
<clue>Thrombin and thrombin receptor agonist peptide <clueType>induce</clueType> <clueTime>early events</clueTime> <linkTheme>of</linkTheme> T cell activation and synergize with TCR cross-linking for CD69 expression and interleukin 2 production.</clue>
</event>
<event id="E4">
<type class="Gene_expression"/>
<theme idref="T8"/>
<clue>Thrombin and thrombin receptor agonist peptide induce early events of T cell activation and synergize with TCR cross-linking for CD69 <clueType>expression</clueType> and interleukin 2 production.</clue>
</event>
<event id="E5">
<type class="Gene_expression"/>
<theme idref="A2"/>
<clue>Thrombin and thrombin receptor agonist peptide induce early events of T cell activation and synergize with TCR cross-linking for CD69 expression and interleukin 2 <clueType>production</clueType>.</clue>
</event>
<event id="E6">
<type class="Binding"/>
<theme idref="T6"/>
<clue>Thrombin and thrombin receptor agonist peptide induce early events of T cell activation and synergize with TCR <clueType>cross-linking</clueType> for CD69 expression and interleukin 2 production.</clue>
</event>
<event id="E7">
<type class="Positive_regulation"/>
<theme idref="E4"/>
<cause idref="T1"/>
<cause idref="E6"/>
<clue>Thrombin and thrombin receptor agonist peptide induce early events of T cell activation and <clueType>synergize</clueType> with TCR cross-linking <linkTheme>for</linkTheme> CD69 expression and interleukin 2 production.</clue>
</event>
<event id="E8">
<type class="Positive_regulation"/>
<theme idref="E4"/>
<cause idref="T2"/>
<cause idref="E6"/>
<clue>Thrombin and thrombin receptor agonist peptide induce early events of T cell activation and <clueType>synergize</clueType> with TCR cross-linking <linkTheme>for</linkTheme> CD69 expression and interleukin 2 production.</clue>
</event>
<event id="E9">
<type class="Positive_regulation"/>
<theme idref="E5"/>
<cause idref="T1"/>
<cause idref="E6"/>
<clue>Thrombin and thrombin receptor agonist peptide induce early events of T cell activation and <clueType>synergize</clueType> with TCR cross-linking <linkTheme>for</linkTheme> CD69 expression and interleukin 2 production.</clue>
</event>
<event id="E10">
<type class="Positive_regulation"/>
<theme idref="E5"/>
<cause idref="T2"/>
<cause idref="E6"/>
<clue>Thrombin and thrombin receptor agonist peptide induce early events of T cell activation and <clueType>synergize</clueType> with TCR cross-linking <linkTheme>for</linkTheme> CD69 expression and interleukin 2 production.</clue>
</event>
</ArticleTitle>
<Abstract>
<AbstractText>
<sentence id="S2"><term id="T9" lex="thrombin" sem="Protein_molecule">Thrombin</term> stimulation of the <term id="T10" lex="T_leukemic_cell_line_Jurkat" sem="Cell_cultured">T leukemic cell line Jurkat</term> induced a <term id="T11" lex="transient_increase" sem="Other">transient increase</term> in <term id="T12" lex="[Ca2+]i" sem="Other">[<term id="T13" lex="Ca2+" sem="Element">Ca2+</term>]i</term>.</sentence>
<event id="E13">
<type class="Physiological_process"/>
<theme idref="T10"/>
<cause idref="T9"/>
<clue>Thrombin <clueType>stimulation</clueType> <linkTheme>of</linkTheme> the T leukemic cell line Jurkat induced a transient increase in [Ca2+]i.</clue>
</event>
<event id="E14">
<type class="Positive_regulation"/>
<theme idref="T12"/>
<clue>Thrombin stimulation of the T leukemic cell line Jurkat induced a transient <clueType>increase</clueType> <linkTheme>in</linkTheme> [Ca2+]i.</clue>
</event>
<event id="E15">
<type class="Positive_regulation"/>
<theme idref="E14"/>
<cause idref="E13"/>
<clue>Thrombin stimulation of the T leukemic cell line Jurkat <clueType>induced</clueType> a transient increase in [Ca2+]i.</clue>
</event>
<sentence id="S3"><term id="T14" lex="proteolytic_activity" sem="Other">Proteolytic activity</term> of the <term id="T15" lex="enzyme" sem="Protein_family_or_group">enzyme</term> was required for this effect since <term id="T16" lex="diisopropyl_fluorophosphate-thrombin" sem="Protein_molecule">diisopropyl fluorophosphate-thrombin</term> failed to increase <term id="T17" lex="[Ca2+]i" sem="Other">[<term id="T18" lex="Ca2+" sem="Element">Ca2+</term>]i</term>.</sentence>
<event id="E16">
<type class="Positive_regulation"/>
<cause idref="T9"/>
<clue><clueType>Proteolytic activity</clueType> <linkCause>of</linkCause> <corefCause>the enzyme</corefCause> was required for this effect since diisopropyl fluorophosphate-thrombin failed to increase [Ca2+]i.</clue>
<comment>NO THEME</comment></event>
<event id="E17">
<type class="Positive_regulation"/>
<theme idref="E15"/>
<cause idref="E16"/>
<clue>Proteolytic activity of the enzyme was <clueType>required</clueType> <linkTheme>for</linkTheme> <corefTheme>this effect</corefTheme> since diisopropyl fluorophosphate-thrombin failed to increase [Ca2+]i.</clue>
</event>
<event Polarity="Negative" assertion="non-exist" id="E18">
<type class="Positive_regulation"/>
<theme idref="T17"/>
<cause idref="T16"/>
<clue>Proteolytic activity of the enzyme was required for this effect since diisopropyl fluorophosphate-thrombin <cluePolarity>failed to</cluePolarity> <clueType>increase</clueType> [Ca2+]i.</clue>
</event>
<sentence id="S4">Furthermore, <term id="T19" lex="hirudin" sem="Peptide">hirudin</term> and <term id="T20" lex="anti-thrombin_III" sem="Protein_family_or_group">anti-thrombin III</term> inhibited the <term id="T21" lex="thrombin-induced_[Ca2+]i_rise" sem="Other"><term id="A3" sem="Protein_molecule">thrombin</term>-induced <term id="T22" lex="[Ca2+]i" sem="Other">[<term id="T23" lex="Ca2+" sem="Element">Ca2+</term>]i</term> rise</term> in <term id="T24" lex="Jurkat_T_cell" sem="Cell_cultured">Jurkat T cells</term>.</sentence>
<event id="E19">
<type class="Negative_regulation"/>
<theme idref="E21"/>
<cause idref="T19"/>
<clue>Furthermore, hirudin and anti-thrombin III <clueType>inhibited</clueType> the thrombin-induced [Ca2+]i rise in Jurkat T cells.</clue>
</event>
<event id="E20">
<type class="Negative_regulation"/>
<theme idref="E21"/>
<cause idref="T20"/>
<clue>Furthermore, hirudin and anti-thrombin III <clueType>inhibited</clueType> the thrombin-induced [Ca2+]i rise in Jurkat T cells.</clue>
</event>
<event KT="Other" id="E21">
<type class="Positive_regulation"/>
<theme idref="E22"/>
<cause idref="A3"/>
<clue>Furthermore, hirudin and anti-thrombin III inhibited the thrombin-<clueType>induced</clueType> [Ca2+]i rise <clueLoc>in Jurkat T cells</clueLoc>.</clue>
</event>
<event KT="Other" id="E22">
<type class="Positive_regulation"/>
<theme idref="T22"/>
<clue>Furthermore, hirudin and anti-thrombin III inhibited the thrombin-induced [Ca2+]i <clueType>rise</clueType> in Jurkat T cells.</clue>
</event>
<sentence id="S5">A synthetic <term id="T25" lex="thrombin_receptor_agonist_peptide" sem="Peptide"><term id="T26" lex="thrombin_receptor" sem="Protein_family_or_group">thrombin receptor</term> agonist peptide</term> (<term id="T27" lex="TRP" sem="Peptide">TRP</term>) of <term id="T28" lex="7_residue" sem="Peptide">7 residues</term> (<term id="T29" lex="SFLLRNP" sem="Peptide">SFLLRNP</term>) was found to be as effective as <term id="T30" lex="thrombin" sem="Protein_molecule">thrombin</term> for <term id="T31" lex="[Ca2+]i" sem="Other">[<term id="T32" lex="Ca2+" sem="Element">Ca2+</term>]i</term> mobilization, and both agonists induced <term id="T33" lex="Ca2+" sem="Element">Ca2+</term> release exclusively from <term id="T34" lex="internal_store" sem="Cell_component">internal stores</term>.</sentence>
<event id="E23">
<type class="Positive_regulation"/>
<theme idref="E24"/>
<cause idref="T27"/>
<clue>A synthetic thrombin receptor agonist peptide (TRP) of 7 residues (SFLLRNP) was <clueKT>found</clueKT> to be as <clueType>effective</clueType> as thrombin <linkTheme>for</linkTheme> [Ca2+]i mobilization, and both agonists induced Ca2+ release exclusively from internal stores.</clue>
</event>
<event id="E25">
<type class="Positive_regulation"/>
<theme idref="E24"/>
<cause idref="T30"/>
<clue>A synthetic thrombin receptor agonist peptide (TRP) of 7 residues (SFLLRNP) was <clueKT>found</clueKT> to be as <clueType>effective</clueType> as thrombin <linkTheme>for</linkTheme> [Ca2+]i mobilization, and both agonists induced Ca2+ release exclusively from internal stores.</clue>
<comment>CAUTION: SEE</comment></event>
<event id="E24">
<type class="Localization"/>
<theme idref="T32"/>
<clue>A synthetic thrombin receptor agonist peptide (TRP) of 7 residues (SFLLRNP) was found to be as effective as thrombin for [Ca2+]i <clueType>mobilization</clueType>, and both agonists induced Ca2+ release exclusively from internal stores.</clue>
</event>
<event id="E26">
<type class="Localization"/>
<theme idref="T33"/>
<clue>A synthetic thrombin receptor agonist peptide (TRP) of 7 residues (SFLLRNP) was found to be as effective as thrombin for [Ca2+]i mobilization, and both agonists induced Ca2+ <clueType>release</clueType> exclusively <clueLoc>from internal stores</clueLoc>.</clue>
</event>
<event id="E27">
<type class="Positive_regulation"/>
<theme idref="E26"/>
<cause idref="T27"/>
<clue>A synthetic thrombin receptor agonist peptide (TRP) of 7 residues (SFLLRNP) was found to be as effective as thrombin for [Ca2+]i mobilization, and both agonists <clueType>induced</clueType> Ca2+ release exclusively from internal stores.</clue>
</event>
<event id="E28">
<type class="Positive_regulation"/>
<theme idref="E26"/>
<cause idref="T30"/>
<clue>A synthetic thrombin receptor agonist peptide (TRP) of 7 residues (SFLLRNP) was found to be as effective as thrombin for [Ca2+]i mobilization, and both agonists <clueType>induced</clueType> Ca2+ release exclusively from internal stores.</clue>
</event>
<sentence id="S6"><term id="T35" lex="thrombin" sem="Protein_molecule">Thrombin</term> stimulated <term id="T36" lex="tyrosine_phosphorylation" sem="Other"><term id="T37" lex="tyrosine" sem="Amino_acid_monomer">tyrosine</term> phosphorylation</term> of several <term id="A4" sem="Protein_molecule">proteins</term> of <cons id="T38" lex="(AND molecular_mass_40_kDa molecular_mass_42_kDa molecular_mass_70_kDa molecular_mass_120_kDa molecular_mass_130_kDa)" sem="(AND Protein_molecule Protein_molecule Protein_molecule Protein_molecule Protein_molecule)"><frag id="F1"><term id="A5" sem="Protein_molecule">molecular mass</term></frag> <frag id="F2"><term id="A6" sem="Protein_molecule">40</term></frag>, <frag id="F3"><term id="A7" sem="Protein_molecule">42</term></frag>, <frag id="F4"><term id="A8" sem="Protein_molecule">70</term></frag>, <frag id="F5"><term id="A9" sem="Protein_molecule">120</term></frag>, and <frag id="F6"><term id="A10" sem="Protein_molecule">130</term></frag> <frag id="F7"><term id="A11" sem="Protein_molecule">kDa</term></frag></cons>.</sentence>
<event id="E29">
<type class="Protein_amino_acid_phosphorylation"/>
<theme idref="A4" idref1="A5" idref2="A6" idref3="A11"/>
<site idref="T37"/>
<clue>Thrombin stimulated tyrosine <clueType>phosphorylation</clueType> <linkTheme>of</linkTheme> several proteins of molecular mass 40, 42, 70, 120, and 130 kDa.</clue>
</event>
<event id="E30">
<type class="Protein_amino_acid_phosphorylation"/>
<theme idref="A4" idref1="A5" idref2="A7" idref3="A11"/>
<site idref="T37"/>
<clue>Thrombin stimulated tyrosine <clueType>phosphorylation</clueType> <linkTheme>of</linkTheme> several proteins of molecular mass 40, 42, 70, 120, and 130 kDa.</clue>
</event>
<event id="E31">
<type class="Protein_amino_acid_phosphorylation"/>
<theme idref="A4" idref1="A5" idref2="A8" idref3="A11"/>
<site idref="T37"/>
<clue>Thrombin stimulated tyrosine <clueType>phosphorylation</clueType> <linkTheme>of</linkTheme> several proteins of molecular mass 40, 42, 70, 120, and 130 kDa.</clue>
</event>
<event id="E32">
<type class="Protein_amino_acid_phosphorylation"/>
<theme idref="A4" idref1="A5" idref2="A9" idref3="A11"/>
<site idref="T37"/>
<clue>Thrombin stimulated tyrosine <clueType>phosphorylation</clueType> <linkTheme>of</linkTheme> several proteins of molecular mass 40, 42, 70, 120, and 130 kDa.</clue>
</event>
<event id="E33">
<type class="Protein_amino_acid_phosphorylation"/>
<theme idref="A4" idref1="A5" idref2="A10" idref3="A11"/>
<site idref="T37"/>
<clue>Thrombin stimulated tyrosine <clueType>phosphorylation</clueType> <linkTheme>of</linkTheme> several proteins of molecular mass 40, 42, 70, 120, and 130 kDa.</clue>
</event>
<event id="E34">
<type class="Positive_regulation"/>
<theme idref="E29"/>
<cause idref="T35"/>
<clue>Thrombin <clueType>stimulated</clueType> tyrosine phosphorylation of several proteins of molecular mass 40, 42, 70, 120, and 130 kDa.</clue>
</event>
<event id="E35">
<type class="Positive_regulation"/>
<theme idref="E30"/>
<cause idref="T35"/>
<clue>Thrombin <clueType>stimulated</clueType> tyrosine phosphorylation of several proteins of molecular mass 40, 42, 70, 120, and 130 kDa.</clue>
</event>
<event id="E36">
<type class="Positive_regulation"/>
<theme idref="E31"/>
<cause idref="T35"/>
<clue>Thrombin <clueType>stimulated</clueType> tyrosine phosphorylation of several proteins of molecular mass 40, 42, 70, 120, and 130 kDa.</clue>
</event>
<event id="E37">
<type class="Positive_regulation"/>
<theme idref="E32"/>
<cause idref="T35"/>
<clue>Thrombin <clueType>stimulated</clueType> tyrosine phosphorylation of several proteins of molecular mass 40, 42, 70, 120, and 130 kDa.</clue>
</event>
<event id="E38">
<type class="Positive_regulation"/>
<theme idref="E33"/>
<cause idref="T35"/>
<clue>Thrombin <clueType>stimulated</clueType> tyrosine phosphorylation of several proteins of molecular mass 40, 42, 70, 120, and 130 kDa.</clue>
</event>
<sentence id="S7">There was a good correlation between <term id="T39" lex="thrombin-induced_tyrosine_phosphorylation" sem="Other"><term id="T40" lex="thrombin" sem="Protein_molecule">thrombin</term>-induced <term id="T41" lex="tyrosine_phosphorylation" sem="Other"><term id="T42" lex="tyrosine" sem="Amino_acid_monomer">tyrosine</term> phosphorylation</term></term> of the latter three proteins and <term id="T43" lex="Ca2+_mobilization" sem="Other"><term id="T44" lex="Ca2+" sem="Element">Ca2+</term> mobilization</term>.</sentence>
<event KT="Other" id="E39">
<type class="Protein_amino_acid_phosphorylation"/>
<theme idref="A4" idref1="A5" idref2="A8" idref3="A11"/>
<site idref="T42"/>
<clue>There was a good correlation between thrombin-induced tyrosine <clueType>phosphorylation</clueType> <linkTheme>of</linkTheme> <corefTheme>the latter three proteins</corefTheme> and Ca2+ mobilization.</clue>
</event>
<event KT="Other" id="E40">
<type class="Protein_amino_acid_phosphorylation"/>
<theme idref="A4" idref1="A5" idref2="A9" idref3="A11"/>
<site idref="T42"/>
<clue>There was a good correlation between thrombin-induced tyrosine <clueType>phosphorylation</clueType> <linkTheme>of</linkTheme> <corefTheme>the latter three proteins</corefTheme> and Ca2+ mobilization.</clue>
</event>
<event KT="Other" id="E41">
<type class="Protein_amino_acid_phosphorylation"/>
<theme idref="A4" idref1="A5" idref2="A10" idref3="A11"/>
<site idref="T42"/>
<clue>There was a good correlation between thrombin-induced tyrosine <clueType>phosphorylation</clueType> <linkTheme>of</linkTheme> <corefTheme>the latter three proteins</corefTheme> and Ca2+ mobilization.</clue>
</event>
<event KT="Other" id="E42">
<type class="Positive_regulation"/>
<theme idref="E39"/>
<cause idref="T40"/>
<clue>There was a good correlation between thrombin-<clueType>induced</clueType> tyrosine phosphorylation of the latter three proteins and Ca2+ mobilization.</clue>
</event>
<event KT="Other" id="E43">
<type class="Positive_regulation"/>
<theme idref="E40"/>
<cause idref="T40"/>
<clue>There was a good correlation between thrombin-<clueType>induced</clueType> tyrosine phosphorylation of the latter three proteins and Ca2+ mobilization.</clue>
</event>
<event KT="Other" id="E44">
<type class="Positive_regulation"/>
<theme idref="E41"/>
<cause idref="T40"/>
<clue>There was a good correlation between thrombin-<clueType>induced</clueType> tyrosine phosphorylation of the latter three proteins and Ca2+ mobilization.</clue>
</event>
<event KT="Other" id="E45">
<type class="Localization"/>
<theme idref="T44"/>
<clue>There was a good correlation between thrombin-induced tyrosine phosphorylation of the latter three proteins and Ca2+ <clueType>mobilization</clueType>.</clue>
</event>
<event KT="Analysis" id="E46">
<type class="Correlation"/>
<theme idref="E42"/>
<theme idref="E45"/>
<clue>There was a good <clueType><clueKT>correlation</clueKT></clueType> <linkTheme>between</linkTheme> thrombin-induced tyrosine phosphorylation of the latter three proteins and Ca2+ mobilization.</clue>
</event>
<event KT="Analysis" id="E47">
<type class="Correlation"/>
<theme idref="E43"/>
<theme idref="E45"/>
<clue>There was a good <clueType><clueKT>correlation</clueKT></clueType> <linkTheme>between</linkTheme> thrombin-induced tyrosine phosphorylation of the latter three proteins and Ca2+ mobilization.</clue>
</event>
<event KT="Analysis" id="E48">
<type class="Correlation"/>
<theme idref="E44"/>
<theme idref="E45"/>
<clue>There was a good <clueType><clueKT>correlation</clueKT></clueType> <linkTheme>between</linkTheme> thrombin-induced tyrosine phosphorylation of the latter three proteins and Ca2+ mobilization.</clue>
</event>
<sentence id="S8"><term id="T45" lex="thrombin" sem="Protein_molecule">Thrombin</term> and <term id="T46" lex="TRP" sem="Peptide">TRP</term> also caused translocation of <term id="T47" lex="protein_kinase_C" sem="Protein_molecule">protein kinase C</term> from the <term id="T48" lex="cytosol" sem="Cell_component">cytosol</term> to the <term id="T49" lex="plasma_membrane" sem="Cell_component">plasma membrane</term>.</sentence>
<event id="E49">
<type class="Localization"/>
<theme idref="T47"/>
<clue>Thrombin and TRP also caused <clueType>translocation</clueType> <linkTheme>of</linkTheme> protein kinase C <clueLoc>from the cytosol to the plasma membrane</clueLoc>.</clue>
</event>
<event id="E50">
<type class="Positive_regulation"/>
<theme idref="E49"/>
<cause idref="T45"/>
<clue>Thrombin and TRP also <clueType>caused</clueType> translocation of protein kinase C from the cytosol to the plasma membrane.</clue>
</event>
<event id="E51">
<type class="Positive_regulation"/>
<theme idref="E49"/>
<cause idref="T46"/>
<clue>Thrombin and TRP also <clueType>caused</clueType> translocation of protein kinase C from the cytosol to the plasma membrane.</clue>
</event>
<sentence id="S9">As a likely consequence of these events, <term id="T50" lex="thrombin" sem="Protein_molecule">thrombin</term> activated the <term id="T51" lex="nuclear_factor_NF-kB" sem="Protein_molecule">nuclear factor NF-kB</term>.</sentence>
<event CL="L2" KT="Analysis" id="E52">
<type class="Positive_regulation"/>
<theme idref="T51"/>
<cause idref="T50"/>
<clue><clueKT>As a <clueCL>likely</clueCL> consequence</clueKT> of these events, thrombin <clueType>activated</clueType> the nuclear factor NF-kB.</clue>
</event>
<sentence id="S10">Several cell lines of hematopoietic origin including the <term id="T52" lex="leukemic_T_cell_line_HPB.ALL" sem="Cell_cultured">leukemic T cell line <term id="A12" sem="Cell_cultured">HPB.ALL</term></term> and the <term id="T53" lex="erythroleukemic_cell_line_K562" sem="Cell_cultured">erythroleukemic cell line <term id="A13" sem="Cell_cultured">K562</term></term> were responsive to <term id="T54" lex="thrombin" sem="Protein_molecule">thrombin</term>, whereas others such as <term id="T55" lex="THP1" sem="Cell_cultured">THP1</term>, a <term id="T56" lex="myelomonocytic_cell_line" sem="Cell_cultured">myelomonocytic cell line</term>, and <term id="T57" lex="BL2" sem="Cell_cultured">BL2,</term> a <term id="T58" lex="Burkitt_lymphoma_cell_line" sem="Cell_cultured">Burkitt lymphoma</term> were refractory to <term id="T59" lex="thrombin" sem="Protein_molecule">thrombin</term> or <term id="T60" lex="TRP" sem="Peptide">TRP</term> stimulation.</sentence>
<event id="E53">
<type class="Physiological_process"/>
<theme idref="A12"/>
<cause idref="T54"/>
<clue><corefTheme>Several cell lines of hematopoietic origin</corefTheme> including the leukemic T cell line HPB.ALL and the erythroleukemic cell line K562 were <clueType>responsive</clueType> <linkCause>to</linkCause> thrombin, whereas others such as THP1, a myelomonocytic cell line, and BL2, a Burkitt lymphoma were refractory to thrombin or TRP stimulation.</clue>
</event>
<event id="E54">
<type class="Physiological_process"/>
<theme idref="A13"/>
<cause idref="T54"/>
<clue><corefTheme>Several cell lines of hematopoietic origin</corefTheme> including the leukemic T cell line HPB.ALL and the erythroleukemic cell line K562 were <clueType>responsive</clueType> <linkCause>to</linkCause> thrombin, whereas others such as THP1, a myelomonocytic cell line, and BL2, a Burkitt lymphoma were refractory to thrombin or TRP stimulation.</clue>
</event>
<event Polarity="Negative" assertion="non-exist" id="E55">
<type class="Physiological_process"/>
<theme idref="T55"/>
<cause idref="T59"/>
<clue>Several cell lines of hematopoietic origin including the leukemic T cell line HPB.ALL and the erythroleukemic cell line K562 were responsive to thrombin, whereas <corefTheme>others</corefTheme> such as THP1, a myelomonocytic cell line, and BL2, a Burkitt lymphoma were <clueType><cluePolarity>refractory</cluePolarity></clueType> <linkCause>to</linkCause> thrombin or TRP stimulation.</clue>
</event>
<event Polarity="Negative" assertion="non-exist" id="E56">
<type class="Physiological_process"/>
<theme idref="T57"/>
<cause idref="T59"/>
<clue>Several cell lines of hematopoietic origin including the leukemic T cell line HPB.ALL and the erythroleukemic cell line K562 were responsive to thrombin, whereas <corefTheme>others</corefTheme> such as THP1, a myelomonocytic cell line, and BL2, a Burkitt lymphoma were <clueType><cluePolarity>refractory</cluePolarity></clueType> <linkCause>to</linkCause> thrombin or TRP stimulation.</clue>
</event>
<event Polarity="Negative" assertion="non-exist" id="E57">
<type class="Physiological_process"/>
<theme idref="T55"/>
<cause idref="T60"/>
<clue>Several cell lines of hematopoietic origin including the leukemic T cell line HPB.ALL and the erythroleukemic cell line K562 were responsive to thrombin, whereas <corefTheme>others</corefTheme> such as THP1, a myelomonocytic cell line, and BL2, a Burkitt lymphoma were <clueType><cluePolarity>refractory</cluePolarity></clueType> <linkCause>to</linkCause> thrombin or TRP stimulation.</clue>
</event>
<event Polarity="Negative" assertion="non-exist" id="E58">
<type class="Physiological_process"/>
<theme idref="T57"/>
<cause idref="T60"/>
<clue>Several cell lines of hematopoietic origin including the leukemic T cell line HPB.ALL and the erythroleukemic cell line K562 were responsive to thrombin, whereas <corefTheme>others</corefTheme> such as THP1, a myelomonocytic cell line, and BL2, a Burkitt lymphoma were <clueType><cluePolarity>refractory</cluePolarity></clueType> <linkCause>to</linkCause> thrombin or TRP stimulation.</clue>
</event>
<sentence id="S11">The magnitude of the <term id="T61" lex="thrombin" sem="Protein_molecule">thrombin</term> response in the different cell types paralleled the expression of the <term id="T62" lex="thrombin_receptor_mRNA" sem="RNA_molecule"><term id="T63" lex="thrombin_receptor" sem="Protein_family_or_group"><term id="T64" lex="thrombin" sem="Protein_molecule">thrombin</term> receptor</term> mRNA</term>.</sentence>
<event KT="Other" Manner="High" id="E59">
<type class="Regulation"/>
<cause idref="T61"/>
<clue>The <clueManner>magnitude</clueManner> of the thrombin <clueType>response</clueType> <clueLoc>in the different cell types</clueLoc> paralleled the expression of the thrombin receptor mRNA.</clue>
<comment>NO THEME</comment></event>
<event KT="Other" id="E60">
<type class="Gene_expression"/>
<theme idref="T63"/>
<clue>The magnitude of the thrombin response in the different cell types paralleled the <clueType>expression</clueType> <linkTheme>of</linkTheme> the thrombin receptor mRNA.</clue>
</event>
<event KT="Analysis" id="E61">
<type class="Correlation"/>
<theme idref="E59"/>
<theme idref="E60"/>
<clue>The magnitude of the thrombin response in the different cell types <clueType><clueKT>paralleled</clueKT></clueType> the expression of the thrombin receptor mRNA.</clue>
</event>
<sentence id="S12">We found that activation of <term id="T65" lex="Jurkat_T_cell" sem="Cell_cultured">Jurkat T cells</term> by a combination of <term id="T66" lex="phytohemagglutinin" sem="Protein_molecule">phytohemagglutinin</term> and <term id="T67" lex="phorbol_12-myristate_13-acetate" sem="Organic_compound_other">phorbol 12-myristate 13-acetate</term> led to a dramatic inhibition of <term id="T68" lex="thrombin_receptor_mRNA_expression" sem="Other"><term id="T69" lex="thrombin_receptor_mRNA" sem="RNA_molecule"><term id="T70" lex="thrombin_receptor" sem="Protein_family_or_group"><term id="T71" lex="thrombin" sem="Protein_molecule">thrombin</term> receptor</term> mRNA</term> expression</term> and to a concomitant loss of the <term id="T72" lex="thrombin_response" sem="Other"><term id="T73" lex="thrombin" sem="Protein_molecule">thrombin</term> response</term>.</sentence>
<event id="E62">
<type class="Physiological_process"/>
<theme idref="T65"/>
<cause idref="T66"/>
<cause idref="T67"/>
<clue>We found that <clueType>activation</clueType> <linkTheme>of</linkTheme> Jurkat T cells <linkCause>by a combination of</linkCause> phytohemagglutinin and phorbol 12-myristate 13-acetate led to a dramatic inhibition of thrombin receptor mRNA expression and to a concomitant loss of the thrombin response.</clue>
</event>
<event KT="Other" id="E63">
<type class="Gene_expression"/>
<theme idref="T70"/>
<clue>We found that activation of Jurkat T cells by a combination of phytohemagglutinin and phorbol 12-myristate 13-acetate led to a dramatic inhibition of thrombin receptor mRNA <clueType>expression</clueType> and to a concomitant loss of the thrombin response.</clue>
</event>
<event Manner="High" id="E64">
<type class="Negative_regulation"/>
<theme idref="E63"/>
<cause idref="E62"/>
<clue>We <clueKT>found</clueKT> that activation of Jurkat T cells by a combination of phytohemagglutinin and phorbol 12-myristate 13-acetate <clueType>led to</clueType> a <clueManner>dramatic</clueManner> <clueType>inhibition</clueType> <linkTheme>of</linkTheme> thrombin receptor mRNA expression and to a concomitant loss of the thrombin response.</clue>
</event>
<event KT="Other" id="E65">
<type class="Regulation"/>
<cause idref="T73"/>
<clue>We found that activation of Jurkat T cells by a combination of phytohemagglutinin and phorbol 12-myristate 13-acetate led to a dramatic inhibition of thrombin receptor mRNA expression and to a concomitant loss of the thrombin <clueType>response</clueType>.</clue>
<comment>NO THEME in S12</comment></event>
<event id="E66">
<type class="Negative_regulation"/>
<theme idref="E65"/>
<cause idref="E62"/>
<clue>We <clueKT>found</clueKT> that activation of Jurkat T cells by a combination of phytohemagglutinin and phorbol 12-myristate 13-acetate <clueType>led</clueType> to a dramatic inhibition of thrombin receptor mRNA expression and <clueType>to</clueType> a concomitant <clueType>loss</clueType> <linkTheme>of</linkTheme> the thrombin response.</clue>
</event>
<event KT="Analysis" id="E67">
<type class="Correlation"/>
<theme idref="E64"/>
<theme idref="E66"/>
<clue>We found that activation of Jurkat T cells by a combination of phytohemagglutinin and phorbol 12-myristate 13-acetate led to a dramatic inhibition of thrombin receptor mRNA expression and to a <clueType><clueKT>concomitant</clueKT></clueType> loss of the thrombin response.</clue>
</event>
<sentence id="S13">Finally, we demonstrate that <term id="T74" lex="thrombin" sem="Protein_molecule">thrombin</term> and <term id="T75" lex="TRP_enhanced_CD69_expression" sem="Other"><term id="T76" lex="TRP" sem="Peptide">TRP</term> enhanced <term id="T77" lex="CD69_expression" sem="Other"><term id="T78" lex="CD69" sem="Protein_molecule">CD69</term> expression</term></term> and <term id="T79" lex="interleukin_2_production" sem="Other"><term id="T80" lex="interleukin_2" sem="Protein_molecule">interleukin 2</term> production</term> induced by <term id="T81" lex="T_cell_receptor_cross-linking" sem="Other"><term id="T82" lex="T_cell_receptor" sem="Protein_family_or_group">T cell receptor</term> cross-linking</term> in both <term id="T83" lex="Jurkat_T_cell" sem="Cell_cultured">Jurkat T cells</term> and peripheral blood <term id="T84" lex="lymphocyte" sem="Cell_natural">lymphocytes</term>.</sentence>
<event KT="Analysis" id="E68">
<type class="Positive_regulation"/>
<theme idref="E73"/>
<cause idref="T74"/>
<clue>Finally, we <clueKT>demonstrate</clueKT> that thrombin and TRP <clueType>enhanced</clueType> CD69 expression and interleukin 2 production induced by T cell receptor cross-linking <clueLoc>in</clueLoc> both <clueLoc>Jurkat T cells</clueLoc> and peripheral blood lymphocytes.</clue>
</event>
<event KT="Analysis" id="E11">
<type class="Positive_regulation"/>
<theme idref="E73"/>
<cause idref="T74"/>
<clue>Finally, we <clueKT>demonstrate</clueKT> that thrombin and TRP <clueType>enhanced</clueType> CD69 expression and interleukin 2 production induced by T cell receptor cross-linking <clueLoc>in</clueLoc> both Jurkat T cells and <clueLoc>peripheral blood lymphocytes</clueLoc>.</clue>
</event>
<event KT="Analysis" id="E69">
<type class="Positive_regulation"/>
<theme idref="E74"/>
<cause idref="T75"/>
<clue>Finally, we <clueKT>demonstrate</clueKT> that thrombin and TRP <clueType>enhanced</clueType> CD69 expression and interleukin 2 production induced by T cell receptor cross-linking <clueLoc>in</clueLoc> both <clueLoc>Jurkat T cells</clueLoc> and peripheral blood lymphocytes.</clue>
</event>
<event KT="Analysis" id="E12">
<type class="Positive_regulation"/>
<theme idref="E74"/>
<cause idref="T75"/>
<clue>Finally, we <clueKT>demonstrate</clueKT> that thrombin and TRP <clueType>enhanced</clueType> CD69 expression and interleukin 2 production induced by T cell receptor cross-linking <clueLoc>in</clueLoc> both Jurkat T cells and <clueLoc>peripheral blood lymphocytes</clueLoc>.</clue>
</event>
<event KT="Other" id="E70">
<type class="Gene_expression"/>
<theme idref="T78"/>
<clue>Finally, we demonstrate that thrombin and TRP enhanced CD69 <clueType>expression</clueType> and interleukin 2 production induced by T cell receptor cross-linking in both Jurkat T cells and peripheral blood lymphocytes.</clue>
</event>
<event KT="Other" id="E71">
<type class="Gene_expression"/>
<theme idref="T80"/>
<clue>Finally, we demonstrate that thrombin and TRP enhanced CD69 expression and interleukin 2 <clueType>production</clueType> induced by T cell receptor cross-linking in both Jurkat T cells and peripheral blood lymphocytes.</clue>
</event>
<event KT="Other" id="E72">
<type class="Binding"/>
<theme idref="T82"/>
<clue>Finally, we demonstrate that thrombin and TRP enhanced CD69 expression and interleukin 2 production induced by T cell receptor <clueType>cross-linking</clueType> in both Jurkat T cells and peripheral blood lymphocytes.</clue>
</event>
<event KT="Other" id="E73">
<type class="Positive_regulation"/>
<theme idref="E70"/>
<cause idref="E72"/>
<clue>Finally, we demonstrate that thrombin and TRP enhanced CD69 expression and interleukin 2 production <clueType>induced</clueType> <linkCause>by</linkCause> T cell receptor cross-linking in both Jurkat T cells and peripheral blood lymphocytes.</clue>
</event>
<event KT="Other" id="E74">
<type class="Positive_regulation"/>
<theme idref="E71"/>
<cause idref="E72"/>
<clue>Finally, we demonstrate that thrombin and TRP enhanced CD69 expression and interleukin 2 production <clueType>induced</clueType> <linkCause>by</linkCause> T cell receptor cross-linking in both Jurkat T cells and peripheral blood lymphocytes.</clue>
</event>
<sentence id="S14">These findings highlight the role of <term id="T85" lex="thrombin" sem="Protein_molecule">thrombin</term> as a potential regulator of <term id="T86" lex="T_lymphocyte_activation" sem="Other"><term id="T87" lex="T_lymphocyte" sem="Cell_natural">T lymphocyte</term> activation</term>.</sentence>
<event CL="L1" KT="Analysis" id="E75" uncertainty="probable">
<type class="Regulation"/>
<theme idref="E76"/>
<cause idref="T85"/>
<clue>These findings <clueKT>highlight the role</clueKT> of thrombin as a <clueType><clueCL>potential</clueCL> regulator</clueType> <linkTheme>of</linkTheme> T lymphocyte activation.</clue>
</event>
<event KT="Other" id="E76">
<type class="Physiological_process"/>
<theme idref="T87"/>
<clue>These findings highlight the role of thrombin as a potential regulator of T lymphocyte <clueType>activation</clueType>.</clue>
</event>
</AbstractText>
</Abstract></Article></MedlineCitation></PubmedArticle></PubmedArticleSet></Annotation>
