<?xml version='1.0'?><!DOCTYPE Annotation PUBLIC "//GENIA//DTD GENIA ANNOTATION EVENT 2.0//EN_Modified" "../ModifiedGENIAtypes/Modified_GENIA_event_20.dtd"><Annotation annotates="http://www.ncbi.nlm.nih.gov/entrez/eutils/efetch.fcgi?db=pubmed&amp;retmode=xml&amp;rettype=medline&amp;id=7512565" created="06/11/21" creator="Yumiko Katsu"><PubmedArticleSet><PubmedArticle><MedlineCitation>
<PMID>7512565</PMID>
<Article>
<ArticleTitle>
<sentence id="S1"><term id="T1" lex="Sp1" sem="Protein_molecule">Sp1</term> is a critical factor for the monocytic specific expression of <term id="T2" lex="human_CD14" sem="Protein_molecule">human CD14</term>.</sentence>
<event id="E1">
<type class="Gene_expression"/>
<theme idref="T2"/>
<clue>Sp1 is a critical factor for the <clueLoc>monocytic</clueLoc> specific <clueType>expression</clueType> <linkTheme>of</linkTheme> human CD14.</clue>
</event>
<event id="E2">
<type class="Regulation"/>
<theme idref="E1"/>
<cause idref="T1"/>
<clue>Sp1 is a <clueType>critical</clueType> factor <linkTheme>for</linkTheme> the <clueLoc>monocytic</clueLoc> specific expression of human CD14.</clue>
</event>
</ArticleTitle>
<Abstract>
<AbstractText>
<sentence id="S2"><term id="T3" lex="CD14" sem="Protein_molecule">CD14</term> is a <term id="T4" lex="membrane_glycoprotein" sem="Protein_family_or_group">membrane glycoprotein</term> expressed specifically on <term id="T5" lex="monocyte" sem="Cell_natural">monocytes</term> and <term id="T6" lex="macrophage" sem="Cell_natural">macrophages</term>, and its expression is markedly increased during the process of <term id="T7" lex="monocyte_differentiation" sem="Other"><term id="T8" lex="monocyte" sem="Cell_natural">monocyte</term> differentiation</term>.</sentence>
<event KT="Fact" id="E3">
<type class="Gene_expression"/>
<theme idref="T3"/>
<clue>CD14 is a membrane glycoprotein <clueType>expressed</clueType> specifically <clueLoc>on monocytes</clueLoc> and macrophages, and its expression is markedly increased during the process of monocyte differentiation.</clue>
</event>
<event KT="Fact" id="E301">
<type class="Gene_expression"/>
<theme idref="T3"/>
<clue>CD14 is a membrane glycoprotein <clueType>expressed</clueType> specifically <clueLoc>on</clueLoc> monocytes and <clueLoc>macrophages</clueLoc>, and its expression is markedly increased during the process of monocyte differentiation.</clue>
</event>
<event KT="Other" id="E4">
<type class="Cell_differentiation"/>
<theme idref="T8"/>
<clue>CD14 is a membrane glycoprotein expressed specifically on monocytes and macrophages, and its expression is markedly increased during the process of monocyte <clueType>differentiation</clueType>.</clue>
</event>
<event KT="Fact" Manner="High" id="E5">
<type class="Positive_regulation"/>
<theme idref="E3"/>
<clue>CD14 is a membrane glycoprotein expressed specifically on monocytes and macrophages, and <corefTheme>its expression</corefTheme> is <clueManner>markedly</clueManner> <clueType>increased</clueType> <clueTime>during the process of monocyte differentiation</clueTime>.</clue>
</event>
<event KT="Fact" Manner="High" id="E501">
<type class="Positive_regulation"/>
<theme idref="E301"/>
<clue>CD14 is a membrane glycoprotein expressed specifically on monocytes and macrophages, and <corefTheme>its expression</corefTheme> is <clueManner>markedly</clueManner> <clueType>increased</clueType> <clueTime>during the process of monocyte differentiation</clueTime>.</clue>
</event>
<sentence id="S3">In order to study <term id="T9" lex="CD14_gene_regulation" sem="Other"><term id="T10" lex="CD14_gene" sem="DNA_domain_or_region"><term id="T11" lex="CD14" sem="Protein_molecule">CD14</term> gene</term> regulation</term>, the <term id="T12" lex="human_CD14_gene" sem="DNA_domain_or_region"><term id="T13" lex="human_CD14" sem="Protein_molecule">human <term id="T14" lex="CD14" sem="Protein_molecule">CD14</term></term> gene</term> was cloned from a partial <term id="T15" lex="EcoRI_digested_chromosome_5_library" sem="DNA_family_or_group"><term id="T16" lex="EcoRI" sem="Protein_molecule">EcoRI</term> digested <term id="T17" lex="chromosome_5" sem="DNA_molecule">chromosome 5</term> library</term>.</sentence>
<event KT="Investigation" id="E6" uncertainty="doubtful">
<type class="Regulation"/>
<theme idref="T10"/>
<clue><clueKT>In order to study</clueKT> CD14 gene <clueType>regulation</clueType>, the human CD14 gene was cloned from a partial EcoRI digested chromosome 5 library.</clue>
</event>
<sentence id="S4">A <term id="T18" lex="5.5-kilobase_genomic_clone" sem="DNA_molecule">5.5-kilobase genomic clone</term> contained the full-length <term id="T19" lex="CD14_coding_sequence" sem="DNA_domain_or_region"><term id="T20" lex="CD14" sem="Protein_molecule">CD14</term> coding sequence</term> and <term id="T21" lex="4.2_kilobases_of_5&apos;-upstream_sequence" sem="DNA_domain_or_region">4.2 kilobases of 5&apos;-upstream sequence</term>.</sentence>
<sentence id="S5">One <cons id="T22" lex="(AND major_transcription_start_site _minor_transcription_start_site)" sem="(AND DNA_domain_or_region DNA_domain_or_region)"><frag id="F1">major</frag> and one <frag id="F2">minor</frag> <frag id="F3">transcription start site</frag></cons> were identified <term id="T23" lex="101_and_130_base_pairs_(bp)_upstream" sem="DNA_domain_or_region">101 and 130 base pairs (bp) upstream</term>, respectively, from the <term id="T24" lex="protein_translation_start_ATG" sem="DNA_domain_or_region">protein translation start ATG</term>.</sentence>
<sentence id="S6">A <term id="T25" lex="DNA_fragment" sem="DNA_molecule">DNA fragment</term> containing <term id="T26" lex="128_bp_of_upstream_sequence" sem="DNA_domain_or_region">128 bp of upstream sequence</term> had strong, <term id="T27" lex="monocyte-specific_promoter_activity" sem="Other">monocyte-specific promoter activity</term> in the <term id="T28" lex="CD14_positive_monocytic_cell_line" sem="Cell_cultured"><term id="T29" lex="CD14" sem="Protein_molecule">CD14</term> positive monocytic cell line</term> <term id="T30" lex="Mono_Mac_6" sem="Cell_cultured">Mono Mac 6</term> as compared to the <term id="T31" lex="nonmonocytic_cell_lines" sem="Cell_cultured">nonmonocytic cell lines</term> <term id="T32" lex="HeLa" sem="Cell_cultured">HeLa</term> and <term id="T33" lex="REX" sem="Cell_cultured">REX</term>.</sentence>
<sentence id="S7"><term id="A2" sem="DNA_domain_or_region">Four regions in this <term id="T34" lex="DNA_fragment" sem="DNA_molecule">DNA fragment</term></term> interact with <term id="T35" lex="nuclear_protein" sem="Protein_family_or_group">nuclear proteins</term> isolated from <term id="T36" lex="monocytic_cell" sem="Cell_natural">monocytic cells</term>.</sentence>
<event KT="Fact" id="E7">
<type class="Binding"/>
<theme idref="A2"/>
<theme idref="T35"/>
<clue>Four regions in this DNA fragment <clueType>interact</clueType> <linkTheme>with</linkTheme> nuclear proteins isolated from monocytic cells.</clue>
<comment>TPS A2</comment></event>
<sentence id="S8">The <term id="T37" lex="Sp1" sem="Protein_molecule">Sp1</term> <term id="T38" lex="transcription_factor" sem="Protein_family_or_group">transcription factor</term> bound to <term id="A3" sem="DNA_domain_or_region">three different regions in the <term id="T39" lex="CD14_promoter" sem="DNA_domain_or_region"><term id="T40" lex="CD14" sem="Protein_molecule">CD14</term> promoter</term></term>.</sentence>
<event id="E8">
<type class="Binding"/>
<theme idref="T37"/>
<theme idref="A3"/>
<clue>The Sp1 transcription factor <clueType>bound</clueType> <linkTheme>to</linkTheme> three different regions in the CD14 promoter.</clue>
<comment>TPS A3</comment></event>
<sentence id="S9">Mutation of the <term id="T41" lex="major_Sp1_binding_site" sem="DNA_domain_or_region">major <term id="T42" lex="Sp1" sem="Protein_molecule">Sp1</term> binding site</term> (<term id="T43" lex="-110_bp" sem="DNA_domain_or_region">-110 bp</term>) decreased <term id="A4" sem="DNA_domain_or_region">tissue-specific promoter</term> activity, and these results, together with <term id="T44" lex="transactivation_experiment" sem="Other">transactivation experiments</term>, demonstrate that <term id="T45" lex="Sp1" sem="Protein_molecule">Sp1</term> plays a critical role in the tissue-specific expression of <term id="T46" lex="CD14" sem="Protein_molecule">CD14</term> in <term id="T47" lex="monocytic_cell" sem="Cell_natural">monocytic cells</term>.</sentence>
<event KT="Other" id="E9">
<type class="Gene_expression"/>
<theme idref="T46"/>
<clue>Mutation of the major Sp1 binding site (-110 bp) decreased tissue-specific promoter activity, and these results, together with transactivation experiments, demonstrate that Sp1 plays a critical role in the <clueLoc>tissue</clueLoc>-specific <clueType>expression</clueType> <linkTheme>of</linkTheme> CD14 <clueLoc>in monocytic cells</clueLoc>.</clue>
</event>
<event KT="Analysis" id="E10">
<type class="Regulation"/>
<theme idref="E9"/>
<cause idref="T45"/>
<clue>Mutation of the major Sp1 binding site (-110 bp) decreased tissue-specific promoter activity, and these results, together <clueExperiment>with transactivation experiments</clueExperiment>, <clueKT>demonstrate</clueKT> that Sp1 <clueType>plays</clueType> a critical <clueType>role</clueType> <linkTheme>in</linkTheme> the tissue-specific expression of CD14 in monocytic cells.</clue>
</event>
<event id="E11">
<type class="Negative_regulation"/>
<theme idref="A4"/>
<cause idref="E12"/>
<clue>Mutation of the major Sp1 binding site (-110 bp) <clueType>decreased</clueType> tissue-specific promoter activity, and these results, together with transactivation experiments, demonstrate that Sp1 plays a critical role in the tissue-specific expression of CD14 in monocytic cells.</clue>
</event>
<event id="E12">
<type class="Mutagenesis"/>
<theme idref="T41"/>
<clue><clueType>Mutation</clueType> <linkTheme>of</linkTheme> the major Sp1 binding site (-110 bp) decreased tissue-specific promoter activity, and these results, together with transactivation experiments, demonstrate that Sp1 plays a critical role in the tissue-specific expression of CD14 in monocytic cells.</clue>
</event>
<sentence id="S10"><term id="T48" lex="CD14" sem="Protein_molecule">CD14</term> <term id="T49" lex="Sp1_site_oligonucleotide" sem="Polynucleotide"><term id="T50" lex="Sp1" sem="Protein_molecule">Sp1</term> site oligonucleotides</term> bound preferentially to a <term id="T51" lex="105-kDa_Sp1_specie" sem="Protein_molecule">105-kDa <term id="T52" lex="Sp1" sem="Protein_molecule">Sp1</term> species</term>, which is present in higher relative levels in <term id="T53" lex="monocytic_cell" sem="Cell_natural">monocytic</term> than <term id="T54" lex="non-monocytic_cell" sem="Cell_natural">non-monocytic cells</term>, suggesting that modification of <term id="T55" lex="Sp1" sem="Protein_molecule">Sp1</term>, such as phosphorylation, may explain how the <term id="T56" lex="Sp1" sem="Protein_molecule">Sp1</term> site mediates <term id="T57" lex="monocytic_specific_promoter_activity" sem="Other">monocytic specific promoter activity</term>.</sentence>
<event id="E13">
<type class="Binding"/>
<theme idref="T49"/>
<theme idref="T51"/>
<clue>CD14 Sp1 site oligonucleotides <clueType>bound</clueType> preferentially <linkTheme>to</linkTheme> a 105-kDa Sp1 species, which is present in higher relative levels in monocytic than non-monocytic cells, suggesting that modification of Sp1, such as phosphorylation, may explain how the Sp1 site mediates monocytic specific promoter activity.</clue>
<comment>OK</comment></event>
<event KT="Other" id="E14">
<type class="Protein_amino_acid_phosphorylation"/>
<theme idref="T55"/>
<clue>CD14 Sp1 site oligonucleotides bound preferentially to a 105-kDa Sp1 species, which is present in higher relative levels in monocytic than non-monocytic cells, suggesting that modification <linkTheme>of</linkTheme> Sp1, such as <clueType>phosphorylation</clueType>, may explain how the Sp1 site mediates monocytic specific promoter activity.</clue>
</event>
<event KT="Other" id="E15">
<type class="Protein_modification"/>
<theme idref="T55"/>
<clue>CD14 Sp1 site oligonucleotides bound preferentially to a 105-kDa Sp1 species, which is present in higher relative levels in monocytic than non-monocytic cells, suggesting that <clueType>modification</clueType> <linkTheme>of</linkTheme> Sp1, such as phosphorylation, may explain how the Sp1 site mediates monocytic specific promoter activity.</clue>
</event>
<event KT="Other" id="E16" uncertainty="probable">
<type class="Positive_regulation"/>
<theme idref="T57"/>
<cause idref="T56"/>
<clue>CD14 Sp1 site oligonucleotides bound preferentially to a 105-kDa Sp1 species, which is present in higher relative levels in monocytic than non-monocytic cells, suggesting that modification of Sp1, such as phosphorylation, may explain how the Sp1 site <clueType>mediates</clueType> monocytic specific promoter activity.</clue>
</event>
<event CL="L1" KT="Analysis" id="E17" uncertainty="probable">
<type class="Correlation"/>
<theme idref="E14"/>
<theme idref="E16"/>
<clue>CD14 Sp1 site oligonucleotides bound preferentially to a 105-kDa Sp1 species, which is present in higher relative levels in monocytic than non-monocytic cells, <clueKT>suggesting</clueKT> that <corefTheme idref1="E14">modification of Sp1</corefTheme>, such as phosphorylation, <clueCL>may</clueCL> <clueType><clueKT>explain</clueKT></clueType> how the Sp1 site mediates monocytic specific promoter activity.</clue>
</event>
</AbstractText>
</Abstract></Article></MedlineCitation></PubmedArticle></PubmedArticleSet></Annotation>
