<?xml version='1.0'?><!DOCTYPE Annotation PUBLIC "//GENIA//DTD GENIA ANNOTATION EVENT 2.0//EN_Modified" "../ModifiedGENIAtypes/Modified_GENIA_event_20.dtd"><Annotation annotates="http://www.ncbi.nlm.nih.gov/entrez/eutils/efetch.fcgi?db=pubmed&amp;retmode=xml&amp;rettype=medline&amp;id=7516328" created="18/04/2006" creator="Noriko Katsu"><PubmedArticleSet><PubmedArticle><MedlineCitation>
<PMID>7516328</PMID>
<Article>
<ArticleTitle>
<sentence id="S1">Tolerance to <term id="T1" lex="lipopolysaccharide" sem="Lipid">lipopolysaccharide</term> involves mobilization of <term id="T2" lex="nuclear_factor_kappa_B" sem="Protein_molecule">nuclear factor kappa B</term> with predominance of <term id="T3" lex="p50" sem="Protein_molecule">p50</term> homodimers.</sentence>
<event id="E2">
<type class="Localization"/>
<theme idref="T2"/>
<clue>Tolerance to lipopolysaccharide involves <clueType>mobilization</clueType> <linkTheme>of</linkTheme> nuclear factor kappa B with predominance of p50 homodimers.</clue>
</event>
</ArticleTitle>
<Abstract>
<AbstractText>
<sentence id="S2">Stimulation of the <term id="T4" lex="human_monocytic_cell_line" sem="Cell_cultured">human monocytic cell line</term> <term id="T5" lex="Mono_Mac_6" sem="Cell_cultured">Mono Mac 6</term> with <term id="T6" lex="lipopolysaccharide" sem="Lipid">lipopolysaccharide</term> (<term id="T7" lex="LPS" sem="Lipid">LPS</term>) leads to rapid and transient expression of <term id="T8" lex="cytokine" sem="Protein_family_or_group">cytokines</term> like <term id="T9" lex="tumor_necrosis_factor" sem="Protein_family_or_group">tumor necrosis factor</term> (<term id="T10" lex="TNF" sem="Protein_family_or_group">TNF</term>).</sentence>
<event KT="Method" id="E4">
<type class="Physiological_process"/>
<theme idref="T5"/>
<cause idref="T7"/>
<clue><clueType>Stimulation</clueType> <linkTheme>of</linkTheme> the human monocytic cell line Mono Mac 6 <linkCause>with</linkCause> lipopolysaccharide (LPS) leads to rapid and transient expression of cytokines like tumor necrosis factor (TNF).</clue>
</event>
<event id="E5">
<type class="Positive_regulation"/>
<theme idref="E6"/>
<cause idref="E4"/>
<clue>Stimulation of the human monocytic cell line Mono Mac 6 with lipopolysaccharide (LPS) <clueType>leads</clueType> <linkTheme>to</linkTheme> rapid and transient expression of cytokines like tumor necrosis factor (TNF).</clue>
</event>
<event Manner="High" id="E6">
<type class="Gene_expression"/>
<theme idref="T10"/>
<clue>Stimulation of the human monocytic cell line Mono Mac 6 with lipopolysaccharide (LPS) leads to <clueManner>rapid</clueManner> and transient <clueType>expression</clueType> <linkTheme>of</linkTheme> cytokines like tumor necrosis factor (TNF).</clue>
</event>
<sentence id="S3">When such cells are precultured for 2 days with a low dose of <term id="T11" lex="LPS" sem="Lipid">LPS</term> (20 ng/ml) followed by stimulation with a high dose of <term id="T12" lex="LPS" sem="Lipid">LPS</term> (1 microgram/ml), expression of the <term id="T13" lex="TNF_gene" sem="DNA_domain_or_region"><term id="T14" lex="TNF" sem="Protein_family_or_group">TNF</term> gene</term> is minimal, i.e. the cells are tolerant.</sentence>
<event KT="Method" id="E7">
<type class="Artificial_process"/>
<theme idref="T5"/>
<theme idref="T11"/>
<clue>When <corefTheme>such cells</corefTheme> are <clueType>precultured</clueType> <clueTime>for 2 days</clueTime> <linkTheme>with</linkTheme> a low dose of LPS (20 ng/ml) followed by stimulation with a high dose of LPS (1 microgram/ml), expression of the TNF gene is minimal, i.e. the cells are tolerant.</clue>
</event>
<event KT="Method" id="E8">
<type class="Physiological_process"/>
<theme idref="T5"/>
<cause idref="T12"/>
<clue>When <corefTheme>such cells</corefTheme> are precultured for 2 days with a low dose of LPS (20 ng/ml) followed by <clueType>stimulation</clueType> <linkCause>with</linkCause> a high dose of LPS (1 microgram/ml), expression of the TNF gene is minimal, i.e. the cells are tolerant.</clue>
</event>
<event id="E9">
<type class="Gene_expression"/>
<theme idref="T14"/>
<clue>When such cells are precultured for 2 days with a low dose of LPS (20 ng/ml) followed by stimulation with a high dose of LPS (1 microgram/ml), <clueType>expression</clueType> <linkTheme>of</linkTheme> the TNF gene is minimal, i.e. the cells are tolerant.</clue>
</event>
<event Manner="Low" assertion="non-exist" id="E10">
<type class="Positive_regulation"/>
<theme idref="E9"/>
<cause idref="E7"/>
<cause idref="E8"/>
<clue>When such cells are precultured for 2 days with a low dose of LPS (20 ng/ml) followed by stimulation with a high dose of LPS (1 microgram/ml), expression of the TNF gene is <clueType><clueManner>minimal</clueManner></clueType>, i.e. the cells are tolerant.</clue>
</event>
<sentence id="S4">In <term id="T15" lex="nuclear_run-on_analysis" sem="Other">nuclear run-on analysis</term>, such <term id="T16" lex="tolerant_cell" sem="Cell_natural">tolerant cells</term> show only a low degree of <term id="A1" sem="Other">transcription</term>, indicating that <term id="A2" sem="Other">tolerance</term> operates at or upstream of the <term id="T17" lex="transcription_level" sem="Other">transcription level</term>.</sentence>
<event KT="Analysis" Manner="Low" assertion="non-exist" id="E11">
<type class="Positive_regulation"/>
<theme idref="A1"/>
<clue><clueExperiment>In nuclear run-on analysis</clueExperiment>, such <clueLoc>tolerant cells</clueLoc> <clueKT>show</clueKT> only a <clueType><clueManner>low degree</clueManner></clueType> <linkTheme>of</linkTheme> transcription, indicating that tolerance operates at or upstream of the transcription level.</clue>
</event>
<event KT="Analysis" id="E12">
<type class="Regulation"/>
<theme idref="A2"/>
<clue>In nuclear run-on analysis, such tolerant cells show only a low degree of transcription, <clueKT>indicating</clueKT> that tolerance <clueType>operates</clueType> at or upstream of the transcription level.</clue>
</event>
<sentence id="S5">The <term id="T18" lex="CD14" sem="Protein_molecule">CD14</term> <term id="T19" lex="LPS" sem="Lipid">LPS</term> receptor is, however, up-regulated (not down-regulated) in <term id="T20" lex="tolerant_cell" sem="Cell_cultured">tolerant cells</term>, and <term id="T21" lex="LPS" sem="Lipid">LPS</term> can, in fact, still lead to activation of <term id="T22" lex="tolerant_cell" sem="Cell_cultured">tolerant cells</term> as evidenced by mobilization of the <term id="T23" lex="transcription_factor" sem="Protein_family_or_group">transcription factor</term> <term id="T24" lex="nuclear_factor_kappa_B" sem="Protein_molecule">nuclear factor kappa B</term> (<term id="T25" lex="NF-kappa_B" sem="Protein_molecule">NF-kappa B</term>).</sentence>
<event id="E13">
<type class="Positive_regulation"/>
<theme idref="T18"/>
<clue>The CD14 LPS receptor is, however, <clueType>up-regulated</clueType> (not down-regulated) <clueLoc>in tolerant cells</clueLoc>, and LPS can, in fact, still lead to activation of tolerant cells as evidenced by mobilization of the transcription factor nuclear factor kappa B (NF-kappa B).</clue>
</event>
<event CL="L2" KT="Analysis" id="E14">
<type class="Positive_regulation"/>
<theme idref="E15"/>
<cause idref="T21"/>
<clue>The CD14 LPS receptor is, however, up-regulated (not down-regulated) in tolerant cells, and LPS <clueKT><clueCL>can</clueCL></clueKT>, in fact, still <clueType>lead</clueType> <linkTheme>to</linkTheme> activation of tolerant cells as evidenced by mobilization of the transcription factor nuclear factor kappa B (NF-kappa B).</clue>
</event>
<event KT="Other" id="E15">
<type class="Physiological_process"/>
<theme idref="T22"/>
<clue>The CD14 LPS receptor is, however, up-regulated (not down-regulated) in tolerant cells, and LPS can, in fact, still lead to <clueType>activation</clueType> <linkTheme>of</linkTheme> tolerant cells as evidenced by mobilization of the transcription factor nuclear factor kappa B (NF-kappa B).</clue>
</event>
<event id="E16">
<type class="Localization"/>
<theme idref="T25"/>
<clue>The CD14 LPS receptor is, however, up-regulated (not down-regulated) in tolerant cells, and LPS can, in fact, still lead to activation of tolerant cells as <clueKT>evidenced</clueKT> by <clueType>mobilization</clueType> <linkTheme>of</linkTheme> the transcription factor nuclear factor kappa B (NF-kappa B).</clue>
</event>
<event CL="L2" KT="Analysis" id="E17">
<type class="Positive_regulation"/>
<theme idref="E16"/>
<cause idref="T21"/>
<clue>The CD14 LPS receptor is, however, up-regulated (not down-regulated) in tolerant cells, and LPS <clueKT><clueCL>can</clueCL></clueKT>, in fact, still <clueType>lead</clueType> <linkTheme>to</linkTheme> activation of tolerant cells as evidenced by mobilization of the transcription factor nuclear factor kappa B (NF-kappa B).</clue>
</event>
<sentence id="S6">Resolution of the <term id="T26" lex="NF-kappa_B_complex" sem="Protein_complex"><term id="T27" lex="NF-kappa_B" sem="Protein_molecule">NF-kappa B</term> complex</term> in gel shift analysis shows that the <term id="T28" lex="binding_protein" sem="Protein_family_or_group">binding protein</term>, mobilized in <term id="T29" lex="naive_Mono_Mac_6_cell" sem="Cell_cultured">naive Mono Mac 6 cells</term>, consists mainly of <term id="T30" lex="p50-_p65_heterodimer" sem="Protein_complex"><term id="T31" lex="p50" sem="Protein_molecule">p50</term><term id="T32" lex="p65" sem="Protein_molecule">-p65</term> heterodimers</term>, while in <term id="T33" lex="tolerant_cell" sem="Cell_cultured">tolerant cells</term>, the <term id="T34" lex="p50_homodimer" sem="Protein_complex"><term id="T35" lex="p50" sem="Protein_molecule">p50</term> homodimer</term> is predominant.</sentence>
<event KT="Method" id="E18">
<type class="Negative_regulation"/>
<theme idref="T26"/>
<clue><clueType>Resolution</clueType> <linkTheme>of</linkTheme> the NF-kappa B complex <clueExperiment>in gel shift analysis</clueExperiment> shows that the binding protein, mobilized in naive Mono Mac 6 cells, consists mainly of p50-p65 heterodimers, while in tolerant cells, the p50 homodimer is predominant.</clue>
</event>
<event id="E19">
<type class="Localization"/>
<theme idref="T30"/>
<clue>Resolution of the NF-kappa B complex in gel shift analysis shows that the binding protein, <clueType>mobilized</clueType> <clueLoc>in naive Mono Mac 6 cells</clueLoc>, consists mainly of p50-p65 heterodimers, while in tolerant cells, the p50 homodimer is predominant.</clue>
</event>
<event id="E20">
<type class="Localization"/>
<theme idref="T34"/>
<clue>Resolution of the NF-kappa B complex in gel shift analysis shows that the binding protein, <clueType>mobilized</clueType> in naive Mono Mac 6 cells, consists mainly of p50-p65 heterodimers, while <clueLoc>in tolerant cells</clueLoc>, the p50 homodimer is predominant.</clue>
</event>
<sentence id="S7">This increase in <term id="T36" lex="p50_homodimer" sem="Protein_complex"><term id="T37" lex="p50" sem="Protein_molecule">p50</term> homodimers</term> coincides with an increase in <term id="T38" lex="p105_mRNA" sem="RNA_molecule">p105 mRNA</term>, suggestive of a transcriptional up-regulation of <term id="T39" lex="p50" sem="Protein_molecule">p50</term>.</sentence>
<event id="E22">
<type class="Positive_regulation"/>
<theme idref="T36"/>
<clue>This <clueType>increase</clueType> <linkTheme>in</linkTheme> p50 homodimers coincides with an increase in p105 mRNA, suggestive of a transcriptional up-regulation of p50.</clue>
</event>
<event id="E23">
<type class="Positive_regulation"/>
<theme idref="T38"/>
<clue>This increase in p50 homodimers coincides with an <clueType>increase</clueType> <linkTheme>in</linkTheme> p105 mRNA, suggestive of a transcriptional up-regulation of p50.</clue>
</event>
<event id="E24">
<type class="Correlation"/>
<theme idref="E22"/>
<theme idref="E23"/>
<clue>This increase in p50 homodimers <clueType>coincides</clueType> <linkTheme>with</linkTheme> an increase in p105 mRNA, suggestive of a transcriptional up-regulation of p50.</clue>
</event>
<event CL="L2" KT="Analysis" id="E25" uncertainty="probable">
<type class="Positive_regulation"/>
<theme idref="T39"/>
<clue>This increase in p50 homodimers coincides with an increase in p105 mRNA, <clueKT><clueCL>suggestive</clueCL></clueKT> of a <clueType>transcriptional up-regulation</clueType> <linkTheme>of</linkTheme> p50.</clue>
</event>
<sentence id="S8">Reporter gene analysis reveals that the <term id="T40" lex="NF-kappa_B_complex" sem="Protein_complex"><term id="T41" lex="NF-kappa_B" sem="Protein_molecule">NF-kappa B</term> complex</term> mobilized in <term id="T42" lex="tolerant_cell" sem="Cell_cultured">tolerant cells</term> is functionally inactive in that <term id="T43" lex="NF-kappa_B-dependent_luciferase_construct" sem="DNA_molecule"><term id="T44" lex="NF-kappa_B" sem="Protein_molecule">NF-kappa B</term>-dependent luciferase constructs</term> containing the <term id="T45" lex="human_immunodeficiency_virus_long_terminal_repeat" sem="DNA_domain_or_region">human immunodeficiency virus long terminal repeat</term> or the <term id="T46" lex="TNF_5&apos;-region" sem="DNA_domain_or_region"><term id="T47" lex="TNF" sem="Protein_family_or_group">TNF</term> 5&apos;-region</term> show only minimal transactivation after <term id="T48" lex="LPS" sem="Lipid">LPS</term> stimulation.</sentence>
<event KT="Analysis" id="E26">
<type class="Localization"/>
<theme idref="T40"/>
<clue><clueExperiment>Reporter gene analysis</clueExperiment> <clueKT>reveals</clueKT> that the NF-kappa B complex <clueType>mobilized</clueType> <clueLoc>in tolerant cells</clueLoc> is functionally inactive in that NF-kappa B-dependent luciferase constructs containing the human immunodeficiency virus long terminal repeat or the TNF 5&apos;-region show only minimal transactivation after LPS stimulation.</clue>
</event>
<event KT="Method" id="E27">
<type class="Physiological_process"/>
<theme idref="T42"/>
<cause idref="T48"/>
<clue>Reporter gene analysis reveals that the NF-kappa B complex mobilized in tolerant cells is functionally inactive in that NF-kappa B-dependent luciferase constructs containing the human immunodeficiency virus long terminal repeat or the TNF 5&apos;-region show only minimal transactivation after LPS <clueType>stimulation</clueType>.</clue>
</event>
<event KT="Other" id="E28">
<type class="Positive_regulation"/>
<theme idref="T43"/>
<clue>Reporter gene analysis reveals that the NF-kappa B complex mobilized in tolerant cells is functionally inactive in that NF-kappa B-dependent luciferase constructs containing the human immunodeficiency virus long terminal repeat or the TNF 5&apos;-region show only minimal <clueType>transactivation</clueType> after LPS stimulation.</clue>
</event>
<event KT="Analysis" Manner="Low" assertion="non-exist" id="E29">
<type class="Positive_regulation"/>
<theme idref="E28"/>
<cause idref="E27"/>
<clue>Reporter gene analysis <clueKT>reveals</clueKT> that the NF-kappa B complex mobilized in tolerant cells is functionally inactive in that NF-kappa B-dependent luciferase constructs containing the human immunodeficiency virus long terminal repeat or the TNF 5&apos;-region show only <clueType><clueManner>minimal</clueManner></clueType> transactivation <linkCause>after</linkCause> LPS stimulation.</clue>
</event>
<sentence id="S9">Similar to <term id="T49" lex="Mono_Mac_6_cell" sem="Cell_cultured">Mono Mac 6 cells</term>, <term id="T50" lex="primary_blood_monocyte" sem="Cell_natural">primary blood monocytes</term>, when precultured with a low dose of <term id="T51" lex="LPS" sem="Lipid">LPS</term>, also become tolerant and produce little <term id="T52" lex="TNF" sem="Protein_family_or_group">TNF</term> after <term id="T53" lex="LPS_stimulation" sem="Other"><term id="T54" lex="LPS" sem="Lipid">LPS</term> stimulation</term>.</sentence>
<event KT="Method" id="E30">
<type class="Artificial_process"/>
<theme idref="T50"/>
<theme idref="T51"/>
<clue>Similar to Mono Mac 6 cells, primary blood monocytes, when <clueType>precultured</clueType> <linkTheme>with</linkTheme> a low dose of LPS, also become tolerant and produce little TNF after LPS stimulation.</clue>
</event>
<event KT="Method" id="E31">
<type class="Physiological_process"/>
<theme idref="T50"/>
<cause idref="T54"/>
<clue>Similar to Mono Mac 6 cells, primary blood monocytes, when precultured with a low dose of LPS, also become tolerant and produce little TNF after LPS <clueType>stimulation</clueType>.</clue>
</event>
<event id="E32">
<type class="Negative_regulation"/>
<theme idref="T50"/>
<cause idref="E31"/>
<clue>Similar to Mono Mac 6 cells, primary blood monocytes, when precultured with a low dose of LPS, also <clueType>become tolerant</clueType> and produce little TNF <linkCause>after</linkCause> LPS stimulation.</clue>
</event>
<event id="E33">
<type class="Gene_expression"/>
<theme idref="T52"/>
<clue>Similar to Mono Mac 6 cells, primary blood monocytes, when precultured with a low dose of LPS, also become tolerant and <clueType>produce</clueType> little TNF after LPS stimulation.</clue>
</event>
<event Manner="Low" assertion="non-exist" id="E1">
<type class="Positive_regulation"/>
<theme idref="E33"/>
<cause idref="E31"/>
<clue>Similar to Mono Mac 6 cells, primary blood monocytes, when precultured with a low dose of LPS, also become tolerant and produce <clueType><clueManner>little</clueManner></clueType> TNF <linkCause>after</linkCause> LPS stimulation.</clue>
</event>
<sentence id="S10">The <term id="T55" lex="tolerant_blood_monocyte" sem="Cell_natural">tolerant blood monocytes</term> also up-regulate <term id="T56" lex="CD14" sem="Protein_molecule">CD14</term>, and they mobilize <term id="T57" lex="NF-kappa_B" sem="Protein_molecule">NF-kappa B</term> with a predominance of <term id="T58" lex="p50_homodimer" sem="Protein_complex"><term id="T59" lex="p50" sem="Protein_molecule">p50</term> homodimers</term>.</sentence>
<event id="E34">
<type class="Positive_regulation"/>
<theme idref="T56"/>
<cause idref="E31"/>
<clue><clueLoc>The tolerant blood monocytes</clueLoc> also <clueType>up-regulate</clueType> CD14, and they mobilize NF-kappa B with a predominance of p50 homodimers.</clue>
<comment>NO COREFCAUSE</comment></event>
<event id="E35">
<type class="Localization"/>
<theme idref="T57"/>
<clue><clueLoc>The tolerant blood monocytes</clueLoc> also up-regulate CD14, and they <clueType>mobilize</clueType> NF-kappa B with a predominance of p50 homodimers.</clue>
</event>
<sentence id="S11">Taken together, these results demonstrate that <term id="A3" sem="Other">tolerance to <term id="T60" lex="LPS" sem="Lipid">LPS</term></term> is determined by <term id="T61" lex="post-receptor_mechanism" sem="Other">post-receptor mechanisms</term> that involve an altered composition of the <term id="T62" lex="NF-kappa_B_complex" sem="Protein_complex"><term id="T63" lex="NF-kappa_B" sem="Protein_molecule">NF-kappa B</term> complex</term>.</sentence>
<event KT="Other" id="E37">
<type class="Positive_regulation"/>
<theme idref="T62"/>
<clue>Taken together, these results demonstrate that tolerance to LPS is determined by post-receptor mechanisms that involve an <clueType>altered composition</clueType> <linkTheme>of</linkTheme> the NF-kappa B complex.</clue>
</event>
<event KT="Analysis" id="E38">
<type class="Regulation"/>
<theme idref="A3"/>
<cause idref="E37"/>
<clue>Taken together, these results <clueKT>demonstrate</clueKT> that tolerance to LPS is <clueType>determined</clueType> <linkCause>by</linkCause> <corefCause>post-receptor mechanisms</corefCause> that involve an altered composition of the NF-kappa B complex.</clue>
<comment>TPS: A3</comment></event>
</AbstractText>
</Abstract></Article></MedlineCitation></PubmedArticle></PubmedArticleSet></Annotation>
