<?xml version='1.0'?><!DOCTYPE Annotation PUBLIC "//GENIA//DTD GENIA ANNOTATION EVENT 2.0//EN_Modified" "../ModifiedGENIAtypes/Modified_GENIA_event_20.dtd"><Annotation annotates="http://www.ncbi.nlm.nih.gov/entrez/eutils/efetch.fcgi?db=pubmed&amp;retmode=xml&amp;rettype=medline&amp;id=7518803" created="15/01/2007" creator="Noriko Katsu"><PubmedArticleSet><PubmedArticle><MedlineCitation>
<PMID>7518803</PMID>
<Article>
<ArticleTitle>
<sentence id="S1">Evidence for a <term id="T1" lex="trans-acting_activator" sem="Protein_family_or_group">trans-acting activator</term> function regulating the expression of the <term id="T2" lex="human_CD5_antigen" sem="Protein_molecule">human <term id="T3" lex="CD5" sem="Protein_molecule">CD5</term> antigen</term>.</sentence>
<event id="E1">
<type class="Regulation"/>
<theme idref="E2"/>
<cause idref="T1"/>
<clue><clueKT>Evidence</clueKT> for a trans-acting activator function <clueType>regulating</clueType> the expression of the human CD5 antigen.</clue>
</event>
<event id="E2">
<type class="Gene_expression"/>
<theme idref="T2"/>
<clue>Evidence for a trans-acting activator function regulating the <clueType>expression</clueType> <linkTheme>of</linkTheme> the human CD5 antigen.</clue>
</event>
</ArticleTitle>
<Abstract>
<AbstractText>
<sentence id="S2">Interspecies <term id="T4" lex="somatic_cell_hybrid" sem="Cell_cultured">somatic cell hybrids</term> were generated by fusing the <term id="T5" lex="mouse_T-lymphoma_cell_line" sem="Cell_cultured">mouse T-lymphoma cell line</term>, <term id="T6" lex="BW5147" sem="Cell_cultured">BW5147</term>, with <term id="T7" lex="normal_human_T_lymphocyte" sem="Cell_natural">normal human T lymphocytes</term> at different stages of <term id="T8" lex="differentiation" sem="Other">differentiation</term>.</sentence>
<event KT="Method" id="E3">
<type class="Cellular_physiological_process"/>
<theme idref="T6"/>
<theme idref="T7"/>
<clue>Interspecies somatic cell hybrids were generated by <clueType>fusing</clueType> the mouse T-lymphoma cell line, BW5147, <linkTheme>with</linkTheme> normal human T lymphocytes at different stages of differentiation.</clue>
<comment>ARTIFICIAL</comment></event>
<event id="E4">
<type class="Cell_differentiation"/>
<theme idref="T7"/>
<clue>Interspecies somatic cell hybrids were generated by fusing the mouse T-lymphoma cell line, BW5147, with normal human T lymphocytes at different stages of <clueType>differentiation</clueType>.</clue>
</event>
<sentence id="S3"><term id="T9" lex="thymocyte" sem="Cell_natural">Thymocytes</term>, <term id="T10" lex="activated_peripheral_T_lymphocyte" sem="Cell_natural">activated <term id="A1" sem="Cell_natural">peripheral T lymphocytes</term></term>, or an <term id="T11" lex="activated_T-cell_clone" sem="Cell_cultured">activated <term id="A2" sem="Cell_natural">T-cell clone</term></term> were used as <term id="T12" lex="human_partners" sem="Cell_natural">human partners</term>, respectively, in three independent fusions.</sentence>
<event KT="Method" id="E5">
<type class="Cellular_physiological_process"/>
<theme idref="T6"/>
<theme idref="T9"/>
<clue>Thymocytes, activated peripheral T lymphocytes, or an activated T-cell clone were used as human partners, respectively, in three independent <clueType>fusions</clueType>.</clue>
<comment>NO COREFTHEME for T6; ARTIFICIAL</comment></event>
<event KT="Method" id="E6">
<type class="Cellular_physiological_process"/>
<theme idref="T6"/>
<theme idref="T10"/>
<clue>Thymocytes, activated peripheral T lymphocytes, or an activated T-cell clone were used as human partners, respectively, in three independent <clueType>fusions</clueType>.</clue>
<comment>NO COREFTHEME for T6; ARTIFICIAL</comment></event>
<event KT="Method" id="E7">
<type class="Cellular_physiological_process"/>
<theme idref="T6"/>
<theme idref="T11"/>
<clue>Thymocytes, activated peripheral T lymphocytes, or an activated T-cell clone were used as human partners, respectively, in three independent <clueType>fusions</clueType>.</clue>
<comment>NO COREFTHEME for T6; ARTIFICIAL</comment></event>
<event id="E8">
<type class="Physiological_process"/>
<theme idref="A1"/>
<clue>Thymocytes, <clueType>activated</clueType> peripheral T lymphocytes, or an activated T-cell clone were used as human partners, respectively, in three independent fusions.</clue>
</event>
<event id="E9">
<type class="Physiological_process"/>
<theme idref="A2"/>
<clue>Thymocytes, activated peripheral T lymphocytes, or an <clueType>activated</clueType> T-cell clone were used as human partners, respectively, in three independent fusions.</clue>
</event>
<sentence id="S4">Irrespective of the <term id="T13" lex="human_cell_partner" sem="Cell_natural">human cell partner</term> used for fusion, a certain number of <term id="T14" lex="hybrid" sem="Cell_cultured">hybrids</term> lost <term id="T15" lex="CD5_surface_expression" sem="Other"><term id="T16" lex="CD5" sem="Protein_molecule">CD5</term> surface expression</term> over a period of time in culture.</sentence>
<event KT="Method" id="E10">
<type class="Cellular_physiological_process"/>
<theme idref="T6"/>
<theme idref="T9"/>
<clue>Irrespective of <corefTheme>the human cell partner</corefTheme> used for <clueType>fusion</clueType>, a certain number of hybrids lost CD5 surface expression over a period of time in culture.</clue>
<comment>NO COREFTHEME for T6; ARTIFICIAL</comment></event>
<event KT="Method" id="E16">
<type class="Cellular_physiological_process"/>
<theme idref="T6"/>
<theme idref="T10"/>
<clue>Irrespective of <corefTheme>the human cell partner</corefTheme> used for <clueType>fusion</clueType>, a certain number of hybrids lost CD5 surface expression over a period of time in culture.</clue>
<comment>NO COREFTHEME for T6; ARTIFICIAL</comment></event>
<event KT="Method" id="E17">
<type class="Cellular_physiological_process"/>
<theme idref="T6"/>
<theme idref="T11"/>
<clue>Irrespective of <corefTheme>the human cell partner</corefTheme> used for <clueType>fusion</clueType>, a certain number of hybrids lost CD5 surface expression over a period of time in culture.</clue>
<comment>NO COREFTHEME for T6; ARTIFICIAL</comment></event>
<event KT="Other" id="E11">
<type class="Gene_expression"/>
<theme idref="T16"/>
<clue>Irrespective of the human cell partner used for fusion, a certain number of hybrids lost CD5 <clueLoc>surface</clueLoc> <clueType>expression</clueType> over a period of time in culture.</clue>
</event>
<event id="E12">
<type class="Negative_regulation"/>
<theme idref="E11"/>
<cause idref="E10"/>
<clue>Irrespective of the human cell partner used for fusion, a certain number of <corefCause>hybrids</corefCause> <clueType>lost</clueType> CD5 surface expression <clueTime>over a period of time in culture</clueTime>.</clue>
</event>
<event id="E13">
<type class="Negative_regulation"/>
<theme idref="E11"/>
<cause idref="E16"/>
<clue>Irrespective of the human cell partner used for fusion, a certain number of <corefCause>hybrids</corefCause> <clueType>lost</clueType> CD5 surface expression <clueTime>over a period of time in culture</clueTime>.</clue>
</event>
<event id="E14">
<type class="Negative_regulation"/>
<theme idref="E11"/>
<cause idref="E17"/>
<clue>Irrespective of the human cell partner used for fusion, a certain number of <corefCause>hybrids</corefCause> <clueType>lost</clueType> CD5 surface expression <clueTime>over a period of time in culture</clueTime>.</clue>
</event>
<sentence id="S5">Analysis at the phenotype and genetic level showed that lack of <term id="T17" lex="CD5_expression" sem="Other"><term id="T18" lex="CD5" sem="Protein_molecule">CD5</term> expression</term> was due neither to segregation of <term id="T19" lex="human_autosome_11" sem="DNA_domain_or_region">human autosome 11</term>, on which the <term id="T20" lex="CD5_gene" sem="DNA_domain_or_region"><term id="T21" lex="CD5" sem="Protein_molecule">CD5</term> gene</term> has been mapped, nor to deletion of the <term id="T22" lex="CD5_structural_gene" sem="DNA_domain_or_region"><term id="T23" lex="CD5" sem="Protein_molecule">CD5</term> structural gene</term>.</sentence>
<event KT="Other" Polarity="Negative" assertion="non-exist" id="E15">
<type class="Gene_expression"/>
<theme idref="T18"/>
<clue>Analysis at the phenotype and genetic level showed that <cluePolarity>lack</cluePolarity> of CD5 <clueType>expression</clueType> was due neither to segregation of human autosome 11, on which the CD5 gene has been mapped, nor to deletion of the CD5 structural gene.</clue>
</event>
<event KT="Analysis" Polarity="Negative" assertion="non-exist" id="E18">
<type class="Positive_regulation"/>
<theme idref="E15"/>
<cause idref="E19"/>
<clue>Analysis at the phenotype and genetic level <clueKT>showed</clueKT> that lack of CD5 expression was <clueType>due</clueType> <cluePolarity>neither</cluePolarity> <linkCause>to</linkCause> segregation of human autosome 11, on which the CD5 gene has been mapped, nor to deletion of the CD5 structural gene.</clue>
</event>
<event KT="Other" id="E19">
<type class="Cellular_physiological_process"/>
<theme idref="T19"/>
<clue>Analysis at the phenotype and genetic level showed that lack of CD5 expression was due neither to <clueType>segregation</clueType> <linkTheme>of</linkTheme> human autosome 11, on which the CD5 gene has been mapped, nor to deletion of the CD5 structural gene.</clue>
</event>
<event KT="Analysis" Polarity="Negative" assertion="non-exist" id="E20">
<type class="Positive_regulation"/>
<theme idref="E15"/>
<cause idref="E21"/>
<clue>Analysis at the phenotype and genetic level <clueKT>showed</clueKT> that lack of CD5 expression was <clueType>due</clueType> neither to segregation of human autosome 11, on which the CD5 gene has been mapped, <cluePolarity>nor</cluePolarity> <linkCause>to</linkCause> deletion of the CD5 structural gene.</clue>
</event>
<event KT="Other" id="E21">
<type class="Mutagenesis"/>
<theme idref="T22"/>
<clue>Analysis at the phenotype and genetic level showed that lack of CD5 expression was due neither to segregation of human autosome 11, on which the CD5 gene has been mapped, nor to <clueType>deletion</clueType> <linkTheme>of</linkTheme> the CD5 structural gene.</clue>
</event>
<sentence id="S6">Furthermore, loss of <term id="T24" lex="CD5_surface_expression" sem="Other"><term id="T25" lex="CD5" sem="Protein_molecule"><term id="A3" sem="DNA_domain_or_region">CD5</term></term> surface expression</term> correlated with the absence of specific <term id="T26" lex="mRNA" sem="RNA_family_or_group">mRNA</term>.</sentence>
<event KT="Other" id="E23">
<type class="Negative_regulation"/>
<theme idref="E24"/>
<clue>Furthermore, <clueType>loss</clueType> <linkTheme>of</linkTheme> CD5 surface expression correlated with the absence of specific mRNA.</clue>
</event>
<event KT="Other" id="E24">
<type class="Gene_expression"/>
<theme idref="T25"/>
<clue>Furthermore, loss of CD5 <clueLoc>surface</clueLoc> <clueType>expression</clueType> correlated with the absence of specific mRNA.</clue>
</event>
<event KT="Analysis" id="E25">
<type class="Correlation"/>
<theme idref="E23"/>
<theme idref="E26"/>
<clue>Furthermore, loss of CD5 surface expression <clueType><clueKT>correlated</clueKT></clueType> <linkTheme>with</linkTheme> the absence of specific mRNA.</clue>
</event>
<event KT="Other" Polarity="Negative" assertion="non-exist" id="E26">
<type class="Transcription"/>
<theme idref="A3"/>
<clue>Furthermore, loss of CD5 surface expression correlated with the <clueType><cluePolarity>absence</cluePolarity></clueType> of <corefTheme>specific</corefTheme> <clueType>mRNA</clueType>.</clue>
<comment>CAUTION</comment></event>
<sentence id="S7">Since these hybrids preferentially segregate human <term id="A4" sem="Other">chromosomes</term>, these results indicate the existence of a <term id="T27" lex="non-syntenic_trans-active_locus" sem="DNA_domain_or_region">non-syntenic trans-active locus</term>, or loci, positively controlling the expression of the <term id="T28" lex="human_CD5_gene" sem="DNA_domain_or_region">human <term id="T29" lex="CD5" sem="Protein_molecule">CD5</term> gene</term>.</sentence>
<event KT="Fact" id="E27">
<type class="Cellular_physiological_process"/>
<theme idref="A4"/>
<clue>Since <clueLoc>these hybrids</clueLoc> preferentially <clueType>segregate</clueType> human chromosomes, these results indicate the existence of a non-syntenic trans-active locus, or loci, positively controlling the expression of the human CD5 gene.</clue>
</event>
<event CL="L2" KT="Analysis" id="E28">
<type class="Positive_regulation"/>
<theme idref="E29"/>
<cause idref="T27"/>
<clue>Since these hybrids preferentially segregate human chromosomes, these results <clueKT><clueCL>indicate</clueCL></clueKT> the existence of a non-syntenic trans-active locus, or loci, <clueType>positively controlling</clueType> the expression of the human CD5 gene.</clue>
</event>
<event KT="Other" id="E29">
<type class="Gene_expression"/>
<theme idref="T28"/>
<clue>Since these hybrids preferentially segregate human chromosomes, these results indicate the existence of a non-syntenic trans-active locus, or loci, positively controlling the <clueType>expression</clueType> <linkTheme>of</linkTheme> the human CD5 gene.</clue>
</event>
</AbstractText>
</Abstract></Article></MedlineCitation></PubmedArticle></PubmedArticleSet></Annotation>
