<?xml version='1.0'?><!DOCTYPE Annotation PUBLIC "//GENIA//DTD GENIA ANNOTATION EVENT 2.0//EN_Modified" "../ModifiedGENIAtypes/Modified_GENIA_event_20.dtd"><Annotation annotates="http://www.ncbi.nlm.nih.gov/entrez/eutils/efetch.fcgi?db=pubmed&amp;retmode=xml&amp;rettype=medline&amp;id=7520093" created="18/04/2006" creator="Noriko Katsu"><PubmedArticleSet><PubmedArticle><MedlineCitation>
<PMID>7520093</PMID>
<Article>
<ArticleTitle>
<sentence id="S1">Upregulation of <term id="T1" lex="bcl-2" sem="DNA_domain_or_region">bcl-2</term> by the <term id="T2" lex="Epstein-Barr_virus_latent_membrane_protein" sem="Protein_molecule"><term id="T3" lex="Epstein-Barr_virus" sem="Virus">Epstein-Barr virus</term> latent membrane protein</term> <term id="T4" lex="LMP1" sem="Protein_molecule">LMP1</term>: a <term id="T5" lex="B-cell-specific_response" sem="Other">B-cell-specific response</term> that is delayed relative to <term id="T6" lex="NF-kappa_B_activation" sem="Other"><term id="T7" lex="NF-kappa_B" sem="Protein_molecule">NF-kappa B</term> activation</term> and to induction of <term id="T8" lex="cell_surface_marker" sem="Protein_family_or_group">cell surface markers</term>.</sentence>
<event KT="Investigation" id="E1">
<type class="Positive_regulation"/>
<theme idref="T1"/>
<cause idref="T4"/>
<clue><clueType>Upregulation</clueType> <linkTheme>of</linkTheme> bcl-2 <linkCause>by</linkCause> the Epstein-Barr virus latent membrane protein LMP1: a B-cell-specific response that is delayed relative to NF-kappa B activation and to induction of cell surface markers.</clue>
</event>
<event id="E2">
<type class="Positive_regulation"/>
<theme idref="T7"/>
<clue>Upregulation of bcl-2 by the Epstein-Barr virus latent membrane protein LMP1: a B-cell-specific response that is delayed relative to NF-kappa B <clueType>activation</clueType> and to induction of cell surface markers.</clue>
</event>
<event id="E3">
<type class="Positive_regulation"/>
<theme idref="T8"/>
<clue>Upregulation of bcl-2 by the Epstein-Barr virus latent membrane protein LMP1: a B-cell-specific response that is delayed relative to NF-kappa B activation and to <clueType>induction</clueType> <linkTheme>of</linkTheme> cell surface markers.</clue>
</event>
<event id="E4">
<type class="Negative_regulation"/>
<theme idref="T5"/>
<clue>Upregulation of bcl-2 by the Epstein-Barr virus latent membrane protein LMP1: a B-cell-specific response that is <clueType>delayed</clueType> relative to NF-kappa B activation and to induction of cell surface markers.</clue>
</event>
</ArticleTitle>
<Abstract>
<AbstractText>
<sentence id="S2">An ability of the <term id="T9" lex="Epstein-Barr_virus_latent_membrane_protein" sem="Protein_molecule"><term id="T10" lex="Epstein-Barr_virus" sem="Virus">Epstein-Barr virus</term> latent membrane protein</term> <term id="T11" lex="LMP1" sem="Protein_molecule">LMP1</term> to enhance the survival of <term id="T12" lex="infected_B_cell" sem="Cell_natural">infected <term id="A1" sem="Cell_natural">B cells</term></term> through upregulation of the <term id="T13" lex="bcl-2_oncogene" sem="DNA_domain_or_region"><term id="T14" lex="bcl-2" sem="DNA_domain_or_region">bcl-2</term> oncogene</term> was first suggested by experiments involving <term id="T15" lex="gene_transfection" sem="Other">gene transfection</term> and the selection of stable <term id="T16" lex="LMP1+_clone" sem="Cell_cultured"><term id="T17" lex="LMP1" sem="Protein_molecule">LMP1</term>+ clones</term> (S.Henderson, M. Rowe, C.Gregory, F.Wang, E.Kieff, and A.Rickinson, Cell 65:1107-1115, 1991).</sentence>
<event KT="Other" id="E5">
<type class="Positive_regulation"/>
<theme idref="T14"/>
<cause idref="T11"/>
<clue>An ability of the Epstein-Barr virus latent membrane protein LMP1 to enhance the survival of infected B cells through <clueType>upregulation</clueType> <linkTheme>of</linkTheme> the bcl-2 oncogene was first suggested by experiments involving gene transfection and the selection of stable LMP1+ clones (S.Henderson, M. Rowe, C.Gregory, F.Wang, E.Kieff, and A.Rickinson, Cell 65:1107-1115, 1991).</clue>
</event>
<event KT="Other" id="E6">
<type class="Initiation_of_viral_infection"/>
<theme idref="A1"/>
<theme idref="T10"/>
<clue>An ability of the Epstein-Barr virus latent membrane protein LMP1 to enhance the survival of <clueType>infected</clueType> B cells through upregulation of the bcl-2 oncogene was first suggested by experiments involving gene transfection and the selection of stable LMP1+ clones (S.Henderson, M. Rowe, C.Gregory, F.Wang, E.Kieff, and A.Rickinson, Cell 65:1107-1115, 1991).</clue>
</event>
<event CL="L2" KT="Analysis" Source="Other" id="E7">
<type class="Positive_regulation"/>
<theme idref="E6"/>
<cause idref="E5"/>
<clue>An <clueCL>ability</clueCL> of the Epstein-Barr virus latent membrane protein LMP1 to <clueType>enhance the survival</clueType> <linkTheme>of</linkTheme> infected B cells <linkCause>through</linkCause> upregulation of the bcl-2 oncogene was <clueSource>first</clueSource> <clueKT>suggested</clueKT> <clueExperiment>by experiments involving gene transfection and the selection of stable LMP1+ clones</clueExperiment> <clueSource>(S.Henderson, M. Rowe, C.Gregory, F.Wang, E.Kieff, and A.Rickinson, Cell 65:1107-1115, 1991).</clueSource></clue>
</event>
<sentence id="S3">However, it was not possible to ascertain whether <term id="T18" lex="Bcl-2" sem="Protein_molecule">Bcl-2</term> upregulation was a specific consequence of <term id="T19" lex="LMP1" sem="Protein_molecule">LMP1</term> expression or an artifact of the selection procedure whereby rare <term id="T20" lex="Bcl-2+_cell" sem="Cell_cultured"><term id="T21" lex="Bcl-2" sem="Protein_molecule">Bcl-2</term>+ cells</term> already present in the starting population might best be able to tolerate the <term id="A3" sem="Other">potentially toxic effects</term> of <term id="T22" lex="LMP1" sem="Protein_molecule">LMP1</term>.</sentence>
<event KT="Other" id="E9" uncertainty="doubtful">
<type class="Positive_regulation"/>
<theme idref="T18"/>
<cause idref="E10"/>
<clue>However, it was not possible to ascertain whether Bcl-2 <clueType>upregulation</clueType> was a specific consequence <linkCause>of</linkCause> LMP1 expression or an artifact of the selection procedure whereby rare Bcl-2+ cells already present in the starting population might best be able to tolerate the potentially toxic effects of LMP1.</clue>
</event>
<event KT="Other" id="E10">
<type class="Gene_expression"/>
<theme idref="T19"/>
<clue>However, it was not possible to ascertain whether Bcl-2 upregulation was a specific consequence of LMP1 <clueType>expression</clueType> or an artifact of the selection procedure whereby rare Bcl-2+ cells already present in the starting population might best be able to tolerate the potentially toxic effects of LMP1.</clue>
</event>
<event CL="L1" KT="Analysis" id="E11" uncertainty="doubtful">
<type class="Negative_regulation"/>
<theme idref="T22"/>
<clue>However, it was not possible to ascertain whether Bcl-2 upregulation was a specific consequence of LMP1 expression or an artifact of the selection procedure whereby rare <clueLoc>Bcl-2+ cells</clueLoc> already present in the starting population <clueCL>might</clueCL> best be <clueKT>able to</clueKT> <clueType>tolerate</clueType> the potentially toxic effects <linkTheme>of</linkTheme> LMP1.</clue>
</event>
<sentence id="S4">We therefore reexamined this issue by using two different experimental approaches that allowed <term id="T23" lex="LMP1-_induced_effect" sem="Other"><term id="T24" lex="LMP1" sem="Protein_molecule">LMP1</term>- induced effects</term> to be monitored immediately following expression of the viral protein and in the absence of selective pressures; activation of the <term id="T25" lex="NF-kappa_B" sem="Protein_molecule">NF-kappa B</term> <term id="T26" lex="transcription_factor" sem="Protein_family_or_group">transcription factor</term> and upregulation of the <term id="T27" lex="cell_adhesion_molecule" sem="Protein_family_or_group">cell adhesion molecule</term> <term id="T28" lex="ICAM-1" sem="Protein_molecule">ICAM-1</term> were used as early indices of <term id="T29" lex="LMP1" sem="Protein_molecule">LMP1</term> function.</sentence>
<event KT="Investigation" id="E12" uncertainty="doubtful">
<type class="Positive_regulation"/>
<theme idref="A3"/>
<cause idref="T24"/>
<clue>We therefore reexamined this issue <clueExperiment>by using two different experimental approaches</clueExperiment> that allowed LMP1- <clueType>induced</clueType> <corefTheme>effects</corefTheme> to be <clueKT>monitored</clueKT> immediately <clueTime>following expression of the viral protein</clueTime> and in the absence of selective pressures; activation of the NF-kappa B transcription factor and upregulation of the cell adhesion molecule ICAM-1 were used as early indices of LMP1 function.</clue>
</event>
<event KT="Other" id="E13">
<type class="Gene_expression"/>
<theme idref="T24"/>
<clue>We therefore reexamined this issue by using two different experimental approaches that allowed LMP1- induced effects to be monitored immediately following <clueType>expression</clueType> <linkTheme>of</linkTheme> <corefTheme>the viral protein</corefTheme> and in the absence of selective pressures; activation of the NF-kappa B transcription factor and upregulation of the cell adhesion molecule ICAM-1 were used as early indices of LMP1 function.</clue>
</event>
<event KT="Other" id="E14">
<type class="Positive_regulation"/>
<theme idref="T25"/>
<clue>We therefore reexamined this issue by using two different experimental approaches that allowed LMP1- induced effects to be monitored immediately following expression of the viral protein and in the absence of selective pressures; <clueType>activation</clueType> <linkTheme>of</linkTheme> the NF-kappa B transcription factor and upregulation of the cell adhesion molecule ICAM-1 were used as early indices of LMP1 function.</clue>
</event>
<event KT="Other" id="E15">
<type class="Positive_regulation"/>
<theme idref="T28"/>
<clue>We therefore reexamined this issue by using two different experimental approaches that allowed LMP1- induced effects to be monitored immediately following expression of the viral protein and in the absence of selective pressures; activation of the NF-kappa B transcription factor and <clueType>upregulation</clueType> <linkTheme>of</linkTheme> the cell adhesion molecule ICAM-1 were used as early indices of LMP1 function.</clue>
</event>
<event CL="L2" KT="Analysis" id="E16" uncertainty="doubtful">
<type class="Positive_regulation"/>
<theme idref="T29"/>
<cause idref="E14"/>
<clue>We therefore reexamined this issue by using two different experimental approaches that allowed LMP1- induced effects to be monitored immediately following expression of the viral protein and in the absence of selective pressures; activation of the NF-kappa B transcription factor and upregulation of the cell adhesion molecule ICAM-1 were used as early <clueType><clueKT><clueCL>indices</clueCL></clueKT></clueType> <linkTheme>of</linkTheme> LMP1 function.</clue>
</event>
<event CL="L2" KT="Analysis" id="E17" uncertainty="doubtful">
<type class="Positive_regulation"/>
<theme idref="T29"/>
<cause idref="E15"/>
<clue>We therefore reexamined this issue by using two different experimental approaches that allowed LMP1- induced effects to be monitored immediately following expression of the viral protein and in the absence of selective pressures; activation of the NF-kappa B transcription factor and upregulation of the cell adhesion molecule ICAM-1 were used as early <clueType><clueKT><clueCL>indices</clueCL></clueKT></clueType> <linkTheme>of</linkTheme> LMP1 function.</clue>
</event>
<sentence id="S5">In the first approach, stable clones of two <term id="T30" lex="B-cell_line" sem="Cell_cultured">B-cell lines</term> carrying an <term id="T31" lex="LMP1" sem="Protein_molecule">LMP1</term> gene under the control of an inducible <term id="T32" lex="metallothionein_promoter" sem="DNA_domain_or_region">metallothionein promoter</term> were induced to express <term id="T33" lex="LMP1" sem="Protein_molecule">LMP1</term> in all cells.</sentence>
<event id="E18">
<type class="Positive_regulation"/>
<theme idref="E19"/>
<cause idref="T32"/>
<clue>In the first approach, stable clones of two B-cell lines carrying an LMP1 gene <linkCause>under the control of</linkCause> an inducible metallothionein promoter were <clueType>induced</clueType> <linkTheme>to</linkTheme> express LMP1 in all cells.</clue>
</event>
<event id="E33">
<type class="Positive_regulation"/>
<theme idref="T32"/>
<clue>In the first approach, stable clones of two B-cell lines carrying an LMP1 gene under the control of an <clueType>inducible</clueType> metallothionein promoter were induced to express LMP1 in all cells.</clue>
</event>
<event id="E19">
<type class="Gene_expression"/>
<theme idref="T33"/>
<clue>In the first approach, stable <clueLoc>clones of two B-cell lines</clueLoc> carrying an LMP1 gene under the control of an inducible metallothionein promoter were induced to <clueType>express</clueType> LMP1 <clueLoc>in all cells</clueLoc>.</clue>
</event>
<sentence id="S6">Activation of <term id="T34" lex="NK-kappa_B" sem="Protein_molecule">NK-kappa B</term> and <term id="T35" lex="upregulation" sem="Other">upregulation</term> of <term id="T36" lex="ICAM-1" sem="Protein_molecule">ICAM-1</term> occurred within 24 h and were followed at 48 to 72 h by <term id="T37" lex="upregulation" sem="Other">upregulation</term> of <term id="T38" lex="Bcl-2" sem="Protein_molecule">Bcl-2</term>.</sentence>
<event id="E20">
<type class="Positive_regulation"/>
<theme idref="T34"/>
<clue><clueType>Activation</clueType> <linkTheme>of</linkTheme> NK-kappa B and upregulation of ICAM-1 occurred <clueTime>within 24 h</clueTime> and were followed at 48 to 72 h by upregulation of Bcl-2.</clue>
</event>
<event id="E21">
<type class="Positive_regulation"/>
<theme idref="T36"/>
<clue>Activation of NK-kappa B and <clueType>upregulation</clueType> <linkTheme>of</linkTheme> ICAM-1 occurred <clueTime>within 24 h</clueTime> and were followed at 48 to 72 h by upregulation of Bcl-2.</clue>
</event>
<event id="E22">
<type class="Positive_regulation"/>
<theme idref="T38"/>
<clue>Activation of NK-kappa B and upregulation of ICAM-1 occurred within 24 h and were followed <clueTime>at 48 to 72 h</clueTime> by <clueType>upregulation</clueType> <linkTheme>of</linkTheme> Bcl-2.</clue>
</event>
<sentence id="S7">In the second approach, we tested the generality of this phenomenon by transiently expressing <term id="T39" lex="LMP1" sem="Protein_molecule">LMP1</term> from a strong constitutively active <term id="A4" sem="Protein_molecule">promoter</term> in a range of different cell types.</sentence>
<event KT="Other" id="E23">
<type class="Gene_expression"/>
<theme idref="T39"/>
<clue>In the second approach, we tested the generality of this phenomenon by transiently <clueType>expressing</clueType> LMP1 from a strong constitutively active promoter <clueLoc>in a range of different cell types</clueLoc>.</clue>
</event>
<sentence id="S8">All six <term id="T40" lex="B-cell_line" sem="Cell_cultured">B-cell lines</term> tested showed <term id="T41" lex="NF-kappa_B_activation" sem="Other"><term id="T42" lex="NF-kappa_B" sem="Protein_molecule">NF-kappa B</term> activation</term> in response to <term id="T43" lex="LMP1_expression" sem="Other"><term id="T44" lex="LMP1" sem="Protein_molecule">LMP1</term> expression</term>, and this was followed in five of six lines by expression of <term id="T45" lex="ICAM-1" sem="Protein_molecule">ICAM-1</term> and <term id="T46" lex="Bcl-2" sem="Protein_molecule">Bcl-2</term>.</sentence>
<event KT="Analysis" id="E24">
<type class="Positive_regulation"/>
<theme idref="T42"/>
<cause idref="E25"/>
<clue><clueLoc>All six B-cell lines</clueLoc> tested <clueKT>showed</clueKT> NF-kappa B <clueType>activation</clueType> <linkCause>in response to</linkCause> LMP1 expression, and this was followed in five of six lines by expression of ICAM-1 and Bcl-2.</clue>
</event>
<event id="E25">
<type class="Gene_expression"/>
<theme idref="T44"/>
<clue>All six B-cell lines tested showed NF-kappa B activation in response to LMP1 <clueType>expression</clueType>, and this was followed in five of six lines by expression of ICAM-1 and Bcl-2.</clue>
</event>
<event id="E26">
<type class="Gene_expression"/>
<theme idref="T45"/>
<clue>All six B-cell lines tested showed NF-kappa B activation in response to LMP1 expression, and this was followed <clueLoc>in five of six lines</clueLoc> by <clueType>expression</clueType> <linkTheme>of</linkTheme> ICAM-1 and Bcl-2.</clue>
</event>
<event id="E27">
<type class="Gene_expression"/>
<theme idref="T46"/>
<clue>All six B-cell lines tested showed NF-kappa B activation in response to LMP1 expression, and this was followed <clueLoc>in five of six lines</clueLoc> by <clueType>expression</clueType> <linkTheme>of</linkTheme> ICAM-1 and Bcl-2.</clue>
</event>
<sentence id="S9">In the same experiments, all three non-<term id="T47" lex="B-cell_line" sem="Cell_cultured">B-cell lines</term> showed <term id="T48" lex="NF-kappa_B_activation" sem="Other"><term id="T49" lex="NF-kappa_B" sem="Protein_molecule">NF-kappa B</term> activation</term> and <term id="T50" lex="ICAM-1" sem="Protein_molecule">ICAM-1</term> <term id="T51" lex="upregulation" sem="Other">upregulation</term> but never any effect upon <term id="T52" lex="Bcl-2" sem="Protein_molecule">Bcl-2</term>.</sentence>
<event KT="Analysis" id="E28">
<type class="Positive_regulation"/>
<theme idref="T49"/>
<cause idref="E25"/>
<clue>In the same experiments, <clueLoc>all three non-B-cell lines</clueLoc> <clueKT>showed</clueKT> NF-kappa B <clueType>activation</clueType> and ICAM-1 upregulation but never any effect upon Bcl-2.</clue>
<comment>NO COREFCAUSE</comment></event>
<event KT="Analysis" id="E29">
<type class="Positive_regulation"/>
<theme idref="T50"/>
<cause idref="E25"/>
<clue>In the same experiments, <clueLoc>all three non-B-cell lines</clueLoc> <clueKT>showed</clueKT> NF-kappa B activation and ICAM-1 <clueType>upregulation</clueType> but never any effect upon Bcl-2.</clue>
<comment>NO COREFCAUSE</comment></event>
<event KT="Analysis" Polarity="Negative" assertion="non-exist" id="E30">
<type class="Positive_regulation"/>
<theme idref="T52"/>
<cause idref="E25"/>
<clue>In the same experiments, <clueLoc>all three non-B-cell lines</clueLoc> <clueKT>showed</clueKT> NF-kappa B activation and ICAM-1 upregulation but <cluePolarity>never</cluePolarity> any <clueType>effect</clueType> <linkTheme>upon</linkTheme> Bcl-2.</clue>
<comment>NO COREFCAUSE</comment></event>
<sentence id="S10">We therefore conclude that <term id="T53" lex="Bcl-2_upregulation" sem="Other"><term id="T54" lex="Bcl-2" sem="Protein_molecule">Bcl-2</term> upregulation</term> is part of the panoply of <term id="A5" sem="Other">cellular changes</term> induced by <term id="T55" lex="LMP1" sem="Protein_molecule">LMP1</term> but that the effect is cell type specific.</sentence>
<event KT="Other" id="E31">
<type class="Positive_regulation"/>
<theme idref="T54"/>
<clue>We therefore conclude that Bcl-2 <clueType>upregulation</clueType> is part of the panoply of cellular changes induced by LMP1 but that the effect is cell type specific.</clue>
</event>
<event KT="Other" id="E32">
<type class="Positive_regulation"/>
<theme idref="A5"/>
<cause idref="T55"/>
<clue>We therefore conclude that Bcl-2 upregulation is part of the panoply of cellular changes <clueType>induced</clueType> <linkCause>by</linkCause> LMP1 but that the effect is cell type specific.</clue>
</event>
<sentence id="S11">Our data also suggest that whilst <term id="T56" lex="NF-kappa_B" sem="Protein_molecule">NF-kappa B</term> may be an essential component of <term id="T57" lex="LMP1_signal_transduction" sem="Other"><term id="T58" lex="LMP1" sem="Protein_molecule">LMP1</term> signal transduction</term>, other <term id="T59" lex="cell-specific_factor" sem="Protein_family_or_group">cell-specific factors</term> may be required to effect some functions of the <term id="T60" lex="viral_protein" sem="Protein_family_or_group">viral protein</term>.</sentence>
<event CL="L1" KT="Analysis" id="E35" uncertainty="probable">
<type class="Regulation"/>
<theme idref="T60"/>
<cause idref="T59"/>
<clue>Our data also <clueKT>suggest</clueKT> that whilst NF-kappa B may be an essential component of LMP1 signal transduction, <corefCause>other cell-specific factors</corefCause> <clueCL>may</clueCL> be <clueType>required to effect</clueType> some functions of the viral protein.</clue>
</event>
</AbstractText>
</Abstract></Article></MedlineCitation></PubmedArticle></PubmedArticleSet></Annotation>
