<?xml version='1.0'?><!DOCTYPE Annotation PUBLIC "//GENIA//DTD GENIA ANNOTATION EVENT 2.0//EN_Modified" "../ModifiedGENIAtypes/Modified_GENIA_event_20.dtd"><Annotation annotates="http://www.ncbi.nlm.nih.gov/entrez/eutils/efetch.fcgi?db=pubmed&amp;retmode=xml&amp;rettype=medline&amp;id=7522257" created="06/11/22" creator="Yumiko Katsu"><PubmedArticleSet><PubmedArticle><MedlineCitation>
<PMID>7522257</PMID>
<Article>
<ArticleTitle>
<sentence id="S1">Regulation of <term id="T1" lex="CD14_expression" sem="Other"><term id="T2" lex="CD14" sem="Protein_molecule">CD14</term> expression</term> during <term id="T3" lex="monocytic_differentiation" sem="Other"><term id="A1" sem="Cell_natural">monocytic</term> differentiation</term> induced with <term id="T4" lex="1_alpha,25-dihydroxyvitamin_D3" sem="Lipid">1 alpha,25-dihydroxyvitamin D3</term>.</sentence>
<event KT="Other" id="E1">
<type class="Gene_expression"/>
<theme idref="T2"/>
<clue>Regulation of CD14 <clueType>expression</clueType> <clueTime>during monocytic differentiation induced with 1 alpha,25-dihydroxyvitamin D3</clueTime>.</clue>
</event>
<event KT="Investigation" id="E2">
<type class="Regulation"/>
<theme idref="E1"/>
<clue><clueType>Regulation</clueType> <linkTheme>of</linkTheme> CD14 expression <clueTime>during monocytic differentiation induced with 1 alpha,25-dihydroxyvitamin D3</clueTime>.</clue>
</event>
<event KT="Other" id="E3">
<type class="Cell_differentiation"/>
<theme idref="A1"/>
<clue>Regulation of CD14 expression during monocytic <clueType>differentiation</clueType> induced with 1 alpha,25-dihydroxyvitamin D3.</clue>
</event>
<event KT="Other" id="E4">
<type class="Positive_regulation"/>
<theme idref="E3"/>
<cause idref="T4"/>
<clue>Regulation of CD14 expression during monocytic differentiation <clueType>induced</clueType> <linkCause>with</linkCause> 1 alpha,25-dihydroxyvitamin D3.</clue>
</event>
</ArticleTitle>
<Abstract>
<AbstractText>
<sentence id="S2"><term id="T5" lex="CD14" sem="Protein_molecule">CD14</term>, a <term id="T6" lex="monocyte/macrophage_receptor" sem="Protein_family_or_group">monocyte/macrophage receptor</term> for the complex of <term id="T7" lex="LPS" sem="Lipid">LPS</term> and <term id="T8" lex="LPS_binding_protein" sem="Protein_family_or_group"><term id="T9" lex="LPS" sem="Lipid">LPS</term> binding protein</term>, is a differentiation marker for the <term id="T10" lex="monocyte/macrophage_lineage" sem="Cell_natural"><term id="A10" sem="Cell_cultured">monocyte</term>/<term id="A11" sem="Cell_cultured">macrophage</term> <term id="A12" sem="Cell_cultured">lineage</term></term>.</sentence>
<event KT="Fact" id="E5">
<type class="Cell_differentiation"/>
<theme idref="A10" idref1="A12"/>
<clue>CD14, a monocyte/macrophage receptor for the complex of LPS and LPS binding protein, is a <clueType>differentiation</clueType> marker <linkTheme>for</linkTheme> the monocyte/macrophage lineage.</clue>
</event>
<event KT="Fact" id="E51">
<type class="Cell_differentiation"/>
<theme idref="A11" idref1="A12"/>
<clue>CD14, a monocyte/macrophage receptor for the complex of LPS and LPS binding protein, is a <clueType>differentiation</clueType> marker <linkTheme>for</linkTheme> the monocyte/macrophage lineage.</clue>
</event>
<event KT="Other" id="E50">
<type class="Binding"/>
<theme idref="T7"/>
<theme idref="T8"/>
<clue>CD14, a monocyte/macrophage receptor for the <clueType>complex</clueType> <linkTheme>of</linkTheme> LPS and LPS binding protein, is a differentiation marker for the monocyte/macrophage lineage.</clue>
</event>
<sentence id="S3">We have analyzed the regulation of <term id="T11" lex="CD14_expression" sem="Other"><term id="T12" lex="CD14" sem="Protein_molecule">CD14</term> expression</term> during <term id="T13" lex="1_alpha,25-dihydroxyvitamin_D3" sem="Lipid">1 alpha,25-dihydroxyvitamin D3</term> (VitD3)-induced <term id="T14" lex="monocytic_differentiation" sem="Other"><term id="A2" sem="Cell_natural">monocytic</term> differentiation</term>.</sentence>
<event KT="Other" id="E6" uncertainty="doubtful">
<type class="Gene_expression"/>
<theme idref="T12"/>
<clue>We have analyzed the regulation of CD14 <clueType>expression</clueType> <clueTime>during 1 alpha,25-dihydroxyvitamin D3 (VitD3)-induced monocytic differentiation</clueTime>.</clue>
</event>
<event KT="Investigation" id="E7" uncertainty="doubtful">
<type class="Regulation"/>
<theme idref="E6"/>
<clue>We have <clueKT>analyzed</clueKT> the <clueType>regulation</clueType> <linkTheme>of</linkTheme> CD14 expression <clueTime>during 1 alpha,25-dihydroxyvitamin D3 (VitD3)-induced monocytic differentiation</clueTime>.</clue>
</event>
<event KT="Other" id="E8" uncertainty="doubtful">
<type class="Cell_differentiation"/>
<theme idref="A2"/>
<clue>We have analyzed the regulation of CD14 expression during 1 alpha,25-dihydroxyvitamin D3 (VitD3)-induced monocytic <clueType>differentiation</clueType>.</clue>
</event>
<event KT="Other" id="E9" uncertainty="doubtful">
<type class="Positive_regulation"/>
<theme idref="E8"/>
<cause idref="T13"/>
<clue>We have analyzed the regulation of CD14 expression during 1 alpha,25-dihydroxyvitamin D3 (VitD3)-<clueType>induced</clueType> monocytic differentiation.</clue>
</event>
<sentence id="S4">Using <term id="T15" lex="FACS" sem="Other">FACS</term>, <term id="T16" lex="Northern_blotting" sem="Other">Northern blotting</term>, and <term id="T17" lex="nuclear_run-on_analysis" sem="Other">nuclear run-on analyses</term>, we demonstrate that the up-regulation of <term id="T18" lex="CD14_expression" sem="Other"><term id="T19" lex="CD14" sem="Protein_molecule">CD14</term> expression</term> during <term id="T20" lex="monocytic_cell_maturation" sem="Other"><term id="A3" sem="Cell_natural">monocytic cell</term> maturation</term> is regulated mainly at the level of <term id="T21" lex="gene_transcription" sem="Other">gene transcription</term>, and that <term id="A4" sem="Other">new protein synthesis</term> is required for <term id="T22" lex="CD14_induction" sem="Other"><term id="T23" lex="CD14" sem="Protein_molecule">CD14</term> induction</term>.</sentence>
<event KT="Other" id="E10">
<type class="Gene_expression"/>
<theme idref="T19"/>
<clue><clueExperiment>Using FACS, Northern blotting, and nuclear run-on analyses</clueExperiment>, we demonstrate that the up-regulation of CD14 <clueType>expression</clueType> <clueTime>during monocytic cell maturation</clueTime> is regulated mainly at the level of gene transcription, and that new protein synthesis is required for CD14 induction.</clue>
</event>
<event KT="Other" id="E11">
<type class="Cell_differentiation"/>
<theme idref="A3"/>
<clue><clueExperiment>Using FACS, Northern blotting, and nuclear run-on analyses</clueExperiment>, we demonstrate that the up-regulation of CD14 expression during monocytic cell <clueType>maturation</clueType> is regulated mainly at the level of gene transcription, and that new protein synthesis is required for CD14 induction.</clue>
</event>
<event KT="Other" id="E12">
<type class="Positive_regulation"/>
<theme idref="E10"/>
<clue><clueExperiment>Using FACS, Northern blotting, and nuclear run-on analyses</clueExperiment>, we demonstrate that the <clueType>up-regulation</clueType> <linkTheme>of</linkTheme> CD14 expression <clueTime>during monocytic cell maturation</clueTime> is regulated mainly at the level of gene transcription, and that new protein synthesis is required for CD14 induction.</clue>
</event>
<event KT="Other" id="E121">
<type class="Transcription"/>
<theme idref="T19"/>
<clue><clueExperiment>Using FACS, Northern blotting, and nuclear run-on analyses</clueExperiment>, we demonstrate that the up-regulation of CD14 expression <clueTime>during monocytic cell maturation</clueTime> is regulated mainly at the level of <corefTheme>gene</corefTheme> <clueType>transcription</clueType>, and that new protein synthesis is required for CD14 induction.</clue>
</event>
<event KT="Other" id="E122">
<type class="Positive_regulation"/>
<theme idref="E121"/>
<clue><clueExperiment>Using FACS, Northern blotting, and nuclear run-on analyses</clueExperiment>, we demonstrate that the up-regulation of CD14 expression <clueTime>during monocytic cell maturation</clueTime> is regulated mainly at the <clueType>level</clueType> <linkTheme>of</linkTheme> gene transcription, and that new protein synthesis is required for CD14 induction.</clue>
</event>
<event KT="Analysis" id="E120">
<type class="Regulation"/>
<theme idref="E12"/>
<cause idref="E122"/>
<clue><clueExperiment>Using FACS, Northern blotting, and nuclear run-on analyses</clueExperiment>, we <clueKT>demonstrate</clueKT> that the up-regulation of CD14 expression <clueTime>during monocytic cell maturation</clueTime> is <clueType>regulated</clueType> mainly <linkCause>at</linkCause> the level of gene transcription, and that new protein synthesis is required for CD14 induction.</clue>
</event>
<event KT="Analysis" id="E13">
<type class="Positive_regulation"/>
<theme idref="E14"/>
<cause idref="A4"/>
<clue><clueExperiment>Using FACS, Northern blotting, and nuclear run-on analyses</clueExperiment>, we <clueKT>demonstrate</clueKT> that the up-regulation of CD14 expression during monocytic cell maturation is regulated mainly at the level of gene transcription, and that new protein synthesis is <clueType>required</clueType> <linkTheme>for</linkTheme> CD14 induction.</clue>
</event>
<event KT="Other" id="E14">
<type class="Positive_regulation"/>
<theme idref="T23"/>
<clue><clueExperiment>Using FACS, Northern blotting, and nuclear run-on analyses</clueExperiment>, we demonstrate that the up-regulation of CD14 expression during monocytic cell maturation is regulated mainly at the level of gene transcription, and that new protein synthesis is required for CD14 <clueType>induction</clueType>.</clue>
</event>
<sentence id="S5">We have recently cloned the <term id="T24" lex="CD14_5&apos;_upstream_sequence" sem="DNA_domain_or_region"><term id="T25" lex="CD14" sem="Protein_molecule">CD14</term> 5&apos; upstream sequence</term> and demonstrated its <term id="T26" lex="tissue-specific_promoter_activity" sem="Other"><term id="T27" lex="tissue-specific_promoter" sem="DNA_domain_or_region">tissue-specific promoter</term> activity</term>.</sentence>
<sentence id="S6">Using stable transfection of the <term id="T28" lex="monocytoid_U937_cell_line" sem="Cell_cultured">monocytoid U937 cell line</term> with a series of <term id="A101" sem="DNA_domain_or_region">deletion mutants of the <term id="T29" lex="CD14_5&apos;_upstream_sequence" sem="DNA_domain_or_region"><term id="T30" lex="CD14" sem="Protein_molecule">CD14</term> 5&apos; upstream sequence</term> coupled to a reporter gene construct</term>, we show that <term id="T31" lex="bp_-128_to_-70" sem="DNA_domain_or_region">bp -128 to -70</term> is the critical region for the induction of <term id="T32" lex="CD14_expression" sem="Other"><term id="T33" lex="CD14" sem="Protein_molecule">CD14</term> expression</term>.</sentence>
<event id="E29">
<type class="Mutagenesis"/>
<theme idref="T29"/>
<clue>Using stable transfection of the monocytoid U937 cell line with a series of <clueType>deletion mutants</clueType> <linkTheme>of</linkTheme> the CD14 5&apos; upstream sequence coupled to a reporter gene construct, we show that bp -128 to -70 is the critical region for the induction of CD14 expression.</clue>
</event>
<event KT="Method" id="E30">
<type class="Artificial_process"/>
<theme idref="A101"/>
<theme idref="T28"/>
<clue>Using stable <clueType>transfection</clueType> <linkTheme>of</linkTheme> the monocytoid U937 cell line <linkTheme>with</linkTheme> a series of deletion mutants of the CD14 5&apos; upstream sequence coupled to a reporter gene construct, we show that bp -128 to -70 is the critical region for the induction of CD14 expression.</clue>
</event>
<event KT="Other" id="E15">
<type class="Positive_regulation"/>
<theme idref="E16"/>
<cause idref="T29"/>
<clue><clueExperiment>Using stable transfection of the monocytoid U937 cell line with a series of deletion mutants of the CD14 5&apos; upstream sequence coupled to a reporter gene construct</clueExperiment>, we show that <corefCause>bp -128 to -70</corefCause> is the critical region for the <clueType>induction</clueType> <linkTheme>of</linkTheme> CD14 expression.</clue>
</event>
<event KT="Other" id="E16">
<type class="Gene_expression"/>
<theme idref="T33"/>
<clue>Using stable transfection of the monocytoid U937 cell line with a series of deletion mutants of the CD14 5&apos; upstream sequence coupled to a reporter gene construct, we show that bp -128 to -70 is the critical region for the induction of CD14 <clueType>expression</clueType>.</clue>
</event>
<sentence id="S7">This region contains two <term id="T34" lex="binding_site" sem="DNA_domain_or_region">binding sites</term> for the <term id="T35" lex="Sp1_transcription_factor" sem="Protein_molecule">Sp1 transcription factor</term>.</sentence>
<event KT="Fact" id="E17">
<type class="Binding"/>
<theme idref="T29"/>
<theme idref="T35"/>
<clue><corefTheme idref1="T29">This region</corefTheme> contains two <clueType>binding</clueType> sites <linkTheme>for</linkTheme> the Sp1 transcription factor.</clue>
</event>
<sentence id="S8">A 3-bp mutation at the distal <term id="T36" lex="Sp1-binding_site" sem="DNA_domain_or_region">Sp1-binding site</term> not only eliminates <term id="T37" lex="Sp1_interaction" sem="Other"><term id="T38" lex="Sp1" sem="Protein_molecule">Sp1</term> interaction</term>, but also abolishes most of the <term id="A5" sem="Organic_compound_other">VitD3</term> induction of <term id="T39" lex="CD14_expression" sem="Other"><term id="T40" lex="CD14" sem="Protein_molecule">CD14</term> expression</term>.</sentence>
<event id="E18">
<type class="Mutagenesis"/>
<theme idref="T36"/>
<clue>A 3-bp <clueType>mutation</clueType> <linkTheme>at</linkTheme> the distal Sp1-binding site not only eliminates Sp1 interaction, but also abolishes most of the VitD3 induction of CD14 expression.</clue>
</event>
<event KT="Other" id="E19">
<type class="Binding"/>
<theme idref="T36"/>
<theme idref="T38"/>
<clue>A 3-bp mutation at the distal Sp1-binding site not only eliminates Sp1 <clueType>interaction</clueType>, but also abolishes most of the VitD3 induction of CD14 expression.</clue>
</event>
<event id="E20">
<type class="Negative_regulation"/>
<theme idref="E19"/>
<cause idref="E18"/>
<clue>A 3-bp mutation at the distal Sp1-binding site not only <clueType>eliminates</clueType> Sp1 interaction, but also abolishes most of the VitD3 induction of CD14 expression.</clue>
</event>
<event KT="Other" id="E21">
<type class="Gene_expression"/>
<theme idref="T40"/>
<clue>A 3-bp mutation at the distal Sp1-binding site not only eliminates Sp1 interaction, but also abolishes most of the VitD3 induction of CD14 <clueType>expression</clueType>.</clue>
</event>
<event KT="Other" id="E22">
<type class="Positive_regulation"/>
<theme idref="E21"/>
<cause idref="A5"/>
<clue>A 3-bp mutation at the distal Sp1-binding site not only eliminates Sp1 interaction, but also abolishes most of the VitD3 <clueType>induction</clueType> <linkTheme>of</linkTheme> CD14 expression.</clue>
</event>
<event id="E23">
<type class="Negative_regulation"/>
<theme idref="E22"/>
<cause idref="E18"/>
<clue>A 3-bp mutation at the distal Sp1-binding site not only eliminates Sp1 interaction, but also <clueType>abolishes</clueType> <linkTheme>most of</linkTheme> the VitD3 induction of CD14 expression.</clue>
</event>
<sentence id="S9"><term id="T41" lex="electrophoretic_mobility_shift_analysis" sem="Other">Electrophoretic mobility shift analysis</term> does not detect a direct interaction of the <term id="T42" lex="CD14" sem="Protein_molecule">CD14</term> distal <term id="T43" lex="Sp1-binding_site" sem="DNA_domain_or_region">Sp1-binding site</term> with the <term id="T44" lex="vitamin_D3_receptor" sem="Protein_family_or_group">vitamin D3 receptor</term> and its partner, the <term id="T45" lex="retinoid_X_receptor" sem="Protein_molecule">retinoid X receptor</term>.</sentence>
<event Polarity="Negative" assertion="non-exist" id="E24">
<type class="Binding"/>
<theme idref="T43"/>
<theme idref="T44"/>
<clue><clueExperiment>Electrophoretic mobility shift analysis</clueExperiment> does <cluePolarity>not</cluePolarity> <clueKT>detect</clueKT> a direct <clueType>interaction</clueType> <linkTheme>of</linkTheme> the CD14 distal Sp1-binding site <linkTheme>with</linkTheme> the vitamin D3 receptor and its partner, the retinoid X receptor.</clue>
</event>
<event Polarity="Negative" assertion="non-exist" id="E25">
<type class="Binding"/>
<theme idref="T43"/>
<theme idref="T45"/>
<clue><clueExperiment>Electrophoretic mobility shift analysis</clueExperiment> does <cluePolarity>not</cluePolarity> <clueKT>detect</clueKT> a direct <clueType>interaction</clueType> <linkTheme>of</linkTheme> the CD14 distal Sp1-binding site <linkTheme>with</linkTheme> the vitamin D3 receptor and its partner, the retinoid X receptor.</clue>
</event>
<sentence id="S10">These data demonstrate that <term id="T46" lex="VitD3" sem="Lipid">VitD3</term> induces <term id="T47" lex="CD14" sem="Protein_molecule">CD14</term> indirectly through some <term id="T48" lex="intermediary_factor" sem="Protein_family_or_group">intermediary factor</term>, and suggest a critical role for <term id="T49" lex="Sp1" sem="Protein_molecule">Sp1</term> in this process.</sentence>
<event KT="Analysis" id="E26">
<type class="Positive_regulation"/>
<theme idref="T47"/>
<cause idref="E27"/>
<clue>These data <clueKT>demonstrate</clueKT> that VitD3 induces CD14 indirectly <linkCause>through</linkCause> some intermediary factor, and suggest a critical role for Sp1 in this process.</clue>
<comment>NO CLUETYPE</comment></event>
<event KT="Other" id="E27">
<type class="Positive_regulation"/>
<theme idref="T48"/>
<cause idref="T46"/>
<clue>These data demonstrate that VitD3 <clueType>induces</clueType> CD14 indirectly through some intermediary factor, and suggest a critical role for Sp1 in this process.</clue>
</event>
<event CL="L2" KT="Analysis" id="E28" uncertainty="probable">
<type class="Positive_regulation"/>
<theme idref="T49"/>
<cause idref="E27"/>
<clue>These data demonstrate that VitD3 induces CD14 indirectly through some intermediary factor, and <clueKT><clueCL>suggest</clueCL></clueKT> a <clueType>critical role</clueType> <linkTheme>for</linkTheme> Sp1 in this process.</clue>
</event>
</AbstractText>
</Abstract></Article></MedlineCitation></PubmedArticle></PubmedArticleSet></Annotation>
