<?xml version='1.0'?><!DOCTYPE Annotation PUBLIC "//GENIA//DTD GENIA ANNOTATION EVENT 2.0//EN_Modified" "../ModifiedGENIAtypes/Modified_GENIA_event_20.dtd"><Annotation annotates="http://www.ncbi.nlm.nih.gov/entrez/eutils/efetch.fcgi?db=pubmed&amp;retmode=xml&amp;rettype=medline&amp;id=7526398" created="13/07/2006" creator="Noriko Katsu"><PubmedArticleSet><PubmedArticle><MedlineCitation>
<PMID>7526398</PMID>
<Article>
<ArticleTitle>
<sentence id="S1">Separation of <term id="A1" sem="Inorganic_compound">oxidant</term>-initiated and <term id="A2" sem="Other">redox</term>-regulated steps in the <term id="T1" lex="NF-kappa_B_signal_transduction_pathway" sem="Other"><term id="T2" lex="NF-kappa_B" sem="Protein_molecule">NF-kappa B</term> signal transduction pathway</term>.</sentence>
<event KT="Other" id="E1">
<type class="Cell_communication"/>
<theme idref="T2"/>
<clue>Separation of oxidant-initiated and redox-regulated steps in the NF-kappa B <clueType>signal transduction</clueType> pathway.</clue>
</event>
<event KT="Other" id="E2">
<type class="Positive_regulation"/>
<theme idref="E1"/>
<cause idref="A1"/>
<clue>Separation of oxidant-<clueType>initiated</clueType> and redox-regulated steps in the NF-kappa B signal transduction pathway.</clue>
</event>
<event KT="Other" id="E3">
<type class="Regulation"/>
<theme idref="E1"/>
<cause idref="A2"/>
<clue>Separation of oxidant-initiated and redox-<clueType>regulated</clueType> steps in the NF-kappa B signal transduction pathway.</clue>
</event>
<event KT="Investigation" Polarity="Negative" assertion="non-exist" id="E38">
<type class="Correlation"/>
<theme idref="E2"/>
<theme idref="E3"/>
<clue><clueType><cluePolarity>Separation</cluePolarity></clueType> <linkTheme>of</linkTheme> oxidant-initiated and redox-regulated steps in the NF-kappa B signal transduction pathway.</clue>
</event>
</ArticleTitle>
<Abstract>
<AbstractText>
<sentence id="S2">Studies presented here show that overall <term id="T3" lex="NF-kappa_B_signal_transduction" sem="Other"><term id="T4" lex="NF-kappa_B" sem="Protein_molecule">NF-kappa B</term> signal transduction</term> begins with a parallel series of <term id="T5" lex="stimuli-specific_pathway" sem="Other">stimuli-specific pathways</term> through which <term id="T6" lex="cytokine" sem="Protein_family_or_group">cytokines</term> (<term id="T7" lex="tumor_necrosis_factor_alpha" sem="Protein_molecule">tumor necrosis factor alpha</term>), <term id="T8" lex="oxidant" sem="Organic_compound_other">oxidants</term> (<term id="T9" lex="hydrogen_peroxide" sem="Organic_compound_other">hydrogen peroxide</term> and <term id="T10" lex="mitomycin_C" sem="Organic_compound_other">mitomycin C</term>), and <term id="T11" lex="phorbol_ester" sem="Organic_compound_other">phorbol ester</term> (<term id="T12" lex="phorbol_12-myristate_13-acetate" sem="Organic_compound_other">phorbol 12-myristate 13-acetate</term>) individually initiate signaling.</sentence>
<event KT="Other" id="E4">
<type class="Cell_communication"/>
<theme idref="T4"/>
<clue>Studies presented here show that overall NF-kappa B <clueType>signal transduction</clueType> begins with a parallel series of stimuli-specific pathways through which cytokines (tumor necrosis factor alpha), oxidants (hydrogen peroxide and mitomycin C), and phorbol ester (phorbol 12-myristate 13-acetate) individually initiate signaling.</clue>
</event>
<event KT="Other" id="E6">
<type class="Cell_communication"/>
<theme idref="T7"/>
<clue>Studies presented here show that overall NF-kappa B signal transduction begins with a parallel series of stimuli-specific pathways through which <corefTheme>cytokines</corefTheme> (tumor necrosis factor alpha), oxidants (hydrogen peroxide and mitomycin C), and phorbol ester (phorbol 12-myristate 13-acetate) individually <clueType>initiate signaling</clueType>.</clue>
</event>
<event KT="Other" id="E7">
<type class="Cell_communication"/>
<theme idref="T9"/>
<clue>Studies presented here show that overall NF-kappa B signal transduction begins with a parallel series of stimuli-specific pathways through which cytokines (tumor necrosis factor alpha), <corefTheme>oxidants</corefTheme> (hydrogen peroxide and mitomycin C), and phorbol ester (phorbol 12-myristate 13-acetate) individually <clueType>initiate signaling</clueType>.</clue>
</event>
<event KT="Other" id="E8">
<type class="Cell_communication"/>
<theme idref="T10"/>
<clue>Studies presented here show that overall NF-kappa B signal transduction begins with a parallel series of stimuli-specific pathways through which cytokines (tumor necrosis factor alpha), <corefTheme>oxidants</corefTheme> (hydrogen peroxide and mitomycin C), and phorbol ester (phorbol 12-myristate 13-acetate) individually <clueType>initiate signaling</clueType>.</clue>
</event>
<event KT="Other" id="E9">
<type class="Cell_communication"/>
<theme idref="T12"/>
<clue>Studies presented here show that overall NF-kappa B signal transduction begins with a parallel series of stimuli-specific pathways through which cytokines (tumor necrosis factor alpha), oxidants (hydrogen peroxide and mitomycin C), and <corefTheme>phorbol ester</corefTheme> (phorbol 12-myristate 13-acetate) individually <clueType>initiate signaling</clueType>.</clue>
</event>
<sentence id="S3">These <term id="A14" sem="Other">initial pathways</term> culminate in a <term id="A3" sem="Other">common pathway</term> through which all of the <term id="A4" sem="Organic_compound_other">stimulating agents</term> ultimately signal <term id="T13" lex="NF-kappa_B_activation" sem="Other"><term id="T14" lex="NF-kappa_B" sem="Protein_molecule">NF-kappa B</term> activation</term>.</sentence>
<event id="E14">
<type class="Cell_communication"/>
<theme idref="E15"/>
<clue>These initial pathways culminate in a common pathway through which all of the stimulating agents ultimately <clueType>signal</clueType> NF-kappa B activation.</clue>
</event>
<event id="E15">
<type class="Positive_regulation"/>
<theme idref="T14"/>
<clue>These initial pathways culminate in a common pathway through which all of the stimulating agents ultimately signal NF-kappa B <clueType>activation</clueType>.</clue>
</event>
<event id="E42">
<type class="Positive_regulation"/>
<theme idref="E14"/>
<cause idref="A3"/>
<clue>These initial pathways culminate in a common pathway through which all of the stimulating agents ultimately signal NF-kappa B activation.</clue>
<comment>NO CLUETYPE</comment></event>
<event id="E43">
<type class="Positive_regulation"/>
<theme idref="A14"/>
<theme idref="A3"/>
<clue>These initial pathways <clueType>culminate</clueType> <linkTheme>in</linkTheme> a common pathway through which all of the stimulating agents ultimately signal NF-kappa B activation.</clue>
</event>
<sentence id="S4">We distinguish the stimuli-specific pathways by showing that the <term id="A5" sem="Organic_compound_other">oxidative stimuli</term> trigger <term id="T15" lex="NF-kappa_B_activation" sem="Other"><term id="T16" lex="NF-kappa_B" sem="Protein_molecule">NF-kappa B</term> activation</term> in only one of two <term id="T17" lex="human_T-cell_line" sem="Cell_cultured">human T-cell lines</term> (<term id="T18" lex="Wurzburg" sem="Cell_cultured">Wurzburg</term> but not <term id="T19" lex="Jurkat" sem="Cell_cultured">Jurkat</term>), whereas <term id="T20" lex="tumor_necrosis_factor_alpha" sem="Protein_molecule">tumor necrosis factor alpha</term> and <term id="T21" lex="phorbol_12-myristate_13-acetate" sem="Organic_compound_other">phorbol 12-myristate 13-acetate</term> readily stimulate in both lines.</sentence>
<event KT="Analysis" id="E16">
<type class="Positive_regulation"/>
<theme idref="E17"/>
<cause idref="A5"/>
<clue>We distinguish the stimuli-specific pathways by <clueKT>showing</clueKT> that the oxidative stimuli <clueType>trigger</clueType> NF-kappa B activation <clueLoc>in</clueLoc> only one of two human T-cell lines (<clueLoc>Wurzburg</clueLoc> but not Jurkat), whereas tumor necrosis factor alpha and phorbol 12-myristate 13-acetate readily stimulate in both lines.</clue>
</event>
<event KT="Analysis" Polarity="Negative" assertion="non-exist" id="E44">
<type class="Positive_regulation"/>
<theme idref="E17"/>
<cause idref="A5"/>
<clue>We distinguish the stimuli-specific pathways by <clueKT>showing</clueKT> that the oxidative stimuli <clueType>trigger</clueType> NF-kappa B activation <clueLoc>in</clueLoc> only one of two human T-cell lines (Wurzburg but <cluePolarity>not</cluePolarity> <clueLoc>Jurkat</clueLoc>), whereas tumor necrosis factor alpha and phorbol 12-myristate 13-acetate readily stimulate in both lines.</clue>
</event>
<event KT="Other" id="E17">
<type class="Positive_regulation"/>
<theme idref="T16"/>
<clue>We distinguish the stimuli-specific pathways by showing that the oxidative stimuli trigger NF-kappa B <clueType>activation</clueType> in only one of two human T-cell lines (Wurzburg but not Jurkat), whereas tumor necrosis factor alpha and phorbol 12-myristate 13-acetate readily stimulate in both lines.</clue>
</event>
<event KT="Analysis" id="E18">
<type class="Positive_regulation"/>
<theme idref="E17"/>
<cause idref="T20"/>
<clue>We distinguish the stimuli-specific pathways by <clueKT>showing</clueKT> that the oxidative stimuli trigger NF-kappa B activation in only one of two human T-cell lines (Wurzburg but not Jurkat), whereas tumor necrosis factor alpha and phorbol 12-myristate 13-acetate readily <clueType>stimulate</clueType> <clueLoc>in both lines</clueLoc>.</clue>
</event>
<event KT="Analysis" id="E19">
<type class="Positive_regulation"/>
<theme idref="E17"/>
<cause idref="T21"/>
<clue>We distinguish the stimuli-specific pathways by <clueKT>showing</clueKT> that the oxidative stimuli trigger NF-kappa B activation in only one of two human T-cell lines (Wurzburg but not Jurkat), whereas tumor necrosis factor alpha and phorbol 12-myristate 13-acetate readily <clueType>stimulate</clueType> <clueLoc>in both lines</clueLoc>.</clue>
</event>
<sentence id="S5">We propose the common pathway as the simplest way of accounting for the common requirements and properties of the signaling pathway.</sentence>
<sentence id="S6">We include a <term id="T22" lex="redox-regulatory_mechanism" sem="Other">redox-regulatory mechanism</term>(s) in this common pathway to account for the previously demonstrated <term id="T23" lex="redox_regulation" sem="Other"><term id="A6" sem="Other">redox</term> regulation</term> of <term id="T24" lex="NF-kappa_B_activation" sem="Other"><term id="T25" lex="NF-kappa_B" sem="Protein_molecule">NF-kappa B</term> activation</term> in <term id="T26" lex="Jurkat_cell" sem="Cell_cultured">Jurkat cells</term> (in which <term id="A7" sem="Organic_compound_other">oxidants</term> don&apos;t activate <term id="T27" lex="NF-kappa_B" sem="Protein_molecule">NF-kappa B</term>); we put <term id="T28" lex="tyrosine_phosphorylation" sem="Other"><term id="T29" lex="tyrosine" sem="Amino_acid_monomer">tyrosine</term> phosphorylation</term> in the <term id="A15" sem="Other">common pathway</term> by showing that <term id="T30" lex="kinase_activity" sem="Other"><term id="A8" sem="Protein_family_or_group">kinase</term> activity</term> (inhibitable by <term id="T31" lex="herbimycin_A" sem="Organic_compound_other">herbimycin A</term> and <term id="T32" lex="tyrphostin_47" sem="Organic_compound_other">tyrphostin 47</term>) is required for <term id="T33" lex="NF-kappa_B_activation" sem="Other"><term id="T34" lex="NF-kappa_B" sem="Protein_molecule">NF-kappa B</term> activation</term> by all <term id="A9" sem="Organic_compound_other">stimuli</term> tested in both cell lines.</sentence>
<event KT="Analysis" Source="Other" id="E20">
<type class="Regulation"/>
<theme idref="E21"/>
<cause idref="A6"/>
<clue>We include a redox-regulatory mechanism(s) in this common pathway to account for the <clueSource>previously</clueSource> <clueKT>demonstrated</clueKT> redox <clueType>regulation</clueType> <linkTheme>of</linkTheme> NF-kappa B activation <clueLoc>in Jurkat cells</clueLoc> (in which oxidants don&apos;t activate NF-kappa B); we put tyrosine phosphorylation in the common pathway by showing that kinase activity (inhibitable by herbimycin A and tyrphostin 47) is required for NF-kappa B activation by all stimuli tested in both cell lines.</clue>
</event>
<event KT="Other" id="E21">
<type class="Positive_regulation"/>
<theme idref="T25"/>
<clue>We include a redox-regulatory mechanism(s) in this common pathway to account for the previously demonstrated redox regulation of NF-kappa B <clueType>activation</clueType> in Jurkat cells (in which oxidants don&apos;t activate NF-kappa B); we put tyrosine phosphorylation in the common pathway by showing that kinase activity (inhibitable by herbimycin A and tyrphostin 47) is required for NF-kappa B activation by all stimuli tested in both cell lines.</clue>
</event>
<event KT="Fact" Polarity="Negative" assertion="non-exist" id="E22">
<type class="Positive_regulation"/>
<theme idref="T27"/>
<cause idref="A7"/>
<clue>We include a redox-regulatory mechanism(s) in this common pathway to account for the previously demonstrated redox regulation of NF-kappa B activation <clueLoc>in Jurkat cells</clueLoc> (in which oxidants <cluePolarity>don&apos;t</cluePolarity> <clueType>activate</clueType> NF-kappa B); we put tyrosine phosphorylation in the common pathway by showing that kinase activity (inhibitable by herbimycin A and tyrphostin 47) is required for NF-kappa B activation by all stimuli tested in both cell lines.</clue>
</event>
<event KT="Analysis" id="E24">
<type class="Positive_regulation"/>
<theme idref="E25"/>
<cause idref="T28"/>
<clue>We include a redox-regulatory mechanism(s) in this common pathway to account for the previously demonstrated redox regulation of NF-kappa B activation in Jurkat cells (in which oxidants don&apos;t activate NF-kappa B); we put tyrosine phosphorylation in the common pathway by <clueKT>showing</clueKT> that <corefTheme>kinase activity</corefTheme> (inhibitable by herbimycin A and tyrphostin 47) is <clueType>required</clueType> <linkTheme>for</linkTheme> NF-kappa B activation by all stimuli tested <clueLoc>in both cell lines</clueLoc>.</clue>
</event>
<event KT="Other" id="E25">
<type class="Positive_regulation"/>
<theme idref="T34"/>
<cause idref="A9"/>
<clue>We include a redox-regulatory mechanism(s) in this common pathway to account for the previously demonstrated redox regulation of NF-kappa B activation in Jurkat cells (in which oxidants don&apos;t activate NF-kappa B); we put tyrosine phosphorylation in the common pathway by showing that kinase activity (inhibitable by herbimycin A and tyrphostin 47) is required for NF-kappa B <clueType>activation</clueType> <linkCause>by</linkCause> all stimuli tested in both cell lines.</clue>
</event>
<event KT="Fact" id="E26">
<type class="Negative_regulation"/>
<theme idref="A8"/>
<cause idref="T31"/>
<clue>We include a redox-regulatory mechanism(s) in this common pathway to account for the previously demonstrated redox regulation of NF-kappa B activation in Jurkat cells (in which oxidants don&apos;t activate NF-kappa B); we put tyrosine phosphorylation in the common pathway by showing that kinase activity (<clueType>inhibitable</clueType> <linkCause>by</linkCause> herbimycin A and tyrphostin 47) is required for NF-kappa B activation by all stimuli tested in both cell lines.</clue>
</event>
<event KT="Fact" id="E27">
<type class="Negative_regulation"/>
<theme idref="A8"/>
<cause idref="T32"/>
<clue>We include a redox-regulatory mechanism(s) in this common pathway to account for the previously demonstrated redox regulation of NF-kappa B activation in Jurkat cells (in which oxidants don&apos;t activate NF-kappa B); we put tyrosine phosphorylation in the common pathway by showing that kinase activity (<clueType>inhibitable</clueType> <linkCause>by</linkCause> herbimycin A and tyrphostin 47) is required for NF-kappa B activation by all stimuli tested in both cell lines.</clue>
</event>
<sentence id="S7">Since internal sites of <term id="A10" sem="Inorganic_compound">oxidant</term> production have been shown to play a key role in the <term id="T35" lex="cytokine-stimulated_activation" sem="Other"><term id="T36" lex="cytokine" sem="Protein_family_or_group">cytokine</term>-stimulated activation</term> of <term id="T37" lex="NF-kappa_B" sem="Protein_molecule">NF-kappa B</term>, and since <term id="T38" lex="tyrosine" sem="Amino_acid_monomer">tyrosine</term> <term id="A11" sem="Protein_family_or_group">kinase</term> and <term id="A12" sem="Protein_family_or_group">phosphatase</term> activities are known to be altered by <term id="A13" sem="Organic_compound_other">oxidants</term>, these findings suggest that <term id="T39" lex="intracellular_redox_status" sem="Other">intracellular redox status</term> controls <term id="T40" lex="NF-kappa_B_activation" sem="Other"><term id="T41" lex="NF-kappa_B" sem="Protein_molecule">NF-kappa B</term> activation</term> by regulating <term id="T42" lex="tyrosine_phosphorylation" sem="Other"><term id="T43" lex="tyrosine" sem="Amino_acid_monomer">tyrosine</term> phosphorylation</term> event(s) within the common step of the <term id="T44" lex="NF-kappa_B_signal_transduction_pathway" sem="Other"><term id="T45" lex="NF-kappa_B" sem="Protein_molecule">NF-kappa B</term> signal transduction pathway</term>.</sentence>
<event KT="Other" id="E28">
<type class="Metabolism"/>
<theme idref="A10"/>
<clue>Since internal sites of oxidant <clueType>production</clueType> have been shown to play a key role in the cytokine-stimulated activation of NF-kappa B, and since tyrosine kinase and phosphatase activities are known to be altered by oxidants, these findings suggest that intracellular redox status controls NF-kappa B activation by regulating tyrosine phosphorylation event(s) within the common step of the NF-kappa B signal transduction pathway.</clue>
</event>
<event KT="Analysis" Source="Other" id="E29">
<type class="Correlation"/>
<theme idref="E28"/>
<theme idref="E30"/>
<clue>Since internal sites of oxidant production <clueSource>have been</clueSource> <clueKT>shown</clueKT> to <clueType>play</clueType> a key <clueType>role</clueType> <linkTheme>in</linkTheme> the cytokine-stimulated activation of NF-kappa B, and since tyrosine kinase and phosphatase activities are known to be altered by oxidants, these findings suggest that intracellular redox status controls NF-kappa B activation by regulating tyrosine phosphorylation event(s) within the common step of the NF-kappa B signal transduction pathway.</clue>
</event>
<event KT="Other" id="E30">
<type class="Positive_regulation"/>
<theme idref="T37"/>
<cause idref="T36"/>
<clue>Since internal sites of oxidant production have been shown to play a key role in the cytokine<linkCause>-stimulated</linkCause> <clueType>activation</clueType> <linkTheme>of</linkTheme> NF-kappa B, and since tyrosine kinase and phosphatase activities are known to be altered by oxidants, these findings suggest that intracellular redox status controls NF-kappa B activation by regulating tyrosine phosphorylation event(s) within the common step of the NF-kappa B signal transduction pathway.</clue>
</event>
<event KT="Fact" id="E31">
<type class="Regulation"/>
<theme idref="A11" idref1="T38"/>
<cause idref="A13"/>
<clue>Since internal sites of oxidant production have been shown to play a key role in the cytokine-stimulated activation of NF-kappa B, and since tyrosine kinase and phosphatase activities are <clueKT>known</clueKT> to be <clueType>altered</clueType> <linkCause>by</linkCause> oxidants, these findings suggest that intracellular redox status controls NF-kappa B activation by regulating tyrosine phosphorylation event(s) within the common step of the NF-kappa B signal transduction pathway.</clue>
</event>
<event KT="Fact" id="E32">
<type class="Regulation"/>
<theme idref="A12" idref1="T38"/>
<cause idref="A13"/>
<clue>Since internal sites of oxidant production have been shown to play a key role in the cytokine-stimulated activation of NF-kappa B, and since tyrosine kinase and phosphatase activities are <clueKT>known</clueKT> to be <clueType>altered</clueType> <linkCause>by</linkCause> oxidants, these findings suggest that intracellular redox status controls NF-kappa B activation by regulating tyrosine phosphorylation event(s) within the common step of the NF-kappa B signal transduction pathway.</clue>
</event>
<event KT="Other" id="E33">
<type class="Regulation"/>
<theme idref="T42"/>
<cause idref="T39"/>
<clue>Since internal sites of oxidant production have been shown to play a key role in the cytokine-stimulated activation of NF-kappa B, and since tyrosine kinase and phosphatase activities are known to be altered by oxidants, these findings suggest that intracellular redox status controls NF-kappa B activation by <clueType>regulating</clueType> tyrosine phosphorylation event(s) within the common step of the NF-kappa B signal transduction pathway.</clue>
</event>
<event CL="L2" KT="Analysis" id="E34" uncertainty="probable">
<type class="Regulation"/>
<theme idref="E35"/>
<cause idref="E33"/>
<clue>Since internal sites of oxidant production have been shown to play a key role in the cytokine-stimulated activation of NF-kappa B, and since tyrosine kinase and phosphatase activities are known to be altered by oxidants, these findings <clueKT><clueCL>suggest</clueCL></clueKT> that intracellular redox status <clueType>controls</clueType> NF-kappa B activation <linkCause>by</linkCause> regulating tyrosine phosphorylation event(s) within the common step of the NF-kappa B signal transduction pathway.</clue>
</event>
<event KT="Other" id="E35">
<type class="Positive_regulation"/>
<theme idref="T40"/>
<clue>Since internal sites of oxidant production have been shown to play a key role in the cytokine-stimulated activation of NF-kappa B, and since tyrosine kinase and phosphatase activities are known to be altered by oxidants, these findings suggest that intracellular redox status controls NF-kappa B <clueType>activation</clueType> by regulating tyrosine phosphorylation event(s) within the common step of the NF-kappa B signal transduction pathway.</clue>
</event>
<event KT="Other" id="E36">
<type class="Cell_communication"/>
<theme idref="T45"/>
<clue>Since internal sites of oxidant production have been shown to play a key role in the cytokine-stimulated activation of NF-kappa B, and since tyrosine kinase and phosphatase activities are known to be altered by oxidants, these findings suggest that intracellular redox status controls NF-kappa B activation by regulating tyrosine phosphorylation event(s) within the common step of the NF-kappa B <clueType>signal transduction</clueType> pathway.</clue>
</event>
<event KT="Other" id="E37" uncertainty="probable">
<type class="Correlation"/>
<theme idref="E34"/>
<theme idref="E36"/>
<clue>Since internal sites of oxidant production have been shown to play a key role in the cytokine-stimulated activation of NF-kappa B, and since tyrosine kinase and phosphatase activities are known to be altered by oxidants, these findings suggest that intracellular redox status controls NF-kappa B activation by regulating tyrosine phosphorylation event(s) <linkTheme>within</linkTheme> the common step of the NF-kappa B signal transduction pathway.</clue>
<comment>NO CLUETYPE</comment></event>
</AbstractText>
</Abstract></Article></MedlineCitation></PubmedArticle></PubmedArticleSet></Annotation>
