<?xml version='1.0'?><!DOCTYPE Annotation PUBLIC "//GENIA//DTD GENIA ANNOTATION EVENT 2.0//EN_Modified" "../ModifiedGENIAtypes/Modified_GENIA_event_20.dtd"><Annotation annotates="http://www.ncbi.nlm.nih.gov/entrez/eutils/efetch.fcgi?db=pubmed&amp;retmode=xml&amp;rettype=medline&amp;id=7532282" created="14/07/2006" creator="Noriko Katsu"><PubmedArticleSet><PubmedArticle><MedlineCitation>
<PMID>7532282</PMID>
<Article>
<ArticleTitle>
<sentence id="S1"><term id="T1" lex="transcription-independent_turnover" sem="Other"><term id="A1" sem="Other">Transcription</term>-independent turnover</term> of <term id="T2" lex="I_kappa_B_alpha" sem="Protein_molecule">I kappa B alpha</term> during <term id="T3" lex="monocyte_adherence" sem="Other"><term id="A2" sem="Cell_natural">monocyte</term> adherence</term>: implications for a <term id="A3" sem="Other">translational component</term> regulating <term id="T4" lex="I_kappa_B_alpha/MAD-3_mRNA_level" sem="Other"><term id="T5" lex="I_kappa_B_alpha/MAD-3_mRNA" sem="RNA_molecule"><term id="T6" lex="I_kappa_B_alpha" sem="Protein_molecule">I kappa B alpha</term><term id="T7" lex="MAD-3" sem="Protein_molecule">/MAD-3</term> mRNA</term> levels</term>.</sentence>
<event id="E1">
<type class="Protein_metabolism"/>
<theme idref="T2"/>
<clue>Transcription-independent <clueType>turnover</clueType> <linkTheme>of</linkTheme> I kappa B alpha during monocyte adherence: implications for a translational component regulating I kappa B alpha/MAD-3 mRNA levels.</clue>
</event>
<event id="E2">
<type class="Regulation"/>
<theme idref="E1"/>
<cause idref="E3"/>
<clue>Transcription-independent turnover of I kappa B alpha <linkCause>during</linkCause> monocyte adherence: implications for a translational component regulating I kappa B alpha/MAD-3 mRNA levels.</clue>
<comment>NO CLUETYPE</comment></event>
<event id="E3">
<type class="Cell_adhesion"/>
<theme idref="A2"/>
<clue>Transcription-independent turnover of I kappa B alpha during monocyte <clueType>adherence</clueType>: implications for a translational component regulating I kappa B alpha/MAD-3 mRNA levels.</clue>
</event>
<event Polarity="Negative" assertion="non-exist" id="E4">
<type class="Correlation"/>
<theme idref="E1"/>
<clue>Transcription-<clueType><cluePolarity>independent</cluePolarity></clueType> turnover of I kappa B alpha during monocyte adherence: implications for a translational component regulating I kappa B alpha/MAD-3 mRNA levels.</clue>
</event>
<event id="E5">
<type class="Regulation"/>
<theme idref="T5"/>
<cause idref="A3"/>
<clue>Transcription-independent turnover of I kappa B alpha during monocyte adherence: implications for a translational component <clueType>regulating</clueType> I kappa B alpha/MAD-3 mRNA levels.</clue>
</event>
</ArticleTitle>
<Abstract>
<AbstractText>
<sentence id="S2">We identified <term id="T8" lex="I_kappa_B_alpha/MAD-3" sem="Protein_molecule"><term id="T9" lex="I_kappa_B_alpha" sem="Protein_molecule">I kappa B alpha</term>/MAD-3</term> as an <term id="T10" lex="immediate-early_gene" sem="DNA_domain_or_region">immediate-early gene</term> in <term id="T11" lex="human_monocyte" sem="Cell_natural">human monocytes</term> that is expressed in response to a variety of signals, including <term id="T12" lex="adhesion" sem="Other">adhesion</term>, <term id="T13" lex="lipopolysaccharide" sem="Lipid">lipopolysaccharide</term>, and <term id="T14" lex="phorbol_myristate_acetate" sem="Organic_compound_other">phorbol myristate acetate</term>.</sentence>
<event id="E6">
<type class="Gene_expression"/>
<theme idref="T8"/>
<clue>We identified I kappa B alpha/MAD-3 as an <corefTheme>immediate-early gen</corefTheme>e <clueLoc>in human monocytes</clueLoc> that is <clueType>expressed</clueType> in response to a variety of signals, including adhesion, lipopolysaccharide, and phorbol myristate acetate.</clue>
</event>
<event id="E7">
<type class="Positive_regulation"/>
<theme idref="E6"/>
<cause idref="T12"/>
<clue>We identified I kappa B alpha/MAD-3 as an immediate-early gene in human monocytes that is expressed <linkCause>in response to</linkCause> a variety of <corefCause>signals</corefCause>, including adhesion, lipopolysaccharide, and phorbol myristate acetate.</clue>
<comment>NO CLUETYPE</comment></event>
<event id="E8">
<type class="Positive_regulation"/>
<theme idref="E6"/>
<cause idref="T13"/>
<clue>We identified I kappa B alpha/MAD-3 as an immediate-early gene in human monocytes that is expressed <linkCause>in response to</linkCause> a variety of <corefCause>signals</corefCause>, including adhesion, lipopolysaccharide, and phorbol myristate acetate.</clue>
<comment>NO CLUETYPE</comment></event>
<event id="E9">
<type class="Positive_regulation"/>
<theme idref="E6"/>
<cause idref="T14"/>
<clue>We identified I kappa B alpha/MAD-3 as an immediate-early gene in human monocytes that is expressed <linkCause>in response to</linkCause> a variety of <corefCause>signals</corefCause>, including adhesion, lipopolysaccharide, and phorbol myristate acetate.</clue>
<comment>NO CLUETYPE</comment></event>
<sentence id="S3">Within 5 min of <term id="T15" lex="monocyte_adhesion" sem="Other"><term id="A4" sem="Cell_natural">monocyte</term> adhesion</term>, the level of the <term id="T16" lex="I_kappa_B_alpha_protein" sem="Protein_molecule"><term id="T17" lex="I_kappa_B_alpha" sem="Protein_molecule">I kappa B alpha</term> protein</term> is markedly diminished but is rapidly replaced in a <term id="T18" lex="cycloheximide-sensitive_manner" sem="Other"><term id="A5" sem="Organic_compound_other">cycloheximide</term>-sensitive manner</term> within 20 min.</sentence>
<event KT="Method" id="E10">
<type class="Cell_adhesion"/>
<theme idref="A4"/>
<clue><clueTime>Within 5 min</clueTime> of monocyte <clueType>adhesion</clueType>, the level of the I kappa B alpha protein is markedly diminished but is rapidly replaced in a cycloheximide-sensitive manner within 20 min.</clue>
</event>
<event Manner="High" id="E11">
<type class="Negative_regulation"/>
<theme idref="T17"/>
<clue>Within 5 min of monocyte adhesion, the level of the I kappa B alpha protein is <clueManner>markedly</clueManner> <clueType>diminished</clueType> but is rapidly replaced in a cycloheximide-sensitive manner within 20 min.</clue>
</event>
<event Manner="High" id="E12">
<type class="Negative_regulation"/>
<theme idref="E11"/>
<cause idref="T18"/>
<clue>Within 5 min of monocyte adhesion, the level of the I kappa B alpha protein is markedly diminished but is <clueManner>rapidly</clueManner> <clueType>replaced</clueType> <linkCause>in</linkCause> a cycloheximide-sensitive manner <clueTime>within 20 min</clueTime>.</clue>
</event>
<event id="E13">
<type class="Regulation"/>
<theme idref="E12"/>
<cause idref="A5"/>
<clue>Within 5 min of monocyte adhesion, the level of the I kappa B alpha protein is markedly diminished but is rapidly replaced in a cycloheximide-<clueType>sensitive</clueType> manner within 20 min.</clue>
</event>
<sentence id="S4">Accompanying the rapid turnover of the <term id="T19" lex="I_kappa_B_alpha_protein" sem="Protein_molecule"><term id="T20" lex="I_kappa_B_alpha" sem="Protein_molecule">I kappa B alpha</term> protein</term> is simultaneous translocation of <term id="T21" lex="NF-kappa_B-related_transcription_factor" sem="Protein_family_or_group">NF-kappa B-related <term id="T22" lex="transcription_factor" sem="Protein_family_or_group">transcription factors</term></term> to nuclei of adhered <term id="A6" sem="Cell_natural">monocytes</term>.</sentence>
<event Manner="High" id="E14">
<type class="Protein_metabolism"/>
<theme idref="T20"/>
<clue>Accompanying the <clueManner>rapid</clueManner> <clueType>turnover</clueType> <linkTheme>of</linkTheme> the I kappa B alpha protein is simultaneous translocation of NF-kappa B-related transcription factors to nuclei of adhered monocytes.</clue>
</event>
<event id="E15">
<type class="Localization"/>
<theme idref="T21"/>
<clue>Accompanying the rapid turnover of the I kappa B alpha protein is simultaneous <clueType>translocation</clueType> <linkTheme>of</linkTheme> NF-kappa B-related transcription factors <clueLoc>to nuclei of adhered monocytes</clueLoc>.</clue>
</event>
<event id="E16">
<type class="Cell_adhesion"/>
<theme idref="A6"/>
<clue>Accompanying the rapid turnover of the I kappa B alpha protein is simultaneous translocation of NF-kappa B-related transcription factors to nuclei of <clueType>adhered</clueType> monocytes.</clue>
</event>
<event id="E17">
<type class="Correlation"/>
<theme idref="E14"/>
<theme idref="E15"/>
<clue><clueType>Accompanying</clueType> the rapid turnover of the I kappa B alpha protein is <clueTime>simultaneous</clueTime> translocation of NF-kappa B-related transcription factors to nuclei of adhered monocytes.</clue>
</event>
<sentence id="S5">The demonstration that <term id="T23" lex="NF-kappa_B" sem="Protein_molecule">NF-kappa B</term> can regulate <term id="T24" lex="I_kappa_B_alpha/MAD-3_gene_transcription" sem="Other"><term id="T25" lex="I_kappa_B_alpha/MAD-3_gene" sem="DNA_domain_or_region"><term id="T26" lex="I_kappa_B_alpha" sem="Protein_molecule">I kappa B alpha</term>/MAD-3 gene</term> transcription</term> in other cell types suggested that the rapid increase in <term id="T27" lex="steady-state_I_kappa_B_alpha/MAD-3_mRNA_level" sem="Other">steady-state <term id="T28" lex="I_kappa_B_alpha/MAD-3_mRNA" sem="RNA_molecule"><term id="T29" lex="I_kappa_B_alpha" sem="Protein_molecule">I kappa B alpha</term>/MAD-3 mRNA</term> levels</term> we observed within 30 min of <term id="T30" lex="monocyte_adherence" sem="Other"><term id="A7" sem="Cell_natural">monocyte</term> adherence</term> would result from <term id="T31" lex="NF-kappa_B-dependent_transcriptional_stimulation" sem="Other"><term id="T32" lex="NF-kappa_B" sem="Protein_molecule">NF-kappa B</term>-dependent transcriptional stimulation</term> of the <term id="T33" lex="I_kappa_B_alpha/MAD-3_gene" sem="DNA_domain_or_region"><term id="A23" sem="Protein_molecule"><term id="T34" lex="I_kappa_B_alpha" sem="Protein_molecule">I kappa B alpha</term>/MAD-3</term> gene</term>.</sentence>
<event KT="Analysis" id="E18">
<type class="Regulation"/>
<theme idref="E19"/>
<cause idref="T23"/>
<clue>The <clueKT>demonstration</clueKT> that NF-kappa B can <clueType>regulate</clueType> I kappa B alpha/MAD-3 gene transcription in other cell types suggested that the rapid increase in steady-state I kappa B alpha/MAD-3 mRNA levels we observed within 30 min of monocyte adherence would result from NF-kappa B-dependent transcriptional stimulation of the I kappa B alpha/MAD-3 gene.</clue>
</event>
<event KT="Other" id="E19">
<type class="Transcription"/>
<theme idref="T25"/>
<clue>The demonstration that NF-kappa B can regulate I kappa B alpha/MAD-3 gene <clueType>transcription</clueType> <clueLoc>in other cell types</clueLoc> suggested that the rapid increase in steady-state I kappa B alpha/MAD-3 mRNA levels we observed within 30 min of monocyte adherence would result from NF-kappa B-dependent transcriptional stimulation of the I kappa B alpha/MAD-3 gene.</clue>
</event>
<event Manner="High" id="E20">
<type class="Positive_regulation"/>
<theme idref="T28"/>
<clue>The demonstration that NF-kappa B can regulate I kappa B alpha/MAD-3 gene transcription in other cell types suggested that the <clueManner>rapid</clueManner> <clueType>increase</clueType> <linkTheme>in</linkTheme> steady-state I kappa B alpha/MAD-3 mRNA levels we <clueKT>observed</clueKT> <clueTime>within 30 min of monocyte adherence</clueTime> would result from NF-kappa B-dependent transcriptional stimulation of the I kappa B alpha/MAD-3 gene.</clue>
</event>
<event KT="Method" id="E21">
<type class="Cell_adhesion"/>
<theme idref="A7"/>
<clue>The demonstration that NF-kappa B can regulate I kappa B alpha/MAD-3 gene transcription in other cell types suggested that the rapid increase in steady-state I kappa B alpha/MAD-3 mRNA levels we observed within 30 min of monocyte <clueType>adherence</clueType> would result from NF-kappa B-dependent transcriptional stimulation of the I kappa B alpha/MAD-3 gene.</clue>
</event>
<event CL="L2" KT="Analysis" id="E22" uncertainty="probable">
<type class="Positive_regulation"/>
<theme idref="E20"/>
<cause idref="E23"/>
<clue>The demonstration that NF-kappa B can regulate I kappa B alpha/MAD-3 gene transcription in other cell types <clueKT><clueCL>suggested</clueCL></clueKT> that the rapid increase in steady-state I kappa B alpha/MAD-3 mRNA levels we observed within 30 min of monocyte adherence would <clueType>result</clueType> <linkCause>from</linkCause> NF-kappa B-dependent transcriptional stimulation of the I kappa B alpha/MAD-3 gene.</clue>
</event>
<event KT="Other" id="E23">
<type class="Positive_regulation"/>
<theme idref="T33"/>
<cause idref="T32"/>
<clue>The demonstration that NF-kappa B can regulate I kappa B alpha/MAD-3 gene transcription in other cell types suggested that the rapid increase in steady-state I kappa B alpha/MAD-3 mRNA levels we observed within 30 min of monocyte adherence would result from NF-kappa B<linkCause>-dependent</linkCause> <clueType>transcriptional stimulation</clueType> <linkTheme>of</linkTheme> the I kappa B alpha/MAD-3 gene.</clue>
</event>
<sentence id="S6">Nuclear run-on analyses indicated that, instead, while several <term id="T35" lex="immediate-early_cytokine_gene" sem="DNA_family_or_group">immediate-early cytokine genes</term>, such as the <term id="T36" lex="interleukin_1_beta_(IL-1_beta)_gene" sem="DNA_domain_or_region"><term id="T37" lex="interleukin_1_beta" sem="Protein_molecule">interleukin 1 beta</term> (<term id="A8" sem="DNA_domain_or_region"><term id="T38" lex="IL-1_beta" sem="Protein_molecule">IL-1 beta</term>) gene</term></term>, were transcriptionally activated during <term id="T39" lex="monocyte_adhesion" sem="Other"><term id="A9" sem="Cell_natural">monocyte</term> adhesion</term>, the rate of <term id="T40" lex="I_kappa_B_alpha/MAD-3_gene_transcription" sem="Other"><term id="T41" lex="I_kappa_B_alpha/MAD-3_gene" sem="DNA_domain_or_region"><term id="T42" lex="I_kappa_B_alpha" sem="Protein_molecule">I kappa B alpha</term>/MAD-3 gene</term> transcription</term> remained constant.</sentence>
<event KT="Analysis" id="E24">
<type class="Positive_regulation"/>
<theme idref="A8"/>
<clue><clueExperiment>Nuclear run-on analyses</clueExperiment> <clueKT>indicated</clueKT> that, instead, while <corefTheme>several immediate-early cytokine genes</corefTheme>, such as the interleukin 1 beta (IL-1 beta) gene, were <clueType>transcriptionally activated</clueType> <clueTime>during monocyte adhesion</clueTime>, the rate of I kappa B alpha/MAD-3 gene transcription remained constant.</clue>
</event>
<event KT="Method" id="E25">
<type class="Cell_adhesion"/>
<theme idref="A9"/>
<clue>Nuclear run-on analyses indicated that, instead, while several immediate-early cytokine genes, such as the interleukin 1 beta (IL-1 beta) gene, were transcriptionally activated during monocyte <clueType>adhesion</clueType>, the rate of I kappa B alpha/MAD-3 gene transcription remained constant.</clue>
</event>
<event KT="Other" id="E26">
<type class="Transcription"/>
<theme idref="T41"/>
<clue><clueExperiment>Nuclear run-on analyses</clueExperiment> indicated that, instead, while several immediate-early cytokine genes, such as the interleukin 1 beta (IL-1 beta) gene, were transcriptionally activated during monocyte adhesion, the rate of I kappa B alpha/MAD-3 gene <clueType>transcription</clueType> remained constant.</clue>
</event>
<event KT="Analysis" Polarity="Negative" assertion="non-exist" id="E27">
<type class="Positive_regulation"/>
<theme idref="E26"/>
<clue>Nuclear run-on analyses <clueKT>indicated</clueKT> that, instead, while several immediate-early cytokine genes, such as the interleukin 1 beta (IL-1 beta) gene, were transcriptionally activated <clueTime>during monocyte adhesion</clueTime>, the rate of I kappa B alpha/MAD-3 gene transcription <clueType><cluePolarity>remained constant</cluePolarity></clueType>.</clue>
</event>
<sentence id="S7">The <term id="A10" sem="Other">adherence</term>-dependent increase in <term id="T43" lex="I_kappa_B_alpha/MAD-3_mRNA_level" sem="Other"><term id="T44" lex="I_kappa_B_alpha/MAD-3_mRNA" sem="RNA_molecule"><term id="T45" lex="I_kappa_B_alpha" sem="Protein_molecule">I kappa B alpha</term>/MAD-3 mRNA</term> levels</term> was also not a consequence of <term id="T46" lex="mRNA_stabilization_event" sem="Other"><term id="T47" lex="mRNA" sem="RNA_family_or_group">mRNA</term> stabilization events</term>.</sentence>
<event id="E28">
<type class="Positive_regulation"/>
<theme idref="T44"/>
<cause idref="A10"/>
<clue>The adherence<linkCause>-dependent</linkCause> <clueType>increase</clueType> <linkTheme>in</linkTheme> I kappa B alpha/MAD-3 mRNA levels was also not a consequence of mRNA stabilization events.</clue>
</event>
<event KT="Analysis" Polarity="Negative" assertion="non-exist" id="E30">
<type class="Positive_regulation"/>
<theme idref="E28"/>
<cause idref="E31"/>
<clue>The adherence-dependent increase in I kappa B alpha/MAD-3 mRNA levels was also <clueType><cluePolarity>not</cluePolarity></clueType> a <clueType><clueKT>consequence</clueKT></clueType> <linkCause>of</linkCause> mRNA stabilization events.</clue>
</event>
<event KT="Other" id="E31">
<type class="Positive_regulation"/>
<theme idref="T47"/>
<clue>The adherence-dependent increase in I kappa B alpha/MAD-3 mRNA levels was also not a consequence of mRNA <clueType>stabilization</clueType> events.</clue>
</event>
<sentence id="S8">Interestingly, while increases in both <cons id="T48" lex="(AND IL-1_beta_mRNA_level I_kappa_B_alpha/MAD-3_mRNA_level)" sem="(AND Other Other)"><frag id="F1"><term id="A11" sem="RNA_molecule">IL-1 beta</term></frag> and <frag id="F2"><term id="A12" sem="RNA_molecule">I kappa B alpha/MAD-3</term> <term id="A13" sem="RNA_molecule">mRNA</term></frag> <frag id="F3">levels</frag></cons> were detected in <term id="T49" lex="nuclei" sem="Cell_component">nuclei</term> of <term id="T50" lex="adherent_monocyte" sem="Cell_natural">adherent <term id="A14" sem="Cell_natural">monocytes</term></term>, <term id="T51" lex="cytoplasmic_level" sem="Other">cytoplasmic levels</term> of <term id="T52" lex="IL-1_beta_mRNA" sem="RNA_molecule"><term id="T53" lex="IL-1_beta" sem="Protein_molecule">IL-1 beta</term> mRNA</term> increased during adherence whereas those of <term id="T54" lex="I_kappa_B_alpha/MAD-3_mRNA" sem="RNA_molecule"><term id="T55" lex="I_kappa_B_alpha" sem="Protein_molecule">I kappa B alpha</term>/MAD-3 mRNA</term> did not.</sentence>
<event id="E32">
<type class="Positive_regulation"/>
<theme idref="A11" idref1="A13"/>
<clue>Interestingly, while <clueType>increases</clueType> <linkTheme>in</linkTheme> both IL-1 beta and I kappa B alpha/MAD-3 mRNA levels were detected <clueLoc>in nuclei of adherent monocytes</clueLoc>, cytoplasmic levels of IL-1 beta mRNA increased during adherence whereas those of I kappa B alpha/MAD-3 mRNA did not.</clue>
</event>
<event id="E33">
<type class="Positive_regulation"/>
<theme idref="A12" idref1="A13"/>
<clue>Interestingly, while <clueType>increases</clueType> <linkTheme>in</linkTheme> both IL-1 beta and I kappa B alpha/MAD-3 mRNA levels were detected <clueLoc>in nuclei of adherent monocytes</clueLoc>, cytoplasmic levels of IL-1 beta mRNA increased during adherence whereas those of I kappa B alpha/MAD-3 mRNA did not.</clue>
</event>
<event id="E34">
<type class="Cell_adhesion"/>
<theme idref="A14"/>
<clue>Interestingly, while increases in both IL-1 beta and I kappa B alpha/MAD-3 mRNA levels were detected in nuclei of <clueType>adherent</clueType> monocytes, cytoplasmic levels of IL-1 beta mRNA increased during adherence whereas those of I kappa B alpha/MAD-3 mRNA did not.</clue>
</event>
<event id="E35">
<type class="Positive_regulation"/>
<theme idref="T52"/>
<clue>Interestingly, while increases in both IL-1 beta and I kappa B alpha/MAD-3 mRNA levels were detected in nuclei of adherent monocytes, <clueLoc>cytoplasmic</clueLoc> levels of IL-1 beta mRNA <clueType>increased</clueType> <clueTime>during adherence</clueTime> whereas those of I kappa B alpha/MAD-3 mRNA did not.</clue>
</event>
<event Polarity="Negative" assertion="non-exist" id="E36">
<type class="Positive_regulation"/>
<theme idref="T54"/>
<clue>Interestingly, while increases in both IL-1 beta and I kappa B alpha/MAD-3 mRNA levels were detected in nuclei of adherent monocytes, cytoplasmic levels of IL-1 beta mRNA <clueType>increased</clueType> <clueTime>during adherence</clueTime> whereas those of I kappa B alpha/MAD-3 mRNA did <cluePolarity>not</cluePolarity>.</clue>
</event>
<sentence id="S9">Taken together, our data suggest that two interactive <term id="A15" sem="Other">mechanisms</term> regulate <term id="T56" lex="monocytic_I_kappa_B_alpha/MAD-3_mRNA_level" sem="Other"><term id="T57" lex="monocytic_I_kappa_B_alpha/MAD-3_mRNA" sem="RNA_molecule">monocytic <term id="A16" sem="RNA_molecule"><term id="T58" lex="I_kappa_B_alpha" sem="Protein_molecule">I kappa B alpha</term>/MAD-3 mRNA</term></term> levels</term>.</sentence>
<event CL="L2" KT="Analysis" id="E37" uncertainty="probable">
<type class="Regulation"/>
<theme idref="A16"/>
<cause idref="A15"/>
<clue>Taken together, our data <clueKT><clueCL>suggest</clueCL></clueKT> that two interactive mechanisms <clueType>regulate</clueType> <clueLoc>monocytic</clueLoc> I kappa B alpha/MAD-3 mRNA levels.</clue>
</event>
<event KT="Other" id="E38" uncertainty="probable">
<type class="Correlation"/>
<theme idref="A15"/>
<theme idref="A15"/>
<clue>Taken together, our data suggest that two <clueType>interactive</clueType> mechanisms regulate monocytic I kappa B alpha/MAD-3 mRNA levels.</clue>
</event>
<sentence id="S10">We propose that <term id="T59" lex="adherent_monocyte" sem="Cell_natural">adherent <term id="A17" sem="Cell_natural">monocytes</term></term> regulate nuclear processing (or decay) of <term id="T60" lex="I_kappa_B_alpha/MAD-3_mRNA" sem="RNA_molecule"><term id="T61" lex="I_kappa_B_alpha" sem="Protein_molecule">I kappa B alpha</term>/MAD-3 mRNA</term>, thereby increasing mRNA levels without stimulating <term id="T62" lex="I_kappa_B_alpha/MAD-3_gene_transcriptio" sem="Other"><term id="T63" lex="I_kappa_B_alpha/MAD-3_gene" sem="DNA_domain_or_region"><term id="T64" lex="I_kappa_B_alpha" sem="Protein_molecule">I kappa B alpha</term>/MAD-3 gene</term> transcription</term>.</sentence>
<event KT="Other" id="E39">
<type class="Cell_adhesion"/>
<theme idref="A17"/>
<clue>We propose that <clueType>adherent</clueType> monocytes regulate nuclear processing (or decay) of I kappa B alpha/MAD-3 mRNA, thereby increasing mRNA levels without stimulating I kappa B alpha/MAD-3 gene transcription.</clue>
</event>
<event CL="L2" KT="Analysis" id="E40" uncertainty="probable">
<type class="Regulation"/>
<theme idref="E41"/>
<cause idref="E39"/>
<clue>We <clueKT><clueCL>propose</clueCL></clueKT> that <clueLoc>adherent monocytes</clueLoc> <clueType>regulate</clueType> nuclear processing (or decay) of I kappa B alpha/MAD-3 mRNA, thereby increasing mRNA levels without stimulating I kappa B alpha/MAD-3 gene transcription.</clue>
</event>
<event KT="Other" id="E41" uncertainty="probable">
<type class="RNA_metabolism"/>
<theme idref="T60"/>
<clue>We propose that adherent monocytes regulate <clueLoc>nuclear</clueLoc> <clueType>processing</clueType> (or decay) <linkTheme>of</linkTheme> I kappa B alpha/MAD-3 mRNA, thereby increasing mRNA levels without stimulating I kappa B alpha/MAD-3 gene transcription.</clue>
</event>
<event id="E53" uncertainty="probable">
<type class="Positive_regulation"/>
<theme idref="T60"/>
<cause idref="E40"/>
<clue>We <clueKT><clueCL>propose</clueCL></clueKT> that <clueLoc>adherent monocytes</clueLoc> regulate nuclear processing (or decay) of I kappa B alpha/MAD-3 mRNA, <linkCause>thereby</linkCause> <clueType>increasing</clueType> <corefTheme>mRNA</corefTheme> levels without stimulating I kappa B alpha/MAD-3 gene transcription.</clue>
</event>
<event KT="Analysis" Polarity="Negative" assertion="non-exist" id="E43">
<type class="Positive_regulation"/>
<theme idref="E44"/>
<cause idref="E40"/>
<clue>We <clueKT><clueCL>propose</clueCL></clueKT> that <clueLoc>adherent monocytes</clueLoc> regulate nuclear processing (or decay) of I kappa B alpha/MAD-3 mRNA, thereby increasing mRNA levels <clueType><cluePolarity>without</cluePolarity> stimulating</clueType> I kappa B alpha/MAD-3 gene transcription.</clue>
</event>
<event KT="Other" id="E44">
<type class="Transcription"/>
<theme idref="T63"/>
<clue>We propose that adherent monocytes regulate nuclear processing (or decay) of I kappa B alpha/MAD-3 mRNA, thereby increasing mRNA levels without stimulating I kappa B alpha/MAD-3 gene <clueType>transcription</clueType>.</clue>
</event>
<sentence id="S11">Moreover, since inhibition of <term id="A19" sem="Other">protein synthesis</term> leads to accumulation of <term id="T65" lex="I_kappa_B_alpha/MAD-3_mRNA" sem="RNA_molecule"><term id="T66" lex="I_kappa_B_alpha" sem="Protein_molecule">I kappa B alpha</term>/MAD-3 mRNA</term> without stimulating <term id="T67" lex="I_kappa_B_alpha/MAD-3_gene_transcription" sem="Other"><term id="T68" lex="I_kappa_B_alpha/MAD-3_gene" sem="DNA_domain_or_region"><term id="T69" lex="I_kappa_B_alpha" sem="Protein_molecule">I kappa B alpha</term>/MAD-3 gene</term> transcription</term>, we suggest that low <term id="T70" lex="cytoplasmic_level" sem="Other">cytoplasmic levels</term> of <term id="T71" lex="I_kappa_B_alpha/MAD-3_mRNA" sem="RNA_molecule"><term id="T72" lex="I_kappa_B_alpha" sem="Protein_molecule">I kappa B alpha</term>/MAD-3 mRNA</term> are maintained by a <term id="T73" lex="translation-dependent_degradation_mechanism" sem="Other"><term id="A21" sem="Other">translation</term>-dependent <term id="A20" sem="Other">degradation mechanism</term></term>.</sentence>
<event id="E45">
<type class="Negative_regulation"/>
<theme idref="A19"/>
<clue>Moreover, since <clueType>inhibition</clueType> <linkTheme>of</linkTheme> protein synthesis leads to accumulation of I kappa B alpha/MAD-3 mRNA without stimulating I kappa B alpha/MAD-3 gene transcription, we suggest that low cytoplasmic levels of I kappa B alpha/MAD-3 mRNA are maintained by a translation-dependent degradation mechanism.</clue>
</event>
<event id="E46">
<type class="Positive_regulation"/>
<theme idref="E47"/>
<cause idref="E45"/>
<clue>Moreover, since inhibition of protein synthesis <clueType>leads</clueType> <linkTheme>to</linkTheme> accumulation of I kappa B alpha/MAD-3 mRNA without stimulating I kappa B alpha/MAD-3 gene transcription, we suggest that low cytoplasmic levels of I kappa B alpha/MAD-3 mRNA are maintained by a translation-dependent degradation mechanism.</clue>
</event>
<event id="E47">
<type class="Positive_regulation"/>
<theme idref="T65"/>
<clue>Moreover, since inhibition of protein synthesis leads to <clueType>accumulation</clueType> <linkTheme>of</linkTheme> I kappa B alpha/MAD-3 mRNA without stimulating I kappa B alpha/MAD-3 gene transcription, we suggest that low cytoplasmic levels of I kappa B alpha/MAD-3 mRNA are maintained by a translation-dependent degradation mechanism.</clue>
</event>
<event Polarity="Negative" assertion="non-exist" id="E48">
<type class="Positive_regulation"/>
<theme idref="E49"/>
<cause idref="E45"/>
<clue>Moreover, since inhibition of protein synthesis leads to accumulation of I kappa B alpha/MAD-3 mRNA <clueType><cluePolarity>without </cluePolarity>stimulating</clueType> I kappa B alpha/MAD-3 gene transcription, we suggest that low cytoplasmic levels of I kappa B alpha/MAD-3 mRNA are maintained by a translation-dependent degradation mechanism.</clue>
</event>
<event id="E49">
<type class="Transcription"/>
<theme idref="T68"/>
<clue>Moreover, since inhibition of protein synthesis leads to accumulation of I kappa B alpha/MAD-3 mRNA without stimulating I kappa B alpha/MAD-3 gene <clueType>transcription</clueType>, we suggest that low cytoplasmic levels of I kappa B alpha/MAD-3 mRNA are maintained by a translation-dependent degradation mechanism.</clue>
</event>
<event CL="L2" KT="Analysis" id="E50">
<type class="Negative_regulation"/>
<theme idref="T71"/>
<cause idref="E51"/>
<clue>Moreover, since inhibition of protein synthesis leads to accumulation of I kappa B alpha/MAD-3 mRNA without stimulating I kappa B alpha/MAD-3 gene transcription, we <clueKT><clueCL>suggest</clueCL></clueKT> that <clueType>low</clueType> <clueLoc>cytoplasmic</clueLoc> levels <linkTheme>of</linkTheme> I kappa B alpha/MAD-3 mRNA are <clueType>maintained</clueType> <linkCause>by</linkCause> a translation-dependent degradation mechanism.</clue>
</event>
<event KT="Other" id="E51">
<type class="Regulation"/>
<theme idref="A20"/>
<cause idref="A21"/>
<clue>Moreover, since inhibition of protein synthesis leads to accumulation of I kappa B alpha/MAD-3 mRNA without stimulating I kappa B alpha/MAD-3 gene transcription, we suggest that low cytoplasmic levels of I kappa B alpha/MAD-3 mRNA are maintained by a translation-<clueType>dependent</clueType> degradation mechanism.</clue>
</event>
</AbstractText>
</Abstract></Article></MedlineCitation></PubmedArticle></PubmedArticleSet></Annotation>
