<?xml version='1.0'?><!DOCTYPE Annotation PUBLIC "//GENIA//DTD GENIA ANNOTATION EVENT 2.0//EN_Modified" "../ModifiedGENIAtypes/Modified_GENIA_event_20.dtd"><Annotation annotates="http://www.ncbi.nlm.nih.gov/entrez/eutils/efetch.fcgi?db=pubmed&amp;retmode=xml&amp;rettype=medline&amp;id=7534663" created="14/07/2006" creator="Noriko Katsu"><PubmedArticleSet><PubmedArticle><MedlineCitation>
<PMID>7534663</PMID>
<Article>
<ArticleTitle>
<sentence id="S1"><term id="T1" lex="aspirin" sem="Organic_compound_other">Aspirin</term> inhibits <term id="T2" lex="nuclear_factor-kappa_B_mobilization" sem="Other"><term id="T3" lex="nuclear_factor-kappa_B" sem="Protein_molecule">nuclear factor-kappa B</term> mobilization</term> and <term id="T4" lex="monocyte_adhesion" sem="Other"><term id="A1" sem="Cell_natural">monocyte</term> adhesion</term> in <term id="T5" lex="stimulated_human_endothelial_cell" sem="Cell_cultured">stimulated human <term id="A2" sem="Cell_natural">endothelial cells</term></term>.</sentence>
<event id="E1">
<type class="Negative_regulation"/>
<theme idref="E3"/>
<cause idref="T1"/>
<clue>Aspirin <clueType>inhibits</clueType> nuclear factor-kappa B mobilization and monocyte adhesion in stimulated human endothelial cells.</clue>
</event>
<event id="E2">
<type class="Negative_regulation"/>
<theme idref="E4"/>
<cause idref="T1"/>
<clue>Aspirin <clueType>inhibits</clueType> nuclear factor-kappa B mobilization and monocyte adhesion in stimulated human endothelial cells.</clue>
</event>
<event KT="Other" id="E3">
<type class="Localization"/>
<theme idref="T3"/>
<clue>Aspirin inhibits nuclear factor-kappa B <clueType>mobilization</clueType> and monocyte adhesion <clueLoc>in stimulated human endothelial cells</clueLoc>.</clue>
</event>
<event KT="Other" id="E4">
<type class="Cell_adhesion"/>
<theme idref="A1"/>
<theme idref="T5"/>
<clue>Aspirin inhibits nuclear factor-kappa B mobilization and monocyte <clueType>adhesion</clueType> <linkTheme>in</linkTheme> stimulated human endothelial cells.</clue>
</event>
<event id="E5">
<type class="Physiological_process"/>
<theme idref="A2"/>
<clue>Aspirin inhibits nuclear factor-kappa B mobilization and monocyte adhesion in <clueType>stimulated</clueType> human endothelial cells.</clue>
</event>
</ArticleTitle>
<Abstract>
<AbstractText>
<sentence id="S2">BACKGROUND: The induction of <term id="T6" lex="vascular_cell_adhesion_molecule-1" sem="Protein_molecule">vascular cell adhesion molecule-1</term> (<term id="T7" lex="VCAM-1" sem="Protein_molecule">VCAM-1</term>) and <term id="T8" lex="E-selectin" sem="Protein_molecule">E-selectin</term> by <term id="T9" lex="tumor_necrosis_factor-alpha" sem="Protein_molecule">tumor necrosis factor-alpha</term> (<term id="T10" lex="TNF" sem="Protein_molecule">TNF</term>) is mediated by mobilization of the <term id="T11" lex="transcription_factor" sem="Protein_family_or_group">transcription factor</term> <term id="T12" lex="nuclear_factor-kappa_B" sem="Protein_molecule">nuclear factor-kappa B</term> (<term id="T13" lex="NF-kappa_B" sem="Protein_molecule">NF-kappa B</term>).</sentence>
<event KT="Other" id="E6">
<type class="Positive_regulation"/>
<theme idref="T7"/>
<cause idref="T10"/>
<clue>BACKGROUND: The <clueType>induction</clueType> <linkTheme>of</linkTheme> vascular cell adhesion molecule-1 (VCAM-1) and E-selectin <linkCause>by</linkCause> tumor necrosis factor-alpha (TNF) is mediated by mobilization of the transcription factor nuclear factor-kappa B (NF-kappa B).</clue>
</event>
<event KT="Other" id="E7">
<type class="Positive_regulation"/>
<theme idref="T8"/>
<cause idref="T10"/>
<clue>BACKGROUND: The <clueType>induction</clueType> <linkTheme>of</linkTheme> vascular cell adhesion molecule-1 (VCAM-1) and E-selectin <linkCause>by</linkCause> tumor necrosis factor-alpha (TNF) is mediated by mobilization of the transcription factor nuclear factor-kappa B (NF-kappa B).</clue>
</event>
<event KT="Fact" id="E8">
<type class="Positive_regulation"/>
<theme idref="E6"/>
<cause idref="E10"/>
<clue>BACKGROUND: The induction of vascular cell adhesion molecule-1 (VCAM-1) and E-selectin by tumor necrosis factor-alpha (TNF) is <clueType>mediated</clueType> <linkCause>by</linkCause> mobilization of the transcription factor nuclear factor-kappa B (NF-kappa B).</clue>
</event>
<event KT="Fact" id="E9">
<type class="Positive_regulation"/>
<theme idref="E7"/>
<cause idref="E10"/>
<clue>BACKGROUND: The induction of vascular cell adhesion molecule-1 (VCAM-1) and E-selectin by tumor necrosis factor-alpha (TNF) is <clueType>mediated</clueType> <linkCause>by</linkCause> mobilization of the transcription factor nuclear factor-kappa B (NF-kappa B).</clue>
</event>
<event KT="Other" id="E10">
<type class="Localization"/>
<theme idref="T13"/>
<clue>BACKGROUND: The induction of vascular cell adhesion molecule-1 (VCAM-1) and E-selectin by tumor necrosis factor-alpha (TNF) is mediated by <clueType>mobilization</clueType> <linkTheme>of</linkTheme> the transcription factor nuclear factor-kappa B (NF-kappa B).</clue>
</event>
<sentence id="S3">Since <term id="T14" lex="salicylate" sem="Organic_compound_other">salicylates</term> have been reported to inhibit <term id="T15" lex="NF-kappa_B_activation" sem="Other"><term id="T16" lex="NF-kappa_B" sem="Protein_molecule">NF-kappa B</term> activation</term> by preventing the degradation of its inhibitor <term id="T17" lex="I_kappa_B" sem="Protein_molecule">I kappa B</term>, we studied a potential inhibition of this pathway by <term id="T18" lex="acetylsalicylate" sem="Organic_compound_other">acetylsalicylate</term> (<term id="T19" lex="aspirin" sem="Organic_compound_other">aspirin</term>) in <term id="T20" lex="human_umbilical_vein_endothelial_cell" sem="Cell_cultured">human umbilical vein endothelial cells</term> (<term id="T21" lex="HUVEC" sem="Cell_cultured">HUVECs</term>).</sentence>
<event KT="Analysis" Source="Other" id="E11">
<type class="Negative_regulation"/>
<theme idref="E14"/>
<cause idref="E12"/>
<clue>Since salicylates <clueSource>have been</clueSource> <clueKT>reported</clueKT> to <clueType>inhibit</clueType> NF-kappa B activation <linkCause>by</linkCause> preventing the degradation of its inhibitor I kappa B, we studied a potential inhibition of this pathway by acetylsalicylate (aspirin) in human umbilical vein endothelial cells (HUVECs).</clue>
</event>
<event KT="Other" id="E12">
<type class="Negative_regulation"/>
<theme idref="E13"/>
<cause idref="T14"/>
<clue>Since salicylates have been reported to inhibit NF-kappa B activation by <clueType>preventing</clueType> the degradation of its inhibitor I kappa B, we studied a potential inhibition of this pathway by acetylsalicylate (aspirin) in human umbilical vein endothelial cells (HUVECs).</clue>
</event>
<event KT="Other" id="E13">
<type class="Protein_catabolism"/>
<theme idref="T17"/>
<clue>Since salicylates have been reported to inhibit NF-kappa B activation by preventing the <clueType>degradation</clueType> <linkTheme>of</linkTheme> its inhibitor I kappa B, we studied a potential inhibition of this pathway by acetylsalicylate (aspirin) in human umbilical vein endothelial cells (HUVECs).</clue>
</event>
<event KT="Other" id="E14">
<type class="Positive_regulation"/>
<theme idref="T16"/>
<clue>Since salicylates have been reported to inhibit NF-kappa B <clueType>activation</clueType> by preventing the degradation of its inhibitor I kappa B, we studied a potential inhibition of this pathway by acetylsalicylate (aspirin) in human umbilical vein endothelial cells (HUVECs).</clue>
</event>
<event KT="Investigation" id="E15" uncertainty="doubtful">
<type class="Negative_regulation"/>
<theme idref="E12"/>
<cause idref="T19"/>
<clue>Since salicylates have been reported to inhibit NF-kappa B activation by preventing the degradation of its inhibitor I kappa B, we <clueKT>studied</clueKT> a potential <clueType>inhibition</clueType> <linkTheme>of</linkTheme> <corefTheme>this pathway</corefTheme> <linkCause>by</linkCause> acetylsalicylate (aspirin) <clueLoc>in human umbilical vein endothelial cells (HUVECs)</clueLoc>.</clue>
</event>
<sentence id="S4">METHODS AND RESULTS: <term id="T22" lex="Gel-shift_analys" sem="Other">Gel-shift analyses</term> demonstrated <term id="T23" lex="dose-dependent_inhibition" sem="Other">dose-dependent inhibition</term> of <term id="T24" lex="TNF-induced_NF-kappa_B_mobilization" sem="Other"><term id="T25" lex="TNF" sem="Protein_molecule">TNF</term>-induced <term id="T26" lex="NF-kappa_B" sem="Protein_molecule">NF-kappa B</term> mobilization</term> by <term id="T27" lex="aspirin" sem="Organic_compound_other">aspirin</term> at concentrations ranging from 1 to 10 mmol/L.</sentence>
<event KT="Analysis" id="E16">
<type class="Negative_regulation"/>
<theme idref="E17"/>
<cause idref="T27"/>
<clue>METHODS AND RESULTS: <clueExperiment>Gel-shift analyses</clueExperiment> <clueKT>demonstrated</clueKT> dose-dependent <clueType>inhibition</clueType> <linkTheme>of</linkTheme> TNF-induced NF-kappa B mobilization <linkCause>by</linkCause> aspirin at concentrations ranging from 1 to 10 mmol/L.</clue>
</event>
<event KT="Other" id="E17">
<type class="Positive_regulation"/>
<theme idref="E18"/>
<cause idref="T25"/>
<clue>METHODS AND RESULTS: Gel-shift analyses demonstrated dose-dependent inhibition of TNF-<clueType>induced</clueType> NF-kappa B mobilization by aspirin at concentrations ranging from 1 to 10 mmol/L.</clue>
</event>
<event KT="Other" id="E18">
<type class="Localization"/>
<theme idref="T26"/>
<clue>METHODS AND RESULTS: Gel-shift analyses demonstrated dose-dependent inhibition of TNF-induced NF-kappa B <clueType>mobilization</clueType> by aspirin at concentrations ranging from 1 to 10 mmol/L.</clue>
</event>
<sentence id="S5">Induction of <term id="T28" lex="VCAM-1" sem="Protein_molecule">VCAM-1</term> and <term id="T29" lex="E-selectin_surface_expression" sem="Other"><term id="T30" lex="E-selectin" sem="Protein_molecule">E-selectin</term> surface expression</term> by <term id="T31" lex="TNF" sem="Protein_molecule">TNF</term> was dose-dependently reduced by <term id="T32" lex="aspirin" sem="Organic_compound_other">aspirin</term> over the same range, while induction of <term id="T33" lex="intercellular_adhesion_molecule-1" sem="Protein_molecule">intercellular adhesion molecule-1</term> (<term id="T34" lex="ICAM-1" sem="Protein_molecule">ICAM-1</term>) was hardly affected.</sentence>
<event id="E19">
<type class="Positive_regulation"/>
<theme idref="E21"/>
<cause idref="T31"/>
<clue><clueType>Induction</clueType> <linkTheme>of</linkTheme> VCAM-1 and E-selectin surface expression <linkCause>by</linkCause> TNF was dose-dependently reduced by aspirin over the same range, while induction of intercellular adhesion molecule-1 (ICAM-1) was hardly affected.</clue>
</event>
<event id="E20">
<type class="Positive_regulation"/>
<theme idref="E22"/>
<cause idref="T31"/>
<clue><clueType>Induction</clueType> <linkTheme>of</linkTheme> VCAM-1 and E-selectin surface expression <linkCause>by</linkCause> TNF was dose-dependently reduced by aspirin over the same range, while induction of intercellular adhesion molecule-1 (ICAM-1) was hardly affected.</clue>
</event>
<event id="E21">
<type class="Localization"/>
<theme idref="T28"/>
<clue>Induction of VCAM-1 and E-selectin <clueLoc>surface</clueLoc> <clueType>expression</clueType> by TNF was dose-dependently reduced by aspirin over the same range, while induction of intercellular adhesion molecule-1 (ICAM-1) was hardly affected.</clue>
</event>
<event id="E22">
<type class="Localization"/>
<theme idref="T30"/>
<clue>Induction of VCAM-1 and E-selectin <clueLoc>surface</clueLoc> <clueType>expression</clueType> by TNF was dose-dependently reduced by aspirin over the same range, while induction of intercellular adhesion molecule-1 (ICAM-1) was hardly affected.</clue>
</event>
<event id="E23">
<type class="Negative_regulation"/>
<theme idref="E19"/>
<cause idref="T32"/>
<clue>Induction of VCAM-1 and E-selectin surface expression by TNF was dose-dependently <clueType>reduced</clueType> <linkCause>by</linkCause> aspirin over the same range, while induction of intercellular adhesion molecule-1 (ICAM-1) was hardly affected.</clue>
</event>
<event id="E24">
<type class="Negative_regulation"/>
<theme idref="E20"/>
<cause idref="T32"/>
<clue>Induction of VCAM-1 and E-selectin surface expression by TNF was dose-dependently <clueType>reduced</clueType> <linkCause>by</linkCause> aspirin over the same range, while induction of intercellular adhesion molecule-1 (ICAM-1) was hardly affected.</clue>
</event>
<event id="E25">
<type class="Positive_regulation"/>
<theme idref="T34"/>
<clue>Induction of VCAM-1 and E-selectin surface expression by TNF was dose-dependently reduced by aspirin over the same range, while <clueType>induction</clueType> <linkTheme>of</linkTheme> intercellular adhesion molecule-1 (ICAM-1) was hardly affected.</clue>
</event>
<event Polarity="Negative" assertion="non-exist" id="E26">
<type class="Regulation"/>
<theme idref="E25"/>
<cause idref="T32"/>
<clue>Induction of VCAM-1 and E-selectin surface expression by TNF was dose-dependently reduced by aspirin over the same range, while induction of intercellular adhesion molecule-1 (ICAM-1) was <cluePolarity>hardly</cluePolarity> <clueType>affected</clueType>.</clue>
</event>
<sentence id="S6"><term id="T35" lex="aspirin" sem="Organic_compound_other">Aspirin</term> appeared to prevent <term id="T36" lex="VCAM-1_transcription" sem="Other"><term id="T37" lex="VCAM-1" sem="Protein_molecule"><term id="A4" sem="DNA_domain_or_region">VCAM-1</term></term> transcription</term>, since it dose-dependently inhibited induction of <term id="T38" lex="VCAM-1_mRNA" sem="RNA_molecule"><term id="T39" lex="VCAM-1" sem="Protein_molecule">VCAM-1</term> mRNA</term> by <term id="T40" lex="TNF" sem="Protein_molecule">TNF</term>.</sentence>
<event CL="L2" KT="Analysis" id="E27" uncertainty="probable">
<type class="Negative_regulation"/>
<theme idref="E28"/>
<cause idref="T35"/>
<clue>Aspirin <clueKT><clueCL>appeared</clueCL></clueKT> to <clueType>prevent</clueType> VCAM-1 transcription, since it dose-dependently inhibited induction of VCAM-1 mRNA by TNF.</clue>
</event>
<event KT="Other" id="E28">
<type class="Transcription"/>
<theme idref="A4"/>
<clue>Aspirin appeared to prevent VCAM-1 <clueType>transcription</clueType>, since it dose-dependently inhibited induction of VCAM-1 mRNA by TNF.</clue>
</event>
<event id="E29">
<type class="Negative_regulation"/>
<theme idref="E30"/>
<cause idref="T35"/>
<clue>Aspirin appeared to prevent VCAM-1 transcription, since it dose-dependently <clueType>inhibited</clueType> induction of VCAM-1 mRNA by TNF.</clue>
</event>
<event KT="Other" id="E30">
<type class="Positive_regulation"/>
<theme idref="T38"/>
<cause idref="T40"/>
<clue>Aspirin appeared to prevent VCAM-1 transcription, since it dose-dependently inhibited <clueType>induction</clueType> <linkTheme>of</linkTheme> VCAM-1 mRNA <linkCause>by</linkCause> TNF.</clue>
</event>
<sentence id="S7">As a functional consequence, adhesion of <term id="T41" lex="U937_monocyte" sem="Cell_cultured">U937 monocytes</term> to <term id="T42" lex="TNF-stimulated_HUVEC" sem="Cell_cultured"><term id="T43" lex="TNF" sem="Protein_molecule">TNF</term>-stimulated <term id="T44" lex="HUVEC" sem="Cell_cultured">HUVECs</term></term> was markedly reduced by <term id="T45" lex="aspirin" sem="Organic_compound_other">aspirin</term> due to suppression of <cons id="C1" lex="(AND VCAM-1_upregulation E-selectin_upregulation)" sem="(AND Other Other)"><frag id="F1"><term id="T48" lex="VCAM-1" sem="Protein_molecule">VCAM-1</term></frag> and <frag id="F2"><term id="T50" lex="E-selectin" sem="Protein_molecule">E-selectin</term></frag> <frag id="F3">upregulation</frag></cons>.</sentence>
<event KT="Other" id="E31">
<type class="Cell_adhesion"/>
<theme idref="T41"/>
<theme idref="T42"/>
<clue>As a functional consequence, <clueType>adhesion</clueType> <linkTheme>of</linkTheme> U937 monocytes <linkTheme>to</linkTheme> TNF-stimulated HUVECs was markedly reduced by aspirin due to suppression of VCAM-1 and E-selectin upregulation.</clue>
</event>
<event KT="Other" id="E32">
<type class="Physiological_process"/>
<theme idref="T44"/>
<cause idref="T43"/>
<clue>As a functional consequence, adhesion of U937 monocytes to TNF-<clueType>stimulated</clueType> HUVECs was markedly reduced by aspirin due to suppression of VCAM-1 and E-selectin upregulation.</clue>
</event>
<event KT="Analysis" Manner="High" id="E33">
<type class="Negative_regulation"/>
<theme idref="E31"/>
<cause idref="E35"/>
<clue>As a functional <clueKT>consequence</clueKT>, adhesion of U937 monocytes to TNF-stimulated HUVECs was <clueManner>markedly</clueManner> <clueType>reduced</clueType> by aspirin <linkCause>due to</linkCause> suppression of VCAM-1 and E-selectin upregulation.</clue>
</event>
<event KT="Analysis" Manner="High" id="E34">
<type class="Negative_regulation"/>
<theme idref="E31"/>
<cause idref="E36"/>
<clue>As a functional <clueKT>consequence</clueKT>, adhesion of U937 monocytes to TNF-stimulated HUVECs was <clueManner>markedly</clueManner> <clueType>reduced</clueType> by aspirin <linkCause>due to</linkCause> suppression of VCAM-1 and E-selectin upregulation.</clue>
</event>
<event id="E35">
<type class="Negative_regulation"/>
<theme idref="E37"/>
<cause idref="T45"/>
<clue>As a functional consequence, adhesion of U937 monocytes to TNF-stimulated HUVECs was markedly reduced <linkCause>by</linkCause> aspirin due to <clueType>suppression</clueType> <linkTheme>of</linkTheme> VCAM-1 and E-selectin upregulation.</clue>
</event>
<event id="E36">
<type class="Negative_regulation"/>
<theme idref="E38"/>
<cause idref="T45"/>
<clue>As a functional consequence, adhesion of U937 monocytes to TNF-stimulated HUVECs was markedly reduced <linkCause>by</linkCause> aspirin due to <clueType>suppression</clueType> <linkTheme>of</linkTheme> VCAM-1 and E-selectin upregulation.</clue>
</event>
<event KT="Other" id="E37">
<type class="Positive_regulation"/>
<theme idref="T48"/>
<clue>As a functional consequence, adhesion of U937 monocytes to TNF-stimulated HUVECs was markedly reduced by aspirin due to suppression of VCAM-1 and E-selectin <clueType>upregulation</clueType>.</clue>
</event>
<event KT="Other" id="E38">
<type class="Positive_regulation"/>
<theme idref="T50"/>
<clue>As a functional consequence, adhesion of U937 monocytes to TNF-stimulated HUVECs was markedly reduced by aspirin due to suppression of VCAM-1 and E-selectin <clueType>upregulation</clueType>.</clue>
</event>
<sentence id="S8">These effects of <term id="T51" lex="aspirin" sem="Organic_compound_other">aspirin</term> were not related to the inhibition of <term id="T52" lex="cyclooxygenase_activity" sem="Other"><term id="T53" lex="cyclooxygenase" sem="Protein_molecule">cyclooxygenase</term> activity</term>, since <term id="T54" lex="indomethacin" sem="Organic_compound_other">indomethacin</term> was ineffective.</sentence>
<event KT="Analysis" Polarity="Negative" assertion="non-exist" id="E39">
<type class="Correlation"/>
<theme idref="E33"/>
<theme idref="E41"/>
<clue><corefTheme>These effects of aspirin</corefTheme> were <cluePolarity>not</cluePolarity> <clueType><clueKT>related</clueKT></clueType> <linkTheme>to</linkTheme> the inhibition of cyclooxygenase activity, since indomethacin was ineffective.</clue>
</event>
<event KT="Analysis" Polarity="Negative" assertion="non-exist" id="E40">
<type class="Correlation"/>
<theme idref="E34"/>
<theme idref="E41"/>
<clue><corefTheme>These effects of aspirin</corefTheme> were <cluePolarity>not</cluePolarity> <clueType><clueKT>related</clueKT></clueType> <linkTheme>to</linkTheme> the inhibition of cyclooxygenase activity, since indomethacin was ineffective.</clue>
</event>
<event KT="Other" id="E41">
<type class="Negative_regulation"/>
<theme idref="T53"/>
<clue>These effects of aspirin were not related to the <clueType>inhibition</clueType> <linkTheme>of</linkTheme> cyclooxygenase activity, since indomethacin was ineffective.</clue>
</event>
<event Polarity="Negative" assertion="non-exist" id="E42">
<type class="Regulation"/>
<theme idref="E35"/>
<cause idref="T54"/>
<clue>These effects of aspirin were not related to the inhibition of cyclooxygenase activity, since indomethacin was <clueType><cluePolarity>ineffective</cluePolarity></clueType>.</clue>
<comment>NO COREFTHEME</comment></event>
<event Polarity="Negative" assertion="non-exist" id="E43">
<type class="Regulation"/>
<theme idref="E36"/>
<cause idref="T54"/>
<clue>These effects of aspirin were not related to the inhibition of cyclooxygenase activity, since indomethacin was <clueType><cluePolarity>ineffective</cluePolarity></clueType>.</clue>
<comment>NO COREFTHEME</comment></event>
<sentence id="S9">CONCLUSIONS: Our data suggest that <term id="T55" lex="aspirin" sem="Organic_compound_other">aspirin</term> inhibits <term id="T56" lex="NF-kappa_B_mobilization" sem="Other"><term id="T57" lex="NF-kappa_B" sem="Protein_molecule">NF-kappa B</term> mobilization</term>, induction of <term id="T58" lex="VCAM-1" sem="Protein_molecule">VCAM-1</term> and <term id="T59" lex="E-selectin" sem="Protein_molecule">E-selectin</term>, and subsequent <term id="T60" lex="monocyte_adhesion" sem="Other"><term id="A3" sem="Cell_natural">monocyte</term> adhesion</term> in <term id="A25" sem="Cell_cultured"><term id="T61" lex="endothelial_cell" sem="Cell_natural">endothelial cells</term> stimulated by <term id="T62" lex="TNF" sem="Protein_molecule">TNF</term></term>, thereby providing an additional mechanism for <term id="T63" lex="therapeutic_effect" sem="Other">therapeutic effects</term> of <term id="T64" lex="aspirin" sem="Organic_compound_other">aspirin</term>.</sentence>
<event CL="L2" KT="Analysis" id="E44">
<type class="Negative_regulation"/>
<theme idref="E48"/>
<cause idref="T55"/>
<clue>CONCLUSIONS: Our data <clueKT><clueCL>suggest</clueCL></clueKT> that aspirin <clueType>inhibits</clueType> NF-kappa B mobilization, induction of VCAM-1 and E-selectin, and subsequent monocyte adhesion in endothelial cells stimulated by TNF, thereby providing an additional mechanism for therapeutic effects of aspirin.</clue>
</event>
<event CL="L2" KT="Analysis" id="E45">
<type class="Negative_regulation"/>
<theme idref="E49"/>
<cause idref="T55"/>
<clue>CONCLUSIONS: Our data <clueKT><clueCL>suggest</clueCL></clueKT> that aspirin <clueType>inhibits</clueType> NF-kappa B mobilization, induction of VCAM-1 and E-selectin, and subsequent monocyte adhesion in endothelial cells stimulated by TNF, thereby providing an additional mechanism for therapeutic effects of aspirin.</clue>
</event>
<event CL="L2" KT="Analysis" id="E46">
<type class="Negative_regulation"/>
<theme idref="E50"/>
<cause idref="T55"/>
<clue>CONCLUSIONS: Our data <clueKT><clueCL>suggest</clueCL></clueKT> that aspirin <clueType>inhibits</clueType> NF-kappa B mobilization, induction of VCAM-1 and E-selectin, and subsequent monocyte adhesion in endothelial cells stimulated by TNF, thereby providing an additional mechanism for therapeutic effects of aspirin.</clue>
</event>
<event CL="L2" KT="Analysis" id="E47">
<type class="Negative_regulation"/>
<theme idref="E51"/>
<cause idref="T55"/>
<clue>CONCLUSIONS: Our data <clueKT><clueCL>suggest</clueCL></clueKT> that aspirin <clueType>inhibits</clueType> NF-kappa B mobilization, induction of VCAM-1 and E-selectin, and subsequent monocyte adhesion in endothelial cells stimulated by TNF, thereby providing an additional mechanism for therapeutic effects of aspirin.</clue>
</event>
<event KT="Other" id="E48">
<type class="Localization"/>
<theme idref="T57"/>
<clue>CONCLUSIONS: Our data suggest that aspirin inhibits NF-kappa B <clueType>mobilization</clueType>, induction of VCAM-1 and E-selectin, and subsequent monocyte adhesion in endothelial cells stimulated by TNF, thereby providing an additional mechanism for therapeutic effects of aspirin.</clue>
<comment>NER: T56 sem mod, Other_organic_compound -&gt; Other_name</comment></event>
<event KT="Other" id="E49">
<type class="Positive_regulation"/>
<theme idref="T58"/>
<clue>CONCLUSIONS: Our data suggest that aspirin inhibits NF-kappa B mobilization, <clueType>induction</clueType> <linkTheme>of</linkTheme> VCAM-1 and E-selectin, and subsequent monocyte adhesion in endothelial cells stimulated by TNF, thereby providing an additional mechanism for therapeutic effects of aspirin.</clue>
</event>
<event KT="Other" id="E50">
<type class="Positive_regulation"/>
<theme idref="T59"/>
<clue>CONCLUSIONS: Our data suggest that aspirin inhibits NF-kappa B mobilization, <clueType>induction</clueType> <linkTheme>of</linkTheme> VCAM-1 and E-selectin, and subsequent monocyte adhesion in endothelial cells stimulated by TNF, thereby providing an additional mechanism for therapeutic effects of aspirin.</clue>
</event>
<event KT="Other" id="E51">
<type class="Positive_regulation"/>
<theme idref="E52"/>
<clue>CONCLUSIONS: Our data suggest that aspirin inhibits NF-kappa B mobilization, <clueType>induction</clueType> <linkTheme>of</linkTheme> VCAM-1 and E-selectin, and subsequent monocyte adhesion in endothelial cells stimulated by TNF, thereby providing an additional mechanism for therapeutic effects of aspirin.</clue>
</event>
<event KT="Other" id="E52">
<type class="Cell_adhesion"/>
<theme idref="A3"/>
<theme idref="A25"/>
<clue>CONCLUSIONS: Our data suggest that aspirin inhibits NF-kappa B mobilization, induction of VCAM-1 and E-selectin, and <clueTime>subsequent</clueTime> monocyte <clueType>adhesion</clueType> <linkTheme>in</linkTheme> endothelial cells stimulated by TNF, thereby providing an additional mechanism for therapeutic effects of aspirin.</clue>
<comment>TPS: A25</comment></event>
<event KT="Other" id="E53">
<type class="Physiological_process"/>
<theme idref="T61"/>
<cause idref="T62"/>
<clue>CONCLUSIONS: Our data suggest that aspirin inhibits NF-kappa B mobilization, induction of VCAM-1 and E-selectin, and subsequent monocyte adhesion in endothelial cells <clueType>stimulated</clueType> <linkCause>by</linkCause> TNF, thereby providing an additional mechanism for therapeutic effects of aspirin.</clue>
</event>
</AbstractText>
</Abstract></Article></MedlineCitation></PubmedArticle></PubmedArticleSet></Annotation>
