<?xml version='1.0'?><!DOCTYPE Annotation PUBLIC "//GENIA//DTD GENIA ANNOTATION EVENT 2.0//EN_Modified" "../ModifiedGENIAtypes/Modified_GENIA_event_20.dtd"><Annotation annotates="http://www.ncbi.nlm.nih.gov/entrez/eutils/efetch.fcgi?db=pubmed&amp;retmode=xml&amp;rettype=medline&amp;id=7554389" created="16/07/2006" creator="Noriko Katsu"><PubmedArticleSet><PubmedArticle><MedlineCitation>
<PMID>7554389</PMID>
<Article>
<ArticleTitle>
<sentence id="S1">Signalling via <term id="T1" lex="CD28" sem="Protein_molecule">CD28</term> of <term id="T2" lex="human_naive_neonatal_T_lymphocyte" sem="Cell_cultured">human naive neonatal T lymphocytes</term>.</sentence>
<event KT="Investigation" id="E1">
<type class="Cell_communication"/>
<theme idref="T1"/>
<clue><clueType>Signalling</clueType> <linkTheme>via</linkTheme> CD28 <clueLoc>of human naive neonatal T lymphocytes</clueLoc>.</clue>
</event>
</ArticleTitle>
<Abstract>
<AbstractText>
<sentence id="S2"><term id="A1" sem="Protein_family_or_group">Accessory molecules</term> play a crucial role in the development of the <term id="T3" lex="T_cell_response" sem="Other"><term id="A3" sem="Cell_natural">T cell</term> response</term> to <term id="A2" sem="Other">antigenic challenge</term>.</sentence>
<event KT="Fact" id="E2">
<type class="Regulation"/>
<theme idref="E3"/>
<cause idref="A1"/>
<clue>Accessory molecules <clueType>play</clueType> a crucial <clueType>role</clueType> <linkTheme>in</linkTheme> the development of the T cell response to antigenic challenge.</clue>
</event>
<event KT="Other" id="E3">
<type class="Positive_regulation"/>
<theme idref="E4"/>
<clue>Accessory molecules play a crucial role in the <clueType>development</clueType> <linkTheme>of</linkTheme> the T cell response to antigenic challenge.</clue>
</event>
<event KT="Other" id="E4">
<type class="Physiological_process"/>
<theme idref="A3"/>
<cause idref="A2"/>
<clue>Accessory molecules play a crucial role in the development of the T cell <clueType>response</clueType> <linkCause>to</linkCause> antigenic challenge.</clue>
</event>
<sentence id="S3">We have examined the role of <term id="T4" lex="CD28" sem="Protein_molecule">CD28</term> in modulating the &apos;<term id="T5" lex="naive&apos;_neonatal_T_cell_response" sem="Other">naive&apos; <term id="A4" sem="Cell_natural">neonatal T cell</term> response</term> to <term id="T6" lex="anti-CD2-mediated_activation" sem="Other"><term id="T7" lex="anti-CD2" sem="Protein_molecule">anti-CD2</term>-mediated activation</term>.</sentence>
<event KT="Investigation" id="E5" uncertainty="doubtful">
<type class="Regulation"/>
<theme idref="E6"/>
<cause idref="T4"/>
<clue>We have <clueKT>examined</clueKT> the <clueType>role</clueType> <linkCause>of</linkCause> CD28 <linkTheme>in</linkTheme> modulating the &apos;naive&apos; neonatal T cell response to anti-CD2-mediated activation.</clue>
</event>
<event KT="Other" id="E6" uncertainty="doubtful">
<type class="Positive_regulation"/>
<theme idref="E7"/>
<clue>We have examined the role of CD28 in <clueType>modulating</clueType> the &apos;naive&apos; neonatal T cell response to anti-CD2-mediated activation.</clue>
</event>
<event KT="Other" id="E7" uncertainty="doubtful">
<type class="Regulation"/>
<theme idref="E46"/>
<clue>We have examined the role of CD28 in modulating the &apos;naive&apos; neonatal T cell <clueType>response</clueType> <linkCause>to</linkCause> anti-CD2-mediated activation.</clue>
</event>
<event KT="Other" id="E46">
<type class="Physiological_process"/>
<theme idref="A4"/>
<cause idref="T7"/>
<clue>We have examined the role of CD28 in modulating the &apos;naive&apos; neonatal T cell response to anti-CD2<linkCause>-mediated</linkCause> <clueType>activation</clueType>.</clue>
</event>
<sentence id="S4">To compare the role of <term id="T8" lex="CD28" sem="Protein_molecule">CD28</term>, <term id="T9" lex="neonatal_T_cell" sem="Cell_natural">neonatal</term> and <term id="T10" lex="adult_T_cell" sem="Cell_natural"><term id="A5" sem="Cell_natural">adult</term> <term id="T11" lex="T_cell" sem="Cell_natural">T cells</term></term> were stimulated with a pair of <term id="T12" lex="mitogenic_anti-CD2_antibody" sem="Protein_family_or_group">mitogenic anti-CD2 antibodies</term> in the presence or absence of <term id="T13" lex="anti-CD28_MoAb" sem="Protein_family_or_group">anti-<term id="T14" lex="CD28" sem="Protein_molecule">CD28</term> MoAb</term>.</sentence>
<event KT="Investigation" id="E8" uncertainty="doubtful">
<type class="Regulation"/>
<cause idref="T8"/>
<clue><clueKT>To compare</clueKT> the <clueType>role</clueType> <linkCause>of</linkCause> CD28, neonatal and adult T cells were stimulated with a pair of mitogenic anti-CD2 antibodies in the presence or absence of anti-CD28 MoAb.</clue>
<comment>NO THEME</comment></event>
<event id="E9">
<type class="Physiological_process"/>
<theme idref="T11" idref1="T9"/>
<cause idref="T12"/>
<clue>To compare the role of CD28, neonatal and adult T cells were <clueType>stimulated</clueType> <linkCause>with</linkCause> a pair of mitogenic anti-CD2 antibodies in the presence or absence of anti-CD28 MoAb.</clue>
</event>
<event id="E10">
<type class="Physiological_process"/>
<theme idref="T11" idref1="A5"/>
<cause idref="T12"/>
<clue>To compare the role of CD28, neonatal and adult T cells were <clueType>stimulated</clueType> <linkCause>with</linkCause> a pair of mitogenic anti-CD2 antibodies in the presence or absence of anti-CD28 MoAb.</clue>
</event>
<event id="E11">
<type class="Physiological_process"/>
<theme idref="T11" idref1="T9"/>
<cause idref="T12"/>
<cause idref="T13"/>
<clue>To compare the role of CD28, neonatal and adult T cells were <clueType>stimulated</clueType> with a pair of mitogenic anti-CD2 antibodies <linkCause>in the presence</linkCause> or absence <linkCause>of</linkCause> anti-CD28 MoAb.</clue>
</event>
<event id="E12">
<type class="Physiological_process"/>
<theme idref="T11" idref1="A5"/>
<cause idref="T12"/>
<cause idref="T13"/>
<clue>To compare the role of CD28, neonatal and adult T cells were <clueType>stimulated</clueType> <linkCause>with</linkCause> a pair of mitogenic anti-CD2 antibodies <linkCause>in the presence</linkCause> or absence <linkCause>of</linkCause> anti-CD28 MoAb.</clue>
</event>
<sentence id="S5">With <term id="T15" lex="anti-CD2" sem="Protein_molecule">anti-CD2</term> alone, <term id="T16" lex="neonatal_T_cell" sem="Cell_natural">neonatal T cells</term> proliferated slightly but produced no detectable <term id="T17" lex="IL-2" sem="Protein_molecule">IL-2</term>, whereas <term id="A6" sem="Cell_natural">adult <term id="T18" lex="T_cell" sem="Cell_natural">T cells</term></term> proliferated vigorously, with <term id="T19" lex="significant_IL-2_production" sem="Other">significant <term id="T20" lex="IL-2" sem="Protein_molecule">IL-2</term> production</term>.</sentence>
<event Manner="Low" id="E13">
<type class="Cellular_physiological_process"/>
<theme idref="T16"/>
<clue>With anti-CD2 alone, neonatal T cells <clueType>proliferated</clueType> <clueManner>slightly</clueManner> but produced no detectable IL-2, whereas adult T cells proliferated vigorously, with significant IL-2 production.</clue>
</event>
<event id="E48">
<type class="Positive_regulation"/>
<theme idref="E13"/>
<cause idref="E9"/>
<clue><linkCause>With</linkCause> anti-CD2 alone, neonatal T cells proliferated slightly but produced no detectable IL-2, whereas adult T cells proliferated vigorously, with significant IL-2 production.</clue>
</event>
<event Manner="Low" assertion="non-exist" id="E14">
<type class="Gene_expression"/>
<theme idref="T17"/>
<clue>With anti-CD2 alone, <clueLoc>neonatal T cells</clueLoc> proliferated slightly but <clueType>produced</clueType> <clueManner>no detectable</clueManner> IL-2, whereas adult T cells proliferated vigorously, with significant IL-2 production.</clue>
</event>
<event id="E44">
<type class="Positive_regulation"/>
<theme idref="E14"/>
<cause idref="E9"/>
<clue><linkCause>With</linkCause> anti-CD2 alone, neonatal T cells proliferated slightly but produced no detectable IL-2, whereas adult T cells proliferated vigorously, with significant IL-2 production.</clue>
<comment>NO CLUETYPE</comment></event>
<event Manner="High" id="E15">
<type class="Cellular_physiological_process"/>
<theme idref="A6"/>
<clue>With anti-CD2 alone, neonatal T cells proliferated slightly but produced no detectable IL-2, whereas adult T cells <clueType>proliferated</clueType> <clueManner>vigorously</clueManner>, with significant IL-2 production.</clue>
</event>
<event id="E49">
<type class="Positive_regulation"/>
<theme idref="E15"/>
<cause idref="E10"/>
<clue><linkCause>With</linkCause> anti-CD2 alone, neonatal T cells proliferated slightly but produced no detectable IL-2, whereas adult T cells proliferated vigorously, with significant IL-2 production.</clue>
</event>
<event Manner="High" id="E16">
<type class="Gene_expression"/>
<theme idref="T20"/>
<clue>With anti-CD2 alone, neonatal T cells proliferated slightly but produced no detectable IL-2, whereas <clueLoc>adult T cells</clueLoc> proliferated vigorously, with <clueManner>significant</clueManner> IL-2 <clueType>production</clueType>.</clue>
</event>
<event id="E45">
<type class="Positive_regulation"/>
<theme idref="E16"/>
<cause idref="E10"/>
<clue><linkCause>With</linkCause> anti-CD2 alone, neonatal T cells proliferated slightly but produced no detectable IL-2, whereas adult T cells proliferated vigorously, <linkTheme>with</linkTheme> significant IL-2 production.</clue>
<comment>NO CLUETYPE</comment></event>
<sentence id="S6">Costimulation with <term id="T21" lex="anti-CD28_MoAb" sem="Protein_molecule">anti-<term id="T22" lex="CD28" sem="Protein_molecule">CD28</term> MoAb</term> greatly enhanced the proliferative response of <term id="T23" lex="neonatal_T_cell" sem="Cell_natural">neonatal <term id="T24" lex="T_cell" sem="Cell_natural">T cells</term></term> to levels equivalent to those of <term id="T25" lex="adult_T_cell" sem="Cell_natural">adult <term id="T26" lex="T_cell" sem="Cell_natural">T cells</term></term>, whereas <term id="T27" lex="adult_T_cell" sem="Cell_natural">adult <term id="T28" lex="T_cell" sem="Cell_natural">T cells</term></term> showed only slight increases.</sentence>
<event id="E47">
<type class="Physiological_process"/>
<cause idref="T21"/>
<clue><clueType>Costimulation</clueType> <linkCause>with</linkCause> anti-CD28 MoAb greatly enhanced the proliferative response of neonatal T cells to levels equivalent to those of adult T cells, whereas adult T cells showed only slight increases.</clue>
</event>
<event Manner="High" id="E17">
<type class="Positive_regulation"/>
<theme idref="E18"/>
<cause idref="E47"/>
<clue>Costimulation with anti-CD28 MoAb <clueManner>greatly</clueManner> <clueType>enhanced</clueType> the proliferative response of <clueLoc>neonatal T cells</clueLoc> to levels equivalent to those of adult T cells, whereas adult T cells showed only slight increases.</clue>
</event>
<event id="E18">
<type class="Cellular_physiological_process"/>
<theme idref="T23"/>
<clue>Costimulation with anti-CD28 MoAb greatly enhanced the <clueType>proliferative response</clueType> <linkTheme>of</linkTheme> neonatal T cells to levels equivalent to those of adult T cells, whereas adult T cells showed only slight increases.</clue>
</event>
<event KT="Analysis" Manner="Low" assertion="non-exist" id="E19">
<type class="Positive_regulation"/>
<theme idref="E20"/>
<cause idref="E47"/>
<clue>Costimulation with anti-CD28 MoAb greatly enhanced the proliferative response of neonatal T cells to levels equivalent to those of adult T cells, whereas <clueLoc>adult T cells</clueLoc> <clueKT>showed</clueKT> only <clueManner>slight</clueManner> <clueType>increases</clueType>.</clue>
</event>
<event id="E20">
<type class="Cellular_physiological_process"/>
<theme idref="T27"/>
<clue>Costimulation with anti-CD28 MoAb greatly enhanced the <clueType>proliferative</clueType> response of neonatal T cells to <clueType>levels</clueType> equivalent to those <linkTheme>of</linkTheme> adult T cells, whereas adult T cells showed only slight increases.</clue>
<comment>CAUTION: SEE</comment></event>
<sentence id="S7">Although <term id="T29" lex="IL-2_secretion" sem="Other"><term id="T30" lex="IL-2" sem="Protein_molecule">IL-2</term> secretion</term> was increased in the presence of <term id="T31" lex="anti-CD28_MoAb" sem="Protein_molecule">anti-<term id="T32" lex="CD28" sem="Protein_molecule">CD28</term> MoAb</term>, <term id="T33" lex="neonatal_T_cell_IL-2_production" sem="Other"><term id="T34" lex="neonatal_T_cell" sem="Cell_natural">neonatal T cell</term> <term id="T35" lex="IL-2" sem="Protein_molecule">IL-2</term> production</term> remained lower than in <term id="T36" lex="adult" sem="Multicellular_organism_natural">adults</term>.</sentence>
<event id="E21">
<type class="Localization"/>
<theme idref="T30"/>
<clue>Although IL-2 <clueType>secretion</clueType> was increased in the presence of anti-CD28 MoAb, <clueLoc>neonatal T cell</clueLoc> IL-2 production remained lower than in adults.</clue>
</event>
<event id="E22">
<type class="Positive_regulation"/>
<theme idref="E21"/>
<cause idref="T31"/>
<clue>Although IL-2 secretion was <clueType>increased</clueType> <linkCause>in the presence of</linkCause> anti-CD28 MoAb, neonatal T cell IL-2 production remained lower than in adults.</clue>
</event>
<event id="E23">
<type class="Gene_expression"/>
<theme idref="T35"/>
<clue>Although IL-2 secretion was increased in the presence of anti-CD28 MoAb, neonatal T cell IL-2 <clueType>production</clueType> remained lower than <clueLoc>in adults</clueLoc>.</clue>
<comment>CAUTION: SEE</comment></event>
<sentence id="S8">In contrast, enhancement of <term id="T37" lex="IL-2_mRNA_expression" sem="Other"><term id="T38" lex="IL-2_mRNA" sem="RNA_family_or_group"><term id="T39" lex="IL-2" sem="Protein_molecule">IL-2</term> mRNA</term> expression</term> in <term id="T40" lex="neonate" sem="Multicellular_organism_natural">neonates</term> was similar to <term id="T41" lex="adult_level" sem="Other">adult levels</term>.</sentence>
<event id="E24">
<type class="Positive_regulation"/>
<theme idref="E25"/>
<clue>In contrast, <clueType>enhancement</clueType> <linkTheme>of</linkTheme> IL-2 mRNA expression in neonates was similar to adult levels.</clue>
</event>
<event id="E25">
<type class="Transcription"/>
<theme idref="T38"/>
<clue>In contrast, enhancement of IL-2 mRNA <clueType>expression</clueType> <clueLoc>in neonates</clueLoc> was similar to adult levels.</clue>
</event>
<event id="E26">
<type class="Transcription"/>
<theme idref="T38"/>
<clue>In contrast, enhancement of IL-2 mRNA <clueType>expression</clueType> in neonates was similar to <clueLoc>adult</clueLoc> levels.</clue>
<comment>CAUTION: SEE</comment></event>
<sentence id="S9"><term id="A7" sem="Protein_family_or_group">Anti-<term id="T43" lex="CD28_MoAb" sem="Protein_family_or_group"><term id="T44" lex="CD28" sem="Protein_molecule">CD28</term> MoAb</term></term> costimulation increased <term id="T45" lex="NF_kappa_B_level" sem="Other"><term id="T46" lex="NF_kappa_B" sem="Protein_molecule">NF kappa B</term> levels</term> in <term id="T47" lex="neonate" sem="Multicellular_organism_natural">neonates</term>, albeit to levels lower than that of <term id="T48" lex="adults" sem="Multicellular_organism_natural">adults</term>.</sentence>
<event id="E27">
<type class="Physiological_process"/>
<cause idref="A7"/>
<clue>Anti-CD28 MoAb <clueType>costimulation</clueType> increased NF kappa B levels in neonates, albeit to levels lower than that of adults.</clue>
<comment>NER: T42 del &quot;CD28 MoAb costimulation&quot;</comment></event>
<event id="E28">
<type class="Positive_regulation"/>
<theme idref="T46"/>
<cause idref="E27"/>
<clue>Anti-CD28 MoAb costimulation <clueType>increased</clueType> NF kappa B <clueType>levels</clueType> <clueLoc>in neonates</clueLoc>, albeit to levels lower than that of adults.</clue>
</event>
<event id="E29">
<type class="Positive_regulation"/>
<theme idref="T46"/>
<cause idref="E27"/>
<clue>Anti-CD28 MoAb costimulation <clueType>increased</clueType> NF kappa B <clueType>levels</clueType> in neonates, albeit to levels lower than that <clueLoc>of adults</clueLoc>.</clue>
<comment>CAUTION: SEE</comment></event>
<sentence id="S10">The cellular mechanism governing the diminished <term id="T49" lex="proliferative_response" sem="Other">proliferative response</term> of <term id="T50" lex="neonatal_T_lymphocyte" sem="Cell_natural">neonatal T lymphocytes</term> to <term id="T51" lex="anti-CD2" sem="Protein_family_or_group">anti-CD2</term> may therefore be due to decreased <term id="T52" lex="NF_kappa_B_induction" sem="Other"><term id="T53" lex="NF_kappa_B" sem="Protein_molecule">NF kappa B</term> induction</term>, reduced <term id="T54" lex="IL-2_mRNA_expression" sem="Other"><term id="T55" lex="IL-2_mRNA" sem="RNA_molecule"><term id="T56" lex="IL-2" sem="Protein_molecule">IL-2</term> mRNA</term> expression</term> and deficient <term id="T57" lex="IL-2_production" sem="Other"><term id="T58" lex="IL-2" sem="Protein_molecule">IL-2</term> production</term>.</sentence>
<event KT="Other" id="E30">
<type class="Negative_regulation"/>
<theme idref="E31"/>
<clue>The cellular mechanism governing the <clueType>diminished</clueType> proliferative response of neonatal T lymphocytes to anti-CD2 may therefore be due to decreased NF kappa B induction, reduced IL-2 mRNA expression and deficient IL-2 production.</clue>
</event>
<event KT="Other" id="E31">
<type class="Cellular_physiological_process"/>
<theme idref="T50"/>
<clue>The cellular mechanism governing the diminished <clueType>proliferative response</clueType> <linkTheme>of</linkTheme> neonatal T lymphocytes to anti-CD2 may therefore be due to decreased NF kappa B induction, reduced IL-2 mRNA expression and deficient IL-2 production.</clue>
</event>
<event KT="Other" id="E50">
<type class="Positive_regulation"/>
<theme idref="E31"/>
<cause idref="T51"/>
<clue>The cellular mechanism governing the diminished proliferative response of neonatal T lymphocytes <linkCause>to</linkCause> anti-CD2 may therefore be due to decreased NF kappa B induction, reduced IL-2 mRNA expression and deficient IL-2 production.</clue>
</event>
<event CL="L1" KT="Analysis" id="E32" uncertainty="probable">
<type class="Positive_regulation"/>
<theme idref="E30"/>
<cause idref="E35"/>
<clue>The cellular mechanism governing the diminished proliferative response of neonatal T lymphocytes to anti-CD2 <clueCL>may</clueCL> <clueKT>therefore</clueKT> be <clueType>due</clueType> <linkCause>to</linkCause> decreased NF kappa B induction, reduced IL-2 mRNA expression and deficient IL-2 production.</clue>
</event>
<event CL="L1" KT="Analysis" id="E33" uncertainty="probable">
<type class="Positive_regulation"/>
<theme idref="E30"/>
<cause idref="E37"/>
<clue>The cellular mechanism governing the diminished proliferative response of neonatal T lymphocytes to anti-CD2 <clueCL>may</clueCL> <clueKT>therefore</clueKT> be <clueType>due</clueType> <linkCause>to</linkCause> decreased NF kappa B induction, reduced IL-2 mRNA expression and deficient IL-2 production.</clue>
</event>
<event CL="L1" KT="Analysis" id="E34" uncertainty="probable">
<type class="Positive_regulation"/>
<theme idref="E30"/>
<cause idref="E39"/>
<clue>The cellular mechanism governing the diminished proliferative response of neonatal T lymphocytes to anti-CD2 <clueCL>may</clueCL> <clueKT>therefore</clueKT> be <clueType>due</clueType> <linkCause>to</linkCause> decreased NF kappa B induction, reduced IL-2 mRNA expression and deficient IL-2 production.</clue>
</event>
<event KT="Other" id="E35">
<type class="Negative_regulation"/>
<theme idref="E36"/>
<clue>The cellular mechanism governing the diminished proliferative response of neonatal T lymphocytes to anti-CD2 may therefore be due to <clueType>decreased</clueType> NF kappa B induction, reduced IL-2 mRNA expression and deficient IL-2 production.</clue>
</event>
<event KT="Other" id="E36">
<type class="Positive_regulation"/>
<theme idref="T53"/>
<clue>The cellular mechanism governing the diminished proliferative response of neonatal T lymphocytes to anti-CD2 may therefore be due to decreased NF kappa B <clueType>induction</clueType>, reduced IL-2 mRNA expression and deficient IL-2 production.</clue>
</event>
<event KT="Other" id="E37">
<type class="Negative_regulation"/>
<theme idref="E38"/>
<clue>The cellular mechanism governing the diminished proliferative response of neonatal T lymphocytes to anti-CD2 may therefore be due to decreased NF kappa B induction, <clueType>reduced</clueType> IL-2 mRNA expression and deficient IL-2 production.</clue>
</event>
<event KT="Other" id="E38">
<type class="Transcription"/>
<theme idref="T55"/>
<clue>The cellular mechanism governing the diminished proliferative response of neonatal T lymphocytes to anti-CD2 may therefore be due to decreased NF kappa B induction, reduced IL-2 mRNA <clueType>expression</clueType> and deficient IL-2 production.</clue>
</event>
<event KT="Other" id="E39">
<type class="Negative_regulation"/>
<theme idref="E40"/>
<clue>The cellular mechanism governing the diminished proliferative response of neonatal T lymphocytes to anti-CD2 may therefore be due to decreased NF kappa B induction, reduced IL-2 mRNA expression and <clueType>deficient</clueType> IL-2 production.</clue>
</event>
<event KT="Other" id="E40">
<type class="Gene_expression"/>
<theme idref="T58"/>
<clue>The cellular mechanism governing the diminished proliferative response of neonatal T lymphocytes to anti-CD2 may therefore be due to decreased NF kappa B induction, reduced IL-2 mRNA expression and deficient IL-2 <clueType>production</clueType>.</clue>
</event>
<sentence id="S11">Although <term id="T59" lex="anti-CD28_MoAb_costimulation" sem="Other"><term id="T60" lex="anti-CD28_MoAb" sem="Protein_family_or_group">anti-<term id="T61" lex="CD28" sem="Protein_molecule">CD28</term> MoAb</term> costimulation</term> enhances all of the above signals, <cons id="T62" lex="(AND NF_kappa_B_level IL-2_level)" sem="(AND Other Other)"><frag id="F1"><term id="A8" sem="Protein_molecule">NF kappa B</term></frag> and <frag id="F2"><term id="A9" sem="Protein_molecule">IL-2</term></frag> <frag id="F3">levels</frag></cons> remain lower than in <term id="T63" lex="adults" sem="Multicellular_organism_natural">adults</term>, suggesting the need for further activation requirements in the <term id="T64" lex="neonate" sem="Multicellular_organism_natural">neonate</term>.</sentence>
<event id="E41">
<type class="Physiological_process"/>
<cause idref="T60"/>
<clue>Although anti-CD28 MoAb <clueType>costimulation</clueType> enhances all of the above signals, NF kappa B and IL-2 levels remain lower than in adults, suggesting the need for further activation requirements in the neonate.</clue>
</event>
<event id="E42">
<type class="Positive_regulation"/>
<theme idref="A8"/>
<cause idref="E41"/>
<clue>Although anti-CD28 MoAb costimulation <clueType>enhances</clueType> <corefTheme>all of the above signals</corefTheme>, NF kappa B and IL-2 levels remain lower than in adults, suggesting the need for further activation requirements <clueLoc>in the neonate</clueLoc>.</clue>
</event>
<event id="E43">
<type class="Positive_regulation"/>
<theme idref="A9"/>
<cause idref="E41"/>
<clue>Although anti-CD28 MoAb costimulation <clueType>enhances</clueType> <corefTheme>all of the above signals</corefTheme>, NF kappa B and IL-2 levels remain lower than <clueLoc>in adults</clueLoc>, suggesting the need for further activation requirements in the neonate.</clue>
<comment>CAUTION: SEE</comment></event>
</AbstractText>
</Abstract></Article></MedlineCitation></PubmedArticle></PubmedArticleSet></Annotation>
