<?xml version='1.0'?><!DOCTYPE Annotation PUBLIC "//GENIA//DTD GENIA ANNOTATION EVENT 2.0//EN_Modified" "../ModifiedGENIAtypes/Modified_GENIA_event_20.dtd"><Annotation annotates="http://www.ncbi.nlm.nih.gov/entrez/eutils/efetch.fcgi?db=pubmed&amp;retmode=xml&amp;rettype=medline&amp;id=7572682" created="25/05/2006" creator="Junko Mstsuura"><PubmedArticleSet><PubmedArticle><MedlineCitation>
<PMID>7572682</PMID>
<Article>
<ArticleTitle>
<sentence id="S1">Pathogenesis of <term id="T1" lex="atherosclerosis" sem="Other">atherosclerosis</term>.</sentence>
</ArticleTitle>
<Abstract>
<AbstractText>
<sentence id="S2">The earliest lesion in the development of an <term id="T2" lex="atherosclerotic_plaque" sem="Tissue_natural">atherosclerotic plaque</term> is the <term id="T3" lex="fatty_streak" sem="Tissue_natural">fatty streak</term>.</sentence>
<sentence id="S3">This <term id="T4" lex="chronic_inflammatory_reaction" sem="Other">chronic inflammatory reaction</term> results from a sequence of events that begins with the trapping of <term id="T5" lex="low_density_lipoprotein" sem="Lipid">low density lipoprotein</term> (<term id="T6" lex="LDL" sem="Lipid">LDL</term>) in the <term id="A20" sem="Tissue_natural"><term id="T7" lex="subendothelial_space" sem="Tissue_natural">subendothelial space</term> of the <term id="T8" lex="artery_wall" sem="Tissue_natural">artery wall</term>.</term></sentence>
<event KT="Fact" id="E1">
<type class="Binding"/>
<theme idref="T6"/>
<theme idref="A20"/>
<clue>This chronic inflammatory reaction results from a sequence of events that begins with the <clueType>trapping</clueType> <linkTheme>of</linkTheme> low density lipoprotein (LDL) <linkTheme>in</linkTheme> the subendothelial space of the artery wall.</clue>
<comment>TPS: A20</comment></event>
<event KT="Fact" id="E2">
<type class="Positive_regulation"/>
<theme idref="T4"/>
<cause idref="E1"/>
<clue>This chronic inflammatory reaction <clueType>results</clueType> <linkCause>from</linkCause> a sequence of events that begins with the trapping of low density lipoprotein (LDL) in the subendothelial space of the artery wall.</clue>
</event>
<sentence id="S4">The trapped <term id="T9" lex="LDL" sem="Lipid">LDL</term> is seeded with <term id="A2" sem="Other">oxidative species</term> released by the overlying <term id="T10" lex="endothelium" sem="Tissue_natural">endothelium</term>, and <term id="T11" lex="lipid_oxidation" sem="Other"><term id="A3" sem="Lipid">lipid</term> oxidation</term> is initiated within the <term id="T12" lex="LDL" sem="Lipid">LDL</term> particle.</sentence>
<event id="E3">
<type class="Binding"/>
<theme idref="T9"/>
<theme idref="A20"/>
<clue>The <clueType>trapped</clueType> LDL is seeded with oxidative species released by the overlying endothelium, and lipid oxidation is initiated within the LDL particle.</clue>
<comment>NO COREFTHEME</comment></event>
<event id="E4">
<type class="Regulation"/>
<theme idref="T9"/>
<cause idref="A2"/>
<clue>The trapped LDL is <clueType>seeded</clueType> <linkCause>with</linkCause> oxidative species released by the overlying endothelium, and lipid oxidation is initiated within the LDL particle.</clue>
</event>
<event id="E5">
<type class="Localization"/>
<theme idref="A2"/>
<clue>The trapped LDL is seeded with oxidative species <clueType>released</clueType> <clueLoc>by the overlying endothelium</clueLoc>, and lipid oxidation is initiated within the LDL particle.</clue>
</event>
<event id="E6">
<type class="Metabolism"/>
<theme idref="A3"/>
<clue>The trapped LDL is seeded with oxidative species released by the overlying endothelium, and lipid <clueType>oxidation</clueType> is initiated <clueLoc>within the LDL particle</clueLoc>.</clue>
</event>
<event id="E51">
<type class="Positive_regulation"/>
<theme idref="E6"/>
<clue>The trapped LDL is seeded with oxidative species released by the overlying endothelium, and lipid oxidation is <clueType>initiated</clueType> <clueLoc>within the LDL particle</clueLoc>.</clue>
</event>
<sentence id="S5">Some of the <term id="A5" sem="Lipid">lipids</term> that result lead to the activation of <term id="T13" lex="NFkB-like_transcription_factor" sem="Protein_family_or_group">NFkB-like <term id="T14" lex="transcription_factor" sem="Protein_family_or_group">transcription factors</term></term> that cause the expression of genes whose <term id="T15" lex="protein_product" sem="Protein_family_or_group">protein products</term> mediate <term id="T16" lex="monocyte_binding" sem="Other"><term id="A4" sem="Cell_natural">monocyte</term> binding</term>, <term id="T17" lex="monocyte_chemotaxis" sem="Other"><term id="T18" lex="monocyte" sem="Cell_natural">monocyte</term> chemotaxis</term> into the <term id="T19" lex="subendothelial_space" sem="Tissue_natural">subendothelial space</term>, and conversion into <term id="T20" lex="macrophage" sem="Cell_natural">macrophages</term>.</sentence>
<event id="E7">
<type class="Positive_regulation"/>
<theme idref="T13"/>
<cause idref="A5"/>
<clue>Some of the lipids that result lead to the <clueType>activation</clueType> <linkTheme>of</linkTheme> NFkB-like transcription factors that cause the expression of genes whose protein products mediate monocyte binding, monocyte chemotaxis into the subendothelial space, and conversion into macrophages.</clue>
</event>
<event id="E8">
<type class="Cell_adhesion"/>
<theme idref="A4"/>
<clue>Some of the lipids that result lead to the activation of NFkB-like transcription factors that cause the expression of genes whose protein products mediate monocyte <clueType>binding</clueType>, monocyte chemotaxis into the subendothelial space, and conversion into macrophages.</clue>
</event>
<event id="E9">
<type class="Physiological_process"/>
<theme idref="T18"/>
<clue>Some of the lipids that result lead to the activation of NFkB-like transcription factors that cause the expression of genes whose protein products mediate monocyte binding, monocyte <clueType>chemotaxis</clueType> <clueLoc>into the subendothelial space</clueLoc>, and conversion into macrophages.</clue>
</event>
<event id="E10">
<type class="Cell_differentiation"/>
<theme idref="T18"/>
<theme idref="T20"/>
<clue>Some of the lipids that result lead to the activation of NFkB-like transcription factors that cause the expression of genes whose protein products mediate monocyte binding, monocyte chemotaxis into the subendothelial space, and <clueType>conversion</clueType> <linkTheme>into</linkTheme> macrophages.</clue>
</event>
<event id="E21">
<type class="Positive_regulation"/>
<theme idref="E8"/>
<cause idref="T15"/>
<clue>Some of the lipids that result lead to the activation of NFkB-like transcription factors that cause the expression of genes whose protein products <clueType>mediate</clueType> monocyte binding, monocyte chemotaxis into the subendothelial space, and conversion into macrophages.</clue>
</event>
<event id="E22">
<type class="Positive_regulation"/>
<theme idref="E9"/>
<cause idref="T15"/>
<clue>Some of the lipids that result lead to the activation of NFkB-like transcription factors that cause the expression of genes whose protein products <clueType>mediate</clueType> monocyte binding, monocyte chemotaxis into the subendothelial space, and conversion into macrophages.</clue>
</event>
<event id="E23">
<type class="Positive_regulation"/>
<theme idref="E10"/>
<cause idref="T15"/>
<clue>Some of the lipids that result lead to the activation of NFkB-like transcription factors that cause the expression of genes whose protein products <clueType>mediate</clueType> monocyte binding, monocyte chemotaxis into the subendothelial space, and conversion into macrophages.</clue>
</event>
<event id="E24">
<type class="Gene_expression"/>
<theme idref="T15"/>
<clue>Some of the lipids that result lead to the activation of NFkB-like transcription factors that cause the <clueType>expression</clueType> <linkTheme>of</linkTheme> genes whose protein products mediate monocyte binding, monocyte chemotaxis into the subendothelial space, and conversion into macrophages.</clue>
</event>
<sentence id="S6">At least 1 <term id="T21" lex="major_gene" sem="DNA_family_or_group">major gene</term> modulates the oxidation of <term id="T22" lex="LDL" sem="Lipid">LDL</term> lipids and/or the biologic response to these lipids.</sentence>
<event id="E11">
<type class="Metabolism"/>
<theme idref="T22"/>
<clue>At least 1 major gene modulates the <clueType>oxidation</clueType> <linkTheme>of</linkTheme> LDL lipids and/or the biologic response to these lipids.</clue>
</event>
<event id="E12">
<type class="Regulation"/>
<theme idref="E11"/>
<cause idref="T21"/>
<clue>At least 1 major gene <clueType>modulates</clueType> the oxidation of LDL lipids and/or the biologic response to these lipids.</clue>
</event>
<event id="E52">
<type class="Regulation"/>
<cause idref="T22"/>
<clue>At least 1 major gene modulates the oxidation of LDL lipids and/or the <clueType>biologic response</clueType> <linkCause>to</linkCause> <corefCause>these lipids.</corefCause></clue>
</event>
<event id="E53">
<type class="Regulation"/>
<theme idref="E52"/>
<cause idref="T21"/>
<clue>At least 1 major gene <clueType>modulates</clueType> the oxidation of LDL lipids and/or the biologic response to these lipids.</clue>
</event>
<sentence id="S7">The inverse relation between <term id="T23" lex="high_density_lipoprotein" sem="Lipid">high density lipoprotein</term> (<term id="T24" lex="HDL" sem="Lipid">HDL</term>) and <term id="T25" lex="atherosclerotic_event" sem="Other">atherosclerotic events</term> may in part be due to <term id="A21" sem="Protein_molecule"><term id="T26" lex="enzymes" sem="Protein_family_or_group">enzymes</term> associated with <term id="T27" lex="HDL" sem="Lipid">HDL</term></term> that destroy the biologically active <term id="T28" lex="lipid" sem="Lipid">lipids</term> generated in <term id="T29" lex="LDL" sem="Lipid">LDL</term>.</sentence>
<event KT="Analysis" id="E13">
<type class="Correlation"/>
<theme idref="T24"/>
<theme idref="T25"/>
<clue>The <clueType>inverse <clueKT>relation</clueKT></clueType> <linkTheme>between</linkTheme> high density lipoprotein (HDL) and atherosclerotic events may in part be due to enzymes associated with HDL that destroy the biologically active lipids generated in LDL.</clue>
</event>
<event KT="Other" id="E14">
<type class="Negative_regulation"/>
<theme idref="T28"/>
<cause idref="A21"/>
<clue>The inverse relation between high density lipoprotein (HDL) and atherosclerotic events may in part be due to enzymes associated with HDL that <clueType>destroy</clueType> the biologically active lipids generated in LDL.</clue>
<comment>TPS: A21</comment></event>
<event CL="L1" KT="Analysis" id="E15" uncertainty="probable">
<type class="Positive_regulation"/>
<theme idref="E13"/>
<cause idref="E14"/>
<clue>The inverse relation between high density lipoprotein (HDL) and atherosclerotic events <clueKT><clueCL>may</clueCL></clueKT> in part be <clueType>due to</clueType> enzymes associated with HDL that destroy the biologically active lipids generated in LDL.</clue>
</event>
<event KT="Other" id="E55" uncertainty="probable">
<type class="Metabolism"/>
<theme idref="T28"/>
<clue>The inverse relation between high density lipoprotein (HDL) and atherosclerotic events may in part be <clueType>due to</clueType> enzymes associated with HDL that destroy the biologically active lipids <clueType>generated</clueType> <clueLoc>in LDL.</clueLoc></clue>
</event>
</AbstractText>
</Abstract></Article></MedlineCitation></PubmedArticle></PubmedArticleSet></Annotation>
