<?xml version='1.0'?><!DOCTYPE Annotation PUBLIC "//GENIA//DTD GENIA ANNOTATION EVENT 2.0//EN_Modified" "../ModifiedGENIAtypes/Modified_GENIA_event_20.dtd"><Annotation annotates="http://www.ncbi.nlm.nih.gov/entrez/eutils/efetch.fcgi?db=pubmed&amp;retmode=xml&amp;rettype=medline&amp;id=7635985" created="06/12/16" creator="Yumiko Katsu"><PubmedArticleSet><PubmedArticle><MedlineCitation>
<PMID>7635985</PMID>
<Article>
<ArticleTitle>
<sentence id="S1"><term id="T1" lex="interleukin_4" sem="Protein_molecule">Interleukin 4</term> activates a <term id="T4" lex="signal_transducer_and_activator_of_transcription_(Stat)_protein" sem="Protein_family_or_group">signal transducer and activator of transcription (<term id="A10" sem="Protein_family_or_group">Stat</term>) protein</term> which interacts with an <term id="A109" sem="DNA_domain_or_region"><term id="T5" lex="interferon-gamma_activation_site-like_sequence" sem="DNA_domain_or_region">interferon-gamma activation site-like sequence</term> upstream of the <term id="T6" lex="I_epsilon_exon" sem="DNA_domain_or_region">I epsilon exon</term></term> in a <term id="T7" lex="human_B_cell_line" sem="Cell_cultured">human B cell line</term>.</sentence>
<event id="E1">
<type class="Positive_regulation"/>
<theme idref="A10"/>
<cause idref="T1"/>
<clue>Interleukin 4 <clueType>activates</clueType> a signal transducer and activator of transcription (Stat) protein which interacts with an interferon-gamma activation site-like sequence upstream of the I epsilon exon in a human B cell line.</clue>
<comment>NER: T2, T3 del &quot;signal transducer&quot; &quot;activator&quot;: NER: T4 mod &quot;transcription (Stat) protein&quot;-&gt;&quot;signal transducer and activator of transcription (Stat) protein&quot;</comment></event>
<event id="E5">
<type class="Binding"/>
<theme idref="A10"/>
<theme idref="A109"/>
<clue>Interleukin 4 activates a signal transducer and activator of transcription (Stat) protein which <clueType>interacts</clueType> <linkTheme>with</linkTheme> an interferon-gamma activation site-like sequence upstream of the I epsilon exon <clueLoc>in a human B cell line</clueLoc>.</clue>
<comment>TPS A109</comment></event>
<sentence id="S2">Evidence for the involvement of <term id="T8" lex="Janus_kinase_3" sem="Protein_molecule">Janus kinase 3</term> and <term id="T9" lex="interleukin-4_Stat" sem="Protein_molecule">interleukin-4 Stat</term>.</sentence>
<event KT="Analysis" id="E7">
<type class="Regulation"/>
<theme idref="E1"/>
<cause idref="T8"/>
<clue><clueKT>Evidence</clueKT> for the <clueType>involvement</clueType> <linkCause>of</linkCause> Janus kinase 3 and interleukin-4 Stat.</clue>
<comment>NO COREFTHEME</comment></event>
<event KT="Analysis" id="E9">
<type class="Positive_regulation"/>
<theme idref="E1"/>
<cause idref="T9"/>
<clue><clueKT>Evidence</clueKT> for the <clueType>involvement</clueType> <linkCause>of</linkCause> Janus kinase 3 and interleukin-4 Stat.</clue>
<comment>NO COREFTHEME</comment></event>
</ArticleTitle>
<Abstract>
<AbstractText>
<sentence id="S3"><term id="T10" lex="germ_line_C_transcript" sem="RNA_family_or_group"><term id="A2" sem="DNA_domain_or_region">Germ line C</term> transcripts</term> can be induced by <term id="T11" lex="IL-4" sem="Protein_molecule">IL-4</term> in the <term id="T12" lex="human_B_cell_line" sem="Cell_cultured">human B cell line</term>, <term id="T13" lex="BL-2" sem="Cell_cultured">BL-2</term>.</sentence>
<event KT="Other" id="E11">
<type class="Transcription"/>
<theme idref="A2"/>
<clue>Germ line C <clueType>transcripts</clueType> can be induced by IL-4 <clueLoc>in the human B cell line, BL-2</clueLoc>.</clue>
</event>
<event KT="Fact" id="E12">
<type class="Positive_regulation"/>
<theme idref="E11"/>
<cause idref="T11"/>
<clue>Germ line C transcripts can be <clueType>induced</clueType> <linkCause>by</linkCause> IL-4 <clueLoc>in the human B cell line, BL-2</clueLoc>.</clue>
</event>
<sentence id="S4">Utilizing a <term id="T14" lex="IFN-gamma_activation_site-like_DNA_sequence_element" sem="DNA_domain_or_region">IFN-gamma activation site-like DNA sequence element</term> located upstream of the <term id="T15" lex="I_epsilon_exon" sem="DNA_domain_or_region">I epsilon exon</term>, we demonstrated by <term id="T16" lex="gel_mobility_shift_assay" sem="Other">gel mobility shift assays</term> that <term id="T17" lex="IL-4" sem="Protein_molecule">IL-4</term> induced a <term id="A3" sem="Other">binding activity</term> in the <term id="T18" lex="cytosol" sem="Cell_component">cytosol</term> and <term id="T19" lex="nucleus" sem="Cell_component">nucleus</term> of <term id="T20" lex="BL-2_cell" sem="Cell_cultured">BL-2 cells</term>.</sentence>
<event KT="Analysis" id="E13">
<type class="Positive_regulation"/>
<theme idref="A3"/>
<cause idref="T17"/>
<clue>Utilizing a IFN-gamma activation site-like DNA sequence element located upstream of the I epsilon exon, we <clueKT>demonstrated</clueKT> <clueExperiment>by gel mobility shift assays</clueExperiment> that IL-4 <clueType>induced</clueType> a binding activity <clueLoc>in the cytosol</clueLoc> and nucleus <clueLoc>of BL-2 cells</clueLoc>.</clue>
</event>
<event KT="Analysis" id="E130">
<type class="Positive_regulation"/>
<theme idref="A3"/>
<cause idref="T17"/>
<clue>Utilizing a IFN-gamma activation site-like DNA sequence element located upstream of the I epsilon exon, we <clueKT>demonstrated</clueKT> <clueExperiment>by gel mobility shift assays</clueExperiment> that IL-4 <clueType>induced</clueType> a binding activity <clueLoc>in</clueLoc> the cytosol and <clueLoc>nucleus of BL-2 cells</clueLoc>.</clue>
</event>
<sentence id="S5">This factor was designated <term id="T21" lex="IL-4_NAF" sem="Protein_molecule"><term id="T22" lex="IL-4" sem="Protein_molecule">IL-4</term> NAF</term> (<term id="T23" lex="IL-4-induced_nuclear-activating_factor" sem="Protein_molecule"><term id="T24" lex="IL-4" sem="Protein_molecule">IL-4</term>-induced nuclear-activating factors</term>) and was identified as a <term id="T25" lex="tyrosine_phosphoprotein" sem="Protein_family_or_group"><term id="A4" sem="Amino_acid_monomer">tyrosine</term> phosphoprotein</term>, which translocates from the <term id="T26" lex="cytosol" sem="Cell_component">cytosol</term> to the <term id="T27" lex="nucleus" sem="Cell_component">nucleus</term> upon <term id="T28" lex="IL-4_treatment" sem="Other"><term id="T29" lex="IL-4" sem="Protein_molecule">IL-4</term> treatment</term>.</sentence>
<event KT="Other" id="E14">
<type class="Localization"/>
<theme idref="T21"/>
<clue>This factor was designated IL-4 NAF (IL-4-induced nuclear-activating factors) and was identified as a tyrosine phosphoprotein, <corefTheme>which</corefTheme> <clueType>translocates</clueType> <clueLoc>from the cytosol to the nucleus</clueLoc> upon IL-4 treatment.</clue>
</event>
<event KT="Other" id="E140">
<type class="Positive_regulation"/>
<theme idref="E14"/>
<cause idref="T29"/>
<clue>This factor was designated IL-4 NAF (IL-4-induced nuclear-activating factors) and was identified as a tyrosine phosphoprotein, which translocates from the cytosol to the nucleus <linkCause>upon</linkCause> IL-4 treatment.</clue>
</event>
<sentence id="S6">Because these are the characteristics of a <term id="T30" lex="signal_transducer_and_activator_of_transcription_(Stat)_protein" sem="Protein_family_or_group">signal transducer and activator of transcription <term id="A5" sem="Protein_family_or_group">(Stat) protein</term></term>, we determined whether <term id="T31" lex="antibodies_to_Stat_protein" sem="Protein_family_or_group">antibodies to Stat proteins</term> will interfere with <term id="T32" lex="gel_mobility_shift" sem="Other">gel mobility shift</term> and found that <term id="T33" lex="antibodies_to_IL-4_Stat" sem="Protein_family_or_group">antibodies to <term id="T34" lex="IL-4_Stat" sem="Protein_molecule"><term id="T35" lex="IL-4" sem="Protein_molecule">IL-4</term> Stat</term></term>, also known as <term id="T36" lex="Stat6" sem="Protein_molecule">Stat6</term>, but not <term id="A1" sem="Protein_family_or_group"><term id="T37" lex="antibody" sem="Protein_family_or_group">antibodies</term> to other <term id="T38" lex="Stat_protein" sem="Protein_family_or_group">Stat proteins</term></term>, interfere with the formation of the <term id="T39" lex="IL-4_NAF_complex" sem="Protein_complex"><term id="A6" sem="Protein_molecule"><term id="T40" lex="IL-4" sem="Protein_molecule">IL-4</term> NAF</term> complex</term>.</sentence>
<event id="E20">
<type class="Negative_regulation"/>
<theme idref="E21"/>
<cause idref="T36"/>
<clue>Because these are the characteristics of a signal transducer and activator of transcription (Stat) protein, we determined whether <clueExperiment>antibodies to Stat proteins will interfere with gel mobility shift</clueExperiment> and <clueKT>found</clueKT> that antibodies to IL-4 Stat, also known as Stat6, but not antibodies to other Stat proteins, <clueType>interfere</clueType> <linkTheme>with</linkTheme> the formation of the IL-4 NAF complex.</clue>
</event>
<event Polarity="Negative" assertion="non-exist" id="E200">
<type class="Negative_regulation"/>
<theme idref="E21"/>
<cause idref="A1"/>
<clue>Because these are the characteristics of a signal transducer and activator of transcription (Stat) protein, we determined whether <clueExperiment>antibodies to Stat proteins will interfere with gel mobility shift</clueExperiment> and <clueKT>found</clueKT> that antibodies to IL-4 Stat, also known as Stat6, but <cluePolarity>not</cluePolarity> antibodies to other Stat proteins, <clueType>interfere</clueType> <linkTheme>with</linkTheme> the formation of the IL-4 NAF complex.</clue>
</event>
<event KT="Other" id="E21">
<type class="Binding"/>
<theme idref="T40"/>
<theme idref="A6"/>
<clue>Because these are the characteristics of a signal transducer and activator of transcription (Stat) protein, we determined whether antibodies to Stat proteins will interfere with gel mobility shift and found that antibodies to IL-4 Stat, also known as Stat6, but not antibodies to other Stat proteins, interfere with the <clueType>formation</clueType> <linkTheme>of</linkTheme> the IL-4 NAF complex.</clue>
</event>
<sentence id="S7">Congruous with the involvement of a <term id="T41" lex="Stat_protein" sem="Protein_family_or_group">Stat protein</term>, <term id="T42" lex="IL-4" sem="Protein_molecule">IL-4</term> induced robust <term id="T43" lex="Janus_kinase_3_(JAK3)_activity" sem="Other"><term id="T44" lex="Janus_kinase_3" sem="Protein_molecule">Janus kinase 3</term> (<term id="T45" lex="JAK3" sem="Protein_molecule">JAK3</term>) activity</term> in <term id="T46" lex="BL-2_cell" sem="Cell_cultured">BL-2 cells</term>.</sentence>
<event KT="Other" id="E22">
<type class="Regulation"/>
<cause idref="T41"/>
<clue>Congruous with the <clueType>involvement</clueType> <linkCause>of</linkCause> a Stat protein, IL-4 induced robust Janus kinase 3 (JAK3) activity in BL-2 cells.</clue>
<comment>NO THEME</comment></event>
<event id="E23">
<type class="Positive_regulation"/>
<theme idref="T45"/>
<cause idref="T42"/>
<clue>Congruous with the involvement of a Stat protein, IL-4 <clueType>induced</clueType> robust Janus kinase 3 (JAK3) activity <clueLoc>in BL-2 cells</clueLoc>.</clue>
</event>
<sentence id="S8">Cotransfection of <term id="T47" lex="JAK3" sem="Protein_molecule">JAK3</term> with <term id="T48" lex="IL-4_Stat" sem="Protein_molecule"><term id="T49" lex="IL-4" sem="Protein_molecule">IL-4</term> Stat</term> into <term id="T50" lex="COS-7_cell" sem="Cell_cultured">COS-7 cells</term> produced an <term id="A7" sem="Protein_molecule">intracellular activity</term> which bound the same <term id="T51" lex="IFN-gamma_activation_site-like_sequence" sem="DNA_domain_or_region">IFN-gamma activation site-like sequence</term> and comigrated with <term id="T52" lex="IL-4_NAF" sem="Protein_complex"><term id="T53" lex="IL-4" sem="Protein_molecule">IL-4</term> NAF</term> in <term id="T54" lex="electrophoretic_mobility_shift_assay" sem="Other">electrophoretic mobility shift assay</term>.</sentence>
<event KT="Method" id="E2">
<type class="Artificial_process"/>
<theme idref="T47"/>
<theme idref="T48"/>
<theme idref="T50"/>
<clue><clueType>Cotransfection</clueType> <linkTheme>of</linkTheme> JAK3 <linkTheme>with</linkTheme> IL-4 Stat <linkTheme>into</linkTheme> COS-7 cells produced an intracellular activity which bound the same IFN-gamma activation site-like sequence and comigrated with IL-4 NAF in electrophoretic mobility shift assay.</clue>
</event>
<event id="E24">
<type class="Gene_expression"/>
<theme idref="T47"/>
<clue><clueType>Cotransfection</clueType> <linkTheme>of</linkTheme> JAK3 with IL-4 Stat <clueLoc>into COS-7 cells</clueLoc> produced an intracellular activity which bound the same IFN-gamma activation site-like sequence and comigrated with IL-4 NAF in electrophoretic mobility shift assay.</clue>
</event>
<event id="E240">
<type class="Gene_expression"/>
<theme idref="T48"/>
<clue><clueType>Cotransfection</clueType> <linkTheme>of</linkTheme> JAK3 with IL-4 Stat <clueLoc>into COS-7 cells</clueLoc> produced an intracellular activity which bound the same IFN-gamma activation site-like sequence and comigrated with IL-4 NAF in electrophoretic mobility shift assay.</clue>
</event>
<event id="E241">
<type class="Positive_regulation"/>
<theme idref="E24"/>
<cause idref="E2"/>
<clue><clueType>Cotransfection</clueType> of JAK3 with IL-4 Stat <clueLoc>into COS-7 cells</clueLoc> produced an intracellular activity which bound the same IFN-gamma activation site-like sequence and comigrated with IL-4 NAF in electrophoretic mobility shift assay.</clue>
</event>
<event id="E242">
<type class="Positive_regulation"/>
<theme idref="E240"/>
<cause idref="E2"/>
<clue><clueType>Cotransfection</clueType> of JAK3 with IL-4 Stat <clueLoc>into COS-7 cells</clueLoc> produced an intracellular activity which bound the same IFN-gamma activation site-like sequence and comigrated with IL-4 NAF in electrophoretic mobility shift assay.</clue>
</event>
<event id="E25">
<type class="Positive_regulation"/>
<theme idref="A7"/>
<cause idref="E241"/>
<cause idref="E242"/>
<clue>Cotransfection of JAK3 with IL-4 Stat <clueLoc>into COS-7 cells</clueLoc> <clueType>produced</clueType> an intracellular activity which bound the same IFN-gamma activation site-like sequence and comigrated with IL-4 NAF in electrophoretic mobility shift assay.</clue>
</event>
<event id="E26">
<type class="Binding"/>
<theme idref="A7"/>
<theme idref="T51"/>
<clue>Cotransfection of JAK3 with IL-4 Stat into COS-7 cells produced an intracellular activity which <clueType>bound</clueType> the same IFN-gamma activation site-like sequence and comigrated with IL-4 NAF in electrophoretic mobility shift assay.</clue>
</event>
<event id="E27">
<type class="Binding"/>
<theme idref="A7"/>
<theme idref="T52"/>
<clue>Cotransfection of JAK3 with IL-4 Stat into COS-7 cells produced an intracellular activity which bound the same IFN-gamma activation site-like sequence and <clueType>comigrated</clueType> <linkTheme>with</linkTheme> IL-4 NAF <clueExperiment>in electrophoretic mobility shift assay</clueExperiment>.</clue>
<comment>CAUSION</comment></event>
<sentence id="S9">These results show that <term id="T55" lex="IL-4_NAF" sem="Protein_complex"><term id="T56" lex="IL-4" sem="Protein_molecule">IL-4</term> NAF</term> is <term id="T57" lex="IL-4_Stat" sem="Protein_molecule"><term id="T58" lex="IL-4" sem="Protein_molecule">IL-4</term> Stat</term>, which is activated by <term id="T59" lex="JAK3" sem="Protein_molecule">JAK3</term> in response to <term id="T60" lex="IL-4_receptor_engagement" sem="Other"><term id="A9" sem="Protein_family_or_group"><term id="T61" lex="IL-4" sem="Protein_molecule">IL-4</term> receptor</term> engagement</term>.</sentence>
<event KT="Other" id="E28">
<type class="Positive_regulation"/>
<theme idref="T55"/>
<cause idref="T59"/>
<clue>These results show that IL-4 NAF is IL-4 Stat, which is <clueType>activated</clueType> <linkCause>by</linkCause> JAK3 <clueTime>in response to IL-4 receptor engagement</clueTime>.</clue>
</event>
<event KT="Other" id="E29">
<type class="Positive_regulation"/>
<theme idref="E28"/>
<cause idref="A9"/>
<clue>These results show that IL-4 NAF is IL-4 Stat, which is activated by JAK3 <linkCause>in response to</linkCause> IL-4 receptor engagement.</clue>
<comment>NO CLUETYPE</comment></event>
</AbstractText>
</Abstract></Article></MedlineCitation></PubmedArticle></PubmedArticleSet></Annotation>
