<?xml version='1.0'?><!DOCTYPE Annotation PUBLIC "//GENIA//DTD GENIA ANNOTATION EVENT 2.0//EN_Modified" "../ModifiedGENIAtypes/Modified_GENIA_event_20.dtd"><Annotation annotates="http://www.ncbi.nlm.nih.gov/entrez/eutils/efetch.fcgi?db=pubmed&amp;retmode=xml&amp;rettype=medline&amp;id=7659529" created="06/12/17" creator="Yumiko Katsu"><PubmedArticleSet><PubmedArticle><MedlineCitation>
<PMID>7659529</PMID>
<Article>
<ArticleTitle>
<sentence id="S1">Regulation of <term id="T1" lex="transcription" sem="Other">transcription</term> of the <term id="T2" lex="human_erythropoietin_receptor_gene" sem="DNA_domain_or_region">human erythropoietin receptor gene</term> by <term id="A1" sem="Protein_complex">proteins</term> binding to <term id="T3" lex="GATA-1_and_Sp1_motif" sem="DNA_domain_or_region"><term id="T4" lex="GATA-1_motif" sem="DNA_domain_or_region">GATA-1</term> and <term id="T5" lex="Sp1_motif" sem="DNA_domain_or_region">Sp1 motifs</term></term>.</sentence>
<event KT="Other" id="E1">
<type class="Transcription"/>
<theme idref="T2"/>
<clue>Regulation of <clueType>transcription</clueType> <linkTheme>of</linkTheme> the human erythropoietin receptor gene by proteins binding to GATA-1 and Sp1 motifs.</clue>
</event>
<event KT="Other" id="E2">
<type class="Binding"/>
<theme idref="A1"/>
<theme idref="T4"/>
<clue>Regulation of transcription of the human erythropoietin receptor gene by proteins <clueType>binding</clueType> <linkTheme>to</linkTheme> GATA-1 and Sp1 motifs.</clue>
</event>
<event KT="Other" id="E3">
<type class="Binding"/>
<theme idref="A1"/>
<theme idref="T5"/>
<clue>Regulation of transcription of the human erythropoietin receptor gene by proteins <clueType>binding</clueType> <linkTheme>to</linkTheme> GATA-1 and Sp1 motifs.</clue>
</event>
<event KT="Investigation" id="E4">
<type class="Regulation"/>
<theme idref="E1"/>
<cause idref="A1"/>
<clue><clueType>Regulation</clueType> <linkTheme>of</linkTheme> transcription of the human erythropoietin receptor gene <linkCause>by</linkCause> proteins binding to GATA-1 and Sp1 motifs.</clue>
</event>
</ArticleTitle>
<Abstract>
<AbstractText>
<sentence id="S2"><term id="T6" lex="erythropoietin" sem="Protein_molecule">Erythropoietin</term> (<term id="T7" lex="Epo" sem="Protein_molecule">Epo</term>), the primary regulator of the production of <term id="T8" lex="erythroid_cell" sem="Cell_natural">erythroid cells</term>, acts by binding to a <term id="T9" lex="cell_surface_receptor" sem="Protein_family_or_group">cell surface receptor</term> (<term id="T10" lex="EpoR" sem="Protein_molecule">EpoR</term>) on <term id="T11" lex="erythroid_progenitor" sem="Cell_natural">erythroid progenitors</term>.</sentence>
<event KT="Other" id="E50">
<type class="Cell_differentiation"/>
<theme idref="T8"/>
<clue>Erythropoietin (Epo), the primary regulator of the <clueType>production</clueType> <linkTheme>of</linkTheme> erythroid cells, acts by binding to a cell surface receptor (EpoR) on erythroid progenitors.</clue>
</event>
<event KT="Fact" id="E5">
<type class="Regulation"/>
<theme idref="E50"/>
<cause idref="E7"/>
<clue>Erythropoietin (Epo), the primary <clueType>regulator</clueType> <linkTheme>of</linkTheme> the production of erythroid cells, acts <linkCause>by</linkCause> binding to a cell surface receptor (EpoR) on erythroid progenitors.</clue>
</event>
<event KT="Other" id="E7">
<type class="Binding"/>
<theme idref="T7"/>
<theme idref="T10"/>
<clue>Erythropoietin (Epo), the primary regulator of the production of erythroid cells, acts by <clueType>binding</clueType> <linkTheme>to</linkTheme> a cell surface receptor (EpoR) <clueLoc>on erythroid progenitors</clueLoc>.</clue>
</event>
<sentence id="S3">We used <term id="T12" lex="deletion_analysis" sem="Other">deletion analysis</term> and <term id="T13" lex="transfection_assay" sem="Other">transfection assays</term> with <term id="T14" lex="reporter_gene_construct" sem="DNA_family_or_group">reporter gene constructs</term> to examine the <term id="T15" lex="transcription_control_element" sem="DNA_domain_or_region">transcription control elements</term> in the <term id="T16" lex="5&apos;_flanking_region" sem="DNA_domain_or_region">5&apos; flanking region</term> of the <term id="T17" lex="human_EpoR_gene" sem="DNA_domain_or_region">human <term id="T18" lex="EpoR" sem="Protein_molecule">EpoR</term> gene</term>.</sentence>
<sentence id="S4">In <term id="T19" lex="erythroid_cell" sem="Cell_natural">erythroid cells</term> most of the <term id="T20" lex="transcription_activity" sem="Other">transcription activity</term> was contained in a <term id="T21" lex="150_bp_promoter" sem="DNA_domain_or_region">150 bp promoter</term> fragment with <term id="T22" lex="binding_site" sem="DNA_domain_or_region">binding sites</term> for <term id="T23" lex="transcription_factor" sem="Protein_family_or_group">transcription factors</term> <term id="T24" lex="AP2" sem="Protein_molecule">AP2</term>, <term id="T25" lex="Sp1" sem="Protein_molecule">Sp1</term> and the <term id="T26" lex="erythroid-specific_GATA-1" sem="Protein_molecule">erythroid-specific GATA-1</term>.</sentence>
<sentence id="S5">The <term id="T27" lex="150_bp_hEpoR_promoter" sem="DNA_domain_or_region">150 bp hEpoR promoter</term> exhibited high and low activity in erythroid <term id="T28" lex="OCIM1" sem="Cell_cultured">OCIM1</term> and <term id="T29" lex="K562_cell" sem="Cell_cultured">K562 cells</term>, respectively, reflecting the high and low levels of constitutive <term id="T30" lex="hEpoR_expression" sem="Other"><term id="T31" lex="hEpoR" sem="Protein_molecule">hEpoR</term> expression</term>.</sentence>
<event KT="Other" id="E11">
<type class="Gene_expression"/>
<theme idref="T31"/>
<clue>The 150 bp hEpoR promoter exhibited high and low activity in erythroid OCIM1 and K562 cells, respectively, reflecting the high and low levels of constitutive hEpoR <clueType>expression</clueType>.</clue>
</event>
<event KT="Other" Manner="Low" id="E110">
<type class="Negative_regulation"/>
<theme idref="E11"/>
<clue>The 150 bp hEpoR promoter exhibited high and low activity in erythroid OCIM1 and K562 cells, respectively, reflecting the high and <clueType><clueManner>low levels</clueManner></clueType> <linkTheme>of</linkTheme> constitutive hEpoR expression.</clue>
</event>
<event KT="Other" Manner="High" id="E111">
<type class="Positive_regulation"/>
<theme idref="E11"/>
<clue>The 150 bp hEpoR promoter exhibited high and low activity in erythroid OCIM1 and K562 cells, respectively, reflecting the <clueType><clueManner>high</clueManner></clueType> and low <clueType><clueManner>levels</clueManner></clueType> <linkTheme>of</linkTheme> constitutive hEpoR expression.</clue>
</event>
<event KT="Other" Manner="High" id="E120">
<type class="Positive_regulation"/>
<theme idref="T27"/>
<clue>The 150 bp hEpoR promoter exhibited <clueType><clueManner>high</clueManner></clueType> and low <clueType><clueManner>activity</clueManner></clueType> <clueLoc>in erythroid OCIM1</clueLoc> and K562 cells, respectively, reflecting the high and low levels of constitutive hEpoR expression.</clue>
</event>
<event KT="Other" Manner="Low" id="E121">
<type class="Negative_regulation"/>
<theme idref="T27"/>
<clue>The 150 bp hEpoR promoter exhibited high and <clueType><clueManner>low activity</clueManner></clueType> in erythroid OCIM1 and <clueLoc>K562 cells</clueLoc>, respectively, reflecting the high and low levels of constitutive hEpoR expression.</clue>
</event>
<event KT="Analysis" id="E12">
<type class="Correlation"/>
<theme idref="E110"/>
<theme idref="E121"/>
<clue>The 150 bp hEpoR promoter exhibited high and low activity in erythroid OCIM1 and K562 cells, respectively, <clueType><clueKT>reflecting</clueKT></clueType> the high and low levels of constitutive hEpoR expression.</clue>
</event>
<event KT="Analysis" id="E13">
<type class="Correlation"/>
<theme idref="E111"/>
<theme idref="E120"/>
<clue>The 150 bp hEpoR promoter exhibited high and low activity in erythroid OCIM1 and K562 cells, respectively, <clueType><clueKT>reflecting</clueKT></clueType> the high and low levels of constitutive hEpoR expression.</clue>
</event>
<sentence id="S6">The <cons id="T32" lex="(AND GATA-1_binding_site Sp1_binding_site)" sem="(AND DNA_domain_or_region DNA_domain_or_region)"><frag id="F1"><term id="T75" lex="GATA-1" sem="Protein_molecule">GATA-1</term></frag> and <frag id="F2"><term id="T76" lex="Sp1" sem="Protein_molecule">Sp1</term></frag> <frag id="F3">binding sites</frag></cons> <term id="A109" sem="DNA_domain_or_region">in this promoter lacking a <term id="T33" lex="TATA_sequence" sem="DNA_domain_or_region">TATA sequence</term></term> were necessary for a high level of <term id="T34" lex="transcription_activation" sem="Other">transcription activation</term>.</sentence>
<event Manner="High" id="E140">
<type class="Positive_regulation"/>
<theme idref="T34"/>
<clue>The GATA-1 and Sp1 binding sites in this promoter lacking a TATA sequence were necessary for a <clueType><clueManner>high level</clueManner></clueType> <linkTheme>of</linkTheme> transcription activation.</clue>
<comment>TPS A109</comment></event>
<event id="E15">
<type class="Positive_regulation"/>
<theme idref="E140"/>
<cause idref="F1" idref1="F3" idref2="A109"/>
<clue>The GATA-1 and Sp1 binding sites in this promoter lacking a TATA sequence were <clueType>necessary</clueType> <linkTheme>for</linkTheme> a high level of transcription activation.</clue>
</event>
<event id="E16">
<type class="Positive_regulation"/>
<theme idref="E140"/>
<cause idref="F2" idref1="F3" idref2="A109"/>
<clue>The GATA-1 and Sp1 binding sites in this promoter lacking a TATA sequence were <clueType>necessary</clueType> <linkTheme>for</linkTheme> a high level of transcription activation.</clue>
</event>
<sentence id="S7"><term id="T35" lex="Protein-DNA_binding_study" sem="Other">Protein-DNA binding studies</term> suggested that <term id="T36" lex="Sp1" sem="Protein_molecule">Sp1</term> and two other <term id="T37" lex="CCGCCC_binding_protein" sem="Protein_family_or_group">CCGCCC binding proteins</term> from <cons id="T38" lex="(AND erythroid_cell non-erythroid_cell)" sem="(AND Cell_natural Cell_natural)"><frag id="F4">erythroid</frag> and <frag id="F5">non-erythroid</frag> <frag id="F6">cells</frag></cons> could bind to the <term id="T39" lex="Sp1_binding_motif" sem="DNA_domain_or_region"><term id="T40" lex="Sp1" sem="Protein_molecule">Sp1</term> binding motif</term>.</sentence>
<event CL="L1" KT="Analysis" id="E17" uncertainty="probable">
<type class="Binding"/>
<theme idref="T36"/>
<theme idref="T39"/>
<clue>Protein-DNA binding studies <clueKT>suggested</clueKT> that Sp1 and two other CCGCCC binding proteins <clueLoc>from erythroid</clueLoc> and non-erythroid <clueLoc>cells</clueLoc> <clueCL>could</clueCL> <clueType>bind</clueType> <linkTheme>to</linkTheme> the Sp1 binding motif.</clue>
</event>
<event CL="L1" KT="Analysis" id="E170" uncertainty="probable">
<type class="Binding"/>
<theme idref="T36"/>
<theme idref="T39"/>
<clue>Protein-DNA binding studies <clueKT>suggested</clueKT> that Sp1 and two other CCGCCC binding proteins <clueLoc>from</clueLoc> erythroid and <clueLoc>non-erythroid cells</clueLoc> <clueCL>could</clueCL> <clueType>bind</clueType> <linkTheme>to</linkTheme> the Sp1 binding motif.</clue>
</event>
<event CL="L1" KT="Analysis" id="E18" uncertainty="probable">
<type class="Binding"/>
<theme idref="T37"/>
<theme idref="T39"/>
<clue>Protein-DNA binding studies <clueKT>suggested</clueKT> that Sp1 and two other CCGCCC binding proteins <clueLoc>from erythroid</clueLoc> and non-erythroid <clueLoc>cells</clueLoc> <clueCL>could</clueCL> <clueType>bind</clueType> <linkTheme>to</linkTheme> the Sp1 binding motif.</clue>
</event>
<event CL="L1" KT="Analysis" id="E180" uncertainty="probable">
<type class="Binding"/>
<theme idref="T37"/>
<theme idref="T39"/>
<clue>Protein-DNA binding studies <clueKT>suggested</clueKT> that Sp1 and two other CCGCCC binding proteins <clueLoc>from</clueLoc> erythroid and <clueLoc>non-erythroid cells</clueLoc> <clueCL>could</clueCL> <clueType>bind</clueType> <linkTheme>to</linkTheme> the Sp1 binding motif.</clue>
</event>
<sentence id="S8">By increasing <term id="T41" lex="GATA-1_level" sem="Other"><term id="T42" lex="GATA-1" sem="Protein_molecule">GATA-1</term> levels</term> via <term id="T43" lex="co-transfection" sem="Other">co-transfection</term>, we were able to transactivate the <term id="T44" lex="hEpoR_promoter" sem="DNA_domain_or_region">hEpoR promoter</term> in <term id="T45" lex="K562_cell" sem="Cell_cultured">K562 cells</term> and <term id="T46" lex="non-erythroid_cell" sem="Cell_natural">non-erythroid cells</term>, but not in the highly active <term id="T47" lex="OCIM1_cell" sem="Cell_natural">OCIM1 cells</term>, although <term id="T48" lex="GATA-1_mRNA_level" sem="Other"><term id="T49" lex="GATA-1_mRNA" sem="RNA_molecule"><term id="T50" lex="GATA-1" sem="Protein_molecule">GATA-1</term> mRNA</term> levels</term> were comparable in <term id="T51" lex="OCIM1" sem="Cell_cultured">OCIM1</term> and <term id="T52" lex="K562" sem="Cell_cultured">K562</term>.</sentence>
<event id="E19">
<type class="Positive_regulation"/>
<theme idref="T42"/>
<cause idref="T43"/>
<clue>By <clueType>increasing</clueType> GATA-1 levels <linkCause>via</linkCause> co-transfection, we were able to transactivate the hEpoR promoter in K562 cells and non-erythroid cells, but not in the highly active OCIM1 cells, although GATA-1 mRNA levels were comparable in OCIM1 and K562.</clue>
</event>
<event id="E20">
<type class="Positive_regulation"/>
<theme idref="T44"/>
<cause idref="E19"/>
<clue><linkCause>By</linkCause> increasing GATA-1 levels via co-transfection, we were able to <clueType>transactivate</clueType> the hEpoR promoter <clueLoc>in K562 cells</clueLoc> and non-erythroid cells, but not in the highly active OCIM1 cells, although GATA-1 mRNA levels were comparable in OCIM1 and K562.</clue>
</event>
<event id="E200">
<type class="Positive_regulation"/>
<theme idref="T44"/>
<cause idref="E19"/>
<clue><linkCause>By</linkCause> increasing GATA-1 levels via co-transfection, we were able to <clueType>transactivate</clueType> the hEpoR promoter <clueLoc>in</clueLoc> K562 cells and <clueLoc>non-erythroid cells</clueLoc>, but not in the highly active OCIM1 cells, although GATA-1 mRNA levels were comparable in OCIM1 and K562.</clue>
</event>
<event Polarity="Negative" assertion="non-exist" id="E21">
<type class="Positive_regulation"/>
<theme idref="T44"/>
<cause idref="E19"/>
<clue><linkCause>By</linkCause> increasing GATA-1 levels via co-transfection, we were able to <clueType>transactivate</clueType> the hEpoR promoter in K562 cells and non-erythroid cells, but <cluePolarity>not</cluePolarity> <clueLoc>in the highly active OCIM1 cells</clueLoc>, although GATA-1 mRNA levels were comparable in OCIM1 and K562.</clue>
</event>
<sentence id="S9">Interestingly, when we mutated the <term id="T53" lex="Sp1_site" sem="DNA_domain_or_region"><term id="T54" lex="Sp1" sem="Protein_molecule">Sp1</term> site</term>, resulting in a marked decrease in <term id="T55" lex="hEpoR_promoter_activity" sem="Other"><term id="T56" lex="hEpoR_promoter" sem="DNA_domain_or_region">hEpoR promoter</term> activity</term>, we could restore <term id="T57" lex="transactivation" sem="Other">transactivation</term> by increasing <term id="T58" lex="GATA-1_level" sem="Other"><term id="T59" lex="GATA-1" sem="Protein_molecule">GATA-1</term> levels</term> in <term id="T60" lex="OCIM1_cell" sem="Cell_natural">OCIM1 cells</term>.</sentence>
<event KT="Method" id="E22">
<type class="Mutagenesis"/>
<theme idref="T53"/>
<clue>Interestingly, when we <clueType>mutated</clueType> the Sp1 site, resulting in a marked decrease in hEpoR promoter activity, we could restore transactivation by increasing GATA-1 levels in OCIM1 cells.</clue>
<comment>ARTIFICIAL</comment></event>
<event id="E220">
<type class="Positive_regulation"/>
<theme idref="E23"/>
<cause idref="E22"/>
<clue>Interestingly, <linkCause>when</linkCause> we mutated the Sp1 site, <clueType>resulting</clueType> <linkTheme>in</linkTheme> a marked decrease in hEpoR promoter activity, we could restore transactivation by increasing GATA-1 levels in OCIM1 cells.</clue>
</event>
<event Manner="High" id="E23">
<type class="Negative_regulation"/>
<theme idref="T56"/>
<clue>Interestingly, when we mutated the Sp1 site, resulting in a <clueManner>marked</clueManner> <clueType>decrease</clueType> <linkTheme>in</linkTheme> hEpoR promoter activity, we could restore transactivation by increasing GATA-1 levels in OCIM1 cells.</clue>
</event>
<event id="E24">
<type class="Positive_regulation"/>
<theme idref="T58"/>
<clue>Interestingly, when we mutated the Sp1 site, resulting in a marked decrease in hEpoR promoter activity, we could restore transactivation by <clueType>increasing</clueType> GATA-1 levels <clueLoc>in OCIM1 cells</clueLoc>.</clue>
</event>
<event id="E25">
<type class="Positive_regulation"/>
<theme idref="T56"/>
<cause idref="E24"/>
<clue>Interestingly, when we mutated the Sp1 site, resulting in a marked decrease in hEpoR promoter activity, we could <clueType>restore</clueType> <corefTheme>transactivation</corefTheme> <linkCause>by</linkCause> increasing GATA-1 levels <clueLoc>in OCIM1 cells</clueLoc>.</clue>
</event>
<sentence id="S10">These data suggest that while <term id="T61" lex="GATA-1" sem="Protein_molecule">GATA-1</term> can transactivate the <term id="T62" lex="EpoR_promoter" sem="DNA_domain_or_region"><term id="T63" lex="EpoR" sem="Protein_molecule">EpoR</term> promoter</term>, the level of <term id="T64" lex="hEpoR_gene_expression" sem="Other"><term id="T65" lex="hEpoR_gene" sem="DNA_domain_or_region">hEpoR gene</term> expression</term> does not depend on <term id="T66" lex="GATA-1" sem="Protein_molecule">GATA-1</term> alone.</sentence>
<event CL="L2" KT="Analysis" id="E26" uncertainty="probable">
<type class="Positive_regulation"/>
<theme idref="T62"/>
<cause idref="T61"/>
<clue>These data suggest that while GATA-1 <clueKT><clueCL>can</clueCL></clueKT> <clueType>transactivate</clueType> the EpoR promoter, the level of hEpoR gene expression does not depend on GATA-1 alone.</clue>
</event>
<event KT="Other" id="E27" uncertainty="probable">
<type class="Gene_expression"/>
<theme idref="T65"/>
<clue>These data suggest that while GATA-1 can transactivate the EpoR promoter, the level of hEpoR gene <clueType>expression</clueType> does not depend on GATA-1 alone.</clue>
</event>
<event CL="L2" KT="Analysis" Polarity="Negative" assertion="non-exist" id="E28" uncertainty="probable">
<type class="Positive_regulation"/>
<theme idref="E27"/>
<cause idref="T66"/>
<clue>These data <clueKT><clueCL>suggest</clueCL></clueKT> that while GATA-1 can transactivate the EpoR promoter, the level of hEpoR gene expression does <cluePolarity>not</cluePolarity> <clueType>depend</clueType> <linkCause>on</linkCause> GATA-1 alone.</clue>
</event>
<sentence id="S11">Rather, <term id="T67" lex="hEpoR_transcription_activity" sem="Other"><term id="T68" lex="hEpoR" sem="Protein_molecule">hEpoR</term> transcription activity</term> depends on coordination between <term id="T69" lex="Sp1" sem="Protein_molecule">Sp1</term> and <term id="T70" lex="GATA-1" sem="Protein_molecule">GATA-1</term> with other <term id="T71" lex="cell-specific_factor" sem="Protein_family_or_group">cell-specific factors</term>, including possibly other <term id="T72" lex="Sp1-like_binding_protein" sem="Protein_family_or_group"><term id="T73" lex="Sp1" sem="Protein_molecule">Sp1</term>-like binding proteins</term>, to provide high level, <term id="T74" lex="tissue-specific_expression" sem="Other">tissue-specific expression</term>.</sentence>
<event KT="Analysis" id="E29">
<type class="Correlation"/>
<theme idref="T69"/>
<theme idref="T70"/>
<theme idref="T72"/>
<clue>Rather, hEpoR transcription activity depends on <clueType><clueKT>coordination</clueKT></clueType> <linkTheme>between</linkTheme> Sp1 and GATA-1 <linkTheme>with</linkTheme> other <corefTheme idref1="T72">cell-specific factors</corefTheme>, including possibly other Sp1-like binding proteins, to provide high level, tissue-specific expression.</clue>
</event>
<event KT="Other" id="E30">
<type class="Positive_regulation"/>
<theme idref="E27"/>
<clue>Rather, hEpoR transcription activity depends on coordination between Sp1 and GATA-1 with other cell-specific factors, including possibly other Sp1-like binding proteins, to <clueType>provide high level</clueType>, <clueLoc>tissue</clueLoc>-specific <corefTheme>expression</corefTheme>.</clue>
</event>
<event id="E31">
<type class="Transcription"/>
<theme idref="T68"/>
<clue>Rather, hEpoR <clueType>transcription</clueType> activity depends on coordination between Sp1 and GATA-1 with other cell-specific factors, including possibly other Sp1-like binding proteins, to provide high level, tissue-specific expression.</clue>
</event>
<event id="E310">
<type class="Positive_regulation"/>
<theme idref="E31"/>
<cause idref="E29"/>
<clue>Rather, hEpoR transcription activity <clueType>depends</clueType> <linkCause>on</linkCause> coordination between Sp1 and GATA-1 with other cell-specific factors, including possibly other Sp1-like binding proteins, to provide high level, tissue-specific expression.</clue>
</event>
</AbstractText>
</Abstract></Article></MedlineCitation></PubmedArticle></PubmedArticleSet></Annotation>
