<?xml version='1.0'?><!DOCTYPE Annotation PUBLIC "//GENIA//DTD GENIA ANNOTATION EVENT 2.0//EN_Modified" "../ModifiedGENIAtypes/Modified_GENIA_event_20.dtd"><Annotation annotates="http://www.ncbi.nlm.nih.gov/entrez/eutils/efetch.fcgi?db=pubmed&amp;retmode=xml&amp;rettype=medline&amp;id=7662982" created="22/01/2007" creator="Noriko Katsu"><PubmedArticleSet><PubmedArticle><MedlineCitation>
<PMID>7662982</PMID>
<Article>
<ArticleTitle>
<sentence id="S1"><term id="A1" sem="DNA_domain_or_region">TCL1 oncogene</term> activation in <term id="T1" lex="preleukemic_T_cell" sem="Cell_natural">preleukemic <term id="T2" lex="T_cell" sem="Cell_natural">T cells</term></term> from a case of <term id="T3" lex="ataxia-telangiectasia" sem="Other">ataxia-telangiectasia</term>.</sentence>
<event KT="Investigation" id="E1">
<type class="Positive_regulation"/>
<theme idref="A1"/>
<clue>TCL1 oncogene <clueType>activation</clueType> <clueLoc>in preleukemic T cells</clueLoc> from a case of ataxia-telangiectasia.</clue>
</event>
</ArticleTitle>
<Abstract>
<AbstractText>
<sentence id="S2">The <term id="T4" lex="TCL1_oncogene" sem="DNA_domain_or_region">TCL1 oncogene</term> on <term id="T5" lex="human_chromosome" sem="DNA_molecule">human chromosome</term> <term id="T6" lex="14q32.1" sem="DNA_molecule">14q32.1</term> is involved in <term id="T7" lex="chromosome_translocation" sem="Other">chromosome translocations</term> [<term id="T8" lex="t(14;14)(q11;q32.1)" sem="DNA_domain_or_region">t(14;14)(q11;q32.1)</term> and <term id="T9" lex="t(7;14)(q35;q32.1)" sem="DNA_domain_or_region">t(7;14)(q35;q32.1)</term>] and <term id="T10" lex="inversion" sem="Other">inversions</term> [<term id="T11" lex="inv14(q11;q32.1)" sem="DNA_domain_or_region">inv14(q11;q32.1)</term>] with <term id="T12" lex="TCR_alpha/beta_loci" sem="DNA_domain_or_region">TCR alpha/beta loci</term> in <term id="T13" lex="T-cell_leukemia" sem="Other">T-cell leukemias</term>, such as <term id="T14" lex="T-prolymphocytic" sem="Other">T-prolymphocytic</term> (<term id="T15" lex="T-PLL" sem="Other">T-PLL</term>).</sentence>
<event KT="Fact" id="E2">
<type class="Regulation"/>
<theme idref="E3"/>
<cause idref="T4"/>
<clue>The TCL1 oncogene on human chromosome 14q32.1 is <clueType>involved</clueType> <linkTheme>in</linkTheme> chromosome translocations [t(14;14)(q11;q32.1) and t(7;14)(q35;q32.1)] and inversions [inv14(q11;q32.1)] with TCR alpha/beta loci <clueLoc>in T-cell leukemias, such as T-prolymphocytic (T-PLL)</clueLoc>.</clue>
</event>
<event KT="Fact" id="E7">
<type class="Regulation"/>
<theme idref="E4"/>
<cause idref="T4"/>
<clue>The TCL1 oncogene on human chromosome 14q32.1 is <clueType>involved</clueType> <linkTheme>in</linkTheme> chromosome translocations [t(14;14)(q11;q32.1) and t(7;14)(q35;q32.1)] and inversions [inv14(q11;q32.1)] with TCR alpha/beta loci <clueLoc>in T-cell leukemias, such as T-prolymphocytic (T-PLL)</clueLoc>.</clue>
</event>
<event KT="Other" id="E3">
<type class="DNA_recombination"/>
<theme idref="T8"/>
<theme idref="T9"/>
<clue>The TCL1 oncogene on human chromosome 14q32.1 is involved in <corefTheme>chromosome</corefTheme> <clueType>translocations</clueType> [t(14;14)(q11;q32.1) and t(7;14)(q35;q32.1)] and inversions [inv14(q11;q32.1)] with TCR alpha/beta loci in T-cell leukemias, such as T-prolymphocytic (T-PLL).</clue>
</event>
<event KT="Other" id="E4">
<type class="DNA_recombination"/>
<theme idref="T11"/>
<theme idref="T12"/>
<clue>The TCL1 oncogene on human chromosome 14q32.1 is involved in <corefTheme>chromosome</corefTheme> translocations [t(14;14)(q11;q32.1) and t(7;14)(q35;q32.1)] and <clueType>inversions</clueType> [inv14(q11;q32.1)] with TCR alpha/beta loci in T-cell leukemias, such as T-prolymphocytic (T-PLL).</clue>
</event>
<sentence id="S3">It is also involved in <cons id="T16" lex="(AND T-_acute_leukemia T-chronic_leukemia)" sem="(AND Other Other)"><frag id="F1"><term id="A2" sem="Other">T-</term></frag> <frag id="F2">acute</frag> and- <frag id="F3">chronic</frag> <frag id="F4"><term id="A3" sem="Other">leukemias</term></frag></cons> arising in cases of <term id="T17" lex="ataxia-telangiectasia" sem="Other">ataxia-telangiectasia</term> (<term id="T18" lex="AT" sem="Other">AT</term>), an <term id="T19" lex="immunodeficiency_syndrome" sem="Other">immunodeficiency syndrome</term>.</sentence>
<event KT="Fact" id="E5">
<type class="Regulation"/>
<theme idref="A2" idref1="A3"/>
<cause idref="T4"/>
<clue><corefCause>It</corefCause> is also <clueType>involved</clueType> <linkTheme>in</linkTheme> T- acute and- chronic leukemias arising in cases of ataxia-telangiectasia (AT), an immunodeficiency syndrome.</clue>
</event>
<sentence id="S4">Similar <term id="A4" sem="DNA_molecule">chromosomal</term> rearrangements occur also in the clonally expanded <term id="T20" lex="T_cell" sem="Cell_natural">T cells</term> in <term id="T21" lex="AT_patient" sem="Multicellular_organism_natural"><term id="T22" lex="AT" sem="Other">AT</term> <term id="T23" lex="patient" sem="Multicellular_organism_natural">patients</term></term> before the appearance of the <term id="T24" lex="overt_leukemia" sem="Other">overt leukemia</term>.</sentence>
<event KT="Other" id="E6">
<type class="DNA_recombination"/>
<theme idref="A4"/>
<clue>Similar chromosomal <clueType>rearrangements</clueType> occur also <clueLoc>in the clonally expanded T cells</clueLoc> in AT patients before the appearance of the overt leukemia.</clue>
</event>
<event KT="Other" id="E8">
<type class="Cellular_physiological_process"/>
<theme idref="T20"/>
<clue>Similar chromosomal rearrangements occur also in the <clueType>clonally expanded</clueType> T cells in AT patients <clueTime>before the appearance of the overt leukemia</clueTime>.</clue>
</event>
<event KT="Other" id="E9">
<type class="Positive_regulation"/>
<theme idref="T24"/>
<clue>Similar chromosomal rearrangements occur also in the clonally expanded T cells in AT patients before the <clueType>appearance</clueType> <linkTheme>of</linkTheme> the overt leukemia.</clue>
</event>
<sentence id="S5">We have analyzed the expression of <term id="T25" lex="TCL1_mRNA" sem="RNA_molecule"><term id="A6" sem="Protein_molecule">TCL1</term> mRNA</term> and <term id="T26" lex="TCL1_protein" sem="Protein_molecule">protein</term> in <term id="T27" lex="peripheral_blood_lymphocyte" sem="Cell_natural">peripheral blood lymphocytes</term> (<term id="T28" lex="PBL" sem="Cell_natural">PBLs</term>) from four <term id="T29" lex="AT" sem="Other">AT</term> cases and from <term id="T30" lex="healthy_control" sem="Multicellular_organism_natural">healthy controls</term>.</sentence>
<event KT="Investigation" id="E10" uncertainty="doubtful">
<type class="Transcription"/>
<theme idref="T25"/>
<clue>We have <clueKT>analyzed</clueKT> the <clueType>expression</clueType> <linkTheme>of</linkTheme> TCL1 mRNA and protein <clueLoc>in peripheral blood lymphocytes (PBLs) from four AT cases</clueLoc> and from healthy controls.</clue>
</event>
<event KT="Investigation" id="E28">
<type class="Transcription"/>
<theme idref="T25"/>
<clue>We have <clueKT>analyzed</clueKT> the <clueType>expression</clueType> <linkTheme>of</linkTheme> TCL1 mRNA and protein <clueLoc>in peripheral blood lymphocytes (PBLs)</clueLoc> from four AT cases and <clueLoc>from healthy controls</clueLoc>.</clue>
</event>
<event KT="Investigation" id="E11" uncertainty="doubtful">
<type class="Gene_expression"/>
<theme idref="A6" idref1="T26"/>
<clue>We have <clueKT>analyzed</clueKT> the <clueType>expression</clueType> <linkTheme>of</linkTheme> TCL1 mRNA and protein <clueLoc>in peripheral blood lymphocytes (PBLs) from four AT cases</clueLoc> and from healthy controls.</clue>
</event>
<event KT="Investigation" id="E29">
<type class="Gene_expression"/>
<theme idref="A6" idref1="T26"/>
<clue>We have <clueKT>analyzed</clueKT> the <clueType>expression</clueType> <linkTheme>of</linkTheme> TCL1 mRNA and protein <clueLoc>in peripheral blood lymphocytes (PBLs)</clueLoc> from four AT cases and <clueLoc>from healthy controls</clueLoc>.</clue>
</event>
<sentence id="S6">We found that the <term id="T31" lex="TCL1_gene" sem="DNA_domain_or_region">TCL1 gene</term> was overexpressed in the <term id="T32" lex="PBL" sem="Cell_natural">PBLs</term> of an <term id="T33" lex="AT_patient" sem="Multicellular_organism_natural"><term id="T34" lex="AT" sem="Other">AT</term> patient</term> with a <term id="T35" lex="large_clonal_T-cell_population" sem="Cell_cultured">large clonal T-cell population</term> exhibiting the <term id="T36" lex="t(14;14)_translocation" sem="Other"><term id="A7" sem="DNA_domain_or_region">t(14;14)</term> translocation</term> but not in the <term id="T37" lex="lymphocyte" sem="Cell_natural">lymphocytes</term> of the other cases.</sentence>
<event id="E12">
<type class="Gene_expression"/>
<theme idref="T31"/>
<clue>We found that the TCL1 gene was <clueType>overexpressed</clueType> in the PBLs of an AT patient with a large clonal T-cell population exhibiting the t(14;14) translocation but not in the lymphocytes of the other cases.</clue>
</event>
<event id="E13">
<type class="Positive_regulation"/>
<theme idref="E12"/>
<clue>We <clueKT>found</clueKT> that the TCL1 gene was <clueType>overexpressed</clueType> <clueLoc>in the PBLs of an AT patient with a large clonal T-cell population exhibiting the t(14;14) translocation</clueLoc> but not in the lymphocytes of the other cases.</clue>
</event>
<event KT="Analysis" id="E14">
<type class="DNA_recombination"/>
<theme idref="A7"/>
<clue>We found that the TCL1 gene was overexpressed in the PBLs of an AT patient with a large <clueLoc>clonal T-cell population</clueLoc> <clueKT>exhibiting</clueKT> the t(14;14) <clueType>translocation</clueType> but not in the lymphocytes of the other cases.</clue>
</event>
<event Polarity="Negative" assertion="non-exist" id="E15">
<type class="Positive_regulation"/>
<theme idref="E12"/>
<clue>We <clueKT>found</clueKT> that the TCL1 gene was <clueType>overexpressed</clueType> in the PBLs of an AT patient with a large clonal T-cell population exhibiting the t(14;14) translocation but <cluePolarity>not</cluePolarity> <clueLoc>in the lymphocytes of the other cases</clueLoc>.</clue>
</event>
<sentence id="S7"><term id="T38" lex="fluorescence_in_situ_hybridization" sem="Other">Fluorescence in situ hybridization</term> of the <term id="T39" lex="TCL1_genomic_locus" sem="DNA_domain_or_region">TCL1 genomic locus</term> to <term id="T40" lex="lymphocyte_metaphase" sem="Other">lymphocyte metaphases</term> from the <term id="T41" lex="AT_patient" sem="Multicellular_organism_natural"><term id="T42" lex="AT" sem="Other">AT</term> patient</term> with the <term id="T43" lex="T-cell_clonal_expansion" sem="Other"><term id="A8" sem="Cell_natural">T-cell</term> clonal expansion</term> showed that the breakpoint of the <term id="A20" sem="DNA_domain_or_region">t(14;14)</term> translocation lies within the <term id="T44" lex="TCL1_locus" sem="DNA_domain_or_region">TCL1 locus</term> and is accompanied by an <term id="T45" lex="inverted_duplication" sem="DNA_substructure">inverted duplication</term> of the <term id="A9" sem="DNA_domain_or_region"><term id="T46" lex="distal_part" sem="DNA_domain_or_region">distal part</term> of <term id="T47" lex="chromosome_14" sem="DNA_molecule">chromosome 14</term></term>.</sentence>
<event id="E16">
<type class="Cellular_physiological_process"/>
<theme idref="A8"/>
<clue>Fluorescence in situ hybridization of the TCL1 genomic locus to lymphocyte metaphases from the AT patient with the T-cell <clueType>clonal expansion</clueType> showed that the breakpoint of the t(14;14) translocation lies within the TCL1 locus and is accompanied by an inverted duplication of the distal part of chromosome 14.</clue>
</event>
<event KT="Other" id="E17">
<type class="Positive_regulation"/>
<theme idref="E27"/>
<clue><clueExperiment>Fluorescence in situ hybridization of the TCL1 genomic locus to lymphocyte metaphases from the AT patient with the T-cell clonal expansion</clueExperiment> showed that the <clueType>breakpoint</clueType> <linkTheme>of</linkTheme> the t(14;14) translocation lies within the TCL1 locus and is accompanied by an inverted duplication of the distal part of chromosome 14.</clue>
</event>
<event KT="Other" id="E27">
<type class="DNA_recombination"/>
<theme idref="A20"/>
<clue><clueExperiment>Fluorescence in situ hybridization of the TCL1 genomic locus to lymphocyte metaphases from the AT patient with the T-cell clonal expansion</clueExperiment> showed that the breakpoint of the t(14;14) <clueType>translocation</clueType> lies within the TCL1 locus and is accompanied by an inverted duplication of the distal part of chromosome 14.</clue>
</event>
<event KT="Other" id="E20">
<type class="DNA_recombination"/>
<theme idref="A9"/>
<clue><clueExperiment>Fluorescence in situ hybridization of the TCL1 genomic locus to lymphocyte metaphases from the AT patient with the T-cell clonal expansion</clueExperiment> showed that the breakpoint of the t(14;14) translocation lies within the TCL1 locus and is accompanied by an <clueType>inverted duplication</clueType> <linkTheme>of</linkTheme> the distal part of chromosome 14.</clue>
</event>
<sentence id="S8">These data indicate that <term id="T48" lex="TCL1" sem="DNA_domain_or_region">TCL1</term> is activated in <term id="T49" lex="preleukemic_clonal_cell" sem="Cell_cultured">preleukemic clonal cells</term> as a consequence of <term id="T50" lex="chromosome_translocation" sem="Other"><term id="A10" sem="DNA_molecule">chromosome</term> translocation</term> involving <term id="A11" sem="DNA_domain_or_region">sequences from the <term id="T51" lex="TCR_locus" sem="DNA_domain_or_region">TCR locus</term> at <term id="T52" lex="14q11" sem="DNA_domain_or_region">14q11</term></term>.</sentence>
<event KT="Other" id="E18">
<type class="Positive_regulation"/>
<theme idref="T48"/>
<clue>These data indicate that TCL1 is <clueType>activated</clueType> <clueLoc>in preleukemic clonal cells</clueLoc> as a consequence of chromosome translocation involving sequences from the TCR locus at 14q11.</clue>
</event>
<event CL="L2" KT="Analysis" id="E22">
<type class="Positive_regulation"/>
<theme idref="E18"/>
<cause idref="E19"/>
<clue>These data <clueKT><clueCL>indicate</clueCL></clueKT> that TCL1 is activated in preleukemic clonal cells <linkCause>as a consequence of</linkCause> chromosome translocation involving sequences from the TCR locus at 14q11.</clue>
</event>
<event KT="Other" id="E19">
<type class="DNA_recombination"/>
<theme idref="A10"/>
<clue>These data indicate that TCL1 is activated in preleukemic clonal cells as a consequence of chromosome <clueType>translocation</clueType> involving sequences from the TCR locus at 14q11.</clue>
</event>
<event KT="Analysis" id="E21">
<type class="Correlation"/>
<theme idref="E19"/>
<theme idref="A11"/>
<clue>These data indicate that TCL1 is activated in preleukemic clonal cells as a consequence of chromosome translocation <clueType><clueKT>involving</clueKT></clueType> sequences from the TCR locus at 14q11.</clue>
<comment>TPS: A11</comment></event>
<sentence id="S9">Deregulation of <term id="T53" lex="TCL1" sem="DNA_domain_or_region">TCL1</term> is the first event in the initiation of <term id="A12" sem="Other">malignancy</term> in these types of <term id="T54" lex="leukemia" sem="Other">leukemias</term> and represents a potential tool for <term id="T55" lex="clinical_evaluation" sem="Other">clinical evaluation</term>.</sentence>
<event KT="Other" id="E26">
<type class="Negative_regulation"/>
<theme idref="E23"/>
<clue><clueType>De</clueType>regulation of TCL1 is the first event in the initiation of malignancy in these types of leukemias and represents a potential tool for clinical evaluation.</clue>
</event>
<event KT="Other" assertion="non-exist" id="E23">
<type class="Regulation"/>
<theme idref="T53"/>
<clue>De<clueType>regulation</clueType> <linkTheme>of</linkTheme> TCL1 is the first event in the initiation of malignancy in these types of leukemias and represents a potential tool for clinical evaluation.</clue>
</event>
<event KT="Analysis" id="E24">
<type class="Correlation"/>
<theme idref="E26"/>
<theme idref="E25"/>
<clue>Deregulation of TCL1 is the <clueType><clueKT>first event</clueKT></clueType> <linkTheme>in</linkTheme> the initiation of malignancy in these types of leukemias and represents a potential tool for clinical evaluation.</clue>
</event>
<event KT="Other" id="E25">
<type class="Positive_regulation"/>
<theme idref="A12"/>
<clue>Deregulation of TCL1 is the first event in the <clueType>initiation</clueType> <linkTheme>of</linkTheme> malignancy <clueLoc>in these types of leukemias</clueLoc> and represents a potential tool for clinical evaluation.</clue>
</event>
</AbstractText>
</Abstract></Article></MedlineCitation></PubmedArticle></PubmedArticleSet></Annotation>
