<?xml version='1.0'?><!DOCTYPE Annotation PUBLIC "//GENIA//DTD GENIA ANNOTATION EVENT 2.0//EN_Modified" "../ModifiedGENIAtypes/Modified_GENIA_event_20.dtd"><Annotation annotates="http://www.ncbi.nlm.nih.gov/entrez/eutils/efetch.fcgi?db=pubmed&amp;retmode=xml&amp;rettype=medline&amp;id=7684503" created="24/01/2007" creator="Noriko Katsu"><PubmedArticleSet><PubmedArticle><MedlineCitation>
<PMID>7684503</PMID>
<Article>
<ArticleTitle>
<sentence id="S1">Regulation of the <term id="T1" lex="interleukin-1_beta_(IL-1_beta)_gene" sem="DNA_domain_or_region">interleukin-1 beta (<term id="A1" sem="DNA_domain_or_region"><term id="T2" lex="IL-1_beta" sem="Protein_molecule">IL-1 beta</term>) gene</term></term> by <term id="T3" lex="mycobacterial_component" sem="Protein_family_or_group">mycobacterial components</term> and <term id="T4" lex="lipopolysaccharide" sem="Lipid">lipopolysaccharide</term> is mediated by two <term id="T5" lex="nuclear_factor-IL6_motif" sem="DNA_domain_or_region">nuclear factor-IL6 motifs</term>.</sentence>
<event id="E1">
<type class="Regulation"/>
<theme idref="A1"/>
<cause idref="T3"/>
<clue><clueType>Regulation</clueType> <linkTheme>of</linkTheme> the interleukin-1 beta (IL-1 beta) gene <linkCause>by</linkCause> mycobacterial components and lipopolysaccharide is mediated by two nuclear factor-IL6 motifs.</clue>
</event>
<event id="E2">
<type class="Regulation"/>
<theme idref="A1"/>
<cause idref="T4"/>
<clue><clueType>Regulation</clueType> <linkTheme>of</linkTheme> the interleukin-1 beta (IL-1 beta) gene <linkCause>by</linkCause> mycobacterial components and lipopolysaccharide is mediated by two nuclear factor-IL6 motifs.</clue>
</event>
<event id="E3">
<type class="Positive_regulation"/>
<theme idref="E1"/>
<cause idref="T5"/>
<clue>Regulation of the interleukin-1 beta (IL-1 beta) gene by mycobacterial components and lipopolysaccharide is <clueType>mediated</clueType> <linkCause>by</linkCause> two nuclear factor-IL6 motifs.</clue>
</event>
<event id="E4">
<type class="Positive_regulation"/>
<theme idref="E1"/>
<cause idref="T5"/>
<clue>Regulation of the interleukin-1 beta (IL-1 beta) gene by mycobacterial components and lipopolysaccharide is <clueType>mediated</clueType> <linkCause>by</linkCause> two nuclear factor-IL6 motifs.</clue>
</event>
</ArticleTitle>
<Abstract>
<AbstractText>
<sentence id="S2">The cytokines interleukin-1 beta (<term id="T6" lex="IL-1_beta" sem="Protein_molecule">IL-1 beta</term>) and tumor necrosis factor alpha (<term id="T7" lex="TNF-alpha" sem="Protein_molecule">TNF-alpha</term>) are released by <term id="T8" lex="mononuclear_phagocyte" sem="Cell_natural">mononuclear phagocytes</term> in vitro after stimulation with <term id="T9" lex="mycobacteria" sem="Unicellular_organism">mycobacteria</term> and are considered to mediate pathophysiologic events, including <term id="T10" lex="granuloma_formation" sem="Other"><term id="A3" sem="Other">granuloma</term> formation</term> and <term id="A2" sem="Other">systemic symptoms</term>.</sentence>
<event KT="Other" id="E5">
<type class="Localization"/>
<theme idref="T6"/>
<clue>The cytokines interleukin-1 beta (IL-1 beta) and tumor necrosis factor alpha (TNF-alpha) are <clueType>released</clueType> <clueLoc>by mononuclear phagocytes</clueLoc> in vitro after stimulation with mycobacteria and are considered to mediate pathophysiologic events, including granuloma formation and systemic symptoms.</clue>
</event>
<event KT="Other" id="E6">
<type class="Localization"/>
<theme idref="T7"/>
<clue>The cytokines interleukin-1 beta (IL-1 beta) and tumor necrosis factor alpha (TNF-alpha) are <clueType>released</clueType> <clueLoc>by mononuclear phagocytes</clueLoc> in vitro after stimulation with mycobacteria and are considered to mediate pathophysiologic events, including granuloma formation and systemic symptoms.</clue>
</event>
<event KT="Fact" id="E9">
<type class="Positive_regulation"/>
<theme idref="E5"/>
<cause idref="E7"/>
<clue>The cytokines interleukin-1 beta (IL-1 beta) and tumor necrosis factor alpha (TNF-alpha) are released by mononuclear phagocytes in vitro <linkCause>after</linkCause> stimulation with mycobacteria and are considered to mediate pathophysiologic events, including granuloma formation and systemic symptoms.</clue>
</event>
<event KT="Fact" id="E10">
<type class="Positive_regulation"/>
<theme idref="E6"/>
<cause idref="E7"/>
<clue>The cytokines interleukin-1 beta (IL-1 beta) and tumor necrosis factor alpha (TNF-alpha) are released by mononuclear phagocytes in vitro <linkCause>after</linkCause> stimulation with mycobacteria and are considered to mediate pathophysiologic events, including granuloma formation and systemic symptoms.</clue>
</event>
<event KT="Other" id="E7">
<type class="Physiological_process"/>
<theme idref="T8"/>
<cause idref="T9"/>
<clue>The cytokines interleukin-1 beta (IL-1 beta) and tumor necrosis factor alpha (TNF-alpha) are released by mononuclear phagocytes in vitro after <clueType>stimulation</clueType> <linkCause>with</linkCause> mycobacteria and are considered to mediate pathophysiologic events, including granuloma formation and systemic symptoms.</clue>
</event>
<event KT="Fact" id="E8">
<type class="Positive_regulation"/>
<theme idref="E12"/>
<cause idref="T6"/>
<clue>The cytokines interleukin-1 beta (IL-1 beta) and tumor necrosis factor alpha (TNF-alpha) are released by mononuclear phagocytes in vitro after stimulation with mycobacteria and are considered to <clueType>mediate</clueType> <corefTheme>pathophysiologic events</corefTheme>, including granuloma formation and systemic symptoms.</clue>
</event>
<event KT="Fact" id="E11">
<type class="Positive_regulation"/>
<theme idref="A2"/>
<cause idref="T7"/>
<clue>The cytokines interleukin-1 beta (IL-1 beta) and tumor necrosis factor alpha (TNF-alpha) are released by mononuclear phagocytes in vitro after stimulation with mycobacteria and are considered to <clueType>mediate</clueType> <corefTheme>pathophysiologic events</corefTheme>, including granuloma formation and systemic symptoms.</clue>
</event>
<event KT="Other" id="E12">
<type class="Positive_regulation"/>
<theme idref="A3"/>
<clue>The cytokines interleukin-1 beta (IL-1 beta) and tumor necrosis factor alpha (TNF-alpha) are released by mononuclear phagocytes in vitro after stimulation with mycobacteria and are considered to mediate pathophysiologic events, including granuloma <clueType>formation</clueType> and systemic symptoms.</clue>
</event>
<sentence id="S3">We demonstrated that the <term id="T11" lex="Mycobacterium_tuberculosis_cell_wall_component" sem="Cell_component"><term id="T12" lex="Mycobacterium_tuberculosis" sem="Unicellular_organism">Mycobacterium tuberculosis</term> cell wall component</term> <term id="T13" lex="lipoarabinomannan" sem="Lipid">lipoarabinomannan</term> (<term id="T14" lex="LAM" sem="Lipid">LAM</term>) is a very potent inducer of <term id="T15" lex="IL-1_beta_gene_expression" sem="Other"><term id="T16" lex="IL-1_beta_gene" sem="DNA_domain_or_region">IL-1 beta gene</term> expression</term> in <term id="T17" lex="human_monocyte" sem="Cell_natural">human monocytes</term> and investigated the mechanism of this effect.</sentence>
<event KT="Analysis" Manner="High" id="E13">
<type class="Positive_regulation"/>
<theme idref="E14"/>
<cause idref="T14"/>
<clue>We <clueKT>demonstrated</clueKT> that the <corefCause>Mycobacterium tuberculosis cell wall component</corefCause> lipoarabinomannan (LAM) is a <clueManner>very potent</clueManner> <clueType>inducer</clueType> <linkTheme>of</linkTheme> IL-1 beta gene expression in human monocytes and investigated the mechanism of this effect.</clue>
</event>
<event KT="Other" id="E14">
<type class="Gene_expression"/>
<theme idref="T16"/>
<clue>We demonstrated that the Mycobacterium tuberculosis cell wall component lipoarabinomannan (LAM) is a very potent inducer of IL-1 beta gene <clueType>expression</clueType> <clueLoc>in human monocytes</clueLoc> and investigated the mechanism of this effect.</clue>
</event>
<sentence id="S4">We localized the <term id="T18" lex="LAM" sem="Lipid">LAM</term>-, <term id="T19" lex="lipopolysaccharide" sem="Lipid">lipopolysaccharide</term> (<term id="T20" lex="LPS" sem="Lipid">LPS</term>)-, and <term id="T21" lex="TNF-alpha-inducible_promoter_activity" sem="Other"><term id="T22" lex="TNF-alpha" sem="Protein_molecule">TNF-alpha</term><term id="T23" lex="inducible_promoter" sem="DNA_domain_or_region">-inducible <term id="A4" sem="DNA_domain_or_region">promoter</term></term> activity</term> to a -131/+15 (positions -131 to +15) DNA fragment of the <term id="T24" lex="IL-1_beta_gene" sem="DNA_domain_or_region">IL-1 beta gene</term> by <term id="T25" lex="deletion_analysis" sem="Other">deletion analysis</term> and <term id="T26" lex="chloramphenicol_acetyltransferase_assay" sem="Other"><term id="T27" lex="chloramphenicol_acetyltransferase" sem="Protein_molecule">chloramphenicol acetyltransferase</term> assay</term>.</sentence>
<event id="E15">
<type class="Positive_regulation"/>
<theme idref="A4"/>
<cause idref="T18"/>
<clue>We localized the LAM-, lipopolysaccharide (LPS)-, and TNF-alpha-<clueType>inducible</clueType> promoter activity to a -131/+15 (positions -131 to +15) DNA fragment of the IL-1 beta gene <clueExperiment>by deletion analysis and chloramphenicol acetyltransferase assay</clueExperiment>.</clue>
</event>
<event id="E16">
<type class="Positive_regulation"/>
<theme idref="A4"/>
<cause idref="T20"/>
<clue>We localized the LAM-, lipopolysaccharide (LPS)-, and TNF-alpha-<clueType>inducible</clueType> promoter activity to a -131/+15 (positions -131 to +15) DNA fragment of the IL-1 beta gene <clueExperiment>by deletion analysis and chloramphenicol acetyltransferase assay</clueExperiment>.</clue>
</event>
<event id="E17">
<type class="Positive_regulation"/>
<theme idref="A4"/>
<cause idref="T22"/>
<clue>We localized the LAM-, lipopolysaccharide (LPS)-, and TNF-alpha-<clueType>inducible</clueType> promoter activity to a -131/+15 (positions -131 to +15) DNA fragment of the IL-1 beta gene <clueExperiment>by deletion analysis and chloramphenicol acetyltransferase assay</clueExperiment>.</clue>
</event>
<sentence id="S5">Within this DNA fragment, there were two novel <term id="T28" lex="9-bp_motif" sem="DNA_substructure">9-bp motifs</term> (-90/-82 and -40/-32) with high homology to the <term id="T29" lex="nuclear_factor-IL6_(NF-IL6)_binding_site" sem="DNA_domain_or_region"><term id="T30" lex="nuclear_factor-IL6" sem="Protein_molecule">nuclear factor-IL6</term> (<term id="T31" lex="NF-IL6" sem="Protein_molecule">NF-IL6</term>) binding site</term>.</sentence>
<sentence id="S6">Site-directed mutagenesis demonstrated that the two <term id="T32" lex="NF-IL-6_motifs" sem="DNA_domain_or_region">NF-IL-6 motifs</term> could be independently activated by <term id="T33" lex="LAM" sem="Lipid">LAM</term>, <term id="T34" lex="LPS" sem="Lipid">LPS</term>, or <term id="T35" lex="TNF-alpha" sem="Protein_molecule">TNF-alpha</term> and that they acted in an orientation-independent manner.</sentence>
<event CL="L1" KT="Analysis" id="E18">
<type class="Positive_regulation"/>
<theme idref="T32"/>
<cause idref="T33"/>
<clue><clueExperiment>Site-directed mutagenesis</clueExperiment> <clueKT>demonstrated</clueKT> that the two NF-IL-6 motifs <clueCL>could</clueCL> be independently <clueType>activated</clueType> <linkCause>by</linkCause> LAM, LPS, or TNF-alpha and that they acted in an orientation-independent manner.</clue>
</event>
<event CL="L1" KT="Analysis" id="E19">
<type class="Positive_regulation"/>
<theme idref="T32"/>
<cause idref="T34"/>
<clue><clueExperiment>Site-directed mutagenesis</clueExperiment> <clueKT>demonstrated</clueKT> that the two NF-IL-6 motifs <clueCL>could</clueCL> be independently <clueType>activated</clueType> <linkCause>by</linkCause> LAM, LPS, or TNF-alpha and that they acted in an orientation-independent manner.</clue>
</event>
<event CL="L1" KT="Analysis" id="E20">
<type class="Positive_regulation"/>
<theme idref="T32"/>
<cause idref="T35"/>
<clue><clueExperiment>Site-directed mutagenesis</clueExperiment> <clueKT>demonstrated</clueKT> that the two NF-IL-6 motifs <clueCL>could</clueCL> be independently <clueType>activated</clueType> <linkCause>by</linkCause> LAM, LPS, or TNF-alpha and that they acted in an orientation-independent manner.</clue>
</event>
<sentence id="S7"><term id="T36" lex="DNA_mobility_shift_assay" sem="Other">DNA mobility shift assay</term> revealed specific binding of <term id="T37" lex="nuclear_protein" sem="Protein_family_or_group">nuclear protein</term>(s) <term id="A5" sem="Protein_family_or_group">from</term> <cons id="T38" lex="(OR LAM-stimulated_THP-1_cell LPS-stimulated_THP-1_cell TNF-alpha-stimulated_THP-1_cell)" sem="(OR Cell_cultured Cell_cultured Cell_cultured)"><term id="A6" sem="Protein_family_or_group"><frag id="F1"><term id="A7" sem="Lipid">LAM</term>-</frag>, <frag id="F2"><term id="A8" sem="Lipid">LPS</term>-</frag>, or <frag id="F3"><term id="A9" sem="Protein_molecule">TNF-alpha</term>-</frag> <frag id="F4">stimulated <term id="A10" sem="Cell_cultured">THP-1 cells</term></frag></term></cons> to the <term id="T39" lex="NF-IL6_motif" sem="DNA_substructure">NF-IL6 motifs</term>.</sentence>
<event KT="Analysis" id="E21">
<type class="Binding"/>
<theme idref="T37" idref1="A5" idref2="A6"/>
<theme idref="T39"/>
<clue><clueExperiment>DNA mobility shift assay</clueExperiment> <clueKT>revealed</clueKT> specific <clueType>binding</clueType> <linkTheme>of</linkTheme> nuclear protein(s) from LAM-, LPS-, or TNF-alpha- stimulated THP-1 cells <linkTheme>to</linkTheme> the NF-IL6 motifs.</clue>
<comment>NER: T37 sem mod, Protein_domain_or_region -&gt; Protein_family_or_group</comment></event>
<event KT="Other" id="E22">
<type class="Physiological_process"/>
<theme idref="A10"/>
<cause idref="A7"/>
<clue>DNA mobility shift assay revealed specific binding of nuclear protein(s) from LAM-, LPS-, or TNF-alpha- <clueType>stimulated</clueType> THP-1 cells to the NF-IL6 motifs.</clue>
</event>
<event KT="Other" id="E23">
<type class="Physiological_process"/>
<theme idref="A10"/>
<cause idref="A8"/>
<clue>DNA mobility shift assay revealed specific binding of nuclear protein(s) from LAM-, LPS-, or TNF-alpha- <clueType>stimulated</clueType> THP-1 cells to the NF-IL6 motifs.</clue>
</event>
<event KT="Other" id="E24">
<type class="Physiological_process"/>
<theme idref="A10"/>
<cause idref="A9"/>
<clue>DNA mobility shift assay revealed specific binding of nuclear protein(s) from LAM-, LPS-, or TNF-alpha- <clueType>stimulated</clueType> THP-1 cells to the NF-IL6 motifs.</clue>
</event>
<sentence id="S8">We conclude that the two <term id="T40" lex="NF-IL6_site" sem="DNA_domain_or_region">NF-IL6 sites</term> mediate induction of <term id="T41" lex="IL-1_beta" sem="Protein_molecule">IL-1 beta</term> in response to the stimuli <term id="T42" lex="LAM" sem="Lipid">LAM</term>, <term id="T43" lex="LPS" sem="Lipid">LPS</term>, and <term id="T44" lex="TNF-alpha" sem="Protein_molecule">TNF-alpha</term>.</sentence>
<event KT="Analysis" id="E25">
<type class="Positive_regulation"/>
<theme idref="E26"/>
<cause idref="T40"/>
<clue>We <clueKT>conclude</clueKT> that the two NF-IL6 sites <clueType>mediate</clueType> induction of IL-1 beta in response to the stimuli LAM, LPS, and TNF-alpha.</clue>
</event>
<event KT="Analysis" id="E29">
<type class="Positive_regulation"/>
<theme idref="E27"/>
<cause idref="T40"/>
<clue>We <clueKT>conclude</clueKT> that the two NF-IL6 sites <clueType>mediate</clueType> induction of IL-1 beta in response to the stimuli LAM, LPS, and TNF-alpha.</clue>
</event>
<event KT="Analysis" id="E30">
<type class="Positive_regulation"/>
<theme idref="E28"/>
<cause idref="T40"/>
<clue>We <clueKT>conclude</clueKT> that the two NF-IL6 sites <clueType>mediate</clueType> induction of IL-1 beta in response to the stimuli LAM, LPS, and TNF-alpha.</clue>
</event>
<event KT="Other" id="E26">
<type class="Positive_regulation"/>
<theme idref="T41"/>
<cause idref="T42"/>
<clue>We conclude that the two NF-IL6 sites mediate <clueType>induction</clueType> <linkTheme>of</linkTheme> IL-1 beta <linkCause>in response to</linkCause> <corefCause>the stimuli</corefCause> LAM, LPS, and TNF-alpha.</clue>
</event>
<event KT="Other" id="E27">
<type class="Positive_regulation"/>
<theme idref="T41"/>
<cause idref="T43"/>
<clue>We conclude that the two NF-IL6 sites mediate <clueType>induction</clueType> <linkTheme>of</linkTheme> IL-1 beta <linkCause>in response to</linkCause> <corefCause>the stimuli</corefCause> LAM, LPS, and TNF-alpha.</clue>
</event>
<event KT="Other" id="E28">
<type class="Positive_regulation"/>
<theme idref="T41"/>
<cause idref="T44"/>
<clue>We conclude that the two NF-IL6 sites mediate <clueType>induction</clueType> <linkTheme>of</linkTheme> IL-1 beta <linkCause>in response to</linkCause> <corefCause>the stimuli</corefCause> LAM, LPS, and TNF-alpha.</clue>
</event>
</AbstractText>
</Abstract></Article></MedlineCitation></PubmedArticle></PubmedArticleSet></Annotation>
