<?xml version='1.0'?><!DOCTYPE Annotation PUBLIC "//GENIA//DTD GENIA ANNOTATION EVENT 2.0//EN_Modified" "../ModifiedGENIAtypes/Modified_GENIA_event_20.dtd"><Annotation annotates="http://www.ncbi.nlm.nih.gov/entrez/eutils/efetch.fcgi?db=pubmed&amp;retmode=xml&amp;rettype=medline&amp;id=7706273" created="06/12/23" creator="Yumiko Katsu"><PubmedArticleSet><PubmedArticle><MedlineCitation>
<PMID>7706273</PMID>
<Article>
<ArticleTitle>
<sentence id="S1"><term id="T1" lex="transcriptional_regulation" sem="Other">Transcriptional regulation</term> of the <term id="T2" lex="vacuolar_H(+)-ATPase_B2_subunit_gene" sem="DNA_domain_or_region"><term id="T3" lex="vacuolar_H(+)-ATPase_B2_subunit" sem="Protein_molecule">vacuolar H(+)-ATPase B2 subunit</term> gene</term> in <term id="T4" lex="differentiating_THP-1_cell" sem="Cell_cultured">differentiating <term id="A1" sem="Cell_natural">THP-1 cells</term></term>.</sentence>
<event KT="Investigation" id="E1">
<type class="Regulation"/>
<cause idref="T2"/>
<clue><clueType>Transcriptional regulation</clueType> <linkCause>of</linkCause> the vacuolar H(+)-ATPase B2 subunit gene <clueLoc>in differentiating THP-1 cells</clueLoc>.</clue>
<comment>NO THEME</comment></event>
<event KT="Other" id="E2">
<type class="Cell_differentiation"/>
<theme idref="A1"/>
<clue>Transcriptional regulation of the vacuolar H(+)-ATPase B2 subunit gene in <clueType>differentiating</clueType> THP-1 cells.</clue>
</event>
</ArticleTitle>
<Abstract>
<AbstractText>
<sentence id="S2"><term id="T5" lex="monocyte-macrophage_differentiation" sem="Other"><term id="A2" sem="Cell_natural">Monocyte</term>-<term id="A20" sem="Cell_natural">macrophage</term> differentiation</term> was used as a model system for studying <term id="T6" lex="gene_regulation" sem="Other">gene regulation</term> of the <term id="T7" lex="human_vacuolar_H(+)-ATPase" sem="Protein_molecule">human vacuolar H(+)-ATPase</term> (<term id="T8" lex="V-ATPase" sem="Protein_molecule">V-ATPase</term>).</sentence>
<event id="E3">
<type class="Cell_differentiation"/>
<theme idref="A2"/>
<theme idref="A20"/>
<clue>Monocyte-macrophage <clueType>differentiation</clueType> was used as a model system for studying gene regulation of the human vacuolar H(+)-ATPase (V-ATPase).</clue>
</event>
<event KT="Investigation" id="E4" uncertainty="doubtful">
<type class="Gene_expression"/>
<theme idref="T8"/>
<clue>Monocyte-macrophage differentiation was used as a model system <clueKT>for studying</clueKT> <clueType>gene regulation</clueType> <linkTheme>of</linkTheme> the human vacuolar H(+)-ATPase (V-ATPase).</clue>
</event>
<sentence id="S3">We examined <term id="T9" lex="mRNA_level" sem="Other"><term id="T10" lex="mRNA" sem="RNA_family_or_group">mRNA</term> levels</term> of various <term id="T11" lex="V-ATPase" sem="Protein_molecule">V-ATPase</term> subunits during differentiation of both <term id="T12" lex="native_monocyte" sem="Cell_natural">native monocytes</term> and the <term id="T13" lex="cell_line" sem="Cell_cultured">cell line</term> <term id="T14" lex="THP-1" sem="Cell_cultured">THP-1</term>, and found that <cons id="T15" lex="(AND transcriptional_mechanism post-transcriptional_mechanism)" sem="(AND Other Other)"><frag id="F1">transcriptional</frag> and <frag id="F2">post-transcriptional</frag> <frag id="F3">mechanisms</frag></cons> could account for increases in <term id="T16" lex="cell_V-ATPase_content" sem="Other">cell <term id="T17" lex="V-ATPase" sem="Protein_molecule">V-ATPase</term> content</term>.</sentence>
<event KT="Investigation" id="E30" uncertainty="doubtful">
<type class="Transcription"/>
<theme idref="T11"/>
<clue>We <clueKT>examined</clueKT> <clueType>mRNA levels</clueType> <linkTheme>of</linkTheme> various V-ATPase subunits <clueTime>during differentiation of both native monocytes and the cell line THP-1</clueTime>, and found that transcriptional and post-transcriptional mechanisms could account for increases in cell V-ATPase content.</clue>
</event>
<event KT="Other" id="E5">
<type class="Cell_differentiation"/>
<theme idref="T12"/>
<clue>We examined mRNA levels of various V-ATPase subunits during <clueType>differentiation</clueType> <linkTheme>of</linkTheme> both native monocytes and the cell line THP-1, and found that transcriptional and post-transcriptional mechanisms could account for increases in cell V-ATPase content.</clue>
</event>
<event KT="Other" id="E6">
<type class="Cell_differentiation"/>
<theme idref="T14"/>
<clue>We examined mRNA levels of various V-ATPase subunits during <clueType>differentiation</clueType> <linkTheme>of</linkTheme> both native monocytes and the cell line THP-1, and found that transcriptional and post-transcriptional mechanisms could account for increases in cell V-ATPase content.</clue>
</event>
<event KT="Other" id="E7">
<type class="Positive_regulation"/>
<theme idref="T16"/>
<clue>We examined mRNA levels of various V-ATPase subunits during differentiation of both native monocytes and the cell line THP-1, and found that transcriptional and post-transcriptional mechanisms could account for <clueType>increases</clueType> <linkTheme>in</linkTheme> cell V-ATPase content.</clue>
</event>
<event KT="Analysis" id="E8">
<type class="Regulation"/>
<theme idref="E7"/>
<cause idref="F1" idref1="F3"/>
<clue>We examined mRNA levels of various V-ATPase subunits during differentiation of both native monocytes and the cell line THP-1, and found that transcriptional and post-transcriptional mechanisms could <clueType><clueKT>account</clueKT></clueType> <linkTheme>for</linkTheme> increases in cell V-ATPase content.</clue>
</event>
<event KT="Analysis" id="E9">
<type class="Regulation"/>
<theme idref="E7"/>
<cause idref="F2" idref1="F3"/>
<clue>We examined mRNA levels of various V-ATPase subunits during differentiation of both native monocytes and the cell line THP-1, and found that transcriptional and post-transcriptional mechanisms could <clueType><clueKT>account</clueKT></clueType> <linkTheme>for</linkTheme> increases in cell V-ATPase content.</clue>
</event>
<sentence id="S4">From <term id="A14" sem="Other">nuclear runoff experiments</term>, we found that one subunit in particular, the <term id="T18" lex="B2_isoform" sem="Protein_molecule">B2 isoform</term> (Mr = 56,000), was amplified primarily by <term id="T19" lex="transcriptional_mean" sem="Other">transcriptional means</term>.</sentence>
<event id="E10">
<type class="Positive_regulation"/>
<theme idref="T18"/>
<cause idref="T19"/>
<clue><clueExperiment>From nuclear runoff experiments</clueExperiment>, we <clueKT>found</clueKT> that one subunit in particular, the B2 isoform (Mr = 56,000), was <clueType>amplified</clueType> primarily <linkCause>by</linkCause> transcriptional means.</clue>
</event>
<sentence id="S5">We have begun to examine the structure of the <term id="T20" lex="B2_subunit_promoter_region" sem="DNA_domain_or_region"><term id="T21" lex="B2_subunit" sem="Protein_molecule">B2 subunit</term> <term id="T22" lex="promoter_region" sem="DNA_domain_or_region">promoter region</term></term>.</sentence>
<sentence id="S6">Isolation and sequencing of the <term id="T23" lex="first_exon" sem="DNA_domain_or_region">first exon</term> and <term id="T24" lex="5&apos;-flanking_region" sem="DNA_domain_or_region">5&apos;-flanking region</term> of this gene reveal a <term id="T25" lex="TATA-less_promoter" sem="DNA_domain_or_region">TATA-less promoter</term> with a high <term id="T26" lex="G_+_C_content" sem="Other"><term id="T27" lex="G" sem="Nucleotide">G</term> + <term id="T28" lex="C" sem="Nucleotide">C</term> content</term>.</sentence>
<sentence id="S7"><term id="T29" lex="primer_extension" sem="Other">Primer extension</term> and <term id="T30" lex="ribonuclease_protection_analysis" sem="Other"><term id="T31" lex="ribonuclease" sem="Protein_molecule">ribonuclease</term> protection analyses</term> indicate a single <term id="T32" lex="major_transcriptional_start_site" sem="DNA_domain_or_region">major transcriptional start site</term>.</sentence>
<sentence id="S8">We transfected <term id="T33" lex="promoter-luciferase_reporter_plasmid" sem="DNA_molecule">promoter-luciferase reporter plasmids</term> into <term id="T34" lex="THP-1_cell" sem="Cell_cultured">THP-1 cells</term> to define <term id="A8" sem="DNA_domain_or_region">sequences</term> that mediate <term id="T35" lex="transcriptional_control" sem="Other">transcriptional control</term> during <term id="T36" lex="monocyte_differentiation" sem="Other"><term id="A7" sem="Cell_natural">monocyte</term> differentiation</term>.</sentence>
<event KT="Method" id="E11">
<type class="Artificial_process"/>
<theme idref="T33"/>
<theme idref="T34"/>
<clue>We <clueType>transfected</clueType> promoter-luciferase reporter plasmids <linkTheme>into</linkTheme> THP-1 cells to define sequences that mediate transcriptional control during monocyte differentiation.</clue>
</event>
<event KT="Other" id="E12">
<type class="Positive_regulation"/>
<theme idref="T35"/>
<cause idref="A8"/>
<clue>We transfected promoter-luciferase reporter plasmids into THP-1 cells to define sequences that <clueType>mediate</clueType> transcriptional control <clueTime>during monocyte differentiation</clueTime>.</clue>
</event>
<event KT="Other" id="E13">
<type class="Cell_differentiation"/>
<theme idref="A7"/>
<clue>We transfected promoter-luciferase reporter plasmids into THP-1 cells to define sequences that mediate transcriptional control during monocyte <clueType>differentiation</clueType>.</clue>
</event>
<sentence id="S9">We found that <term id="A9" sem="DNA_domain_or_region">sequences downstream from the transcriptional start site</term> were sufficient to confer increased <term id="A10" sem="Other">expression</term> during <term id="T37" lex="THP-1_differentiation" sem="Other"><term id="T38" lex="THP-1" sem="Cell_cultured">THP-1</term> differentiation</term>.</sentence>
<event id="E14">
<type class="Regulation"/>
<theme idref="E15"/>
<cause idref="A9"/>
<clue>We <clueKT>found</clueKT> that sequences downstream from the transcriptional start site were sufficient to <clueType>confer</clueType> increased expression during THP-1 differentiation.</clue>
<comment>TPS A9</comment></event>
<event id="E15">
<type class="Positive_regulation"/>
<theme idref="A10"/>
<clue>We found that sequences downstream from the transcriptional start site were sufficient to confer <clueType>increased</clueType> expression <clueTime>during THP-1 differentiation</clueTime>.</clue>
</event>
<event id="E16">
<type class="Cell_differentiation"/>
<theme idref="T38"/>
<clue>We found that sequences downstream from the transcriptional start site were sufficient to confer increased expression during THP-1 <clueType>differentiation</clueType>.</clue>
</event>
<sentence id="S10"><term id="T39" lex="DNase_I_footprinting" sem="Other"><term id="T40" lex="DNase_I" sem="Protein_molecule">DNase I</term> footprinting</term> and <term id="T41" lex="sequence_analysis" sem="Other">sequence analysis</term> revealed the existence of multiple <cons id="T42" lex="(AND AP2_binding_site Sp1_binding_site)" sem="(AND DNA_domain_or_region DNA_domain_or_region)"><frag id="F4"><term id="A12" sem="Protein_molecule">AP2</term></frag> and <frag id="F5"><term id="A13" sem="Protein_molecule">Sp1</term></frag> <frag id="F6">binding sites</frag></cons> in the <cons id="T43" lex="(AND 5&apos;-untranslated_region proximal_coding_region)" sem="(AND DNA_domain_or_region DNA_domain_or_region)"><term id="A11" sem="DNA_domain_or_region"><frag id="F7">5&apos;-untranslated</frag> and <frag id="F8">proximal coding</frag> <frag id="F9">regions</frag></term></cons>.</sentence>
<event KT="Analysis" id="E17">
<type class="Binding"/>
<theme idref="A12"/>
<theme idref="A11"/>
<clue><clueExperiment>DNase I footprinting and sequence analysis</clueExperiment> <clueKT>revealed</clueKT> the existence of multiple AP2 and Sp1 <clueType>binding</clueType> sites <linkTheme>in</linkTheme> the 5&apos;-untranslated and proximal coding regions.</clue>
<comment>TPS A11</comment></event>
<event KT="Analysis" id="E18">
<type class="Binding"/>
<theme idref="A13"/>
<theme idref="A11"/>
<clue><clueExperiment>DNase I footprinting and sequence analysis</clueExperiment> <clueKT>revealed</clueKT> the existence of multiple AP2 and Sp1 <clueType>binding</clueType> sites <linkTheme>in</linkTheme> the 5&apos;-untranslated and proximal coding regions.</clue>
</event>
</AbstractText>
</Abstract></Article></MedlineCitation></PubmedArticle></PubmedArticleSet></Annotation>
