<?xml version='1.0'?><!DOCTYPE Annotation PUBLIC "//GENIA//DTD GENIA ANNOTATION EVENT 2.0//EN_Modified" "../ModifiedGENIAtypes/Modified_GENIA_event_20.dtd"><Annotation annotates="http://www.ncbi.nlm.nih.gov/entrez/eutils/efetch.fcgi?db=pubmed&amp;retmode=xml&amp;rettype=medline&amp;id=7759548" created="04/12/2006" creator="Noriko Katsu"><PubmedArticleSet><PubmedArticle><MedlineCitation>
<PMID>7759548</PMID>
<Article>
<ArticleTitle>
<sentence id="S1">Identification of two novel <term id="T1" lex="regulatory_element" sem="DNA_family_or_group">regulatory elements</term> within the <term id="T2" lex="5&apos;-untranslated_region" sem="DNA_domain_or_region">5&apos;-untranslated region</term> of the <term id="T3" lex="human_A_gamma-globin_gene" sem="DNA_domain_or_region">human A gamma-globin gene</term>.</sentence>
</ArticleTitle>
<Abstract>
<AbstractText>
<sentence id="S2">Interaction between the <term id="T4" lex="stage_selector_element" sem="DNA_domain_or_region">stage selector element</term> (<term id="A1" sem="DNA_domain_or_region"><term id="T5" lex="SSE" sem="DNA_substructure">SSE</term>) in the <term id="T6" lex="proximal_gamma-globin_promoter" sem="DNA_domain_or_region">proximal gamma-globin promoter</term></term> and <term id="A2" sem="DNA_domain_or_region"><term id="T7" lex="hypersensitivity_site_2" sem="DNA_domain_or_region">hypersensitivity site 2</term> in the <term id="T8" lex="locus_control_region" sem="DNA_domain_or_region">locus control region</term></term> partly mediates the competitive silencing of the <term id="T9" lex="beta-globin_promoter" sem="DNA_domain_or_region">beta-globin promoter</term> in the fetal developmental stage.</sentence>
<event KT="Other" id="E1">
<type class="Binding"/>
<theme idref="A1"/>
<theme idref="A2"/>
<clue><clueType>Interaction</clueType> <linkTheme>between</linkTheme> the stage selector element (SSE) in the proximal gamma-globin promoter and hypersensitivity site 2 in the locus control region partly mediates the competitive silencing of the beta-globin promoter in the fetal developmental stage.</clue>
<comment>TPS: A1 &amp; A2</comment></event>
<event KT="Fact" id="E2">
<type class="Negative_regulation"/>
<theme idref="E3"/>
<cause idref="E1"/>
<clue>Interaction between the stage selector element (SSE) in the proximal gamma-globin promoter and hypersensitivity site 2 in the locus control region partly <clueType>mediates</clueType> the <clueType>competitive</clueType> silencing of the beta-globin promoter in the fetal developmental stage.</clue>
</event>
<event KT="Other" id="E3">
<type class="Cellular_physiological_process"/>
<theme idref="T9"/>
<clue>Interaction between the stage selector element (SSE) in the proximal gamma-globin promoter and hypersensitivity site 2 in the locus control region partly mediates the competitive <clueType>silencing</clueType> <linkTheme>of</linkTheme> the beta-globin promoter <clueTime>in the fetal developmental stage</clueTime>.</clue>
</event>
<sentence id="S3">We have now demonstrated that a second <term id="A3" sem="DNA_domain_or_region"><term id="T10" lex="SSE-like_element" sem="DNA_domain_or_region">SSE-like element</term> in the <term id="T11" lex="5&apos;-untranslated_region" sem="DNA_domain_or_region">5&apos;-untranslated region</term> of the <term id="T12" lex="gamma-gene" sem="DNA_domain_or_region">gamma-gene</term></term> also contributes to this competitive silencing of the <term id="T13" lex="beta-gene" sem="DNA_domain_or_region">beta-gene</term>.</sentence>
<event KT="Analysis" id="E4">
<type class="Negative_regulation"/>
<theme idref="E5"/>
<cause idref="A3"/>
<clue>We have now <clueKT>demonstrated</clueKT> that a second SSE-like element in the 5&apos;-untranslated region of the gamma-gene also <clueType>contributes</clueType> <linkTheme>to</linkTheme> this <clueType>competitive</clueType> silencing of the beta-gene.</clue>
<comment>TPS: A3</comment></event>
<event KT="Other" id="E5">
<type class="Cellular_physiological_process"/>
<theme idref="T13"/>
<clue>We have now demonstrated that a second SSE-like element in the 5&apos;-untranslated region of the gamma-gene also contributes to this competitive <clueType>silencing</clueType> <linkTheme>of</linkTheme> the beta-gene.</clue>
</event>
<sentence id="S4">Utilizing <term id="T14" lex="transient_transfection_assay" sem="Other">transient transfection assays</term> in the <term id="T15" lex="fetal_erythroid_cell_line" sem="Cell_cultured">fetal erythroid cell line</term>, <term id="T16" lex="K562" sem="Cell_cultured">K562</term>, we have shown that the <term id="A4" sem="DNA_domain_or_region"><term id="T17" lex="core_enhancer" sem="DNA_domain_or_region">core enhancer</term> of <term id="T18" lex="hypersensitivity_site_2" sem="DNA_domain_or_region">hypersensitivity site 2</term></term> can preferentially interact with the <term id="T19" lex="proximal_gamma-promoter" sem="DNA_domain_or_region">proximal gamma-promoter</term> in the absence of the <term id="T20" lex="SSE" sem="DNA_domain_or_region">SSE</term>, completely silencing a <term id="T21" lex="linked_beta-promoter" sem="DNA_domain_or_region">linked beta-promoter</term>.</sentence>
<event KT="Other" id="E6">
<type class="Binding"/>
<theme idref="A4"/>
<theme idref="T19"/>
<clue>Utilizing <clueExperiment>transient transfection assays</clueExperiment> <clueLoc>in the fetal erythroid cell line, K562</clueLoc>, we have shown that the core enhancer of hypersensitivity site 2 can preferentially <clueType>interact</clueType> <linkTheme>with</linkTheme> the proximal gamma-promoter in the absence of the SSE, completely silencing a linked beta-promoter.</clue>
<comment>TPS: A4</comment></event>
<event CL="L2" KT="Analysis" Polarity="Negative" assertion="non-exist" id="E7">
<type class="Correlation"/>
<theme idref="E6"/>
<theme idref="T20"/>
<clue>Utilizing transient transfection assays in the fetal erythroid cell line, K562, we have <clueKT>shown</clueKT> that the core enhancer of hypersensitivity site 2 <clueCL>can</clueCL> preferentially interact with the proximal gamma-promoter <linkTheme><cluePolarity>in the absence of</cluePolarity></linkTheme> the SSE, completely silencing a linked beta-promoter.</clue>
</event>
<event KT="Analysis" Manner="High" id="E8">
<type class="Negative_regulation"/>
<theme idref="T21"/>
<cause idref="E6"/>
<clue>Utilizing transient transfection assays <clueLoc>in the fetal erythroid cell line, K562</clueLoc>, we have <clueKT>shown</clueKT> that the core enhancer of hypersensitivity site 2 can preferentially interact with the proximal gamma-promoter in the absence of the SSE, <clueManner>completely</clueManner> <clueType>silencing</clueType> a linked beta-promoter.</clue>
</event>
<sentence id="S5">Mutation of a 20-base pair sequence of the <term id="T22" lex="gamma-gene_5&apos;-untranslated_region" sem="DNA_domain_or_region"><term id="A5" sem="DNA_domain_or_region">gamma-gene</term> 5&apos;-untranslated region</term> (<term id="T23" lex="UTR" sem="DNA_domain_or_region">UTR</term>) led to derepression of <term id="T24" lex="beta-promoter_activity" sem="Other"><term id="T25" lex="beta-promoter" sem="DNA_domain_or_region">beta-promoter</term> activity</term>.</sentence>
<event KT="Method" id="E9">
<type class="Mutagenesis"/>
<theme idref="A5" idref1="T23"/>
<clue><clueType>Mutation</clueType> <linkTheme>of</linkTheme> a 20-base pair sequence of the gamma-gene 5&apos;-untranslated region (UTR) led to derepression of beta-promoter activity.</clue>
<comment>ARTIFICIAL</comment></event>
<event id="E10">
<type class="Positive_regulation"/>
<theme idref="E19"/>
<cause idref="E9"/>
<clue>Mutation of a 20-base pair sequence of the gamma-gene 5&apos;-untranslated region (UTR) <clueType>led</clueType> <linkTheme>to</linkTheme> derepression of beta-promoter activity.</clue>
</event>
<event Polarity="Negative" assertion="non-exist" id="E19">
<type class="Negative_regulation"/>
<theme idref="T25"/>
<clue>Mutation of a 20-base pair sequence of the gamma-gene 5&apos;-untranslated region (UTR) led to <clueType><cluePolarity>derepression</cluePolarity></clueType> <linkTheme>of</linkTheme> beta-promoter activity.</clue>
</event>
<sentence id="S6">A marked activation of <term id="T26" lex="gamma-promoter_activity" sem="Other"><term id="T27" lex="gamma-promoter" sem="DNA_domain_or_region">gamma-promoter</term> activity</term> was also observed with this <term id="T28" lex="mutation" sem="Other">mutation</term>, suggesting the presence of a repressor.</sentence>
<event Manner="High" id="E11">
<type class="Positive_regulation"/>
<theme idref="T27"/>
<cause idref="E9"/>
<clue>A <clueManner>marked</clueManner> <clueType>activation</clueType> <linkTheme>of</linkTheme> gamma-promoter activity was also <clueKT>observed</clueKT> <linkCause>with</linkCause> <corefCause>this mutation</corefCause>, suggesting the presence of a repressor.</clue>
</event>
<sentence id="S7">Fine <term id="T29" lex="mutagenesis" sem="Other">mutagenesis</term> dissected these activities to different regions of the <term id="T30" lex="5&apos;-UTR" sem="DNA_domain_or_region">5&apos;-UTR</term>.</sentence>
<sentence id="S8">The <term id="T31" lex="stage_selector_activity" sem="Other"><term id="A9" sem="DNA_domain_or_region">stage selector</term> activity</term> was localized to a region centered on <term id="T32" lex="nucleotides_+13_to_+15" sem="DNA_domain_or_region">nucleotides +13 to +15</term>.</sentence>
<sentence id="S9"><term id="T33" lex="electromobility_shift_assay" sem="Other">Electromobility shift assays</term> utilizing this sequence demonstrated binding of a <cons id="T34" lex="(AND fetal_protein erythroid-specific_protein)" sem="(AND Protein_family_or_group Protein_family_or_group)"><frag id="F1">fetal</frag> and <frag id="F2">erythroid-specific</frag> <frag id="F3">protein</frag></cons>.</sentence>
<event KT="Analysis" id="E12">
<type class="Binding"/>
<theme idref="T32"/>
<theme idref="F1" idref1="F3"/>
<clue><clueExperiment>Electromobility shift assays</clueExperiment> utilizing <corefTheme>this sequence</corefTheme> <clueKT>demonstrated</clueKT> <clueType>binding</clueType> <linkTheme>of</linkTheme> a fetal and <clueLoc>erythroid</clueLoc>-specific protein.</clue>
</event>
<sentence id="S10">The <term id="T35" lex="repressor_activity" sem="Other">repressor activity</term> of the <term id="T36" lex="5&apos;-UTR" sem="DNA_domain_or_region">5&apos;-UTR</term> was localized to tandem <term id="T37" lex="GATA-like_site" sem="DNA_family_or_group">GATA-like sites</term>, which appear to bind a complex of two proteins, one of which is the <term id="T38" lex="erythroid_transcription_factor" sem="Protein_family_or_group">erythroid <term id="T39" lex="transcription_factor" sem="Protein_family_or_group">transcription factor</term></term> <term id="T40" lex="GATA-1" sem="Protein_molecule">GATA-1</term>.</sentence>
<event id="E13">
<type class="Negative_regulation"/>
<theme idref="T36"/>
<cause idref="T37"/>
<clue>The <clueType>repressor activity</clueType> <linkTheme>of</linkTheme> the 5&apos;-UTR was <linkCause>localized to</linkCause> tandem GATA-like sites, which appear to bind a complex of two proteins, one of which is the erythroid transcription factor GATA-1.</clue>
</event>
<event CL="L2" KT="Analysis" id="E14">
<type class="Binding"/>
<theme idref="T37"/>
<theme idref="T40"/>
<clue>The repressor activity of the 5&apos;-UTR was localized to tandem GATA-like sites, which <clueKT><clueCL>appear</clueCL></clueKT> to <clueType>bind</clueType> a complex of two proteins, one of which is the erythroid transcription factor GATA-1.</clue>
</event>
<sentence id="S11">These results indicate that the <term id="A30" sem="DNA_domain_or_region"><term id="T41" lex="5&apos;-UTR" sem="DNA_domain_or_region">5&apos;-UTR</term> of the <term id="T42" lex="gamma-gene" sem="DNA_domain_or_region">gamma-gene</term></term> contains <term id="A8" sem="DNA_domain_or_region">sequences</term> that may be important for its <cons id="C1" lex="(AND transcriptional_regulation developmental_regulation)" sem="(AND Other Other)"><frag id="F4">transcriptional</frag> and <frag id="F5">developmental</frag> <frag id="F6">regulation</frag></cons>.</sentence>
<event CL="L1" KT="Analysis" id="E15">
<type class="Regulation"/>
<theme idref="E16"/>
<cause idref="A8" idref1="A30"/>
<clue>These results indicate that the 5&apos;-UTR of the gamma-gene contains sequences that <clueKT><clueCL>may</clueCL></clueKT> be <clueType>important</clueType> <linkTheme>for</linkTheme> its transcriptional and developmental regulation.</clue>
<comment>TPS: A30; NER: T43, T44, T45 del &quot;transcriptional &quot;&quot;developmental regulation&quot;&quot;transcriptional and developmental regulation&quot;</comment></event>
<event CL="L1" KT="Analysis" id="E18">
<type class="Regulation"/>
<theme idref="E17"/>
<cause idref="A8" idref1="A30"/>
<clue>These results indicate that the 5&apos;-UTR of the gamma-gene contains sequences that <clueKT><clueCL>may</clueCL></clueKT> be <clueType>important</clueType> <linkTheme>for</linkTheme> its transcriptional and developmental regulation.</clue>
<comment>TPS: A30</comment></event>
<event KT="Other" id="E16">
<type class="Regulation"/>
<theme idref="T42"/>
<clue>These results indicate that the 5&apos;-UTR of the gamma-gene contains sequences that may be important for <corefTheme>its</corefTheme> <clueType>transcriptional</clueType> and developmental <clueType>regulation</clueType>.</clue>
</event>
<event KT="Other" id="E17">
<type class="Regulation"/>
<theme idref="T42"/>
<clue>These results indicate that the 5&apos;-UTR of the gamma-gene contains sequences that may be important for <corefTheme>its</corefTheme> transcriptional and <clueType>developmental regulation</clueType>.</clue>
</event>
</AbstractText>
</Abstract></Article></MedlineCitation></PubmedArticle></PubmedArticleSet></Annotation>
