<?xml version='1.0'?><!DOCTYPE Annotation PUBLIC "//GENIA//DTD GENIA ANNOTATION EVENT 2.0//EN_Modified" "../ModifiedGENIAtypes/Modified_GENIA_event_20.dtd"><Annotation annotates="http://www.ncbi.nlm.nih.gov/entrez/eutils/efetch.fcgi?db=pubmed&amp;retmode=xml&amp;rettype=medline&amp;id=7759875" created="24/01/2007" creator="Noriko Katsu"><PubmedArticleSet><PubmedArticle><MedlineCitation>
<PMID>7759875</PMID>
<Article>
<ArticleTitle>
<sentence id="S1">Abnormal regulation of the <term id="T1" lex="IL-2_promoter" sem="DNA_domain_or_region"><term id="T2" lex="IL-2" sem="Protein_molecule">IL-2</term> promoter</term> in lpr <term id="T3" lex="CD4-CD8-_T_lymphocyte" sem="Cell_cultured">CD4-CD8- T lymphocytes</term> results in <term id="T4" lex="constitutive_expression" sem="Other">constitutive expression</term> of a <term id="T5" lex="novel_nuclear_factor_of_activated_T_cells-binding_factor" sem="Protein_family_or_group">novel <term id="T6" lex="nuclear_factor_of_activated_T_cells" sem="Protein_family_or_group">nuclear factor of activated <term id="T7" lex="T_cell" sem="Cell_natural">T cells</term></term>-binding factor</term>.</sentence>
<event id="E1">
<type class="Regulation"/>
<theme idref="T1"/>
<clue><clueType>Abnormal regulation</clueType> <linkTheme>of</linkTheme> the IL-2 promoter <clueLoc>in lpr CD4-CD8- T lymphocytes</clueLoc> results in constitutive expression of a novel nuclear factor of activated T cells-binding factor.</clue>
</event>
<event id="E2">
<type class="Positive_regulation"/>
<theme idref="E3"/>
<cause idref="E1"/>
<clue>Abnormal regulation of the IL-2 promoter in lpr CD4-CD8- T lymphocytes <clueType>results</clueType> <linkTheme>in</linkTheme> constitutive expression of a novel nuclear factor of activated T cells-binding factor.</clue>
</event>
<event id="E3">
<type class="Gene_expression"/>
<theme idref="T5"/>
<clue>Abnormal regulation of the IL-2 promoter in lpr CD4-CD8- T lymphocytes results in constitutive <clueType>expression</clueType> <linkTheme>of</linkTheme> a novel nuclear factor of activated T cells-binding factor.</clue>
</event>
</ArticleTitle>
<Abstract>
<AbstractText>
<sentence id="S2">The inert quality of <term id="T8" lex="MRL-Ipr/Ipr_(Ipr)_peripheral_CD4-CD8-_(CD4-8-)_T_cell" sem="Cell_cultured">MRL-Ipr/Ipr (Ipr) peripheral CD4-CD8- (CD4-8-) <term id="T9" lex="T_cell" sem="Cell_natural">T cells</term></term> manifests primarily as an inability to proliferate or produce <term id="T10" lex="IL-2" sem="Protein_molecule">IL-2</term> in response to <term id="T11" lex="TCR" sem="Protein_family_or_group">TCR</term> or <term id="T12" lex="mitogenic_stimulation" sem="Other">mitogenic stimulation</term>.</sentence>
<event KT="Other" id="E4">
<type class="Cellular_physiological_process"/>
<theme idref="T8"/>
<clue>The inert quality of MRL-Ipr/Ipr (Ipr) peripheral CD4-CD8- (CD4-8-) T cells manifests primarily as an inability to <clueType>proliferate</clueType> or produce IL-2 in response to TCR or mitogenic stimulation.</clue>
<comment>CAUTION, &quot;Ipr&quot; should be &quot;lpr&quot;</comment></event>
<event KT="Other" assertion="non-exist" id="E5">
<type class="Gene_expression"/>
<theme idref="T10"/>
<clue>The inert quality of <clueLoc>MRL-Ipr/Ipr (Ipr) peripheral CD4-CD8- (CD4-8-) T cells</clueLoc> manifests primarily as an inability to proliferate or <clueType>produce</clueType> IL-2 in response to TCR or mitogenic stimulation.</clue>
</event>
<event CL="L2" KT="Analysis" Polarity="Negative" assertion="non-exist" id="E6">
<type class="Positive_regulation"/>
<theme idref="E4"/>
<cause idref="T11"/>
<clue>The inert quality of MRL-Ipr/Ipr (Ipr) peripheral CD4-CD8- (CD4-8-) T cells <clueKT>manifests</clueKT> primarily as an <clueType><clueCL><cluePolarity>inability</cluePolarity></clueCL></clueType> to proliferate or produce IL-2 <linkCause>in response to</linkCause> TCR or mitogenic stimulation.</clue>
</event>
<event CL="L2" KT="Analysis" Polarity="Negative" assertion="non-exist" id="E8">
<type class="Positive_regulation"/>
<theme idref="E5"/>
<cause idref="T11"/>
<clue>The inert quality of MRL-Ipr/Ipr (Ipr) peripheral CD4-CD8- (CD4-8-) T cells <clueKT>manifests</clueKT> primarily as an <clueType><clueCL><cluePolarity>inability</cluePolarity></clueCL></clueType> to proliferate or produce IL-2 <linkCause>in response to</linkCause> TCR or mitogenic stimulation.</clue>
</event>
<event CL="L2" KT="Analysis" Polarity="Negative" assertion="non-exist" id="E7">
<type class="Positive_regulation"/>
<theme idref="E4"/>
<cause idref="T12"/>
<clue>The inert quality of MRL-Ipr/Ipr (Ipr) peripheral CD4-CD8- (CD4-8-) T cells <clueKT>manifests</clueKT> primarily as an <clueType><clueCL><cluePolarity>inability</cluePolarity></clueCL></clueType> to proliferate or produce IL-2 <linkCause>in response to</linkCause> TCR or mitogenic stimulation.</clue>
</event>
<event CL="L2" KT="Analysis" Polarity="Negative" assertion="non-exist" id="E9">
<type class="Positive_regulation"/>
<theme idref="E5"/>
<cause idref="T12"/>
<clue>The inert quality of MRL-Ipr/Ipr (Ipr) peripheral CD4-CD8- (CD4-8-) T cells <clueKT>manifests</clueKT> primarily as an <clueType><clueCL><cluePolarity>inability</cluePolarity></clueCL></clueType> to proliferate or produce IL-2 <linkCause>in response to</linkCause> TCR or mitogenic stimulation.</clue>
</event>
<sentence id="S3">Yet these same cells do initiate <term id="T13" lex="early_TCR-mediated_signaling_event" sem="Other">early <term id="T14" lex="TCR" sem="Protein_family_or_group">TCR</term>-mediated <term id="A1" sem="Other">signaling events</term></term>, such as generation of <term id="T15" lex="inositol_phosphate" sem="Organic_compound_other">inositol phosphates</term> and increased <term id="T16" lex="intracellular_calcium" sem="Element">intracellular <term id="T17" lex="calcium" sem="Element">calcium</term></term>.</sentence>
<event KT="Fact" id="E10">
<type class="Positive_regulation"/>
<theme idref="E11"/>
<clue>Yet <clueLoc>these same cells</clueLoc> do <clueType>initiate</clueType> <corefTheme>early TCR-mediated signaling events</corefTheme>, such as generation of inositol phosphates and increased intracellular calcium.</clue>
</event>
<event KT="Fact" id="E14">
<type class="Positive_regulation"/>
<theme idref="E11"/>
<clue>Yet <clueLoc>these same cells</clueLoc> do <clueType>initiate</clueType> <corefTheme>early TCR-mediated signaling events</corefTheme>, such as generation of inositol phosphates and increased intracellular calcium.</clue>
</event>
<event KT="Other" id="E11">
<type class="Metabolism"/>
<theme idref="T15"/>
<clue>Yet these same cells do initiate early TCR-mediated signaling events, such as <clueType>generation</clueType> <linkTheme>of</linkTheme> inositol phosphates and increased intracellular calcium.</clue>
</event>
<event KT="Other" id="E15">
<type class="Cellular_physiological_process"/>
<theme idref="T17"/>
<clue>Yet these same cells do initiate early TCR-mediated signaling events, such as generation of inositol phosphates and <clueType>increased</clueType> <clueLoc>intracellular</clueLoc> calcium.</clue>
</event>
<event KT="Other" id="E12">
<type class="Cell_communication"/>
<theme idref="A1"/>
<cause idref="T14"/>
<clue>Yet these same cells do initiate early TCR<linkTheme>-mediated</linkTheme> <clueType>signaling events</clueType>, such as generation of inositol phosphates and increased intracellular calcium.</clue>
</event>
<sentence id="S4">They also display constitutively high levels of <term id="T18" lex="p59fyn" sem="Protein_molecule">p59fyn</term> and <term id="T19" lex="CD3_zeta" sem="Protein_molecule">CD3 zeta</term> <term id="T20" lex="tyrosine_phosphorylation" sem="Other"><term id="T21" lex="tyrosine" sem="Amino_acid_monomer">tyrosine</term> phosphorylation</term>.</sentence>
<event KT="Fact" Manner="High" id="E13">
<type class="Positive_regulation"/>
<theme idref="E16"/>
<clue><clueLoc>They</clueLoc> also display constitutively <clueType><clueManner>high levels</clueManner></clueType> <linkTheme>of</linkTheme> p59fyn and CD3 zeta tyrosine phosphorylation.</clue>
</event>
<event KT="Fact" Manner="High" id="E18">
<type class="Positive_regulation"/>
<theme idref="E17"/>
<clue><clueLoc>They</clueLoc> also display constitutively <clueType><clueManner>high levels</clueManner></clueType> <linkTheme>of</linkTheme> p59fyn and CD3 zeta tyrosine phosphorylation.</clue>
</event>
<event KT="Other" id="E16">
<type class="Protein_amino_acid_phosphorylation"/>
<theme idref="T18"/>
<site idref="T21"/>
<clue>They also display constitutively high levels of p59fyn and CD3 zeta tyrosine <clueType>phosphorylation</clueType>.</clue>
</event>
<event KT="Other" id="E17">
<type class="Protein_amino_acid_phosphorylation"/>
<theme idref="T19"/>
<site idref="T21"/>
<clue>They also display constitutively high levels of p59fyn and CD3 zeta tyrosine <clueType>phosphorylation</clueType>.</clue>
</event>
<sentence id="S5">The generation of <term id="T22" lex="second_messenger" sem="Protein_family_or_group">second messengers</term> in <term id="T23" lex="T_cell" sem="Cell_natural">T cells</term> normally leads to <term id="T24" lex="downstream_signaling" sem="Other">downstream signaling</term> that results in <term id="T25" lex="transcriptional_activation" sem="Other">transcriptional activation</term> of the <term id="T26" lex="IL-2_gene" sem="DNA_domain_or_region"><term id="T27" lex="IL-2" sem="Protein_molecule">IL-2</term> gene</term>.</sentence>
<event KT="Other" id="E19">
<type class="Cell_communication"/>
<theme idref="T22"/>
<clue>The <clueType>generation</clueType> <linkTheme>of</linkTheme> second messengers <clueLoc>in T cells</clueLoc> normally leads to downstream signaling that results in transcriptional activation of the IL-2 gene.</clue>
<comment>CAUTION, sem of T22</comment></event>
<event CL="L2" KT="Analysis" id="E20">
<type class="Positive_regulation"/>
<theme idref="T24"/>
<cause idref="E19"/>
<clue>The generation of second messengers in T cells <clueKT><clueCL>normally</clueCL></clueKT> <clueType>leads</clueType> <linkTheme>to</linkTheme> downstream signaling that results in transcriptional activation of the IL-2 gene.</clue>
</event>
<event KT="Other" id="E21">
<type class="Positive_regulation"/>
<theme idref="E22"/>
<cause idref="T24"/>
<clue>The generation of second messengers in T cells normally leads to downstream signaling that <clueType>results</clueType> <linkTheme>in</linkTheme> transcriptional activation of the IL-2 gene.</clue>
</event>
<event KT="Other" id="E22">
<type class="Positive_regulation"/>
<theme idref="T26"/>
<clue>The generation of second messengers in T cells normally leads to downstream signaling that results in <clueType>transcriptional activation</clueType> <linkTheme>of</linkTheme> the IL-2 gene.</clue>
</event>
<sentence id="S6">We, therefore, compared the activation state of the <term id="T28" lex="IL-2_gene_promoter_region" sem="DNA_domain_or_region"><term id="T29" lex="IL-2" sem="Protein_molecule">IL-2</term> gene promoter region</term> in freshly isolated and stimulated <term id="T30" lex="Ipr_CD4-8-_T_cell" sem="Cell_cultured">Ipr CD4-8- <term id="T31" lex="T_cell" sem="Cell_natural">T cells</term></term> with that of <term id="T32" lex="normal_T_lymphocyte" sem="Cell_natural">normal T lymphocytes</term>.</sentence>
<event KT="Investigation" id="E23" uncertainty="doubtful">
<type class="Positive_regulation"/>
<theme idref="T28"/>
<clue>We, therefore, <clueKT>compared</clueKT> the <clueType>activation</clueType> state <linkTheme>of</linkTheme> the IL-2 gene promoter region <clueLoc>in freshly isolated and stimulated Ipr CD4-8- T cells</clueLoc> with that of normal T lymphocytes.</clue>
</event>
<event KT="Investigation" id="E24" uncertainty="doubtful">
<type class="Positive_regulation"/>
<theme idref="T28"/>
<clue>We, therefore, <clueKT>compared</clueKT> the <clueType>activation</clueType> state <linkTheme>of</linkTheme> the IL-2 gene promoter region in freshly isolated and stimulated Ipr CD4-8- T cells with that of <clueLoc>normal T lymphocytes</clueLoc>.</clue>
</event>
<event KT="Other" id="E25">
<type class="Physiological_process"/>
<theme idref="T30"/>
<clue>We, therefore, compared the activation state of the IL-2 gene promoter region in freshly isolated and <clueType>stimulated</clueType> Ipr CD4-8- T cells with that of normal T lymphocytes.</clue>
<comment>CAUTION, &quot;Ipr&quot; should be &quot;lpr&quot;</comment></event>
<sentence id="S7">Levels of the <term id="T33" lex="octamer" sem="Polynucleotide">octamer</term>, <term id="T34" lex="NF-kappa_B" sem="Protein_molecule">NF-kappa B</term> (<term id="T35" lex="p50-p65_heterodimer" sem="Protein_molecule">p50-p65 heterodimer</term>), and <term id="T36" lex="AP-1_transcriptional_factor" sem="Protein_family_or_group"><term id="T37" lex="AP-1" sem="Protein_molecule">AP-1</term> transcriptional factors</term> are constitutively elevated in freshly isolated <term id="T38" lex="Ipr_CD4-8-_T_cell" sem="Cell_cultured">Ipr CD4-8- <term id="T39" lex="T_cell" sem="Cell_natural">T cells</term></term>, consistent with the activated phenotype of these cells.</sentence>
<event id="E26">
<type class="Positive_regulation"/>
<theme idref="T33"/>
<clue><clueType>Levels</clueType> <linkTheme>of</linkTheme> the octamer, NF-kappa B (p50-p65 heterodimer), and AP-1 transcriptional factors are constitutively <clueType>elevated</clueType> <clueLoc>in freshly isolated Ipr CD4-8- T cells</clueLoc>, consistent with the activated phenotype of these cells.</clue>
</event>
<event id="E27">
<type class="Positive_regulation"/>
<theme idref="T34"/>
<clue><clueType>Levels</clueType> <linkTheme>of</linkTheme> the octamer, NF-kappa B (p50-p65 heterodimer), and AP-1 transcriptional factors are constitutively <clueType>elevated</clueType> <clueLoc>in freshly isolated Ipr CD4-8- T cells</clueLoc>, consistent with the activated phenotype of these cells.</clue>
</event>
<event id="E28">
<type class="Positive_regulation"/>
<theme idref="T37"/>
<clue><clueType>Levels</clueType> <linkTheme>of</linkTheme> the octamer, NF-kappa B (p50-p65 heterodimer), and AP-1 transcriptional factors are constitutively <clueType>elevated</clueType> <clueLoc>in freshly isolated Ipr CD4-8- T cells</clueLoc>, consistent with the activated phenotype of these cells.</clue>
</event>
<event id="E29">
<type class="Positive_regulation"/>
<theme idref="T33"/>
<clue><clueType>Levels</clueType> <linkTheme>of</linkTheme> the octamer, NF-kappa B (p50-p65 heterodimer), and AP-1 transcriptional factors are constitutively <clueType>elevated</clueType> in freshly isolated Ipr CD4-8- T cells, consistent with the <clueLoc>activated phenotype of these cells</clueLoc>.</clue>
</event>
<event id="E30">
<type class="Positive_regulation"/>
<theme idref="T34"/>
<clue><clueType>Levels</clueType> <linkTheme>of</linkTheme> the octamer, NF-kappa B (p50-p65 heterodimer), and AP-1 transcriptional factors are constitutively <clueType>elevated</clueType> in freshly isolated Ipr CD4-8- T cells, consistent with the <clueLoc>activated phenotype of these cells</clueLoc>.</clue>
</event>
<event id="E31">
<type class="Positive_regulation"/>
<theme idref="T37"/>
<clue><clueType>Levels</clueType> <linkTheme>of</linkTheme> the octamer, NF-kappa B (p50-p65 heterodimer), and AP-1 transcriptional factors are constitutively <clueType>elevated</clueType> in freshly isolated Ipr CD4-8- T cells, consistent with the <clueLoc>activated phenotype of these cells</clueLoc>.</clue>
</event>
<event id="E32">
<type class="Physiological_process"/>
<theme idref="T38"/>
<clue>Levels of the octamer, NF-kappa B (p50-p65 heterodimer), and AP-1 transcriptional factors are constitutively elevated in freshly isolated Ipr CD4-8- T cells, consistent with the <clueType>activated</clueType> phenotype <linkTheme>of</linkTheme> these cells.</clue>
<comment>CAUTION, &quot;Ipr&quot; should be &quot;lpr&quot;</comment></event>
<sentence id="S8">Upon stimulation with <term id="T40" lex="mitogen" sem="Organic_compound_other">mitogens</term>, formation of the transactivating complex, <term id="T41" lex="nuclear_factor_of_activated_T_cells" sem="Protein_family_or_group">nuclear factor of activated <term id="T42" lex="T_cell" sem="Cell_natural">T cells</term></term> (<term id="T43" lex="NF-AT" sem="Protein_family_or_group">NF-AT</term>), occurs with normal kinetics in <term id="T44" lex="Ipr_CD4-8-_T_cell" sem="Cell_cultured">Ipr CD4-8- <term id="T45" lex="T_cell" sem="Cell_natural">T cells</term></term>.</sentence>
<event id="E33">
<type class="Positive_regulation"/>
<theme idref="E34"/>
<cause idref="E35"/>
<clue><linkCause>Upon</linkCause> stimulation with mitogens, formation of the transactivating complex, nuclear factor of activated T cells (NF-AT), occurs with normal kinetics in Ipr CD4-8- T cells.</clue>
<comment>NO CLUETYPE</comment></event>
<event id="E34">
<type class="Protein_metabolism"/>
<theme idref="T43"/>
<clue>Upon stimulation with mitogens, <clueType>formation</clueType> <linkTheme>of</linkTheme> the transactivating complex, nuclear factor of activated T cells (NF-AT), occurs with normal kinetics <clueLoc>in Ipr CD4-8- T cells</clueLoc>.</clue>
</event>
<event id="E35">
<type class="Physiological_process"/>
<theme idref="T44"/>
<cause idref="T40"/>
<clue>Upon <clueType>stimulation</clueType> <linkCause>with</linkCause> mitogens, formation of the transactivating complex, nuclear factor of activated T cells (NF-AT), occurs with normal kinetics in Ipr CD4-8- T cells.</clue>
<comment>CAUTION, &quot;Ipr&quot; should be &quot;lpr&quot;</comment></event>
<sentence id="S9">Yet, the levels of the activating <term id="T46" lex="NF-AT_complex" sem="Protein_complex">NF-AT complex</term> never reach those observed in similarly stimulated normal <term id="T47" lex="T_cell" sem="Cell_natural">T cells</term>.</sentence>
<event id="E36">
<type class="Positive_regulation"/>
<theme idref="T46"/>
<clue>Yet, the levels of the <clueType>activating</clueType> NF-AT complex never reach those observed in similarly stimulated normal T cells.</clue>
</event>
<event id="E37">
<type class="Positive_regulation"/>
<theme idref="T46"/>
<clue>Yet, the levels of the <clueType>activating</clueType> NF-AT complex never reach those observed <clueLoc>in similarly stimulated normal T cells</clueLoc>.</clue>
</event>
<event id="E38">
<type class="Physiological_process"/>
<theme idref="T47"/>
<cause idref="T40"/>
<clue>Yet, the levels of the activating NF-AT complex never reach those observed in <corefCause>similarly</corefCause> <clueType>stimulated</clueType> normal T cells.</clue>
</event>
<sentence id="S10">Furthermore, <term id="T48" lex="nuclear_extract" sem="Cell_component">nuclear extracts</term> from <term id="T49" lex="Ipr_CD4-8-_T_cell" sem="Cell_cultured">Ipr CD4-8- <term id="T50" lex="T_cell" sem="Cell_natural">T cells</term></term> display high levels of a <term id="T51" lex="novel_specific_binding_activity" sem="Other">novel specific binding activity</term> at the <term id="T52" lex="NF-AT_site" sem="DNA_domain_or_region"><term id="T53" lex="NF-AT" sem="Protein_family_or_group">NF-AT</term> site</term>, which is present at much lower levels in freshly isolated <term id="T54" lex="normal_T_lymphocyte" sem="Cell_natural">normal T lymphocytes</term>.</sentence>
<event KT="Other" id="E39">
<type class="Binding"/>
<theme idref="T52"/>
<clue>Furthermore, <clueLoc>nuclear extracts from Ipr CD4-8- T cells</clueLoc> display high levels of a novel specific <clueType>binding</clueType> activity <linkTheme>at</linkTheme> the NF-AT site, which is present at much lower levels in freshly isolated normal T lymphocytes.</clue>
<comment>CAUTION, &quot;Ipr&quot; should be &quot;lpr&quot;</comment></event>
<event KT="Analysis" Manner="High" id="E47">
<type class="Positive_regulation"/>
<theme idref="E39"/>
<clue>Furthermore, <clueLoc>nuclear extracts from Ipr CD4-8- T cells</clueLoc> <clueKT>display</clueKT> <clueType><clueManner>high levels</clueManner></clueType> <linkTheme>of</linkTheme> a novel specific binding activity at the NF-AT site, which is present at much lower levels in freshly isolated normal T lymphocytes.</clue>
</event>
<event KT="Other" Manner="Low" id="E41">
<type class="Gene_expression"/>
<theme idref="T52"/>
<clue>Furthermore, nuclear extracts from Ipr CD4-8- T cells display high levels of a novel specific binding activity at the NF-AT site, which is present <clueManner>at much lower</clueManner> <clueType>levels</clueType> <clueLoc>in freshly isolated normal T lymphocytes</clueLoc>.</clue>
</event>
<sentence id="S11">Upon <term id="T55" lex="mitogenic_stimulation" sem="Other">mitogenic stimulation</term>, the binding activity of the novel <term id="T56" lex="NF-AT-binding_factor" sem="Protein_family_or_group"><term id="T57" lex="NF-AT" sem="Protein_family_or_group">NF-AT</term>-binding factor</term> is rapidly down-regulated in normal <term id="T58" lex="T_cell" sem="Cell_natural">T cells</term>, but persists at high levels in <term id="T59" lex="Ipr_CD4-8-_T_cell" sem="Cell_cultured">Ipr CD4-8- <term id="T60" lex="T_cell" sem="Cell_natural">T cells</term></term>.</sentence>
<event id="E42">
<type class="Binding"/>
<theme idref="T56"/>
<clue>Upon mitogenic stimulation, the <clueType>binding</clueType> activity <linkTheme>of</linkTheme> the novel NF-AT-binding factor is rapidly down-regulated in normal T cells, but persists at high levels in Ipr CD4-8- T cells.</clue>
</event>
<event Manner="High" id="E43">
<type class="Negative_regulation"/>
<theme idref="E42"/>
<cause idref="T55"/>
<clue><linkCause>Upon</linkCause> mitogenic stimulation, the binding activity of the novel NF-AT-binding factor is <clueManner>rapidly</clueManner> <clueType>down-regulated</clueType> <clueLoc>in normal T cells</clueLoc>, but persists at high levels in Ipr CD4-8- T cells.</clue>
</event>
<event Polarity="Negative" assertion="non-exist" id="E44">
<type class="Negative_regulation"/>
<theme idref="E42"/>
<cause idref="T55"/>
<clue><linkCause>Upon</linkCause> mitogenic stimulation, the binding activity of the novel NF-AT-binding factor is rapidly down-regulated in normal T cells, but <clueType><cluePolarity>persists at high levels</cluePolarity></clueType> <clueLoc>in Ipr CD4-8- T cells</clueLoc>.</clue>
</event>
<sentence id="S12">These two abnormalities at the <term id="T61" lex="NF-AT_site" sem="DNA_domain_or_region"><term id="T62" lex="NF-AT" sem="Protein_family_or_group">NF-AT</term> site</term> provide a potential mechanism to account for the defect in <term id="T63" lex="IL-2_production" sem="Other"><term id="T64" lex="IL-2" sem="Protein_molecule">IL-2</term> production</term> from <term id="T65" lex="Ipr_CD4-8-_T_cell" sem="Cell_cultured">Ipr CD4-8- <term id="T66" lex="T_cell" sem="Cell_natural">T cells</term></term>.</sentence>
<event CL="L1" KT="Analysis" id="E40" uncertainty="probable">
<type class="Positive_regulation"/>
<theme idref="E46"/>
<cause idref="E47"/>
<clue><corefCause>These two abnormalities at the NF-AT site</corefCause> provide a <clueCL>potential</clueCL> mechanism to <clueType><clueKT>account</clueKT></clueType> <linkTheme>for</linkTheme> the defect in IL-2 production from Ipr CD4-8- T cells.</clue>
</event>
<event CL="L1" KT="Analysis" id="E48">
<type class="Positive_regulation"/>
<theme idref="E46"/>
<cause idref="E44"/>
<clue><corefCause>These two abnormalities at the NF-AT site</corefCause> provide a <clueCL>potential</clueCL> mechanism to <clueType><clueKT>account</clueKT></clueType> <linkTheme>for</linkTheme> the defect in IL-2 production from Ipr CD4-8- T cells.</clue>
</event>
<event KT="Other" id="E45">
<type class="Negative_regulation"/>
<theme idref="E46"/>
<clue>These two abnormalities at the NF-AT site provide a potential mechanism to account for the <clueType>defect</clueType> <linkTheme>in</linkTheme> IL-2 production from Ipr CD4-8- T cells.</clue>
</event>
<event KT="Other" id="E46">
<type class="Gene_expression"/>
<theme idref="T64"/>
<clue>These two abnormalities at the NF-AT site provide a potential mechanism to account for the defect in IL-2 <clueType>production</clueType> <clueLoc>from Ipr CD4-8- T cells</clueLoc>.</clue>
</event>
</AbstractText>
</Abstract></Article></MedlineCitation></PubmedArticle></PubmedArticleSet></Annotation>
