<?xml version='1.0'?><!DOCTYPE Annotation PUBLIC "//GENIA//DTD GENIA ANNOTATION EVENT 2.0//EN_Modified" "../ModifiedGENIAtypes/Modified_GENIA_event_20.dtd"><Annotation annotates="http://www.ncbi.nlm.nih.gov/entrez/eutils/efetch.fcgi?db=pubmed&amp;retmode=xml&amp;rettype=medline&amp;id=7781927" created="08/05/2006" creator="Hitomi MASUDA"><PubmedArticleSet><PubmedArticle><MedlineCitation>
<PMID>7781927</PMID>
<Article>
<ArticleTitle>
<sentence id="S1">Modulation of <term id="T1" lex="transcription_factor_NF_kappa_B_activity" sem="Other"><term id="T2" lex="transcription_factor_NF_kappa_B" sem="Protein_molecule">transcription factor <term id="T3" lex="NF_kappa_B" sem="Protein_molecule">NF kappa B</term></term> activity</term> by <term id="T4" lex="intracellular_glutathione_level" sem="Other">intracellular <term id="T5" lex="glutathione" sem="Peptide">glutathione</term> levels</term> and by <term id="A2" sem="Other">variations of the <term id="T6" lex="extracellular_cysteine_supply" sem="Other">extracellular <term id="T7" lex="cysteine" sem="Amino_acid_monomer">cysteine</term> supply</term></term>.</sentence>
<event KT="Investigation" id="E1">
<type class="Regulation"/>
<theme idref="T3"/>
<cause idref="T4"/>
<clue><clueType>Modulation</clueType> <linkTheme>of</linkTheme> transcription factor NF kappa B activity <linkCause>by</linkCause> intracellular glutathione levels and by variations of the extracellular cysteine supply.</clue>
</event>
<event KT="Investigation" id="E2">
<type class="Regulation"/>
<theme idref="T3"/>
<cause idref="A2"/>
<clue><clueType>Modulation</clueType> <linkTheme>of</linkTheme> transcription factor NF kappa B activity by intracellular glutathione levels and <linkCause>by</linkCause> variations of the extracellular cysteine supply.</clue>
<comment>TPS: A2</comment></event>
</ArticleTitle>
<Abstract>
<AbstractText>
<sentence id="S2"><term id="T8" lex="HIV-infected_individual" sem="Multicellular_organism_natural"><term id="T9" lex="HIV" sem="Virus">HIV</term>-infected <term id="A3" sem="Multicellular_organism_natural">individuals</term></term> and <term id="T10" lex="SIV-infected_rhesus_macaque" sem="Multicellular_organism_natural"><term id="T11" lex="SIV" sem="Virus">SIV</term>-infected <term id="A4" sem="Multicellular_organism_natural">rhesus macaques</term></term> have, on the average, decreased <term id="T12" lex="plasma_cysteine" sem="Amino_acid_monomer">plasma <term id="T13" lex="cysteine" sem="Amino_acid_monomer">cysteine</term></term> and <term id="T14" lex="cystine_concentration" sem="Other"><term id="T15" lex="cystine" sem="Amino_acid_monomer">cystine</term> concentrations</term> and decreased <term id="T16" lex="intracellular_glutathione_level" sem="Other">intracellular <term id="T17" lex="glutathione" sem="Peptide">glutathione</term> levels</term>.</sentence>
<event KT="Other" id="E3">
<type class="Initiation_of_viral_infection"/>
<theme idref="T9"/>
<theme idref="A3"/>
<clue>HIV-<clueType>infected</clueType> individuals and SIV-infected rhesus macaques have, on the average, decreased plasma cysteine and cystine concentrations and decreased intracellular glutathione levels.</clue>
</event>
<event KT="Other" id="E4">
<type class="Initiation_of_viral_infection"/>
<theme idref="T11"/>
<theme idref="A4"/>
<clue>HIV-infected individuals and SIV-<clueType>infected</clueType> rhesus macaques have, on the average, decreased plasma cysteine and cystine concentrations and decreased intracellular glutathione levels.</clue>
</event>
<event KT="Fact" id="E5">
<type class="Negative_regulation"/>
<theme idref="T12"/>
<cause idref="E3"/>
<clue>HIV-infected individuals and SIV-infected rhesus macaques have, on the average, <clueType>decreased</clueType> plasma cysteine and cystine concentrations and decreased intracellular glutathione levels.</clue>
</event>
<event KT="Fact" id="E6">
<type class="Negative_regulation"/>
<theme idref="T14"/>
<cause idref="E3"/>
<clue>HIV-infected individuals and SIV-infected rhesus macaques have, on the average, <clueType>decreased</clueType> plasma cysteine and cystine concentrations and decreased intracellular glutathione levels.</clue>
</event>
<event KT="Fact" id="E7">
<type class="Negative_regulation"/>
<theme idref="T12"/>
<cause idref="E4"/>
<clue>HIV-infected individuals and SIV-infected rhesus macaques have, on the average, <clueType>decreased</clueType> plasma cysteine and cystine concentrations and decreased intracellular glutathione levels.</clue>
</event>
<event KT="Fact" id="E8">
<type class="Negative_regulation"/>
<theme idref="T14"/>
<cause idref="E4"/>
<clue>HIV-infected individuals and SIV-infected rhesus macaques have, on the average, <clueType>decreased</clueType> plasma cysteine and cystine concentrations and decreased intracellular glutathione levels.</clue>
</event>
<event KT="Fact" id="E9">
<type class="Negative_regulation"/>
<theme idref="T16"/>
<cause idref="E3"/>
<clue>HIV-infected individuals and SIV-infected rhesus macaques have, on the average, decreased plasma cysteine and cystine concentrations and <clueType>decreased</clueType> intracellular glutathione levels.</clue>
</event>
<event KT="Fact" id="E10">
<type class="Negative_regulation"/>
<theme idref="T16"/>
<cause idref="E4"/>
<clue>HIV-infected individuals and SIV-infected rhesus macaques have, on the average, decreased plasma cysteine and cystine concentrations and <clueType>decreased</clueType> intracellular glutathione levels.</clue>
</event>
<sentence id="S3">We now show that a depletion of <term id="T18" lex="intracellular_glutathione" sem="Peptide">intracellular <term id="T19" lex="glutathione" sem="Peptide">glutathione</term></term> in a <term id="T20" lex="human_T_cell_line" sem="Cell_cultured">human T cell line</term> (<term id="T21" lex="Molt-4" sem="Cell_cultured">Molt-4</term>) inhibits the activation and <term id="T22" lex="nuclear_translocation" sem="Other">nuclear translocation</term> of the <term id="T23" lex="transcription_factor_NF_kappa_B" sem="Protein_molecule">transcription factor <term id="T24" lex="NF_kappa_B" sem="Protein_molecule">NF kappa B</term></term>, whereas incubation with increasing <term id="A5" sem="Other">extracellular concentrations of <term id="T25" lex="cysteine" sem="Amino_acid_monomer">cysteine</term></term> inhibits the <term id="A6" sem="DNA_domain_or_region">DNA</term>-binding and transactivating activity of <term id="T26" lex="NF_kappa_B" sem="Protein_molecule">NF kappa B</term>.</sentence>
<event KT="Other" id="E11">
<type class="Negative_regulation"/>
<theme idref="T18"/>
<clue>We now show that a <clueType>depletion</clueType> <linkTheme>of</linkTheme> intracellular glutathione <clueLoc>in a human T cell line (Molt-4)</clueLoc> inhibits the activation and nuclear translocation of the transcription factor NF kappa B, whereas incubation with increasing extracellular concentrations of cysteine inhibits the DNA-binding and transactivating activity of NF kappa B.</clue>
</event>
<event KT="Other" id="E12">
<type class="Positive_regulation"/>
<theme idref="T24"/>
<clue>We now show that a depletion of intracellular glutathione in a human T cell line (Molt-4) inhibits the <clueType>activation</clueType> and nuclear translocation <linkTheme>of</linkTheme> the transcription factor NF kappa B, whereas incubation with increasing extracellular concentrations of cysteine inhibits the DNA-binding and transactivating activity of NF kappa B.</clue>
</event>
<event KT="Other" id="E13">
<type class="Localization"/>
<theme idref="T24"/>
<clue>We now show that a depletion of intracellular glutathione in a human T cell line (Molt-4) inhibits the activation and <clueLoc>nuclear</clueLoc> <clueType>translocation</clueType> <linkTheme>of</linkTheme> the transcription factor NF kappa B, whereas incubation with increasing extracellular concentrations of cysteine inhibits the DNA-binding and transactivating activity of NF kappa B.</clue>
</event>
<event KT="Analysis" id="E14">
<type class="Negative_regulation"/>
<theme idref="E12"/>
<cause idref="E11"/>
<clue>We now <clueKT>show</clueKT> that a depletion of intracellular glutathione in a human T cell line (Molt-4) <clueType>inhibits</clueType> the activation and nuclear translocation of the transcription factor NF kappa B, whereas incubation with increasing extracellular concentrations of cysteine inhibits the DNA-binding and transactivating activity of NF kappa B.</clue>
</event>
<event KT="Analysis" id="E15">
<type class="Negative_regulation"/>
<theme idref="E13"/>
<cause idref="E11"/>
<clue>We now <clueKT>show</clueKT> that a depletion of intracellular glutathione in a human T cell line (Molt-4) <clueType>inhibits</clueType> the activation and nuclear translocation of the transcription factor NF kappa B, whereas incubation with increasing extracellular concentrations of cysteine inhibits the DNA-binding and transactivating activity of NF kappa B.</clue>
</event>
<event KT="Other" id="E16">
<type class="Positive_regulation"/>
<theme idref="A5"/>
<clue>We now show that a depletion of intracellular glutathione in a human T cell line (Molt-4) inhibits the activation and nuclear translocation of the transcription factor NF kappa B, whereas incubation with <clueType>increasing</clueType> extracellular concentrations of cysteine inhibits the DNA-binding and transactivating activity of NF kappa B.</clue>
<comment>TPS: A5</comment></event>
<event KT="Method" id="E200">
<type class="Artificial_process"/>
<theme idref="E16"/>
<theme idref="T21"/>
<clue>We now show that a depletion of intracellular glutathione in a human T cell line (Molt-4) inhibits the activation and nuclear translocation of the transcription factor NF kappa B, whereas <clueType>incubation</clueType> <linkTheme>with</linkTheme> increasing extracellular concentrations of cysteine inhibits the DNA-binding and transactivating activity of NF kappa B.</clue>
</event>
<event KT="Other" id="E17">
<type class="Binding"/>
<theme idref="A6"/>
<theme idref="T26"/>
<clue>We now show that a depletion of intracellular glutathione in a human T cell line (Molt-4) inhibits the activation and nuclear translocation of the transcription factor NF kappa B, whereas incubation with increasing extracellular concentrations of cysteine inhibits the DNA-<clueType>binding</clueType> and transactivating <clueType>activity</clueType> <linkTheme>of</linkTheme> NF kappa B.</clue>
</event>
<event KT="Other" id="E18">
<type class="Positive_regulation"/>
<cause idref="T26"/>
<clue>We now show that a depletion of intracellular glutathione in a human T cell line (Molt-4) inhibits the activation and nuclear translocation of the transcription factor NF kappa B, whereas incubation with increasing extracellular concentrations of cysteine inhibits the DNA-binding and <clueType>transactivating activity</clueType> <linkTheme>of</linkTheme> NF kappa B.</clue>
</event>
<event KT="Analysis" id="E19">
<type class="Negative_regulation"/>
<theme idref="E17"/>
<cause idref="E200"/>
<clue>We now <clueKT>show</clueKT> that a depletion of intracellular glutathione in a human T cell line (Molt-4) inhibits the activation and nuclear translocation of the transcription factor NF kappa B, whereas incubation with increasing extracellular concentrations of cysteine <clueType>inhibits</clueType> the DNA-binding and transactivating activity of NF kappa B.</clue>
</event>
<event KT="Analysis" id="E20">
<type class="Negative_regulation"/>
<theme idref="E18"/>
<cause idref="E200"/>
<clue>We now <clueKT>show</clueKT> that a depletion of intracellular glutathione in a human T cell line (Molt-4) inhibits the activation and nuclear translocation of the transcription factor NF kappa B, whereas incubation with increasing extracellular concentrations of cysteine <clueType>inhibits</clueType> the DNA-binding and transactivating activity of NF kappa B.</clue>
</event>
<sentence id="S4">Because inhibition of <term id="T27" lex="DNA-binding_activity" sem="Other">DNA-binding activity</term> is associated with increasing <term id="A7" sem="Other">intracellular <term id="T28" lex="glutathione_disulfide_level" sem="Other"><term id="T29" lex="glutathione" sem="Peptide">glutathione</term> disulfide levels</term></term> and <term id="T30" lex="GSSG" sem="Protein_substructure">GSSG</term> can be shown to inhibit the <term id="T31" lex="DNA-binding_activity" sem="Other">DNA-binding activity</term> directly in <term id="T32" lex="cell-free_system" sem="Other">cell-free systems</term>, our studies suggest that <term id="T33" lex="GSSG" sem="Protein_substructure">GSSG</term> is a physiologically relevant inhibitor in <term id="T34" lex="intact_cell" sem="Cell_natural">intact cells</term> also.</sentence>
<event KT="Other" id="E21">
<type class="Negative_regulation"/>
<theme idref="E17"/>
<clue>Because <clueType>inhibition</clueType> <linkTheme>of</linkTheme> <corefTheme>DNA-binding activity</corefTheme> is associated with increasing intracellular glutathione disulfide levels and GSSG can be shown to inhibit the DNA-binding activity directly in cell-free systems, our studies suggest that GSSG is a physiologically relevant inhibitor in intact cells also.</clue>
</event>
<event KT="Other" id="E22">
<type class="Positive_regulation"/>
<theme idref="A7"/>
<clue>Because inhibition of DNA-binding activity is associated with <clueType>increasing</clueType> intracellular glutathione disulfide levels and GSSG can be shown to inhibit the DNA-binding activity directly in cell-free systems, our studies suggest that GSSG is a physiologically relevant inhibitor in intact cells also.</clue>
</event>
<event KT="Analysis" id="E23">
<type class="Correlation"/>
<theme idref="E21"/>
<theme idref="E22"/>
<clue>Because inhibition of DNA-binding activity is <clueType><clueKT>associated</clueKT></clueType> <linkTheme>with</linkTheme> increasing intracellular glutathione disulfide levels and GSSG can be shown to inhibit the DNA-binding activity directly in cell-free systems, our studies suggest that GSSG is a physiologically relevant inhibitor in intact cells also.</clue>
</event>
<event CL="L2" KT="Analysis" id="E24">
<type class="Negative_regulation"/>
<theme idref="E17"/>
<cause idref="T30"/>
<clue>Because inhibition of DNA-binding activity is associated with increasing intracellular glutathione disulfide levels and GSSG <clueCL>can</clueCL> be <clueKT>shown</clueKT> to <clueType>inhibit</clueType> <corefTheme>the DNA-binding activity</corefTheme> directly <clueExperiment>in cell-free systems</clueExperiment>, our studies suggest that GSSG is a physiologically relevant inhibitor in intact cells also.</clue>
</event>
<sentence id="S5"><term id="T35" lex="NF_kappa_B" sem="Protein_molecule">NF kappa B</term> controls many <term id="T36" lex="immunologically_important_genE" sem="DNA_family_or_group">immunologically important genes</term>, so our studies suggest that the <term id="A9" sem="Other">immune system</term> may be sensitive not only against a <term id="T37" lex="cysteine_and_glutathione_deficiency" sem="Other"><term id="T38" lex="cysteine" sem="Amino_acid_monomer">cysteine</term> and <term id="T39" lex="glutathione" sem="Peptide">glutathione</term> <term id="A8" sem="Other">deficiency</term></term> but also against an <term id="A10" sem="Other">excess of <term id="T40" lex="cysteine" sem="Amino_acid_monomer">cysteine</term></term>.</sentence>
<event KT="Fact" id="E25">
<type class="Regulation"/>
<theme idref="T36"/>
<cause idref="T35"/>
<clue>NF kappa B <clueType>controls</clueType> many immunologically important genes, so our studies suggest that the immune system may be sensitive not only against a cysteine and glutathione deficiency but also against an excess of cysteine.</clue>
</event>
<event CL="L1" KT="Analysis" id="E26">
<type/>
<theme idref="T38" idref1="A8"/>
<theme idref="A9"/>
<clue>NF kappa B controls many immunologically important genes, so our studies <clueKT>suggest</clueKT> that the immune system <clueCL>may</clueCL> be <clueType>sensitive</clueType> not only <linkTheme>against</linkTheme> a cysteine and glutathione deficiency but also against an excess of cysteine.</clue>
<comment>SENSITIVITY</comment></event>
<event CL="L1" KT="Analysis" id="E27">
<type/>
<theme idref="T39" idref1="A8"/>
<theme idref="A9"/>
<clue>NF kappa B controls many immunologically important genes, so our studies <clueKT>suggest</clueKT> that the immune system <clueCL>may</clueCL> be <clueType>sensitive</clueType> not only <linkTheme>against</linkTheme> a cysteine and glutathione deficiency but also against an excess of cysteine.</clue>
<comment>SENSITIVITY</comment></event>
<event CL="L1" KT="Analysis" id="E28">
<type class="Correlation"/>
<theme idref="A10"/>
<theme idref="A9"/>
<clue>NF kappa B controls many immunologically important genes, so our studies <clueKT>suggest</clueKT> that the immune system <clueCL>may</clueCL> be <clueType>sensitive</clueType> not only against a cysteine and glutathione deficiency but also <linkTheme>against</linkTheme> an excess of cysteine.</clue>
<comment>TPS: A10, SENSITIVITY</comment></event>
</AbstractText>
</Abstract></Article></MedlineCitation></PubmedArticle></PubmedArticleSet></Annotation>
