<?xml version='1.0'?><!DOCTYPE Annotation PUBLIC "//GENIA//DTD GENIA ANNOTATION EVENT 2.0//EN_Modified" "../ModifiedGENIAtypes/Modified_GENIA_event_20.dtd"><Annotation annotates="http://www.ncbi.nlm.nih.gov/entrez/eutils/efetch.fcgi?db=pubmed&amp;retmode=xml&amp;rettype=medline&amp;id=7788861" created="05/10/2006" creator="Junko Matsuura"><PubmedArticleSet><PubmedArticle><MedlineCitation>
<PMID>7788861</PMID>
<Article>
<ArticleTitle>
<sentence id="S1">Expression of <term id="T1" lex="Ah_receptor" sem="Protein_molecule">Ah receptor</term> (<term id="T2" lex="TCDD_receptor" sem="Protein_molecule">TCDD receptor</term>) during <term id="T3" lex="human_monocytic_differentiation" sem="Other"><term id="A1" sem="Cell_natural">human monocytic</term> differentiation</term>.</sentence>
<event KT="Investigation" id="E1">
<type class="Gene_expression"/>
<theme idref="T2"/>
<clue><clueType>Expression</clueType> of Ah receptor (TCDD receptor) <clueTime>during human monocytic differentiation.</clueTime></clue>
</event>
<event KT="Other" id="E2">
<type class="Cell_differentiation"/>
<theme idref="A1"/>
<clue>Expression of Ah receptor (TCDD receptor) during human monocytic <clueType>differentiation</clueType>.</clue>
</event>
</ArticleTitle>
<Abstract>
<AbstractText>
<sentence id="S2">We have previously found a high expression of <term id="T4" lex="human_Ah_receptor_(TCDD_receptor)_mRNA" sem="RNA_molecule"><term id="T5" lex="human_Ah_receptor" sem="Protein_molecule">human <term id="T6" lex="Ah_receptor" sem="Protein_molecule">Ah receptor</term></term> (<term id="T7" lex="TCDD_receptor" sem="Protein_molecule">TCDD receptor</term>) mRNA</term> in <term id="T8" lex="peripheral_blood_cell" sem="Cell_natural">peripheral blood cells</term> of <term id="T9" lex="individual" sem="Multicellular_organism_natural">individuals</term>.</sentence>
<event Manner="High" Source="Other" id="E3">
<type class="Transcription"/>
<theme idref="T4"/>
<clue>We have <clueSource>previously</clueSource> <clueKT>found</clueKT> a <clueManner>high</clueManner> <clueType>expression</clueType> of human Ah receptor (TCDD receptor) mRNA <clueLoc>in peripheral blood cells</clueLoc> of individuals.</clue>
</event>
<sentence id="S3">In this paper, the expression of this gene in <term id="T10" lex="blood_cell" sem="Cell_natural">blood cells</term> was first investigated in fractions of <term id="T11" lex="nucleated_cell" sem="Cell_natural">nucleated cells</term>, revealing predominant expression of the <term id="T12" lex="Ah_receptor_gene" sem="DNA_domain_or_region"><term id="T13" lex="Ah_receptor" sem="Protein_molecule">Ah receptor</term> gene</term> in the <term id="T14" lex="monocyte_fraction" sem="Cell_natural">monocyte fraction</term>.</sentence>
<event KT="Investigation" id="E5" uncertainty="doubtful">
<type class="Gene_expression"/>
<theme idref="T7"/>
<clue>In this paper, the <clueType>expression</clueType> <linkTheme>of</linkTheme> <corefTheme>this gene</corefTheme> <clueLoc>in blood cells</clueLoc> was first <clueKT>investigated</clueKT> in fractions of nucleated cells, revealing predominant expression of the Ah receptor gene in the monocyte fraction.</clue>
</event>
<event KT="Analysis" id="E6">
<type class="Gene_expression"/>
<theme idref="T12"/>
<clue>In this paper, the expression of this gene in blood cells was first investigated in fractions of nucleated cells, <clueKT>revealing</clueKT> predominant <clueType>expression</clueType> <linkTheme>of</linkTheme> the Ah receptor gene <clueLoc>in the monocyte fraction</clueLoc>.</clue>
</event>
<sentence id="S4">Then the <term id="T15" lex="expression_level" sem="Other">expression levels</term> of <term id="T16" lex="AhR_mRNA" sem="RNA_molecule">AhR mRNA</term> in various <term id="T17" lex="hematopoietic_cell_line" sem="Cell_cultured">hematopoietic cell lines</term> were examined together with those of <term id="T18" lex="Arnt" sem="Protein_molecule">Arnt</term> and <term id="T19" lex="P450IA1" sem="Protein_molecule">P450IA1</term>.</sentence>
<event KT="Investigation" id="E7" uncertainty="doubtful">
<type class="Transcription"/>
<theme idref="T16"/>
<clue>Then the <clueType>expression</clueType> levels <linkTheme>of</linkTheme> AhR mRNA <clueLoc>in various hematopoietic cell lines</clueLoc> were <clueKT>examined</clueKT> together with those of Arnt and P450IA1.</clue>
</event>
<event KT="Investigation" id="E8" uncertainty="doubtful">
<type class="Transcription"/>
<theme idref="T18"/>
<clue>Then the <clueType>expression</clueType> levels of AhR mRNA <clueLoc>in various hematopoietic cell lines</clueLoc> were <clueKT>examined</clueKT> together with those <linkTheme>of</linkTheme> Arnt and P450IA1.</clue>
</event>
<event KT="Investigation" id="E9" uncertainty="doubtful">
<type class="Transcription"/>
<theme idref="T19"/>
<clue>Then the <clueType>expression</clueType> levels of AhR mRNA <clueLoc>in various hematopoietic cell lines</clueLoc> were <clueKT>examined</clueKT> together with those <linkTheme>of</linkTheme> Arnt and P450IA1.</clue>
</event>
<sentence id="S5"><term id="T20" lex="AhR" sem="Protein_molecule">AhR</term> was expressed at high levels in <term id="T21" lex="monocytoid_U937" sem="Cell_cultured">monocytoid U937</term>, <term id="T22" lex="THP1" sem="Cell_cultured">THP1</term>, and <term id="T23" lex="HEL/S_cell" sem="Cell_cultured">HEL/S cells</term>, and at moderate levels in <term id="T24" lex="promyelocytic_HL60_cells" sem="Cell_cultured">promyelocytic HL60 cells</term> and <term id="T25" lex="erythroblastic_HEL_cells" sem="Cell_cultured">erythroblastic HEL cells</term>.</sentence>
<event Manner="High" id="E300">
<type class="Gene_expression"/>
<theme idref="T20"/>
<clue>AhR was <clueType>expressed</clueType> <clueManner>at high levels</clueManner> <clueLoc>in monocytoid U937</clueLoc>, THP1, and HEL/S <clueLoc>cells</clueLoc>, and at moderate levels in promyelocytic HL60 cells and erythroblastic HEL cells.</clue>
</event>
<event Manner="High" id="E301">
<type class="Gene_expression"/>
<theme idref="T20"/>
<clue>AhR was <clueType>expressed</clueType> <clueManner>at high levels</clueManner> <clueLoc>in monocytoid</clueLoc> U937, <clueLoc>THP1</clueLoc>, and HEL/S <clueLoc>cells</clueLoc>, and at moderate levels in promyelocytic HL60 cells and erythroblastic HEL cells.</clue>
</event>
<event Manner="High" id="E302">
<type class="Gene_expression"/>
<theme idref="T20"/>
<clue>AhR was <clueType>expressed</clueType> <clueManner>at high levels</clueManner> <clueLoc>in monocytoid</clueLoc> U937, THP1, and <clueLoc>HEL/S cells</clueLoc>, and at moderate levels in promyelocytic HL60 cells and erythroblastic HEL cells.</clue>
</event>
<event id="E303">
<type class="Gene_expression"/>
<theme idref="T20"/>
<clue>AhR was <clueType>expressed</clueType> at high levels in monocytoid U937, THP1, and HEL/S cells, and at moderate levels <clueLoc>in promyelocytic HL60 cells</clueLoc> and erythroblastic HEL cells.</clue>
</event>
<event id="E304">
<type class="Gene_expression"/>
<theme idref="T20"/>
<clue>AhR was <clueType>expressed</clueType> at high levels in monocytoid U937, THP1, and HEL/S cells, and at moderate levels <clueLoc>in</clueLoc> promyelocytic HL60 cells and <clueLoc>erythroblastic HEL cells</clueLoc>.</clue>
</event>
<sentence id="S6">However, it was not detected in <term id="T26" lex="lymphoid_cell" sem="Cell_natural">lymphoid cells</term> <term id="T27" lex="MOLT4" sem="Cell_cultured">MOLT4</term> (<term id="T28" lex="T_cell" sem="Cell_natural">T cell</term>) and <term id="T29" lex="BALL1" sem="Cell_cultured">BALL1</term> (<term id="T30" lex="B_cell" sem="Cell_natural">B cell</term>), nor in <term id="T31" lex="K562_erythroblast" sem="Cell_cultured">K562 erythroblasts</term>.</sentence>
<event Polarity="Negative" assertion="non-exist" id="E310">
<type class="Gene_expression"/>
<theme idref="T20"/>
<clue>However, <corefTheme>it</corefTheme> was <cluePolarity>not</cluePolarity> <clueType><clueKT>detected</clueKT></clueType> <clueLoc>in lymphoid cells MOLT4 (T cell)</clueLoc> and BALL1 (B cell), nor in K562 erythroblasts.</clue>
</event>
<event Polarity="Negative" assertion="non-exist" id="E311">
<type class="Gene_expression"/>
<theme idref="T20"/>
<clue>However, <corefTheme>it</corefTheme> was <cluePolarity>not</cluePolarity> <clueType><clueKT>detected</clueKT></clueType> <clueLoc>in lymphoid cells</clueLoc> MOLT4 (T cell) and <clueLoc>BALL1 (B cell)</clueLoc>, nor in K562 erythroblasts.</clue>
</event>
<event Polarity="Negative" assertion="non-exist" id="E312">
<type class="Gene_expression"/>
<theme idref="T20"/>
<clue>However, <corefTheme>it</corefTheme> was not <clueType><clueKT>detected</clueKT></clueType> in lymphoid cells MOLT4 (T cell) and BALL1 (B cell), <cluePolarity>nor</cluePolarity> <clueLoc>in K562 erythroblasts</clueLoc>.</clue>
</event>
<sentence id="S7">Furthermore, a specific induction of <term id="T32" lex="AhR" sem="Protein_molecule">AhR</term> during <term id="A2" sem="Cell_natural">monocytic</term> differentiation was investigated in <term id="T33" lex="HL60" sem="Cell_cultured">HL60</term> and <term id="T34" lex="HEL_cell" sem="Cell_cultured">HEL cells</term>.</sentence>
<event KT="Investigation" id="E320" uncertainty="doubtful">
<type class="Positive_regulation"/>
<theme idref="T32"/>
<clue>Furthermore, a specific <clueType>induction</clueType> <linkTheme>of</linkTheme> AhR <clueTime>during monocytic differentiation</clueTime> was <clueKT>investigated</clueKT> <clueLoc>in HL60</clueLoc> and HEL <clueLoc>cells</clueLoc>.</clue>
</event>
<event KT="Investigation" id="E321" uncertainty="doubtful">
<type class="Positive_regulation"/>
<theme idref="T32"/>
<clue>Furthermore, a specific <clueType>induction</clueType> <linkTheme>of</linkTheme> AhR <clueTime>during monocytic differentiation</clueTime> was <clueKT>investigated</clueKT> <clueLoc>in</clueLoc> HL60 and <clueLoc>HEL cells</clueLoc>.</clue>
</event>
<event KT="Other" id="E15">
<type class="Cell_differentiation"/>
<theme idref="A2"/>
<clue>Furthermore, a specific induction of AhR during monocytic <clueType>differentiation</clueType> was investigated in HL60 and HEL cells.</clue>
</event>
<sentence id="S8"><term id="T35" lex="HL60_cell" sem="Cell_cultured">HL60 cells</term> were induced to differentiate toward <term id="T36" lex="monocytes-macrophage" sem="Cell_natural">monocytes-macrophages</term> by incubation with <term id="A3" sem="Organic_compound_other">phorbol ester</term>, showing a 5- to 2-fold increase of <term id="T37" lex="AhR_mRNA" sem="RNA_molecule"><term id="T38" lex="AhR" sem="Protein_molecule">AhR</term> mRNA</term>.</sentence>
<event KT="Method" id="E16">
<type class="Artificial_process"/>
<theme idref="T35"/>
<theme idref="A3"/>
<clue>HL60 cells were induced to differentiate toward monocytes-macrophages by <clueType>incubation</clueType> <linkTheme>with</linkTheme> phorbol ester, showing a 5- to 2-fold increase of AhR mRNA.</clue>
</event>
<event id="E17">
<type class="Cell_differentiation"/>
<theme idref="T35"/>
<theme idref="T36"/>
<clue>HL60 cells were induced to <clueType>differentiate</clueType> <linkTheme>toward</linkTheme> monocytes-macrophages by incubation with phorbol ester, showing a 5- to 2-fold increase of AhR mRNA.</clue>
</event>
<event id="E107">
<type class="Positive_regulation"/>
<theme idref="E17"/>
<cause idref="E16"/>
<clue>HL60 cells were <clueType>induced</clueType> to differentiate toward monocytes-macrophages <linkCause>by</linkCause> incubation with phorbol ester, showing a 5- to 2-fold increase of AhR mRNA.</clue>
</event>
<event KT="Analysis" Manner="High" id="E18">
<type class="Positive_regulation"/>
<theme idref="T37"/>
<cause idref="E16"/>
<clue>HL60 cells were induced to differentiate toward monocytes-macrophages by incubation with phorbol ester, <clueKT>showing</clueKT> a <clueManner>5- to 2-fold</clueManner> <clueType>increase</clueType> <linkTheme>of</linkTheme> AhR mRNA.</clue>
</event>
<sentence id="S9">The incubation with <term id="T39" lex="transforming_growth_factor_beta_1" sem="Protein_molecule">transforming growth factor beta 1</term> and <term id="T40" lex="1_alpha,25-dihydroxyvitamin_D3" sem="Lipid">1 alpha,25-dihydroxyvitamin D3</term> resulted in a 5- to 7-fold increase of <term id="T41" lex="AhR_mRNA" sem="RNA_molecule"><term id="T42" lex="AhR" sem="Protein_molecule">AhR</term> mRNA</term>.</sentence>
<event KT="Method" id="E19">
<type class="Artificial_process"/>
<theme idref="T39"/>
<theme idref="T35"/>
<clue>The <clueType>incubation</clueType> <linkTheme>with</linkTheme> transforming growth factor beta 1 and 1 alpha,25-dihydroxyvitamin D3 resulted in a 5- to 7-fold increase of AhR mRNA.</clue>
<comment>NO COREFTHEME</comment></event>
<event KT="Method" id="E20">
<type class="Artificial_process"/>
<theme idref="T40"/>
<theme idref="T35"/>
<clue>The <clueType>incubation</clueType> <linkTheme>with</linkTheme> transforming growth factor beta 1 and 1 alpha,25-dihydroxyvitamin D3 resulted in a 5- to 7-fold increase of AhR mRNA.</clue>
<comment>NO COREFTHEME</comment></event>
<event Manner="High" id="E21">
<type class="Positive_regulation"/>
<theme idref="T41"/>
<cause idref="E19"/>
<clue>The incubation with transforming growth factor beta 1 and 1 alpha,25-dihydroxyvitamin D3 resulted in a <clueManner>5- to 7-fold</clueManner> <clueType>increase</clueType> <linkTheme>of</linkTheme> AhR mRNA.</clue>
</event>
<event Manner="High" id="E22">
<type class="Positive_regulation"/>
<theme idref="T41"/>
<cause idref="E20"/>
<clue>The incubation with transforming growth factor beta 1 and 1 alpha,25-dihydroxyvitamin D3 resulted in a <clueManner>5- to 7-fold</clueManner> <clueType>increase</clueType> <linkTheme>of</linkTheme> AhR mRNA.</clue>
</event>
<sentence id="S10">The <term id="T43" lex="HEL_cells" sem="Cell_cultured">HEL cells</term> also exhibited a similar elevation of <term id="T44" lex="AhR_mRNA_level" sem="Other"><term id="T45" lex="AhR_mRNA" sem="RNA_molecule"><term id="T46" lex="AhR" sem="Protein_molecule">AhR</term> mRNA</term> level</term>, when they had differentiated toward <term id="T47" lex="monocyte-macrophage_cell" sem="Cell_natural">monocyte-macrophage cells</term> by these combined inducers, but little change in the <term id="T48" lex="mRNA_level" sem="Other">mRNA level</term> was observed when the cells were induced to differentiate into <term id="A4" sem="Cell_natural">other cell types</term>.</sentence>
<event id="E23">
<type class="Cell_differentiation"/>
<theme idref="T43"/>
<theme idref="T47"/>
<clue>The HEL cells also exhibited a similar elevation of AhR mRNA level, when <corefTheme idref1="T43">they</corefTheme> had <clueType>differentiated</clueType> <linkTheme>toward</linkTheme> monocyte-macrophage cells by these combined inducers, but little change in the mRNA level was observed when the cells were induced to differentiate into other cell types.</clue>
</event>
<event id="E123">
<type class="Positive_regulation"/>
<theme idref="E23"/>
<cause idref="T39"/>
<cause idref="T40"/>
<clue>The HEL cells also exhibited a similar elevation of AhR mRNA level, when they had differentiated toward monocyte-macrophage cells <linkCause>by</linkCause> <corefCause>these combined inducers</corefCause>, but little change in the mRNA level was observed when the cells were induced to differentiate into other cell types.</clue>
<comment>NO CLUETYPE</comment></event>
<event KT="Analysis" id="E24">
<type class="Positive_regulation"/>
<theme idref="T45"/>
<cause idref="E123"/>
<clue>The <clueLoc>HEL cells</clueLoc> also <clueKT>exhibited</clueKT> a similar <clueType>elevation</clueType> <linkTheme>of</linkTheme> AhR mRNA level, when they had differentiated toward monocyte-macrophage cells by these combined inducers, but little change in the mRNA level was observed when the cells were induced to differentiate into other cell types.</clue>
</event>
<event id="E25">
<type class="Cell_differentiation"/>
<theme idref="T43"/>
<theme idref="A4"/>
<clue>The HEL cells also exhibited a similar elevation of AhR mRNA level, when they had differentiated toward monocyte-macrophage cells by these combined inducers, but little change in the mRNA level was observed when the cells were induced to <clueType>differentiate</clueType> <linkTheme>into</linkTheme> other cell types.</clue>
</event>
<event Manner="Low" assertion="non-exist" id="E26">
<type class="Regulation"/>
<theme idref="T45"/>
<cause idref="E25"/>
<clue>The <clueLoc>HEL cells</clueLoc> also exhibited a similar elevation of AhR mRNA level, when they had differentiated toward monocyte-macrophage cells by these combined inducers, but <clueManner>little</clueManner> <clueType>change</clueType> <linkTheme>in</linkTheme> the mRNA level was <clueKT>observed</clueKT> when the cells were induced to differentiate into other cell types.</clue>
</event>
<sentence id="S11">Treatment of the <term id="T49" lex="differentiated_HL60_cell" sem="Cell_cultured">differentiated <term id="T50" lex="HL60" sem="Cell_cultured">HL60</term> cells</term> with <term id="T51" lex="3-methylcholanthrene" sem="Organic_compound_other">3-methylcholanthrene</term>, a ligand of <term id="T52" lex="AhR" sem="Protein_molecule">AhR</term>, induced the expression of the <term id="T53" lex="P450IA1" sem="Protein_molecule">P450IA1</term> gene.</sentence>
<event KT="Other" id="E27">
<type class="Cell_differentiation"/>
<theme idref="T50"/>
<clue>Treatment of the <clueType>differentiated</clueType> HL60 cells with 3-methylcholanthrene, a ligand of AhR, induced the expression of the P450IA1 gene.</clue>
</event>
<event KT="Method" id="E28">
<type class="Artificial_process"/>
<theme idref="T49"/>
<theme idref="T51"/>
<clue><clueType>Treatment</clueType> <linkTheme>of</linkTheme> the differentiated HL60 cells <linkTheme>with</linkTheme> 3-methylcholanthrene, a ligand of AhR, induced the expression of the P450IA1 gene.</clue>
</event>
<event id="E29">
<type class="Gene_expression"/>
<theme idref="T53"/>
<clue>Treatment of the differentiated HL60 cells with 3-methylcholanthrene, a ligand of AhR, induced the <clueType>expression</clueType> <linkTheme>of</linkTheme> the P450IA1 gene.</clue>
</event>
<event id="E30">
<type class="Positive_regulation"/>
<theme idref="E29"/>
<cause idref="E28"/>
<clue>Treatment of the differentiated HL60 cells with 3-methylcholanthrene, a ligand of AhR, <clueType>induced</clueType> the expression of the P450IA1 gene.</clue>
</event>
<event KT="Fact" id="E31">
<type class="Binding"/>
<theme idref="T51"/>
<theme idref="T52"/>
<clue>Treatment of the differentiated HL60 cells with 3-methylcholanthrene, a <clueType>ligand</clueType> <linkTheme>of</linkTheme> AhR, induced the expression of the P450IA1 gene.</clue>
</event>
<sentence id="S12">These results indicated that expression of <term id="T54" lex="AhR_mRNA" sem="RNA_molecule"><term id="T55" lex="AhR" sem="Protein_molecule">AhR</term> mRNA</term> was significantly induced during <term id="T56" lex="monocytic_differentiation" sem="Other"><term id="A5" sem="Cell_natural">monocytic</term> differentiation</term> and that the <term id="T57" lex="differentiated_cell" sem="Cell_natural">differentiated cells</term> were responsive to <term id="T58" lex="xenobiotic" sem="Organic_compound_other">xenobiotics</term>.</sentence>
<event KT="Other" id="E32">
<type class="Transcription"/>
<theme idref="T54"/>
<clue>These results indicated that <clueType>expression</clueType> <linkTheme>of</linkTheme> AhR mRNA was significantly induced during monocytic differentiation and that the differentiated cells were responsive to xenobiotics.</clue>
</event>
<event CL="L2" KT="Analysis" Manner="High" id="E33">
<type class="Positive_regulation"/>
<theme idref="E32"/>
<clue>These results <clueKT><clueCL>indicated</clueCL></clueKT> that expression of AhR mRNA was <clueManner>significantly</clueManner> <clueType>induced</clueType> <clueTime>during monocytic differentiation</clueTime> and that the differentiated cells were responsive to xenobiotics.</clue>
</event>
<event KT="Other" id="E34">
<type class="Cell_differentiation"/>
<theme idref="A5"/>
<clue>These results indicated that expression of AhR mRNA was significantly induced during monocytic <clueType>differentiation</clueType> and that the differentiated cells were responsive to xenobiotics.</clue>
</event>
<event CL="L2" KT="Analysis" id="E35">
<type class="Regulation"/>
<theme idref="T57"/>
<cause idref="T58"/>
<clue>These results <clueKT><clueCL>indicated</clueCL></clueKT> that expression of AhR mRNA was significantly induced during monocytic differentiation and that the differentiated cells were <clueType>responsive</clueType> <linkCause>to</linkCause> xenobiotics.</clue>
</event>
<event KT="Other" id="E36">
<type class="Cell_differentiation"/>
<theme idref="A5"/>
<clue>These results indicated that expression of AhR mRNA was significantly induced during monocytic differentiation and that the <clueType>differentiated</clueType> <corefTheme>cells</corefTheme> were responsive to xenobiotics.</clue>
</event>
<sentence id="S13">Our results suggest that <term id="T59" lex="AhR" sem="Protein_molecule">AhR</term> may play an important role in the <term id="A6" sem="Other">function of <term id="T60" lex="monocyte" sem="Cell_natural">monocytes</term></term> and also in the eventual activation of <term id="T61" lex="environmental_carcinogen" sem="Organic_compound_other">environmental carcinogens</term>.</sentence>
<event KT="Other" id="E37">
<type class="Positive_regulation"/>
<theme idref="T61"/>
<clue>Our results suggest that AhR may play an important role in the function of monocytes and also in the eventual <clueType>activation</clueType> <linkTheme>of</linkTheme> environmental carcinogens.</clue>
</event>
<event CL="L1" KT="Analysis" id="E38" uncertainty="probable">
<type class="Positive_regulation"/>
<theme idref="E37"/>
<cause idref="T59"/>
<clue>Our results <clueKT>suggest</clueKT> that AhR <clueCL>may</clueCL> <clueType>play an important role</clueType> in the function of monocytes and also <linkTheme>in</linkTheme> the eventual activation of environmental carcinogens.</clue>
</event>
<event CL="L1" KT="Analysis" id="E39" uncertainty="probable">
<type class="Positive_regulation"/>
<theme idref="A6"/>
<cause idref="T59"/>
<clue>Our results <clueKT>suggest</clueKT> that AhR <clueCL>may</clueCL> <clueType>play an important role</clueType> <linkTheme>in</linkTheme> the function of monocytes and also in the eventual activation of environmental carcinogens.</clue>
<comment>TPS: A6</comment></event>
</AbstractText>
</Abstract></Article></MedlineCitation></PubmedArticle></PubmedArticleSet></Annotation>
