<?xml version='1.0'?><!DOCTYPE Annotation PUBLIC "//GENIA//DTD GENIA ANNOTATION EVENT 2.0//EN_Modified" "../ModifiedGENIAtypes/Modified_GENIA_event_20.dtd"><Annotation annotates="http://www.ncbi.nlm.nih.gov/entrez/eutils/efetch.fcgi?db=pubmed&amp;retmode=xml&amp;rettype=medline&amp;id=7802642" created="13/05/2006" creator="Hitomi MASUDA"><PubmedArticleSet><PubmedArticle><MedlineCitation>
<PMID>7802642</PMID>
<Article>
<ArticleTitle>
<sentence id="S1"><term id="T1" lex="platelet-activating_factor" sem="Protein_family_or_group">Platelet-activating factor</term> (<term id="T2" lex="PAF" sem="Protein_family_or_group">PAF</term>) positively auto-regulates the expression of <term id="T3" lex="human_PAF_receptor_transcript_1" sem="Protein_molecule">human PAF receptor transcript 1</term> (<term id="T4" lex="leukocyte-type" sem="Other">leukocyte-type</term>) through <term id="T5" lex="NF-kappa_B" sem="Protein_molecule">NF-kappa B</term>.</sentence>
<event id="E1">
<type class="Positive_regulation"/>
<theme idref="T3"/>
<clue>Platelet-activating factor (PAF) positively auto-regulates the <clueType>expression</clueType> <linkTheme>of</linkTheme> human PAF receptor transcript 1 (leukocyte-type) through NF-kappa B.</clue>
</event>
<event id="E2">
<type class="Correlation"/>
<theme idref="E1"/>
<theme idref="T5"/>
<clue>Platelet-activating factor (PAF) positively auto-regulates the expression of human PAF receptor transcript 1 (leukocyte-type) <linkCause>through</linkCause> NF-kappa B.</clue>
<comment>No clueType</comment></event>
<event id="E3">
<type class="Positive_regulation"/>
<theme idref="E2"/>
<cause idref="T2"/>
<clue>Platelet-activating factor (PAF) <clueType>positively auto-regulates</clueType> the expression of human PAF receptor transcript 1 (leukocyte-type) through NF-kappa B.</clue>
</event>
</ArticleTitle>
<Abstract>
<AbstractText>
<sentence id="S2">The <term id="T6" lex="human_platelet-activating_factor_receptor_(PAFR)_gene" sem="DNA_domain_or_region"><term id="T7" lex="human_platelet-activating_factor_receptor" sem="Protein_molecule">human platelet-activating factor receptor</term> (<term id="T8" lex="PAFR" sem="Protein_molecule">PAFR</term>) gene</term> is transcribed by two distinct <term id="T9" lex="promoter" sem="DNA_domain_or_region">promoters</term> (<term id="T10" lex="promoter_1" sem="DNA_domain_or_region">promoter 1</term> and <term id="T11" lex="promoter_2" sem="DNA_domain_or_region">promoter 2</term>) to generate two transcripts (designated as <term id="T12" lex="PAFR_transcript_1" sem="RNA_molecule"><term id="T13" lex="PAFR" sem="Protein_molecule">PAFR</term> transcript 1</term> and <term id="T14" lex="PAFR_transcript_2" sem="RNA_molecule"><term id="T15" lex="PAFR" sem="Protein_molecule">PAFR</term> transcript 2</term>), though their open reading frames are identical.</sentence>
<event KT="Other" id="E4">
<type class="Transcription"/>
<theme idref="T8"/>
<clue>The human platelet-activating factor receptor (PAFR) gene is <clueType>transcribed</clueType> by two distinct promoters (promoter 1 and promoter 2) to generate two transcripts (designated as PAFR transcript 1 and PAFR transcript 2), though their open reading frames are identical.</clue>
</event>
<event KT="Fact" id="E105">
<type class="Positive_regulation"/>
<theme idref="E4"/>
<cause idref="T10"/>
<clue>The human platelet-activating factor receptor (PAFR) gene is transcribed <linkCause>by</linkCause> two distinct promoters (promoter 1 and promoter 2) to generate two transcripts (designated as PAFR transcript 1 and PAFR transcript 2), though their open reading frames are identical.</clue>
<comment>No clueType</comment></event>
<event KT="Fact" id="E106">
<type class="Positive_regulation"/>
<theme idref="E4"/>
<cause idref="T11"/>
<clue>The human platelet-activating factor receptor (PAFR) gene is transcribed <linkCause>by</linkCause> two distinct promoters (promoter 1 and promoter 2) to generate two transcripts (designated as PAFR transcript 1 and PAFR transcript 2), though their open reading frames are identical.</clue>
<comment>No clueType</comment></event>
<sentence id="S3">By primer extension analysis to discriminate two transcripts, we found that the <term id="A1" sem="Other"><term id="A2" sem="Other">levels of</term> <term id="T16" lex="PAFR_transcript_1" sem="RNA_family_or_group"><term id="T17" lex="PAFR" sem="Protein_molecule">PAFR</term> transcript 1</term></term> (<term id="T18" lex="leukocyte-type" sem="Other">leukocyte-type</term>), but not <term id="T19" lex="PAFR_transcript_2" sem="RNA_domain_or_region"><term id="T20" lex="PAFR" sem="Protein_molecule">PAFR</term> transcript 2</term> (<term id="T21" lex="tissue-type" sem="Other">tissue-type</term>), are upregulated by <term id="T22" lex="PAF" sem="Protein_molecule">PAF</term> as well as by <term id="T23" lex="12-O-tetradecanoylphorbol-13-acetate" sem="Organic_compound_other">12-O-tetradecanoylphorbol-13-acetate</term> (<term id="T24" lex="TPA" sem="Organic_compound_other">TPA</term>) in the <term id="T25" lex="human_stomach_cancer_cell_line" sem="Cell_cultured">human stomach cancer cell line</term> (<term id="T26" lex="JR-St_cell" sem="Cell_cultured">JR-St cells</term>) which expresses both functional <term id="T27" lex="PAFR_transcript_1" sem="RNA_molecule"><term id="T28" lex="PAFR" sem="Protein_molecule">PAFR</term> transcript 1</term> and <term id="T29" lex="PAFR_transcript_2" sem="RNA_molecule"><term id="T30" lex="PAFR" sem="Protein_molecule">PAFR</term> transcript 2</term> endogenously.</sentence>
<event id="E107">
<type class="Positive_regulation"/>
<theme idref="A1"/>
<cause idref="T22"/>
<clue><clueExperiment>By primer extension analysis to discriminate two transcripts</clueExperiment>, we <clueKT>found</clueKT> that the levels of PAFR transcript 1 (leukocyte-type), but not PAFR transcript 2 (tissue-type), are <clueType>upregulated</clueType> <linkCause>by</linkCause> PAF as well as by 12-O-tetradecanoylphorbol-13-acetate (TPA) <clueLoc>in the human stomach cancer cell line (JR-St cells)</clueLoc> which expresses both functional PAFR transcript 1 and PAFR transcript 2 endogenously.</clue>
<comment>TPS: A1</comment></event>
<event Polarity="Negative" assertion="non-exist" id="E108">
<type class="Positive_regulation"/>
<theme idref="A2" idref1="T19"/>
<cause idref="T22"/>
<clue><clueExperiment>By primer extension analysis to discriminate two transcripts</clueExperiment>, we <clueKT>found</clueKT> that the levels of PAFR transcript 1 (leukocyte-type), but <cluePolarity>not</cluePolarity> PAFR transcript 2 (tissue-type), are <clueType>upregulated</clueType> <linkCause>by</linkCause> PAF as well as by 12-O-tetradecanoylphorbol-13-acetate (TPA) <clueLoc>in the human stomach cancer cell line (JR-St cells)</clueLoc> which expresses both functional PAFR transcript 1 and PAFR transcript 2 endogenously.</clue>
<comment>TPS: A2</comment></event>
<event id="E109">
<type class="Positive_regulation"/>
<theme idref="A1"/>
<cause idref="T24"/>
<clue><clueExperiment>By primer extension analysis to discriminate two transcripts</clueExperiment>, we <clueKT>found</clueKT> that the levels of PAFR transcript 1 (leukocyte-type), but not PAFR transcript 2 (tissue-type), are <clueType>upregulated</clueType> <linkCause>by</linkCause> PAF as well as by 12-O-tetradecanoylphorbol-13-acetate (TPA) <clueLoc>in the human stomach cancer cell line (JR-St cells)</clueLoc> which expresses both functional PAFR transcript 1 and PAFR transcript 2 endogenously.</clue>
</event>
<event Polarity="Negative" assertion="non-exist" id="E208">
<type class="Positive_regulation"/>
<theme idref="A2" idref1="T19"/>
<cause idref="T24"/>
<clue><clueExperiment>By primer extension analysis to discriminate two transcripts</clueExperiment>, we <clueKT>found</clueKT> that the levels of PAFR transcript 1 (leukocyte-type), but <cluePolarity>not</cluePolarity> PAFR transcript 2 (tissue-type), are <clueType>upregulated</clueType> <linkCause>by</linkCause> PAF as well as by 12-O-tetradecanoylphorbol-13-acetate (TPA) <clueLoc>in the human stomach cancer cell line (JR-St cells)</clueLoc> which expresses both functional PAFR transcript 1 and PAFR transcript 2 endogenously.</clue>
</event>
<event KT="Fact" id="E209">
<type class="Gene_expression"/>
<theme idref="T27"/>
<clue>By primer extension analysis to discriminate two transcripts, we found that the levels of PAFR transcript 1 (leukocyte-type), but not PAFR transcript 2 (tissue-type), are upregulated by PAF as well as by 12-O-tetradecanoylphorbol-13-acetate (TPA) <clueLoc>in the human stomach cancer cell line (JR-St cells)</clueLoc> which <clueType>expresses</clueType> both functional PAFR transcript 1 and PAFR transcript 2 endogenously.</clue>
</event>
<event KT="Fact" id="E110">
<type class="Gene_expression"/>
<theme idref="T29"/>
<clue>By primer extension analysis to discriminate two transcripts, we found that the levels of PAFR transcript 1 (leukocyte-type), but not PAFR transcript 2 (tissue-type), are upregulated by PAF as well as by 12-O-tetradecanoylphorbol-13-acetate (TPA) <clueLoc>in the human stomach cancer cell line (JR-St cells)</clueLoc> which <clueType>expresses</clueType> both functional PAFR transcript 1 and PAFR transcript 2 endogenously.</clue>
</event>
<sentence id="S4">Functional analysis of the <term id="T31" lex="promoter_1" sem="DNA_domain_or_region">promoter 1</term> with a transient expression assay using <term id="T32" lex="chloramphenicol_acetyltransferase_(CAT)_gene" sem="DNA_molecule">chloramphenicol acetyltransferase (CAT) gene</term> as a reporter showed that both <term id="T33" lex="PAF" sem="Protein_molecule">PAF</term> and <term id="T34" lex="TPA" sem="Organic_compound_other">TPA</term> activated the <term id="T35" lex="promoter_1" sem="DNA_domain_or_region">promoter 1</term> but not the <term id="A3" sem="DNA_domain_or_region"><term id="T36" lex="deleted_promoter" sem="DNA_substructure">deleted promoter</term> lacking the three <term id="T37" lex="consensus_binding_site" sem="DNA_domain_or_region">consensus binding sites</term> for <term id="T38" lex="NF-kappa_B" sem="Protein_molecule">NF-kappa B</term></term> located from -571 bp to -459 bp.</sentence>
<event KT="Analysis" id="E11">
<type class="Positive_regulation"/>
<theme idref="T35"/>
<cause idref="T33"/>
<clue><clueExperiment>Functional analysis of the promoter 1 with a transient expression assay using chloramphenicol acetyltransferase (CAT) gene as a reporter</clueExperiment> <clueKT>showed</clueKT> that both PAF and TPA <clueType>activated</clueType> the promoter 1 but not the deleted promoter lacking the three consensus binding sites for NF-kappa B located from -571 bp to -459 bp.</clue>
</event>
<event KT="Analysis" id="E12">
<type class="Positive_regulation"/>
<theme idref="T35"/>
<cause idref="T34"/>
<clue><clueExperiment>Functional analysis of the promoter 1 with a transient expression assay using chloramphenicol acetyltransferase (CAT) gene as a reporter</clueExperiment> <clueKT>showed</clueKT> that both PAF and TPA <clueType>activated</clueType> the promoter 1 but not the deleted promoter lacking the three consensus binding sites for NF-kappa B located from -571 bp to -459 bp.</clue>
</event>
<event KT="Analysis" Polarity="Negative" assertion="non-exist" id="E13">
<type class="Positive_regulation"/>
<theme idref="A3"/>
<cause idref="T33"/>
<clue><clueExperiment>Functional analysis of the promoter 1 with a transient expression assay using chloramphenicol acetyltransferase (CAT) gene as a reporter</clueExperiment> <clueKT>showed</clueKT> that both PAF and TPA <clueType>activated</clueType> the promoter 1 but <cluePolarity>not</cluePolarity> the deleted promoter lacking the three consensus binding sites for NF-kappa B located from -571 bp to -459 bp.</clue>
<comment>TPS: A3</comment></event>
<event KT="Analysis" Polarity="Negative" assertion="non-exist" id="E14">
<type class="Positive_regulation"/>
<theme idref="A3"/>
<cause idref="T34"/>
<clue><clueExperiment>Functional analysis of the promoter 1 with a transient expression assay using chloramphenicol acetyltransferase (CAT) gene as a reporter</clueExperiment> <clueKT>showed</clueKT> that both PAF and TPA <clueType>activated</clueType> the promoter 1 but <cluePolarity>not</cluePolarity> the deleted promoter lacking the three consensus binding sites for NF-kappa B located from -571 bp to -459 bp.</clue>
</event>
<sentence id="S5">These findings suggest a <term id="T39" lex="molecular_mechanism" sem="Other">molecular mechanism</term> of positive regulation of <term id="T40" lex="PAFR_gene_expression" sem="Other"><term id="A4" sem="DNA_domain_or_region"><term id="T41" lex="PAFR" sem="Protein_molecule">PAFR</term> gene</term> expression</term> by <term id="T42" lex="PAF" sem="Protein_molecule">PAF</term> through <term id="T43" lex="NF-kappa_B" sem="Protein_molecule">NF-kappa B</term>, possibly by a <term id="A108" sem="Other">phosphorylation reaction</term> involving <term id="T44" lex="protein_kinase_C" sem="Protein_molecule">protein kinase C</term> by <term id="T45" lex="PAF" sem="Protein_molecule">PAF</term>.</sentence>
<event KT="Other" id="E5">
<type class="Gene_expression"/>
<theme idref="A4"/>
<clue>These findings suggest a molecular mechanism of positive regulation of PAFR gene <clueType>expression</clueType> by PAF through NF-kappa B, possibly by a phosphorylation reaction involving protein kinase C by PAF.</clue>
</event>
<event KT="Other" id="E6">
<type class="Correlation"/>
<theme idref="E7"/>
<theme idref="T43"/>
<clue>These findings suggest a molecular mechanism of positive regulation of PAFR gene expression by PAF <linkCause>through</linkCause> NF-kappa B, possibly by a phosphorylation reaction involving protein kinase C by PAF.</clue>
<comment>No clueType</comment></event>
<event KT="Other" id="E7">
<type class="Positive_regulation"/>
<theme idref="E6"/>
<cause idref="T42"/>
<clue>These findings suggest a molecular mechanism of <clueType>positive regulation</clueType> <linkTheme>of</linkTheme> PAFR gene expression <linkCause>by</linkCause> PAF through NF-kappa B, possibly by a phosphorylation reaction involving protein kinase C by PAF.</clue>
</event>
<event KT="Other" id="E8">
<type class="Positive_regulation"/>
<theme idref="A108"/>
<cause idref="T44"/>
<clue>These findings suggest a molecular mechanism of positive regulation of PAFR gene expression by PAF through NF-kappa B, possibly by a phosphorylation reaction <clueType>involving</clueType> protein kinase C by PAF.</clue>
</event>
<event KT="Other" id="E9">
<type class="Positive_regulation"/>
<theme idref="E8"/>
<cause idref="T45"/>
<clue>These findings suggest a molecular mechanism of positive regulation of PAFR gene expression by PAF through NF-kappa B, possibly by a phosphorylation reaction involving protein kinase C <linkCause>by</linkCause> PAF.</clue>
<comment>No clueType</comment></event>
<event CL="L1" KT="Analysis" id="E10" uncertainty="probable">
<type class="Positive_regulation"/>
<theme idref="E5"/>
<cause idref="E9"/>
<clue>These findings <clueKT>suggest</clueKT> a molecular mechanism of <clueType>positive regulation</clueType> <linkTheme>of</linkTheme> PAFR gene expression by PAF through NF-kappa B, <clueCL>possibly</clueCL> <linkCause>by</linkCause> a phosphorylation reaction involving protein kinase C by PAF.</clue>
</event>
</AbstractText>
</Abstract></Article></MedlineCitation></PubmedArticle></PubmedArticleSet></Annotation>
