<?xml version='1.0'?><!DOCTYPE Annotation PUBLIC "//GENIA//DTD GENIA ANNOTATION EVENT 2.0//EN_Modified" "../ModifiedGENIAtypes/Modified_GENIA_event_20.dtd"><Annotation annotates="http://www.ncbi.nlm.nih.gov/entrez/eutils/efetch.fcgi?db=pubmed&amp;retmode=xml&amp;rettype=medline&amp;id=7858491" created="26/01/2007" creator="Noriko Katsu"><PubmedArticleSet><PubmedArticle><MedlineCitation>
<PMID>7858491</PMID>
<Article>
<ArticleTitle>
<sentence id="S1">Expression and genomic configuration of <term id="T1" lex="GM-CSF" sem="Protein_molecule">GM-CSF</term>, <term id="T2" lex="IL-3" sem="Protein_molecule">IL-3</term>, <term id="T3" lex="M-CSF_receptor" sem="Protein_molecule">M-CSF receptor</term> (<term id="T4" lex="C-FMS" sem="Protein_molecule">C-FMS</term>), <term id="T5" lex="early_growth_response_gene-1" sem="DNA_domain_or_region">early growth response gene-1</term> (<term id="T6" lex="EGR-1" sem="DNA_domain_or_region">EGR-1</term>) and <term id="T7" lex="M-CSF_gene" sem="DNA_domain_or_region">M-CSF genes</term> in <term id="T8" lex="primary_myelodysplastic_syndromes" sem="Other">primary myelodysplastic syndromes</term>.</sentence>
<event KT="Investigation" id="E1">
<type class="Gene_expression"/>
<theme idref="T1"/>
<clue><clueType>Expression</clueType> and genomic configuration <linkTheme>of</linkTheme> GM-CSF, IL-3, M-CSF receptor (C-FMS), early growth response gene-1 (EGR-1) and M-CSF genes <clueLoc>in primary myelodysplastic syndromes</clueLoc>.</clue>
</event>
<event KT="Investigation" id="E2">
<type class="Gene_expression"/>
<theme idref="T2"/>
<clue><clueType>Expression</clueType> and genomic configuration <linkTheme>of</linkTheme> GM-CSF, IL-3, M-CSF receptor (C-FMS), early growth response gene-1 (EGR-1) and M-CSF genes <clueLoc>in primary myelodysplastic syndromes</clueLoc>.</clue>
</event>
<event KT="Investigation" id="E3">
<type class="Gene_expression"/>
<theme idref="T4"/>
<clue><clueType>Expression</clueType> and genomic configuration <linkTheme>of</linkTheme> GM-CSF, IL-3, M-CSF receptor (C-FMS), early growth response gene-1 (EGR-1) and M-CSF genes <clueLoc>in primary myelodysplastic syndromes</clueLoc>.</clue>
</event>
<event KT="Investigation" id="E4">
<type class="Gene_expression"/>
<theme idref="T6"/>
<clue><clueType>Expression</clueType> and genomic configuration <linkTheme>of</linkTheme> GM-CSF, IL-3, M-CSF receptor (C-FMS), early growth response gene-1 (EGR-1) and M-CSF genes <clueLoc>in primary myelodysplastic syndromes</clueLoc>.</clue>
</event>
<event KT="Investigation" id="E5">
<type class="Gene_expression"/>
<theme idref="T7"/>
<clue><clueType>Expression</clueType> and genomic configuration <linkTheme>of</linkTheme> GM-CSF, IL-3, M-CSF receptor (C-FMS), early growth response gene-1 (EGR-1) and M-CSF genes <clueLoc>in primary myelodysplastic syndromes</clueLoc>.</clue>
</event>
</ArticleTitle>
<Abstract>
<AbstractText>
<sentence id="S2">Peripheral blood mononuclear cells from seventeen <term id="T9" lex="patient" sem="Multicellular_organism_natural">patients</term> with <term id="T10" lex="primary_myelodysplastic_syndrome" sem="Other">primary myelodysplastic syndromes</term> (<term id="T11" lex="MDS" sem="Other">MDS</term>) in advanced stage were enriched for <term id="T12" lex="blast" sem="Cell_natural">blasts</term> and tested for (1) <term id="T13" lex="karyotype" sem="Other">karyotype</term>, (2) <term id="T14" lex="genomic_configuration" sem="Other">genomic configuration</term> and (3) expression of <cons id="T15" lex="(AND IL-3_gene GM-CSF_gene FMS_gene EGR-1_gene)" sem="(AND DNA_domain_or_region DNA_domain_or_region DNA_domain_or_region DNA_domain_or_region)"><frag id="F1"><term id="A1" sem="DNA_domain_or_region">IL-3</term></frag>, <frag id="F2"><term id="A2" sem="DNA_domain_or_region">GM-CSF</term></frag>, <frag id="F3"><term id="A3" sem="DNA_domain_or_region">FMS</term></frag> and <frag id="F4"><term id="A4" sem="DNA_domain_or_region">EGR-1</term></frag> <frag id="F5">genes</frag></cons> which are all located on the <term id="T16" lex="long_arm_of_chromosome_5" sem="DNA_domain_or_region">long arm of <term id="T17" lex="chromosome_5" sem="DNA_molecule">chromosome 5</term></term>.</sentence>
<event KT="Investigation" id="E6" uncertainty="doubtful">
<type class="Gene_expression"/>
<theme idref="A1"/>
<clue><clueLoc>Peripheral blood mononuclear cells from seventeen patients with primary myelodysplastic syndromes (MDS) in advanced stage</clueLoc> were enriched for blasts and <clueKT>tested</clueKT> for (1) karyotype, (2) genomic configuration and (3) <clueType>expression</clueType> <linkTheme>of</linkTheme> IL-3, GM-CSF, FMS and EGR-1 genes which are all located on the long arm of chromosome 5.</clue>
</event>
<event KT="Investigation" id="E7" uncertainty="doubtful">
<type class="Gene_expression"/>
<theme idref="A2"/>
<clue><clueLoc>Peripheral blood mononuclear cells from seventeen patients with primary myelodysplastic syndromes (MDS) in advanced stage</clueLoc> were enriched for blasts and <clueKT>tested</clueKT> for (1) karyotype, (2) genomic configuration and (3) <clueType>expression</clueType> <linkTheme>of</linkTheme> IL-3, GM-CSF, FMS and EGR-1 genes which are all located on the long arm of chromosome 5.</clue>
</event>
<event KT="Investigation" id="E8" uncertainty="doubtful">
<type class="Gene_expression"/>
<theme idref="A3"/>
<clue><clueLoc>Peripheral blood mononuclear cells from seventeen patients with primary myelodysplastic syndromes (MDS) in advanced stage</clueLoc> were enriched for blasts and <clueKT>tested</clueKT> for (1) karyotype, (2) genomic configuration and (3) <clueType>expression</clueType> <linkTheme>of</linkTheme> IL-3, GM-CSF, FMS and EGR-1 genes which are all located on the long arm of chromosome 5.</clue>
</event>
<event KT="Investigation" id="E9" uncertainty="doubtful">
<type class="Gene_expression"/>
<theme idref="A4"/>
<clue><clueLoc>Peripheral blood mononuclear cells from seventeen patients with primary myelodysplastic syndromes (MDS) in advanced stage</clueLoc> were enriched for blasts and <clueKT>tested</clueKT> for (1) karyotype, (2) genomic configuration and (3) <clueType>expression</clueType> <linkTheme>of</linkTheme> IL-3, GM-CSF, FMS and EGR-1 genes which are all located on the long arm of chromosome 5.</clue>
</event>
<sentence id="S3">The expression of the <term id="T18" lex="M-CSF_gene" sem="DNA_domain_or_region">M-CSF gene</term>, that has been recently reassigned to the <term id="T19" lex="short_arm_of_chromosome_1" sem="DNA_domain_or_region">short arm of <term id="T20" lex="chromosome_1" sem="DNA_molecule">chromosome 1</term></term> (<term id="T21" lex="lp" sem="DNA_domain_or_region">lp</term>), was also investigated.</sentence>
<event KT="Investigation" id="E10" uncertainty="doubtful">
<type class="Gene_expression"/>
<theme idref="T18"/>
<clue>The <clueType>expression</clueType> <linkTheme>of</linkTheme> the M-CSF gene, that has been recently reassigned to the short arm of chromosome 1 (lp), was also <clueKT>investigated</clueKT>.</clue>
</event>
<sentence id="S4">Aims of the study were to (1) assess the potential role of the expression of these genes in the maintenance and expansion of the <term id="T22" lex="neoplastic_clone" sem="Cell_cultured">neoplastic clones</term> and (2) search for constitutional losses or rearrangements of one <term id="T23" lex="allele" sem="DNA_domain_or_region">allele</term> followed by a deletion of the second <term id="T24" lex="allele" sem="DNA_domain_or_region">allele</term> of the same genes in the <term id="T25" lex="leukemic_cell" sem="Cell_natural">leukemic cells</term>.</sentence>
<event KT="Other" id="E11">
<type class="Gene_expression"/>
<theme idref="A1"/>
<clue>Aims of the study were to (1) assess the potential role of the <clueType>expression</clueType> <linkTheme>of</linkTheme> <corefTheme>these genes</corefTheme> in the maintenance and expansion of the neoplastic clones and (2) search for constitutional losses or rearrangements of one allele followed by a deletion of the second allele of the same genes in the leukemic cells.</clue>
</event>
<event KT="Other" id="E16">
<type class="Gene_expression"/>
<theme idref="A2"/>
<clue>Aims of the study were to (1) assess the potential role of the <clueType>expression</clueType> <linkTheme>of</linkTheme> <corefTheme>these genes</corefTheme> in the maintenance and expansion of the neoplastic clones and (2) search for constitutional losses or rearrangements of one allele followed by a deletion of the second allele of the same genes in the leukemic cells.</clue>
</event>
<event KT="Other" id="E17">
<type class="Gene_expression"/>
<theme idref="A3"/>
<clue>Aims of the study were to (1) assess the potential role of the <clueType>expression</clueType> <linkTheme>of</linkTheme> <corefTheme>these genes</corefTheme> in the maintenance and expansion of the neoplastic clones and (2) search for constitutional losses or rearrangements of one allele followed by a deletion of the second allele of the same genes in the leukemic cells.</clue>
</event>
<event KT="Other" id="E18">
<type class="Gene_expression"/>
<theme idref="A4"/>
<clue>Aims of the study were to (1) assess the potential role of the <clueType>expression</clueType> <linkTheme>of</linkTheme> <corefTheme>these genes</corefTheme> in the maintenance and expansion of the neoplastic clones and (2) search for constitutional losses or rearrangements of one allele followed by a deletion of the second allele of the same genes in the leukemic cells.</clue>
</event>
<event KT="Other" id="E19">
<type class="Gene_expression"/>
<theme idref="T18"/>
<clue>Aims of the study were to (1) assess the potential role of the <clueType>expression</clueType> <linkTheme>of</linkTheme> <corefTheme>these genes</corefTheme> in the maintenance and expansion of the neoplastic clones and (2) search for constitutional losses or rearrangements of one allele followed by a deletion of the second allele of the same genes in the leukemic cells.</clue>
</event>
<event CL="L2" KT="Analysis" id="E12" uncertainty="doubtful">
<type class="Regulation"/>
<theme idref="E13"/>
<cause idref="E11"/>
<clue>Aims of the study were to (1) assess the <clueKT><clueCL>potential</clueCL></clueKT> <clueType>role</clueType> <linkCause>of</linkCause> the expression of these genes <linkTheme>in</linkTheme> the maintenance and expansion of the neoplastic clones and (2) search for constitutional losses or rearrangements of one allele followed by a deletion of the second allele of the same genes in the leukemic cells.</clue>
</event>
<event CL="L2" KT="Analysis" id="E20" uncertainty="doubtful">
<type class="Regulation"/>
<theme idref="E13"/>
<cause idref="E16"/>
<clue>Aims of the study were to (1) assess the <clueKT><clueCL>potential</clueCL></clueKT> <clueType>role</clueType> <linkCause>of</linkCause> the expression of these genes <linkTheme>in</linkTheme> the maintenance and expansion of the neoplastic clones and (2) search for constitutional losses or rearrangements of one allele followed by a deletion of the second allele of the same genes in the leukemic cells.</clue>
</event>
<event CL="L2" KT="Analysis" id="E21" uncertainty="doubtful">
<type class="Regulation"/>
<theme idref="E13"/>
<cause idref="E17"/>
<clue>Aims of the study were to (1) assess the <clueKT><clueCL>potential</clueCL></clueKT> <clueType>role</clueType> <linkCause>of</linkCause> the expression of these genes <linkTheme>in</linkTheme> the maintenance and expansion of the neoplastic clones and (2) search for constitutional losses or rearrangements of one allele followed by a deletion of the second allele of the same genes in the leukemic cells.</clue>
</event>
<event CL="L2" KT="Analysis" id="E22" uncertainty="doubtful">
<type class="Regulation"/>
<theme idref="E13"/>
<cause idref="E18"/>
<clue>Aims of the study were to (1) assess the <clueKT><clueCL>potential</clueCL></clueKT> <clueType>role</clueType> <linkCause>of</linkCause> the expression of these genes <linkTheme>in</linkTheme> the maintenance and expansion of the neoplastic clones and (2) search for constitutional losses or rearrangements of one allele followed by a deletion of the second allele of the same genes in the leukemic cells.</clue>
</event>
<event CL="L2" KT="Analysis" id="E23" uncertainty="doubtful">
<type class="Regulation"/>
<theme idref="E13"/>
<cause idref="E19"/>
<clue>Aims of the study were to (1) assess the <clueKT><clueCL>potential</clueCL></clueKT> <clueType>role</clueType> <linkCause>of</linkCause> the expression of these genes <linkTheme>in</linkTheme> the maintenance and expansion of the neoplastic clones and (2) search for constitutional losses or rearrangements of one allele followed by a deletion of the second allele of the same genes in the leukemic cells.</clue>
</event>
<event KT="Other" id="E13">
<type class="Cellular_physiological_process"/>
<theme idref="T22"/>
<clue>Aims of the study were to (1) assess the potential role of the expression of these genes in the <clueType>maintenance and expansion</clueType> <linkTheme>of</linkTheme> the neoplastic clones and (2) search for constitutional losses or rearrangements of one allele followed by a deletion of the second allele of the same genes in the leukemic cells.</clue>
</event>
<event KT="Investigation" id="E14" uncertainty="doubtful">
<type class="Negative_regulation"/>
<theme idref="T23"/>
<clue>Aims of the study were to (1) assess the potential role of the expression of these genes in the maintenance and expansion of the neoplastic clones and (2) <clueKT>search</clueKT> for constitutional <clueType>losses</clueType> or rearrangements <linkTheme>of</linkTheme> one allele followed by a deletion of the second allele of the same genes <clueLoc>in the leukemic cells</clueLoc>.</clue>
</event>
<event KT="Investigation" id="E15" uncertainty="doubtful">
<type class="DNA_recombination"/>
<theme idref="T23"/>
<clue>Aims of the study were to (1) assess the potential role of the expression of these genes in the maintenance and expansion of the neoplastic clones and (2) <clueKT>search</clueKT> for constitutional losses or <clueType>rearrangements</clueType> <linkTheme>of</linkTheme> one allele followed by a deletion of the second allele of the same genes <clueLoc>in the leukemic cells</clueLoc>.</clue>
</event>
<event KT="Method" id="E24" uncertainty="doubtful">
<type class="Mutagenesis"/>
<theme idref="T24"/>
<clue>Aims of the study were to (1) assess the potential role of the expression of these genes in the maintenance and expansion of the neoplastic clones and (2) search for constitutional losses or rearrangements of one allele followed by a <clueType>deletion</clueType> <linkTheme>of</linkTheme> the second allele of the same genes <clueLoc>in the leukemic cells</clueLoc>.</clue>
<comment>ARTIFICIAL</comment></event>
<sentence id="S5">The latter issue was investigated by comparing, in 8 cases, <term id="T26" lex="constitutive_DNA" sem="DNA_family_or_group">constitutive DNA</term> from <term id="T27" lex="skin_fibroblast" sem="Cell_natural">skin fibroblasts</term> with <term id="T28" lex="leukemic_DNA" sem="DNA_family_or_group">leukemic DNA</term>.</sentence>
<sentence id="S6">Eleven of the 17 <term id="T29" lex="patient" sem="Multicellular_organism_natural">patients</term> had <term id="T30" lex="abnormal_karyotype" sem="Other">abnormal karyotypes</term>.</sentence>
<sentence id="S7">The <term id="T31" lex="M-CSF_gene" sem="DNA_domain_or_region">M-CSF gene</term> was expressed in 6 cases and the <term id="T32" lex="FMS" sem="DNA_domain_or_region">FMS</term> and the <term id="T33" lex="EGR-1_gene" sem="DNA_domain_or_region"><term id="T34" lex="EGR-1" sem="DNA_domain_or_region">EGR-1</term> genes</term> were expressed in 2 of the latter cases.</sentence>
<event id="E25">
<type class="Gene_expression"/>
<theme idref="T31"/>
<clue>The M-CSF gene was <clueType>expressed</clueType> in 6 cases and the FMS and the EGR-1 genes were expressed in 2 of the latter cases.</clue>
</event>
<event id="E26">
<type class="Gene_expression"/>
<theme idref="T32"/>
<clue>The M-CSF gene was expressed in 6 cases and the FMS and the EGR-1 genes were <clueType>expressed</clueType> in 2 of the latter cases.</clue>
</event>
<event id="E27">
<type class="Gene_expression"/>
<theme idref="T34"/>
<clue>The M-CSF gene was expressed in 6 cases and the FMS and the EGR-1 genes were <clueType>expressed</clueType> in 2 of the latter cases.</clue>
</event>
<sentence id="S8">An autocrine mechanism of growth could be hypothesized only for the 2 <term id="T35" lex="patient" sem="Multicellular_organism_natural">patients</term> whose cells expressed both the <cons id="T36" lex="(AND M-CSF_gene FMS_gene)" sem="(AND DNA_domain_or_region DNA_domain_or_region)"><frag id="F6"><term id="A5" sem="DNA_domain_or_region">M-CSF</term></frag> and <frag id="F7"><term id="A6" sem="DNA_domain_or_region">FMS</term></frag> <frag id="F8">genes</frag></cons>.</sentence>
<event KT="Other" id="E28">
<type class="Gene_expression"/>
<theme idref="A5"/>
<clue>An autocrine mechanism of growth could be hypothesized only for the 2 patients whose <clueLoc>cells</clueLoc> <clueType>expressed</clueType> both the M-CSF and FMS genes.</clue>
</event>
<event KT="Other" id="E29">
<type class="Gene_expression"/>
<theme idref="A6"/>
<clue>An autocrine mechanism of growth could be hypothesized only for the 2 patients whose <clueLoc>cells</clueLoc> <clueType>expressed</clueType> both the M-CSF and FMS genes.</clue>
</event>
<sentence id="S9">No germline changes or rearrangements were observed in any of the genes studied.</sentence>
<event Polarity="Negative" assertion="non-exist" id="E30">
<type class="Regulation"/>
<theme idref="A1"/>
<clue><cluePolarity>No</cluePolarity> <clueLoc>germline</clueLoc> <clueType>changes</clueType> or rearrangements were <clueKT>observed</clueKT> <linkTheme>in</linkTheme> any of <corefTheme>the genes</corefTheme> studied.</clue>
</event>
<event Polarity="Negative" assertion="non-exist" id="E31">
<type class="DNA_recombination"/>
<theme idref="A1"/>
<clue><cluePolarity>No</cluePolarity> germline changes or <clueType>rearrangements</clueType> were <clueKT>observed</clueKT> <linkTheme>in</linkTheme> any of <corefTheme>the genes</corefTheme> studied.</clue>
</event>
<event Polarity="Negative" assertion="non-exist" id="E39">
<type class="Regulation"/>
<theme idref="A2"/>
<clue><cluePolarity>No</cluePolarity> <clueLoc>germline</clueLoc> <clueType>changes</clueType> or rearrangements were <clueKT>observed</clueKT> <linkTheme>in</linkTheme> any of <corefTheme>the genes</corefTheme> studied.</clue>
</event>
<event Polarity="Negative" assertion="non-exist" id="E43">
<type class="DNA_recombination"/>
<theme idref="A2"/>
<clue><cluePolarity>No</cluePolarity> germline changes or <clueType>rearrangements</clueType> were <clueKT>observed</clueKT> <linkTheme>in</linkTheme> any of <corefTheme>the genes</corefTheme> studied.</clue>
</event>
<event Polarity="Negative" assertion="non-exist" id="E40">
<type class="Regulation"/>
<theme idref="A3"/>
<clue><cluePolarity>No</cluePolarity> <clueLoc>germline</clueLoc> <clueType>changes</clueType> or rearrangements were <clueKT>observed</clueKT> <linkTheme>in</linkTheme> any of <corefTheme>the genes</corefTheme> studied.</clue>
</event>
<event Polarity="Negative" id="E44">
<type class="DNA_recombination"/>
<theme idref="A3"/>
<clue><cluePolarity>No</cluePolarity> germline changes or <clueType>rearrangements</clueType> were <clueKT>observed</clueKT> <linkTheme>in</linkTheme> any of <corefTheme>the genes</corefTheme> studied.</clue>
</event>
<event Polarity="Negative" assertion="non-exist" id="E41">
<type class="Regulation"/>
<theme idref="A4"/>
<clue><cluePolarity>No</cluePolarity> <clueLoc>germline</clueLoc> <clueType>changes</clueType> or rearrangements were <clueKT>observed</clueKT> <linkTheme>in</linkTheme> any of <corefTheme>the genes</corefTheme> studied.</clue>
</event>
<event Polarity="Negative" assertion="non-exist" id="E45">
<type class="DNA_recombination"/>
<theme idref="A4"/>
<clue><cluePolarity>No</cluePolarity> germline changes or <clueType>rearrangements</clueType> were <clueKT>observed</clueKT> <linkTheme>in</linkTheme> any of <corefTheme>the genes</corefTheme> studied.</clue>
</event>
<event Polarity="Negative" assertion="non-exist" id="E42">
<type class="Regulation"/>
<theme idref="T18"/>
<clue><cluePolarity>No</cluePolarity> <clueLoc>germline</clueLoc> <clueType>changes</clueType> or rearrangements were <clueKT>observed</clueKT> <linkTheme>in</linkTheme> any of <corefTheme>the genes</corefTheme> studied.</clue>
</event>
<event Polarity="Negative" assertion="non-exist" id="E46">
<type class="DNA_recombination"/>
<theme idref="T18"/>
<clue><cluePolarity>No</cluePolarity> germline changes or <clueType>rearrangements</clueType> were <clueKT>observed</clueKT> <linkTheme>in</linkTheme> any of <corefTheme>the genes</corefTheme> studied.</clue>
</event>
<sentence id="S10">Thus, deregulation of <term id="A7" sem="DNA_domain_or_region">genes</term> encoding for certain <term id="A9" sem="DNA_domain_or_region"><term id="T37" lex="hemopoietic_growth_factor" sem="Protein_family_or_group">hemopoietic growth factors</term></term> or <term id="A8" sem="DNA_domain_or_region">receptors</term> does not seem to represent a major mechanism of <term id="T38" lex="MDS_progression" sem="Other"><term id="T39" lex="MDS" sem="Other">MDS</term> progression</term>.</sentence>
<event KT="Other" id="E32">
<type class="Regulation"/>
<theme idref="A7" idref1="A9"/>
<clue>Thus, de<clueType>regulation</clueType> <linkTheme>of</linkTheme> genes encoding for certain hemopoietic growth factors or receptors does not seem to represent a major mechanism of MDS progression.</clue>
</event>
<event KT="Other" id="E33">
<type class="Negative_regulation"/>
<theme idref="E32"/>
<clue>Thus, <clueType>de</clueType>regulation of genes encoding for certain hemopoietic growth factors or receptors does not seem to represent a major mechanism of MDS progression.</clue>
</event>
<event KT="Other" id="E34">
<type class="Regulation"/>
<theme idref="A7" idref1="A8"/>
<clue>Thus, de<clueType>regulation</clueType> <linkTheme>of</linkTheme> genes encoding for certain hemopoietic growth factors or receptors does not seem to represent a major mechanism of MDS progression.</clue>
</event>
<event KT="Other" id="E35">
<type class="Negative_regulation"/>
<theme idref="E34"/>
<clue>Thus, <clueType>de</clueType>regulation of genes encoding for certain hemopoietic growth factors or receptors does not seem to represent a major mechanism of MDS progression.</clue>
</event>
<event KT="Other" id="E36">
<type class="Positive_regulation"/>
<theme idref="T39"/>
<clue>Thus, deregulation of genes encoding for certain hemopoietic growth factors or receptors does not seem to represent a major mechanism of MDS <clueType>progression</clueType>.</clue>
</event>
<event CL="L2" KT="Analysis" Polarity="Negative" assertion="non-exist" id="E37" uncertainty="probable">
<type class="Correlation"/>
<theme idref="E33"/>
<theme idref="E36"/>
<clue><clueKT>Thus</clueKT>, deregulation of genes encoding for certain hemopoietic growth factors or receptors does <cluePolarity>not</cluePolarity> <clueCL>seem</clueCL> to <clueType>represent</clueType> a major mechanism of MDS progression.</clue>
</event>
<event CL="L2" KT="Analysis" Polarity="Negative" assertion="non-exist" id="E38" uncertainty="probable">
<type class="Correlation"/>
<theme idref="E35"/>
<theme idref="E36"/>
<clue><clueKT>Thus</clueKT>, deregulation of genes encoding for certain hemopoietic growth factors or receptors does <cluePolarity>not</cluePolarity> <clueCL>seem</clueCL> to <clueType>represent</clueType> a major mechanism of MDS progression.</clue>
</event>
</AbstractText>
</Abstract></Article></MedlineCitation></PubmedArticle></PubmedArticleSet></Annotation>
