<?xml version='1.0'?><!DOCTYPE Annotation PUBLIC "//GENIA//DTD GENIA ANNOTATION EVENT 2.0//EN_Modified" "../ModifiedGENIAtypes/Modified_GENIA_event_20.dtd"><Annotation annotates="http://www.ncbi.nlm.nih.gov/entrez/eutils/efetch.fcgi?db=pubmed&amp;retmode=xml&amp;rettype=medline&amp;id=7859743" created="21/06/2006" creator="Junko Matsuura"><PubmedArticleSet><PubmedArticle><MedlineCitation>
<PMID>7859743</PMID>
<Article>
<ArticleTitle>
<sentence id="S1"><term id="T1" lex="HIV-1_Tat" sem="Protein_molecule"><term id="T2" lex="HIV-1" sem="Virus">HIV-1</term> Tat</term> potentiates <term id="T3" lex="TNF-induced_NF-kappa_B_activation" sem="Other"><term id="T4" lex="TNF" sem="Protein_family_or_group">TNF</term>-induced <term id="T5" lex="NF-kappa_B" sem="Protein_molecule">NF-kappa B</term> activation</term> and <term id="T6" lex="cytotoxicity" sem="Other">cytotoxicity</term> by altering the <term id="A1" sem="Other">cellular redox state</term>.</sentence>
<event id="E1">
<type class="Positive_regulation"/>
<theme idref="T5"/>
<cause idref="T4"/>
<clue>HIV-1 Tat potentiates TNF-<linkCause>induced</linkCause> NF-kappa B <clueType>activation</clueType> and cytotoxicity by altering the cellular redox state.</clue>
</event>
<event id="E61">
<type class="Positive_regulation"/>
<theme idref="T6"/>
<cause idref="T4"/>
<clue>HIV-1 Tat potentiates TNF-<clueType>induced</clueType> NF-kappa B activation and cytotoxicity by altering the cellular redox state.</clue>
</event>
<event id="E2">
<type class="Regulation"/>
<theme idref="A1"/>
<cause idref="T1"/>
<clue>HIV-1 Tat potentiates TNF-induced NF-kappa B activation and cytotoxicity by <clueType>altering</clueType> the cellular redox state.</clue>
</event>
<event id="E3">
<type class="Positive_regulation"/>
<theme idref="E1"/>
<cause idref="E2"/>
<clue>HIV-1 Tat <clueType>potentiates</clueType> TNF-induced NF-kappa B activation and cytotoxicity <linkCause>by</linkCause> altering the cellular redox state.</clue>
</event>
<event id="E4">
<type class="Positive_regulation"/>
<theme idref="E61"/>
<cause idref="E2"/>
<clue>HIV-1 Tat <clueType>potentiates</clueType> TNF-induced NF-kappa B activation and cytotoxicity <linkCause>by</linkCause> altering the cellular redox state.</clue>
</event>
</ArticleTitle>
<Abstract>
<AbstractText>
<sentence id="S2">This study demonstrates that <term id="T7" lex="human_immunodeficiency_virus_type_1_(HIV-1)_Tat_protein" sem="Protein_molecule"><term id="T8" lex="human_immunodeficiency_virus_type_1" sem="Virus">human immunodeficiency virus type 1</term> (<term id="T9" lex="HIV-1" sem="Virus">HIV-1</term>) Tat protein</term> amplifies the activity of <term id="T10" lex="tumor_necrosis_factor" sem="Protein_family_or_group">tumor necrosis factor</term> (<term id="T11" lex="TNF" sem="Protein_molecule">TNF</term>), a cytokine that stimulates <term id="T12" lex="HIV-1" sem="Virus">HIV-1</term> replication through activation of <term id="T13" lex="NF-kappa_B" sem="Protein_molecule">NF-kappa B</term>.</sentence>
<event KT="Analysis" id="E5">
<type class="Positive_regulation"/>
<theme idref="T11"/>
<cause idref="T7"/>
<clue>This study <clueKT>demonstrates</clueKT> that human immunodeficiency virus type 1 (HIV-1) Tat protein <clueType>amplifies</clueType> the activity of tumor necrosis factor (TNF), a cytokine that stimulates HIV-1 replication through activation of NF-kappa B.</clue>
</event>
<event KT="Other" id="E6">
<type class="Positive_regulation"/>
<theme idref="T13"/>
<cause idref="T11"/>
<clue>This study demonstrates that human immunodeficiency virus type 1 (HIV-1) Tat protein amplifies the activity of tumor necrosis factor (TNF), a cytokine that stimulates HIV-1 replication through <clueType>activation</clueType> <linkTheme>of</linkTheme> NF-kappa B.</clue>
</event>
<event KT="Other" id="E7">
<type class="Viral_life_cycle"/>
<theme idref="T12"/>
<clue>This study demonstrates that human immunodeficiency virus type 1 (HIV-1) Tat protein amplifies the activity of tumor necrosis factor (TNF), a cytokine that stimulates HIV-1 <clueType>replication</clueType> through activation of NF-kappa B.</clue>
</event>
<event KT="Fact" id="E8">
<type class="Positive_regulation"/>
<theme idref="E7"/>
<cause idref="E6"/>
<clue>This study demonstrates that human immunodeficiency virus type 1 (HIV-1) Tat protein amplifies the activity of tumor necrosis factor (TNF), a cytokine that <clueType>stimulates</clueType> HIV-1 replication <linkCause>through</linkCause> activation of NF-kappa B.</clue>
</event>
<sentence id="S3">In <term id="T14" lex="HeLa_cell" sem="Cell_cultured">HeLa cells</term> stably transfected with the <term id="T15" lex="HIV-1_tat_gene" sem="DNA_domain_or_region"><term id="T16" lex="HIV-1" sem="Virus">HIV-1</term> tat gene</term> (<term id="T17" lex="HeLa-tat_cell" sem="Cell_cultured">HeLa-tat cells</term>), expression of the <term id="T18" lex="Tat_protein" sem="Protein_molecule">Tat protein</term> enhanced both <term id="T19" lex="TNF-induced_activation" sem="Other"><term id="T20" lex="TNF" sem="Protein_molecule">TNF</term>-induced activation</term> of <term id="T21" lex="NF-kappa_B" sem="Protein_molecule">NF-kappa B</term> and <term id="T23" lex="TNF" sem="Protein_molecule">TNF</term>-mediated <term id="A2" sem="Other">cytotoxicity</term>.</sentence>
<event id="E119">
<type class="Gene_expression"/>
<theme idref="T15"/>
<clue>In HeLa cells stably <clueType>transfected</clueType> <linkTheme>with</linkTheme> the HIV-1 tat gene (HeLa-tat cells), expression of the Tat protein enhanced both TNF-induced activation of NF-kappa B and TNF-mediated cytotoxicity.</clue>
</event>
<event id="E120">
<type class="Positive_regulation"/>
<theme idref="E119"/>
<clue>In HeLa cells stably <clueType>transfected</clueType> with the HIV-1 tat gene (HeLa-tat cells), expression of the Tat protein enhanced both TNF-induced activation of NF-kappa B and TNF-mediated cytotoxicity.</clue>
</event>
<event id="E10">
<type class="Gene_expression"/>
<theme idref="T18"/>
<clue>In HeLa cells stably transfected with the HIV-1 tat gene (HeLa-tat cells), <clueType>expression</clueType> <linkTheme>of</linkTheme> the Tat protein enhanced both TNF-induced activation of NF-kappa B and TNF-mediated cytotoxicity.</clue>
</event>
<event id="E11">
<type class="Positive_regulation"/>
<theme idref="T21"/>
<cause idref="T20"/>
<clue>In HeLa cells stably transfected with the HIV-1 tat gene (HeLa-tat cells), expression of the Tat protein enhanced both TNF-<linkCause>induced</linkCause> <clueType>activation</clueType> <linkTheme>of</linkTheme> NF-kappa B and TNF-mediated cytotoxicity.</clue>
</event>
<event id="E12">
<type class="Positive_regulation"/>
<theme idref="A2"/>
<cause idref="T23"/>
<clue>In HeLa cells stably transfected with the HIV-1 tat gene (HeLa-tat cells), expression of the Tat protein enhanced both TNF-induced activation of NF-kappa B and TNF-<clueType>mediated</clueType> cytotoxicity.</clue>
<comment>NER: T22 del &quot;TNF-mediated cytotoxicity&quot;</comment></event>
<event id="E13">
<type class="Positive_regulation"/>
<theme idref="E11"/>
<cause idref="E10"/>
<clue><clueLoc>In HeLa cells stably transfected with the HIV-1 tat gene (HeLa-tat cells)</clueLoc>, expression of the Tat protein <clueType>enhanced</clueType> both TNF-induced activation of NF-kappa B and TNF-mediated cytotoxicity.</clue>
</event>
<event id="E14">
<type class="Positive_regulation"/>
<theme idref="E12"/>
<cause idref="E10"/>
<clue><clueLoc>In HeLa cells stably transfected with the HIV-1 tat gene (HeLa-tat cells)</clueLoc>, expression of the Tat protein <clueType>enhanced</clueType> both TNF-induced activation of NF-kappa B and TNF-mediated cytotoxicity.</clue>
</event>
<sentence id="S4">A similar potentiation of <term id="T24" lex="TNF" sem="Protein_molecule">TNF</term> effects was observed in <term id="A3" sem="Cell_cultured">Jurkat T cells</term> and <term id="T25" lex="HeLa_cell" sem="Cell_cultured">HeLa cells</term> treated with <term id="A40" sem="Protein_molecule">soluble <term id="T26" lex="Tat_protein" sem="Protein_molecule">Tat protein</term></term>.</sentence>
<event id="E300">
<type class="Positive_regulation"/>
<theme idref="E11"/>
<cause idref="T26"/>
<clue>A <clueType>similar potentiation</clueType> <linkTheme>of</linkTheme> <corefTheme>TNF effects</corefTheme> was <clueKT>observed</clueKT> <clueLoc>in Jurkat T cells</clueLoc> and HeLa cells <clueLoc>treated with soluble Tat protein</clueLoc>.</clue>
<comment>CAUTION:similar</comment></event>
<event id="E301">
<type class="Positive_regulation"/>
<theme idref="E11"/>
<cause idref="T26"/>
<clue>A <clueType>similar potentiation</clueType> <linkTheme>of</linkTheme> <corefTheme>TNF effects</corefTheme> was <clueKT>observed</clueKT> <clueLoc>in</clueLoc> Jurkat T cells and <clueLoc>HeLa cells treated with soluble Tat protein</clueLoc>.</clue>
<comment>CAUTION:similar</comment></event>
<event id="E302">
<type class="Positive_regulation"/>
<theme idref="E12"/>
<cause idref="T26"/>
<clue>A <clueType>similar potentiation</clueType> <linkTheme>of</linkTheme> <corefTheme>TNF effects</corefTheme> was <clueKT>observed</clueKT> <clueLoc>in Jurkat T cells</clueLoc> and HeLa cells <clueLoc>treated with soluble Tat protein</clueLoc>.</clue>
<comment>CAUTION: similar</comment></event>
<event id="E303">
<type class="Positive_regulation"/>
<theme idref="E12"/>
<cause idref="T26"/>
<clue>A <clueType>similar potentiation</clueType> <linkTheme>of</linkTheme> <corefTheme>TNF effects</corefTheme> was <clueKT>observed</clueKT> <clueLoc>in</clueLoc> Jurkat T cells and <clueLoc>HeLa cells treated with soluble Tat protein</clueLoc>.</clue>
<comment>CAUTION: similar</comment></event>
<event KT="Method" id="E304">
<type class="Artificial_process"/>
<theme idref="A40"/>
<theme idref="A3"/>
<clue>A similar potentiation of TNF effects was observed in Jurkat T cells and HeLa cells <clueType>treated</clueType> <linkTheme>with</linkTheme> soluble Tat protein.</clue>
</event>
<event KT="Method" id="E305">
<type class="Artificial_process"/>
<theme idref="A40"/>
<theme idref="T25"/>
<clue>A similar potentiation of TNF effects was observed in Jurkat T cells and HeLa cells <clueType>treated</clueType> <linkTheme>with</linkTheme> soluble Tat protein.</clue>
</event>
<sentence id="S5"><term id="T27" lex="TNF" sem="Protein_molecule">TNF</term>-mediated activation of <term id="T28" lex="NF-kappa_B" sem="Protein_molecule">NF-kappa B</term> and <term id="A4" sem="Other">cytotoxicity</term> involves the intracellular formation of <term id="T29" lex="reactive_oxygen_intermediate" sem="Inorganic_compound">reactive oxygen intermediates</term>.</sentence>
<event id="E21">
<type class="Positive_regulation"/>
<theme idref="T28"/>
<cause idref="T27"/>
<clue>TNF-<linkCause>mediated</linkCause> <clueType>activation</clueType> <linkTheme>of</linkTheme> NF-kappa B and cytotoxicity involves the intracellular formation of reactive oxygen intermediates.</clue>
</event>
<event id="E22">
<type class="Positive_regulation"/>
<theme idref="A4"/>
<cause idref="T27"/>
<clue>TNF-<clueType>mediated</clueType> activation of NF-kappa B and cytotoxicity involves the intracellular formation of reactive oxygen intermediates.</clue>
</event>
<event id="E23">
<type class="Positive_regulation"/>
<theme idref="T29"/>
<clue>TNF-mediated activation of NF-kappa B and cytotoxicity involves the <clueLoc>intracellular</clueLoc> <clueType>formation</clueType> <linkTheme>of</linkTheme> reactive oxygen intermediates.</clue>
</event>
<event id="E24">
<type class="Correlation"/>
<theme idref="E21"/>
<theme idref="E23"/>
<clue>TNF-mediated activation of NF-kappa B and cytotoxicity <clueType>involves</clueType> the intracellular formation of reactive oxygen intermediates.</clue>
</event>
<event id="E25">
<type class="Correlation"/>
<theme idref="E22"/>
<theme idref="E23"/>
<clue>TNF-mediated activation of NF-kappa B and cytotoxicity <clueType>involves</clueType> the intracellular formation of reactive oxygen intermediates.</clue>
</event>
<sentence id="S6">Therefore, <term id="T30" lex="Tat-mediated_effect" sem="Other"><term id="T31" lex="Tat" sem="Protein_molecule">Tat</term>-mediated effects</term> on the <term id="T32" lex="cellular_redox_state" sem="Other">cellular redox state</term> were analyzed.</sentence>
<event KT="Investigation" id="E26" uncertainty="doubtful">
<type class="Regulation"/>
<theme idref="T32"/>
<cause idref="T31"/>
<clue>Therefore, Tat-<linkCause>mediated</linkCause> <clueType>effects</clueType> <linkTheme>on</linkTheme> the cellular redox state were <clueKT>analyzed</clueKT>.</clue>
</event>
<sentence id="S7">In both <term id="T33" lex="T_cell" sem="Cell_natural">T cells</term> and <term id="T34" lex="HeLa_cell" sem="Cell_cultured">HeLa cells</term> <term id="T35" lex="HIV-1_Tat" sem="Protein_molecule"><term id="T36" lex="HIV-1" sem="Virus">HIV-1</term> Tat</term> suppressed the expression of <term id="T37" lex="Mn-dependent_superoxide_dismutase" sem="Protein_molecule">Mn-dependent superoxide dismutase</term> (<term id="T38" lex="Mn-SOD" sem="Protein_molecule">Mn-SOD</term>), a <term id="T39" lex="mitochondrial_enzyme" sem="Protein_molecule">mitochondrial enzyme</term> that is part of the cellular defense system against <term id="T40" lex="oxidative_stress" sem="Other">oxidative stress</term>.</sentence>
<event KT="Other" id="E27">
<type class="Gene_expression"/>
<theme idref="T38"/>
<clue>In both T cells and HeLa cells HIV-1 Tat suppressed the <clueType>expression</clueType> <linkTheme>of</linkTheme> Mn-dependent superoxide dismutase (Mn-SOD), a mitochondrial enzyme that is part of the cellular defense system against oxidative stress.</clue>
</event>
<event KT="Other" id="E28">
<type class="Biological_process"/>
<theme idref="T40"/>
<theme idref="T38"/>
<clue>In both T cells and HeLa cells HIV-1 Tat suppressed the expression of Mn-dependent superoxide dismutase (Mn-SOD), a mitochondrial enzyme that is part of the cellular <clueType>defense</clueType> system <linkTheme>against</linkTheme> oxidative stress.</clue>
</event>
<event id="E310">
<type class="Negative_regulation"/>
<theme idref="E27"/>
<cause idref="T35"/>
<clue><clueLoc>In</clueLoc> both <clueLoc>T cells</clueLoc> and HeLa cells HIV-1 Tat <clueType>suppressed</clueType> the expression of Mn-dependent superoxide dismutase (Mn-SOD), a mitochondrial enzyme that is part of the cellular defense system against oxidative stress.</clue>
</event>
<event id="E311">
<type class="Negative_regulation"/>
<theme idref="E27"/>
<cause idref="T35"/>
<clue><clueLoc>In</clueLoc> both T cells and <clueLoc>HeLa cells</clueLoc> HIV-1 Tat <clueType>suppressed</clueType> the expression of Mn-dependent superoxide dismutase (Mn-SOD), a mitochondrial enzyme that is part of the cellular defense system against oxidative stress.</clue>
</event>
<sentence id="S8">Thus, <cons id="C1" lex="(AND Mn-SOD_RNA_protein_level Mn-SOD_activity)" sem="(AND Other Other)"><frag id="F1"><term id="T42" lex="Mn-SOD" sem="Protein_molecule">Mn-SOD</term></frag> <frag id="F2">RNA protein levels</frag> and <frag id="F3">activity</frag></cons> were markedly reduced in the presence of <term id="T43" lex="Tat" sem="Protein_molecule">Tat</term>.</sentence>
<event id="E50">
<type class="Gene_expression"/>
<theme idref="T42"/>
<clue>Thus, Mn-SOD <clueType>RNA protein levels</clueType> and activity were markedly reduced in the presence of Tat.</clue>
</event>
<event Manner="High" id="E51">
<type class="Negative_regulation"/>
<theme idref="E50"/>
<cause idref="T43"/>
<clue>Thus, Mn-SOD RNA protein levels and activity were <clueManner>markedly</clueManner> <clueType>reduced</clueType> <linkCause>in the presence of</linkCause> Tat.</clue>
</event>
<event Manner="High" id="E52">
<type class="Negative_regulation"/>
<theme idref="T42" idref1="F3"/>
<cause idref="T43"/>
<clue>Thus, Mn-SOD RNA protein levels and activity were <clueManner>markedly</clueManner> <clueType>reduced</clueType> <linkCause>in the presence of</linkCause> Tat.</clue>
</event>
<sentence id="S9">Decreased <term id="T44" lex="Mn-SOD_expression" sem="Other"><term id="T45" lex="Mn-SOD" sem="Protein_molecule">Mn-SOD</term> expression</term> was associated with decreased levels of <term id="T46" lex="glutathione" sem="Peptide">glutathione</term> and a lower <term id="A5" sem="Other">ratio of reduced:oxidized <term id="T47" lex="glutathione" sem="Peptide">glutathione</term></term>.</sentence>
<event KT="Other" id="E30">
<type class="Gene_expression"/>
<theme idref="T45"/>
<clue>Decreased Mn-SOD <clueType>expression</clueType> was associated with decreased levels of glutathione and a lower ratio of reduced:oxidized glutathione.</clue>
</event>
<event KT="Other" id="E31">
<type class="Negative_regulation"/>
<theme idref="E30"/>
<clue><clueType>Decreased</clueType> Mn-SOD expression was associated with decreased levels of glutathione and a lower ratio of reduced:oxidized glutathione.</clue>
</event>
<event KT="Other" id="E32">
<type class="Negative_regulation"/>
<theme idref="T46"/>
<clue>Decreased Mn-SOD expression was associated with <clueType>decreased</clueType> levels <linkTheme>of</linkTheme> glutathione and a lower ratio of reduced:oxidized glutathione.</clue>
</event>
<event KT="Other" id="E33">
<type class="Negative_regulation"/>
<theme idref="A5"/>
<clue>Decreased Mn-SOD expression was associated with decreased levels of glutathione and a <clueType>lower</clueType> ratio of reduced:oxidized glutathione.</clue>
<comment>TPS: A5</comment></event>
<event KT="Analysis" id="E34">
<type class="Correlation"/>
<theme idref="E31"/>
<theme idref="E32"/>
<clue>Decreased Mn-SOD expression was <clueType><clueKT>associated</clueKT></clueType> <linkTheme>with</linkTheme> decreased levels of glutathione and a lower ratio of reduced:oxidized glutathione.</clue>
</event>
<event KT="Analysis" id="E35">
<type class="Correlation"/>
<theme idref="E31"/>
<theme idref="E33"/>
<clue>Decreased Mn-SOD expression was <clueType><clueKT>associated</clueKT></clueType> <linkTheme>with</linkTheme> decreased levels of glutathione and a lower ratio of reduced:oxidized glutathione.</clue>
</event>
<sentence id="S10">A truncated <term id="T48" lex="Tat_protein" sem="Protein_molecule"><term id="T49" lex="Tat" sem="Protein_molecule">Tat</term> protein</term> (<term id="T50" lex="Tat1-72" sem="Protein_molecule">Tat1-72</term>), known to transactivate the <term id="T51" lex="HIV-1_long_terminal_repeat" sem="DNA_domain_or_region"><term id="T52" lex="HIV-1" sem="Virus">HIV-1</term> long terminal repeat</term> (<term id="T53" lex="LTR" sem="DNA_domain_or_region">LTR</term>), no longer affected <term id="T54" lex="Mn-SOD_expression" sem="Other"><term id="T55" lex="Mn-SOD" sem="Protein_molecule">Mn-SOD</term> expression</term>, the <term id="T56" lex="cellular_redox_state" sem="Other">cellular redox state</term> or <term id="T58" lex="TNF" sem="Protein_molecule">TNF</term>-mediated <term id="A6" sem="Other">cytotoxicity</term>.</sentence>
<event KT="Fact" id="E36">
<type class="Positive_regulation"/>
<theme idref="T53"/>
<cause idref="T50"/>
<clue>A truncated Tat protein (Tat1-72), <clueKT>known</clueKT> to <clueType>transactivate</clueType> the HIV-1 long terminal repeat (LTR), no longer affected Mn-SOD expression, the cellular redox state or TNF-mediated cytotoxicity.</clue>
</event>
<event id="E37">
<type class="Gene_expression"/>
<theme idref="T55"/>
<clue>A truncated Tat protein (Tat1-72), known to transactivate the HIV-1 long terminal repeat (LTR), no longer affected Mn-SOD <clueType>expression</clueType>, the cellular redox state or TNF-mediated cytotoxicity.</clue>
</event>
<event id="E38">
<type class="Positive_regulation"/>
<theme idref="A6"/>
<cause idref="T58"/>
<clue>A truncated Tat protein (Tat1-72), known to transactivate the HIV-1 long terminal repeat (LTR), no longer affected Mn-SOD expression, the cellular redox state or TNF-<clueType>mediated</clueType> cytotoxicity.</clue>
<comment>NER: T57 del &quot;TNF-mediated cytotoxicity&quot;</comment></event>
<event Polarity="Negative" assertion="non-exist" id="E39">
<type class="Regulation"/>
<theme idref="E37"/>
<cause idref="T50"/>
<clue>A truncated Tat protein (Tat1-72), known to transactivate the HIV-1 long terminal repeat (LTR), <cluePolarity>no longer</cluePolarity> <clueType>affected</clueType> Mn-SOD expression, the cellular redox state or TNF-mediated cytotoxicity.</clue>
</event>
<event Polarity="Negative" assertion="non-exist" id="E40">
<type class="Regulation"/>
<theme idref="T56"/>
<cause idref="T50"/>
<clue>A truncated Tat protein (Tat1-72), known to transactivate the HIV-1 long terminal repeat (LTR), <cluePolarity>no longer</cluePolarity> <clueType>affected</clueType> Mn-SOD expression, the cellular redox state or TNF-mediated cytotoxicity.</clue>
</event>
<event Polarity="Negative" assertion="non-exist" id="E41">
<type class="Regulation"/>
<theme idref="E38"/>
<cause idref="T50"/>
<clue>A truncated Tat protein (Tat1-72), known to transactivate the HIV-1 long terminal repeat (LTR), <cluePolarity>no longer</cluePolarity> <clueType>affected</clueType> Mn-SOD expression, the cellular redox state or TNF-mediated cytotoxicity.</clue>
</event>
<event id="E62">
<type class="Mutagenesis"/>
<theme idref="T48"/>
<clue>A <clueType>truncated</clueType> Tat protein (Tat1-72), known to transactivate the HIV-1 long terminal repeat (LTR), no longer affected Mn-SOD expression, the cellular redox state or TNF-mediated cytotoxicity.</clue>
</event>
<sentence id="S11">Thus, our experiments demonstrate that the <term id="A7" sem="Protein_domain_or_region"><term id="T59" lex="C-terminal_region" sem="Protein_domain_or_region">C-terminal region</term> of <term id="T60" lex="HIV-1_Tat" sem="Protein_molecule"><term id="T61" lex="HIV-1" sem="Virus">HIV-1</term> <term id="T62" lex="Tat" sem="Protein_molecule">Tat</term></term></term> is required to suppress <term id="T63" lex="Mn-SOD_expression" sem="Other"><term id="T64" lex="Mn-SOD" sem="Protein_molecule">Mn-SOD</term> expression</term> and to induce <term id="A9" sem="Other">pro-oxidative conditions</term> reflected by a drop in <term id="A8" sem="Other">reduced <term id="T65" lex="glutathione" sem="Peptide">glutathione</term> (<term id="T66" lex="GSH" sem="Protein_molecule">GSH</term>) and the <term id="T67" lex="GSH:oxidized_GSH_(GSSG)_ratio" sem="Other">GSH:oxidized <term id="T68" lex="GSH" sem="Peptide">GSH</term> (<term id="T69" lex="GSSG" sem="Peptide">GSSG</term>) ratio</term></term>.</sentence>
<event KT="Other" id="E42">
<type class="Gene_expression"/>
<theme idref="T64"/>
<clue>Thus, our experiments demonstrate that the C-terminal region of HIV-1 Tat is required to suppress Mn-SOD <clueType>expression</clueType> and to induce pro-oxidative conditions reflected by a drop in reduced glutathione (GSH) and the GSH:oxidized GSH (GSSG) ratio.</clue>
</event>
<event id="E43">
<type class="Negative_regulation"/>
<theme idref="A8"/>
<clue>Thus, our experiments demonstrate that the C-terminal region of HIV-1 Tat is required to suppress Mn-SOD expression and to induce pro-oxidative conditions reflected by a <clueType>drop</clueType> <linkTheme>in</linkTheme> reduced glutathione (GSH) and the GSH:oxidized GSH (GSSG) ratio.</clue>
<comment>TPS: A8</comment></event>
<event KT="Analysis" id="E44">
<type class="Correlation"/>
<theme idref="A9"/>
<theme idref="E43"/>
<clue>Thus, our experiments demonstrate that the C-terminal region of HIV-1 Tat is required to suppress Mn-SOD expression and to induce pro-oxidative conditions <clueType><clueKT>reflected</clueKT></clueType> <linkTheme>by</linkTheme> a drop in reduced glutathione (GSH) and the GSH:oxidized GSH (GSSG) ratio.</clue>
</event>
<event KT="Other" id="E45">
<type class="Negative_regulation"/>
<theme idref="E42"/>
<cause idref="A7"/>
<clue>Thus, our experiments demonstrate that the C-terminal region of HIV-1 Tat is required to <clueType>suppress</clueType> Mn-SOD expression and to induce pro-oxidative conditions reflected by a drop in reduced glutathione (GSH) and the GSH:oxidized GSH (GSSG) ratio.</clue>
<comment>TPS: A7</comment></event>
<event KT="Other" id="E46">
<type class="Positive_regulation"/>
<theme idref="A9"/>
<cause idref="A7"/>
<clue>Thus, our experiments demonstrate that the C-terminal region of HIV-1 Tat is required to suppress Mn-SOD expression and to <clueType>induce</clueType> pro-oxidative conditions reflected by a drop in reduced glutathione (GSH) and the GSH:oxidized GSH (GSSG) ratio.</clue>
</event>
<sentence id="S12">(ABSTRACT TRUNCATED AT 250 WORDS)</sentence>
</AbstractText>
</Abstract></Article></MedlineCitation></PubmedArticle></PubmedArticleSet></Annotation>
