<?xml version='1.0'?><!DOCTYPE Annotation PUBLIC "//GENIA//DTD GENIA ANNOTATION EVENT 2.0//EN_Modified" "../ModifiedGENIAtypes/Modified_GENIA_event_20.dtd"><Annotation annotates="http://www.ncbi.nlm.nih.gov/entrez/eutils/efetch.fcgi?db=pubmed&amp;retmode=xml&amp;rettype=medline&amp;id=7865130" created="05/10/2006" creator="Junko Matsuura"><PubmedArticleSet><PubmedArticle><MedlineCitation>
<PMID>7865130</PMID>
<Article>
<ArticleTitle>
<sentence id="S1">Isolation of <term id="T1" lex="cDNA_clone" sem="DNA_family_or_group">cDNA clones</term> for 42 different <term id="T2" lex="Kruppel-related_zinc_finger_protein" sem="Protein_family_or_group">Kruppel-related zinc finger proteins</term> expressed in the <term id="T3" lex="human_monoblast_cell_line_U-937" sem="Cell_cultured">human monoblast cell line U-937</term>.</sentence>
<event KT="Other" id="E1">
<type class="Gene_expression"/>
<theme idref="T2"/>
<clue>Isolation of cDNA clones for 42 different Kruppel-related zinc finger proteins <clueType>expressed</clueType> <clueLoc>in the human monoblast cell line U-937.</clueLoc></clue>
</event>
</ArticleTitle>
<Abstract>
<AbstractText>
<sentence id="S2">To study the complexity and structural characteristics of <term id="T4" lex="zinc_finger_protein" sem="Protein_family_or_group">zinc finger proteins</term> expressed during <term id="T5" lex="human_hematopoiesis" sem="Other">human hematopoiesis</term> and to isolate novel regulators of <term id="T6" lex="blood_cell_development" sem="Other"><term id="A20" sem="Cell_natural">blood cell</term> development</term>, a degenerate oligonucleotide probe specific for a <term id="T7" lex="consensus_zinc_finger_peptide_domain" sem="Protein_domain_or_region">consensus zinc finger peptide domain</term> was used to isolate 63 <term id="T8" lex="cDNA_clone" sem="DNA_family_or_group">cDNA clones</term> for <term id="T9" lex="Kruppel-related_zinc_finger_gene" sem="DNA_family_or_group">Kruppel-related zinc finger genes</term> from the <term id="T10" lex="human_monoblast_cell_line_U-937" sem="Cell_cultured">human monoblast cell line U-937</term>.</sentence>
<event KT="Other" id="E2">
<type class="Gene_expression"/>
<theme idref="T4"/>
<clue>To study the complexity and structural characteristics of zinc finger proteins <clueType>expressed</clueType> <clueTime>during human hematopoiesis</clueTime> and to isolate novel regulators of blood cell development, a degenerate oligonucleotide probe specific for a consensus zinc finger peptide domain was used to isolate 63 cDNA clones for Kruppel-related zinc finger genes from the human monoblast cell line U-937.</clue>
</event>
<event KT="Other" id="E50">
<type class="Cellular_physiological_process"/>
<theme idref="A20"/>
<clue>To study the complexity and structural characteristics of zinc finger proteins expressed during human hematopoiesis and to isolate novel regulators of blood cell <clueType>development</clueType>, a degenerate oligonucleotide probe specific for a consensus zinc finger peptide domain was used to isolate 63 cDNA clones for Kruppel-related zinc finger genes from the human monoblast cell line U-937.</clue>
</event>
<sentence id="S3">By <term id="T11" lex="extensive_nucleotide_sequence_analysis" sem="Other">extensive nucleotide sequence</term> and <term id="T12" lex="Northern_blot_analysis" sem="Other">Northern blot analysis</term>, these <term id="T13" lex="cDNA_clone" sem="DNA_family_or_group">cDNA clones</term> were found to originate from approximately 42 different genes (<term id="T14" lex="HZF_1-42" sem="DNA_family_or_group">HZF 1-42</term>) of which only 8 have previously been described.</sentence>
<sentence id="S4"><term id="T15" lex="Northern_blot_analysis" sem="Other">Northern blot analysis</term> showed that a majority of these genes were expressed at comparable levels in <term id="T16" lex="U-937" sem="Cell_cultured">U-937</term> and <term id="T17" lex="HeLa_cell" sem="Cell_cultured">HeLa cells</term>.</sentence>
<event KT="Analysis" id="E300">
<type class="Gene_expression"/>
<theme idref="T14"/>
<clue><clueExperiment>Northern blot analysis</clueExperiment> <clueKT>showed</clueKT> that a majority of <corefTheme>these genes</corefTheme> were <clueType>expressed</clueType> at comparable levels <clueLoc>in U-937</clueLoc> and HeLa <clueLoc>cells</clueLoc>.</clue>
</event>
<event KT="Analysis" id="E301">
<type class="Gene_expression"/>
<theme idref="T14"/>
<clue><clueExperiment>Northern blot analysis</clueExperiment> <clueKT>showed</clueKT> that a majority of <corefTheme>these genes</corefTheme> were <clueType>expressed</clueType> at comparable levels <clueLoc>in</clueLoc> U-937 and <clueLoc>HeLa cells</clueLoc>.</clue>
</event>
<sentence id="S5">The large number of individual genes represented among the 63 clones and their apparent <term id="T18" lex="non-cell-type-specific_expression" sem="Other">non-cell-type-specific expression</term> suggest that the majority of the <term id="T19" lex="Kruppel-related_zinc_finger_gene" sem="DNA_family_or_group">Kruppel-related zinc finger genes</term> are likely to be expressed in most <term id="T20" lex="human_tissue" sem="Tissue_natural">human tissues</term>.</sentence>
<event KT="Other" id="E4">
<type class="Gene_expression"/>
<theme idref="T14"/>
<clue>The large number of individual genes represented among the 63 clones and <corefTheme>their</corefTheme> apparent non-cell-type-specific <clueType>expression</clueType> suggest that the majority of the Kruppel-related zinc finger genes are likely to be expressed in most human tissues.</clue>
</event>
<event CL="L2" KT="Analysis" id="E5" uncertainty="probable">
<type class="Gene_expression"/>
<theme idref="T19"/>
<clue>The large number of individual genes represented among the 63 clones and their apparent non-cell-type-specific expression <clueKT>suggest</clueKT> that the majority of the Kruppel-related zinc finger genes are <clueCL>likely</clueCL> to be <clueType>expressed</clueType> <clueLoc>in most human tissues</clueLoc>.</clue>
</event>
<sentence id="S6">In contrast, some of the genes displayed a restricted expression pattern, indicating that they represent potential regulators of <term id="T21" lex="monocyte_differentiation" sem="Other"><term id="A1" sem="Cell_natural">monocyte</term> differentiation</term> or <term id="T22" lex="proliferation" sem="Other">proliferation</term>.</sentence>
<event KT="Other" id="E6">
<type class="Cell_differentiation"/>
<theme idref="A1"/>
<clue>In contrast, some of the genes displayed a restricted expression pattern, indicating that they represent potential regulators of monocyte <clueType>differentiation</clueType> or proliferation.</clue>
</event>
<event KT="Other" id="E7">
<type class="Cellular_physiological_process"/>
<theme idref="A1"/>
<clue>In contrast, some of the genes displayed a restricted expression pattern, indicating that they represent potential regulators of monocyte differentiation or <clueType>proliferation</clueType>.</clue>
</event>
<event KT="Analysis" id="E8">
<type class="Gene_expression"/>
<theme idref="T14"/>
<clue>In contrast, <corefTheme>some of the genes</corefTheme> <clueKT>displayed</clueKT> a restricted <clueType>expression</clueType> pattern, indicating that they represent potential regulators of monocyte differentiation or proliferation.</clue>
</event>
<event CL="L2" KT="Analysis" id="E9" uncertainty="probable">
<type class="Regulation"/>
<theme idref="E6"/>
<cause idref="T14"/>
<clue>In contrast, some of the genes displayed a restricted expression pattern, <clueKT>indicating</clueKT> that <corefCause>they</corefCause> represent <clueCL>potential</clueCL> <clueType>regulators</clueType> <linkTheme>of</linkTheme> monocyte differentiation or proliferation.</clue>
</event>
<event CL="L2" KT="Analysis" id="E10" uncertainty="probable">
<type class="Regulation"/>
<theme idref="E7"/>
<cause idref="T14"/>
<clue>In contrast, some of the genes displayed a restricted expression pattern, <clueKT>indicating</clueKT> that <corefCause>they</corefCause> represent <clueCL>potential</clueCL> <clueType>regulators</clueType> <linkTheme>of</linkTheme> monocyte differentiation or proliferation.</clue>
</event>
<sentence id="S7">Detailed structural analysis of the first 12 <term id="T23" lex="cDNA" sem="DNA_family_or_group">cDNAs</term> (<term id="T24" lex="HZF_1-10" sem="DNA_family_or_group">HZF 1-10</term>) and a partial characterization of <term id="T25" lex="HZF_11-42" sem="DNA_family_or_group">HZF 11-42</term> revealed that a common feature of <term id="T26" lex="human_Kruppel-related_zinc_finger_protein" sem="Protein_family_or_group">human <term id="T27" lex="Kruppel-related_zinc_finger_protein" sem="Protein_family_or_group">Kruppel-related <term id="T28" lex="zinc_finger_protein" sem="Protein_family_or_group">zinc finger proteins</term></term></term> is the presence of tandem arrays of <term id="T29" lex="zinc_finger" sem="Protein_substructure">zinc fingers</term> ranging in number from 3 to over 20 that are preferentially located in the <term id="T30" lex="carboxy-terminal_region" sem="Protein_domain_or_region">carboxy-terminal regions</term> of the proteins.</sentence>
<sentence id="S8">In addition, several novel <term id="T31" lex="KRAB-containing_zinc_finger_gene" sem="DNA_family_or_group">KRAB-containing zinc finger genes</term> and a novel <term id="T32" lex="conserved_sequence_element" sem="DNA_domain_or_region">conserved sequence element</term> were identified.</sentence>
</AbstractText>
</Abstract></Article></MedlineCitation></PubmedArticle></PubmedArticleSet></Annotation>
