<?xml version='1.0'?><!DOCTYPE Annotation PUBLIC "//GENIA//DTD GENIA ANNOTATION EVENT 2.0//EN_Modified" "../ModifiedGENIAtypes/Modified_GENIA_event_20.dtd"><Annotation annotates="http://www.ncbi.nlm.nih.gov/entrez/eutils/efetch.fcgi?db=pubmed&amp;retmode=xml&amp;rettype=medline&amp;id=7892566" creator="Hitomi MASUDA"><PubmedArticleSet><PubmedArticle><MedlineCitation>
<PMID>7892566</PMID>
<Article>
<ArticleTitle>
<sentence id="S1">[Regulation of <term id="T1" lex="transcription" sem="Other">transcription</term> of the <term id="T2" lex="interleukin-2_gene" sem="DNA_domain_or_region"><term id="T3" lex="interleukin-2" sem="Protein_molecule">interleukin-2</term> gene</term> in <term id="T4" lex="B-lymphocyte" sem="Cell_natural">B-lymphocytes</term>]</sentence>
<event KT="Other" id="E1">
<type class="Transcription"/>
<theme idref="T2"/>
<clue>[Regulation of <clueType>transcription</clueType> <linkTheme>of</linkTheme> the interleukin-2 gene in B-lymphocytes]</clue>
</event>
<event KT="Investigation" id="E2">
<type class="Regulation"/>
<theme idref="E1"/>
<clue>[<clueType>Regulation</clueType> <linkTheme>of</linkTheme> transcription of the interleukin-2 gene <clueLoc>in B-lymphocytes</clueLoc>]</clue>
</event>
</ArticleTitle>
<Abstract>
<AbstractText>
<sentence id="S2">Since most <term id="T5" lex="B_cell_clone" sem="Cell_cultured">B cell clones</term> immortalized with <term id="T6" lex="EBV_virus" sem="Virus">EBV virus</term> can be induced to produce <term id="T7" lex="interleukin-2" sem="Protein_molecule">interleukin-2</term>, a typical <term id="T8" lex="T_cell_cytokine" sem="Protein_molecule">T cell cytokine</term>, we studied the role of different elements of the <term id="T9" lex="IL-2_promoter" sem="DNA_domain_or_region">IL-2 promoter</term> in such clones by transfection.</sentence>
<event KT="Other" id="E3">
<type class="Biological_process"/>
<theme idref="T5"/>
<clue>Since most B cell clones <clueType>immortalized</clueType> with EBV virus can be induced to produce interleukin-2, a typical T cell cytokine, we studied the role of different elements of the IL-2 promoter in such clones by transfection.</clue>
</event>
<event KT="Other" id="E103">
<type class="Positive_regulation"/>
<theme idref="E3"/>
<cause idref="T6"/>
<clue>Since most B cell clones <clueType>immortalized</clueType> <linkTheme>with</linkTheme> EBV virus can be induced to produce interleukin-2, a typical T cell cytokine, we studied the role of different elements of the IL-2 promoter in such clones by transfection.</clue>
</event>
<event KT="Other" id="E4">
<type class="Gene_expression"/>
<theme idref="T7"/>
<clue>Since most <clueLoc>B cell clones</clueLoc> immortalized with EBV virus can be induced to <clueType>produce</clueType> interleukin-2, a typical T cell cytokine, we studied the role of different elements of the IL-2 promoter in such clones by transfection.</clue>
</event>
<event CL="L2" KT="Analysis" id="E5">
<type class="Positive_regulation"/>
<theme idref="E4"/>
<cause idref="E3"/>
<clue>Since most B cell clones immortalized with EBV virus <clueKT><clueCL>can</clueCL></clueKT> be <clueType>induced</clueType> <linkTheme>to</linkTheme> produce interleukin-2, a typical T cell cytokine, we studied the role of different elements of the IL-2 promoter in such clones by transfection.</clue>
</event>
<sentence id="S3">It was found, in particular, that the element <term id="T10" lex="TCEd" sem="DNA_domain_or_region">TCEd</term>, which binds the <term id="T11" lex="transcription_factor" sem="Protein_family_or_group">transcription factor</term> <term id="T12" lex="NF-kB" sem="Protein_molecule">NF-kB</term>, is very active in all three <term id="T13" lex="B_clone" sem="Cell_cultured">B clones</term> tested.</sentence>
<event KT="Fact" id="E6">
<type class="Binding"/>
<theme idref="T10"/>
<theme idref="T12"/>
<clue>It was found, in particular, that the element TCEd, which <clueType>binds</clueType> the transcription factor NF-kB, is very active in all three B clones tested.</clue>
</event>
<sentence id="S4">This element has no activity in <term id="T14" lex="T_cell" sem="Cell_natural">T cells</term> of the <term id="T15" lex="Jurkat_line" sem="Cell_cultured">Jurkat line</term>.</sentence>
<sentence id="S5">The <term id="T16" lex="NFATd_element" sem="DNA_domain_or_region">NFATd element</term>, which binds the <term id="T17" lex="transcription_factor" sem="Protein_family_or_group">transcription factor</term> <term id="T18" lex="NFAT-1" sem="Protein_molecule">NFAT-1</term> and is very active in <term id="T19" lex="T_cell" sem="Cell_natural">T cells</term>, is only weakly active in one <term id="T20" lex="B_clone" sem="Cell_cultured">B clone</term> and not at all in another.</sentence>
<event KT="Fact" id="E7">
<type class="Binding"/>
<theme idref="T16"/>
<theme idref="T18"/>
<clue>The NFATd element, which <clueType>binds</clueType> the transcription factor NFAT-1 and is very active in T cells, is only weakly active in one B clone and not at all in another.</clue>
</event>
<sentence id="S6">Different elements thus contribute to <term id="A1" sem="Other"><term id="T21" lex="IL-2_promoter" sem="DNA_domain_or_region">IL-2 promoter</term> activity</term> in different cells.</sentence>
<event KT="Analysis" id="E8">
<type class="Positive_regulation"/>
<theme idref="A1"/>
<cause idref="T10"/>
<clue><corefCause>Different elements</corefCause> <clueKT>thus</clueKT> <clueType>contribute</clueType> <linkTheme>to</linkTheme> IL-2 promoter activity <clueLoc>in different cells</clueLoc>.</clue>
</event>
<event KT="Analysis" id="E9">
<type class="Positive_regulation"/>
<theme idref="A1"/>
<cause idref="T16"/>
<clue><corefCause>Different elements</corefCause> <clueKT>thus</clueKT> <clueType>contribute</clueType> <linkTheme>to</linkTheme> IL-2 promoter activity <clueLoc>in different cells</clueLoc>.</clue>
</event>
</AbstractText>
</Abstract></Article></MedlineCitation></PubmedArticle></PubmedArticleSet></Annotation>
