<?xml version='1.0'?><!DOCTYPE Annotation PUBLIC "//GENIA//DTD GENIA ANNOTATION EVENT 2.0//EN_Modified" "../ModifiedGENIAtypes/Modified_GENIA_event_20.dtd"><Annotation annotates="http://www.ncbi.nlm.nih.gov/entrez/eutils/efetch.fcgi?db=pubmed&amp;retmode=xml&amp;rettype=medline&amp;id=7913275" creator="Hitomi MASUDA"><PubmedArticleSet><PubmedArticle><MedlineCitation>
<PMID>7913275</PMID>
<Article>
<ArticleTitle>
<sentence id="S1"><cons id="T1" lex="(AND NF-kappa_B-dependent_pathway NF-kappa_B-independent_pathway)" sem="(AND Other Other)"><frag id="F1"><term id="A2" sem="Protein_family_or_group">NF-kappa B</term></frag><frag id="F2">-dependent</frag> and <frag id="F3">-independent</frag> <frag id="F4">pathways</frag></cons> of <term id="T2" lex="HIV_activation" sem="Other"><term id="A1" sem="Virus">HIV</term> activation</term> in a <term id="T3" lex="chronically_infected_T_cell_line" sem="Cell_cultured">chronically infected T cell line</term>.</sentence>
<event KT="Other" id="E1">
<type class="Positive_regulation"/>
<theme idref="A1"/>
<clue>NF-kappa B-dependent and -independent pathways of HIV <clueType>activation</clueType> in a chronically infected T cell line.</clue>
</event>
<event KT="Investigation" id="E2">
<type class="Positive_regulation"/>
<theme idref="E1"/>
<cause idref="A2"/>
<clue>NF-kappa B-<clueType>dependent</clueType> and -independent <clueType>pathways</clueType> <linkTheme>of</linkTheme> HIV activation <clueLoc>in a chronically infected T cell line</clueLoc>.</clue>
</event>
<event KT="Investigation" Polarity="Negative" assertion="non-exist" id="E3">
<type class="Positive_regulation"/>
<theme idref="E1"/>
<cause idref="A2"/>
<clue>NF-kappa B-dependent and -<clueType><cluePolarity>independent</cluePolarity> pathways</clueType> <linkTheme>of</linkTheme> HIV activation <clueLoc>in a chronically infected T cell line</clueLoc>.</clue>
</event>
</ArticleTitle>
<Abstract>
<AbstractText>
<sentence id="S2"><term id="T4" lex="J_delta_K_cell" sem="Cell_cultured">J delta K cells</term> were isolated as a <term id="T5" lex="chronically_infected_survivor_cell_line" sem="Cell_cultured">chronically infected survivor cell line</term>, following infection of <term id="T6" lex="Jurkat_CD4+_T_cell" sem="Cell_cultured">Jurkat CD4+ T cells</term> with <term id="T7" lex="dl-NF" sem="Virus">dl-NF</term>, a <term id="T8" lex="mutated_strain_of_human_immunodeficiency_virus_type_1" sem="Virus">mutated strain of human immunodeficiency virus type 1</term> (<term id="T9" lex="HIV-1" sem="Virus">HIV-1</term>) containing a deletion of the <term id="T10" lex="long_terminal_repeat" sem="DNA_domain_or_region">long terminal repeat</term> (<term id="T11" lex="LTR" sem="DNA_domain_or_region">LTR</term>) <term id="T12" lex="NF-kappa_B" sem="Protein_molecule">NF-kappa B</term> sites.</sentence>
<event id="E4">
<type class="Initiation_of_viral_infection"/>
<theme idref="T7"/>
<theme idref="T6"/>
<clue>J delta K cells were isolated as a chronically infected survivor cell line, following <clueType>infection</clueType> <linkTheme>of</linkTheme> Jurkat CD4+ T cells <linkTheme>with</linkTheme> dl-NF, a mutated strain of human immunodeficiency virus type 1 (HIV-1) containing a deletion of the long terminal repeat (LTR) NF-kappa B sites.</clue>
</event>
<sentence id="S3"><term id="T13" lex="J_delta_K_cell" sem="Cell_cultured">J delta K cells</term> exhibited very low levels of <term id="T14" lex="constitutive_HIV_production" sem="Other">constitutive <term id="A3" sem="Virus">HIV</term> production</term>.</sentence>
<event KT="Analysis" Manner="Low" id="E5">
<type class="Viral_life_cycle"/>
<theme idref="A3"/>
<clue><clueLoc>J delta K cells</clueLoc> <clueKT>exhibited</clueKT> <clueManner>very low levels</clueManner> of constitutive HIV <clueType>production</clueType>.</clue>
</event>
<sentence id="S4"><term id="T15" lex="HIV-1_expression" sem="Other"><term id="T16" lex="HIV-1" sem="Virus">HIV-1</term> expression</term> was activated from <term id="T17" lex="J_delta_K_cell" sem="Cell_cultured">J delta K cells</term> by treatment with <term id="T18" lex="phorbol_myristate_acetate" sem="Organic_compound_other">phorbol myristate acetate</term> (<term id="T19" lex="PMA" sem="Organic_compound_other">PMA</term>), <term id="T20" lex="sodium_butyrate" sem="Organic_compound_other">sodium butyrate</term> (<term id="T21" lex="NaB" sem="Organic_compound_other">NaB</term>), or <term id="T22" lex="hexamethylene_bisacetamide" sem="Organic_compound_other">hexamethylene bisacetamide</term> (<term id="T23" lex="HMBA" sem="Organic_compound_other">HMBA</term>), but not <term id="T24" lex="tumor_necrosis_factor_alpha" sem="Protein_molecule">tumor necrosis factor alpha</term> (<term id="T25" lex="TNF-alpha" sem="Protein_molecule">TNF-alpha</term>), confirming the role of <term id="T26" lex="NF-kappa_B" sem="Protein_molecule">NF-kappa B</term> in mediating <term id="T27" lex="TNF-alpha" sem="Protein_molecule">TNF-alpha</term> induction of <term id="T28" lex="HIV_transcription" sem="Other"><term id="T29" lex="HIV" sem="Virus">HIV</term> transcription</term>.</sentence>
<event id="E6">
<type class="Gene_expression"/>
<theme idref="T16"/>
<clue>HIV-1 <clueType>expression</clueType> was activated from J delta K cells by treatment with phorbol myristate acetate (PMA), sodium butyrate (NaB), or hexamethylene bisacetamide (HMBA), but not tumor necrosis factor alpha (TNF-alpha), confirming the role of NF-kappa B in mediating TNF-alpha induction of HIV transcription.</clue>
</event>
<event id="E7">
<type class="Positive_regulation"/>
<theme idref="E6"/>
<cause idref="T19"/>
<clue>HIV-1 expression was <clueType>activated</clueType> from <clueLoc>J delta K cells</clueLoc> <linkCause>by</linkCause> treatment with phorbol myristate acetate (PMA), sodium butyrate (NaB), or hexamethylene bisacetamide (HMBA), but not tumor necrosis factor alpha (TNF-alpha), confirming the role of NF-kappa B in mediating TNF-alpha induction of HIV transcription.</clue>
</event>
<event id="E8">
<type class="Positive_regulation"/>
<theme idref="E6"/>
<cause idref="T21"/>
<clue>HIV-1 expression was <clueType>activated</clueType> from <clueLoc>J delta K cells</clueLoc> <linkCause>by</linkCause> treatment with phorbol myristate acetate (PMA), sodium butyrate (NaB), or hexamethylene bisacetamide (HMBA), but not tumor necrosis factor alpha (TNF-alpha), confirming the role of NF-kappa B in mediating TNF-alpha induction of HIV transcription.</clue>
</event>
<event id="E9">
<type class="Positive_regulation"/>
<theme idref="E6"/>
<cause idref="T23"/>
<clue>HIV-1 expression was <clueType>activated</clueType> from <clueLoc>J delta K cells</clueLoc> <linkCause>by</linkCause> treatment with phorbol myristate acetate (PMA), sodium butyrate (NaB), or hexamethylene bisacetamide (HMBA), but not tumor necrosis factor alpha (TNF-alpha), confirming the role of NF-kappa B in mediating TNF-alpha induction of HIV transcription.</clue>
</event>
<event Polarity="Negative" assertion="non-exist" id="E10">
<type class="Positive_regulation"/>
<theme idref="E6"/>
<cause idref="T25"/>
<clue>HIV-1 expression was <clueType>activated</clueType> from <clueLoc>J delta K cells</clueLoc> <linkCause>by</linkCause> treatment with phorbol myristate acetate (PMA), sodium butyrate (NaB), or hexamethylene bisacetamide (HMBA), but <cluePolarity>not</cluePolarity> tumor necrosis factor alpha (TNF-alpha), confirming the role of NF-kappa B in mediating TNF-alpha induction of HIV transcription.</clue>
</event>
<event id="E11">
<type class="Transcription"/>
<theme idref="T29"/>
<clue>HIV-1 expression was activated from J delta K cells by treatment with phorbol myristate acetate (PMA), sodium butyrate (NaB), or hexamethylene bisacetamide (HMBA), but not tumor necrosis factor alpha (TNF-alpha), confirming the role of NF-kappa B in mediating TNF-alpha induction of HIV <clueType>transcription</clueType>.</clue>
</event>
<event id="E12">
<type class="Positive_regulation"/>
<theme idref="E11"/>
<cause idref="T27"/>
<clue>HIV-1 expression was activated from J delta K cells by treatment with phorbol myristate acetate (PMA), sodium butyrate (NaB), or hexamethylene bisacetamide (HMBA), but not tumor necrosis factor alpha (TNF-alpha), confirming the role of NF-kappa B in mediating TNF-alpha <clueType>induction</clueType> <linkTheme>of</linkTheme> HIV transcription.</clue>
</event>
<event id="E13">
<type class="Positive_regulation"/>
<theme idref="E12"/>
<cause idref="T26"/>
<clue>HIV-1 expression was activated from J delta K cells by treatment with phorbol myristate acetate (PMA), sodium butyrate (NaB), or hexamethylene bisacetamide (HMBA), but not tumor necrosis factor alpha (TNF-alpha), confirming the role of NF-kappa B <linkCause>in</linkCause> <clueType>mediating</clueType> TNF-alpha induction of HIV transcription.</clue>
</event>
<sentence id="S5">The strong induction of <term id="T30" lex="HIV_expression" sem="Other"><term id="T31" lex="HIV" sem="Virus">HIV</term> expression</term> by <term id="T32" lex="NaB" sem="Organic_compound_other">NaB</term> or <term id="T33" lex="HMBA" sem="Organic_compound_other">HMBA</term> in <term id="T34" lex="J_delta_K_cell" sem="Cell_cultured">J delta K cells</term> clearly demonstrates the existence of <term id="T35" lex="NF-kappa_B-independent_mechanism" sem="Other"><term id="T36" lex="NF-kappa_B" sem="Protein_molecule">NF-kappa B</term>-independent mechanisms</term> of <term id="T37" lex="HIV_activation" sem="Other"><term id="T38" lex="HIV" sem="Virus">HIV</term> activation</term> in <term id="T39" lex="chronically_infected_cell" sem="Cell_natural">chronically infected cells</term>.</sentence>
<event KT="Other" id="E14">
<type class="Gene_expression"/>
<theme idref="T31"/>
<clue>The strong induction of HIV <clueType>expression</clueType> by NaB or HMBA in J delta K cells clearly demonstrates the existence of NF-kappa B-independent mechanisms of HIV activation in chronically infected cells.</clue>
</event>
<event KT="Other" Manner="High" id="E15">
<type class="Positive_regulation"/>
<theme idref="E14"/>
<cause idref="T32"/>
<clue>The <clueManner>strong</clueManner> <clueType>induction</clueType> <linkTheme>of</linkTheme> HIV expression <linkCause>by</linkCause> NaB or HMBA <clueLoc>in J delta K cells</clueLoc> clearly demonstrates the existence of NF-kappa B-independent mechanisms of HIV activation in chronically infected cells.</clue>
</event>
<event KT="Other" Manner="High" id="E16">
<type class="Positive_regulation"/>
<theme idref="E14"/>
<cause idref="T33"/>
<clue>The <clueManner>strong</clueManner> <clueType>induction</clueType> <linkTheme>of</linkTheme> HIV expression <linkCause>by</linkCause> NaB or HMBA <clueLoc>in J delta K cells</clueLoc> clearly demonstrates the existence of NF-kappa B-independent mechanisms of HIV activation in chronically infected cells.</clue>
</event>
<event KT="Other" id="E17">
<type class="Viral_life_cycle"/>
<theme idref="T38"/>
<clue>The strong induction of HIV expression by NaB or HMBA in J delta K cells clearly demonstrates the existence of NF-kappa B-independent mechanisms of HIV <clueType>activation</clueType> in chronically infected cells.</clue>
</event>
<event KT="Analysis" Polarity="Negative" assertion="non-exist" id="E18">
<type class="Regulation"/>
<theme idref="E17"/>
<cause idref="T36"/>
<clue>The strong induction of HIV expression by NaB or HMBA in J delta K cells clearly <clueKT>demonstrates</clueKT> the existence of NF-kappa B-<clueType><cluePolarity>independent</cluePolarity></clueType> mechanisms <linkTheme>of</linkTheme> HIV activation <clueLoc>in chronically infected cells</clueLoc>.</clue>
</event>
<sentence id="S6"><term id="T40" lex="J_delta_K_cell" sem="Cell_cultured">J delta K cells</term> may provide a useful model for characterizing <term id="T41" lex="NF-kappa_B-independent_transcriptional_activation" sem="Other"><term id="T42" lex="NF-kappa_B" sem="Protein_molecule">NF-kappa B</term>-independent transcriptional activation</term> of the <term id="T43" lex="HIV_LTR" sem="DNA_domain_or_region">HIV LTR</term>.</sentence>
<event KT="Other" id="E19">
<type class="Positive_regulation"/>
<theme idref="T43"/>
<clue>J delta K cells may provide a useful model for characterizing NF-kappa B-independent <clueType>transcriptional activation</clueType> <linkTheme>of</linkTheme> the HIV LTR.</clue>
</event>
<event CL="L1" KT="Analysis" Polarity="Negative" assertion="non-exist" id="E20">
<type class="Regulation"/>
<theme idref="E19"/>
<cause idref="T42"/>
<clue><clueLoc>J delta K cells</clueLoc> <clueCL>may</clueCL> provide a useful model for <clueKT>characterizing</clueKT> NF-kappa B-<clueType><cluePolarity>independent</cluePolarity></clueType> transcriptional activation of the HIV LTR.</clue>
</event>
</AbstractText>
</Abstract></Article></MedlineCitation></PubmedArticle></PubmedArticleSet></Annotation>
