<?xml version='1.0'?><!DOCTYPE Annotation PUBLIC "//GENIA//DTD GENIA ANNOTATION EVENT 2.0//EN_Modified" "../ModifiedGENIAtypes/Modified_GENIA_event_20.dtd"><Annotation annotates="http://www.ncbi.nlm.nih.gov/entrez/eutils/efetch.fcgi?db=pubmed&amp;retmode=xml&amp;rettype=medline&amp;id=7927175" created="11/10/2006" creator="Junko Matsuura"><PubmedArticleSet><PubmedArticle><MedlineCitation>
<PMID>7927175</PMID>
<Article>
<ArticleTitle>
<sentence id="S1">[An overexpression of <term id="T1" lex="retinoic_acid_receptor_alpha" sem="Protein_molecule">retinoic acid receptor alpha</term> blocks <term id="T2" lex="myeloid_cell_differentiation" sem="Other"><term id="T3" lex="myeloid_cell" sem="Cell_natural">myeloid cell</term> differentiation</term> at the <term id="T4" lex="promyelocyte_stage" sem="Other">promyelocyte stage</term>]</sentence>
<event id="E1">
<type class="Gene_expression"/>
<theme idref="T1"/>
<clue>[An <clueType>overexpression</clueType> <linkTheme>of</linkTheme> retinoic acid receptor alpha blocks myeloid cell differentiation at the promyelocyte stage]</clue>
</event>
<event id="E2">
<type class="Positive_regulation"/>
<theme idref="E1"/>
<clue>[An <clueType>overexpression</clueType> of retinoic acid receptor alpha blocks myeloid cell differentiation at the promyelocyte stage]</clue>
</event>
<event KT="Other" id="E3">
<type class="Cell_differentiation"/>
<theme idref="T3"/>
<clue>[An overexpression of retinoic acid receptor alpha blocks myeloid cell <clueType>differentiation</clueType> <clueTime>at the promyelocyte stage</clueTime>]</clue>
</event>
<event id="E4">
<type class="Negative_regulation"/>
<theme idref="E3"/>
<cause idref="E2"/>
<clue>[An overexpression of retinoic acid receptor alpha <clueType>blocks</clueType> myeloid cell differentiation at the promyelocyte stage]</clue>
</event>
</ArticleTitle>
<Abstract>
<AbstractText>
<sentence id="S2">Retinoic acid (<term id="T5" lex="RA" sem="Organic_compound_other">RA</term>), a <term id="T6" lex="vitamin_A_derivative" sem="Organic_compound_other"><term id="T7" lex="vitamin_A" sem="Lipid">vitamin A</term> derivative</term>, exerts a wide range of biological effects related to <term id="T8" lex="cell_proliferation" sem="Other">cell proliferation</term> and <term id="T9" lex="differentiation" sem="Other">differentiation</term>.</sentence>
<event KT="Other" id="E5">
<type class="Regulation"/>
<theme idref="T8"/>
<cause idref="T5"/>
<clue>Retinoic acid (RA), a vitamin A derivative, exerts a wide range of biological <clueType>effects</clueType> related to cell proliferation and differentiation.</clue>
</event>
<event KT="Other" id="E6">
<type class="Regulation"/>
<theme idref="T9"/>
<cause idref="T5"/>
<clue>Retinoic acid (RA), a vitamin A derivative, exerts a wide range of biological <clueType>effects</clueType> related to cell proliferation and differentiation.</clue>
</event>
<sentence id="S3">The <term id="T10" lex="pleiotropic_effect" sem="Other">pleiotropic effects</term> of <term id="T11" lex="RA" sem="Organic_compound_other">RA</term> are thought to be mediated through specific nuclear <term id="T12" lex="RA_receptor" sem="Protein_family_or_group"><term id="T13" lex="RA" sem="Organic_compound_other">RA</term> receptors</term> (<term id="T14" lex="RAR" sem="Protein_family_or_group">RARs</term>).</sentence>
<event KT="Other" id="E7">
<type class="Regulation"/>
<cause idref="T11"/>
<clue>The pleiotropic <clueType>effects</clueType> <linkCause>of</linkCause> RA are thought to be mediated through specific nuclear RA receptors (RARs).</clue>
</event>
<event KT="Fact" id="E8">
<type class="Positive_regulation"/>
<theme idref="E7"/>
<cause idref="T14"/>
<clue>The pleiotropic effects of RA are <clueKT>thought</clueKT> to be <clueType>mediated</clueType> <linkCause>through</linkCause> specific nuclear RA receptors (RARs).</clue>
</event>
<sentence id="S4"><term id="T15" lex="RAR" sem="Protein_family_or_group">RARs</term> are members of the <term id="T16" lex="steroid/thyroid_hormone_receptor_superfamily" sem="Protein_family_or_group">steroid/thyroid hormone receptor superfamily</term> and exhibit a molecular structure that possess discrete DNA-binding and <term id="T17" lex="RA_(ligand)-binding_domain" sem="Protein_domain_or_region"><term id="T18" lex="RA" sem="Organic_compound_other">RA</term> (ligand)-binding domains</term>.</sentence>
<sentence id="S5">In hematopoietic system, <term id="T19" lex="RA" sem="Organic_compound_other">RA</term> and <term id="T20" lex="RAR" sem="Protein_family_or_group">RARs</term>, predominantly <term id="T21" lex="RAR_alpha" sem="Protein_molecule">RAR alpha</term> may play key roles for the proliferation and <term id="T22" lex="differentiation" sem="Other">differentiation</term> of <term id="T23" lex="hematopoietic_progenitor" sem="Cell_natural">hematopoietic progenitors</term>.</sentence>
<event KT="Other" id="E9">
<type class="Cellular_physiological_process"/>
<theme idref="T23"/>
<clue>In hematopoietic system, RA and RARs, predominantly RAR alpha may play key roles for the <clueType>proliferation</clueType> and differentiation <linkTheme>of</linkTheme> hematopoietic progenitors.</clue>
</event>
<event KT="Other" id="E10">
<type class="Cell_differentiation"/>
<theme idref="T23"/>
<clue>In hematopoietic system, RA and RARs, predominantly RAR alpha may play key roles for the proliferation and <clueType>differentiation</clueType> <linkTheme>of</linkTheme> hematopoietic progenitors.</clue>
</event>
<event CL="L1" KT="Analysis" id="E11" uncertainty="probable">
<type class="Positive_regulation"/>
<theme idref="E9"/>
<cause idref="T19"/>
<clue>In hematopoietic system, RA and RARs, predominantly RAR alpha <clueKT><clueCL>may</clueCL></clueKT> <clueType>play key roles</clueType> <linkTheme>for</linkTheme> the proliferation and differentiation of hematopoietic progenitors.</clue>
</event>
<event CL="L1" KT="Analysis" id="E12" uncertainty="probable">
<type class="Positive_regulation"/>
<theme idref="E10"/>
<cause idref="T19"/>
<clue>In hematopoietic system, RA and RARs, predominantly RAR alpha <clueKT><clueCL>may</clueCL></clueKT> <clueType>play key roles</clueType> <linkTheme>for</linkTheme> the proliferation and differentiation of hematopoietic progenitors.</clue>
</event>
<event CL="L1" KT="Analysis" id="E13" uncertainty="probable">
<type class="Positive_regulation"/>
<theme idref="E9"/>
<cause idref="T20"/>
<clue>In hematopoietic system, RA and RARs, predominantly RAR alpha <clueKT><clueCL>may</clueCL></clueKT> <clueType>play key roles</clueType> <linkTheme>for</linkTheme> the proliferation and differentiation of hematopoietic progenitors.</clue>
</event>
<event CL="L1" KT="Analysis" id="E14" uncertainty="probable">
<type class="Positive_regulation"/>
<theme idref="E10"/>
<cause idref="T20"/>
<clue>In hematopoietic system, RA and RARs, predominantly RAR alpha <clueKT><clueCL>may</clueCL></clueKT> <clueType>play key roles</clueType> <linkTheme>for</linkTheme> the proliferation and differentiation of hematopoietic progenitors.</clue>
</event>
<event CL="L1" KT="Analysis" id="E15" uncertainty="probable">
<type class="Positive_regulation"/>
<theme idref="E9"/>
<cause idref="T21"/>
<clue>In hematopoietic system, RA and <corefTheme>RARs</corefTheme>, predominantly RAR alpha <clueKT><clueCL>may</clueCL></clueKT> <clueType>play key roles</clueType> <linkTheme>for</linkTheme> the proliferation and differentiation of hematopoietic progenitors.</clue>
</event>
<event CL="L1" KT="Analysis" id="E16" uncertainty="probable">
<type class="Positive_regulation"/>
<theme idref="E10"/>
<cause idref="T21"/>
<clue>In hematopoietic system, RA and <corefTheme>RARs</corefTheme>, predominantly RAR alpha <clueKT><clueCL>may</clueCL></clueKT> <clueType>play key roles</clueType> <linkTheme>for</linkTheme> the proliferation and differentiation of hematopoietic progenitors.</clue>
</event>
<sentence id="S6">However, it is currently unknown how <term id="T24" lex="RA" sem="Organic_compound_other">RA</term> and <term id="T25" lex="RAR" sem="Protein_family_or_group">RARs</term> are involved in regulating normal <term id="T26" lex="hematopoietic_differentiation" sem="Other"><term id="A30" sem="Cell_natural">hematopoietic</term> differentiation</term>.</sentence>
<event KT="Other" id="E100">
<type class="Cell_differentiation"/>
<theme idref="A30"/>
<clue>However, it is currently unknown how RA and RARs are involved in regulating normal hematopoietic <clueType>differentiation</clueType>.</clue>
</event>
<event KT="Other" id="E17">
<type class="Regulation"/>
<theme idref="E100"/>
<clue>However, it is currently unknown how RA and RARs are involved in <clueType>regulating</clueType> normal hematopoietic differentiation.</clue>
</event>
<event KT="Fact" id="E18">
<type class="Correlation"/>
<theme idref="T24"/>
<theme idref="E17"/>
<clue>However, it is currently unknown how RA and RARs are <clueType>involved</clueType> <linkTheme>in</linkTheme> regulating normal hematopoietic differentiation.</clue>
</event>
<event KT="Fact" id="E19">
<type class="Correlation"/>
<theme idref="T25"/>
<theme idref="E17"/>
<clue>However, it is currently unknown how RA and RARs are <clueType>involved</clueType> <linkTheme>in</linkTheme> regulating normal hematopoietic differentiation.</clue>
</event>
<sentence id="S7">To make clear the roles of <term id="T27" lex="RA" sem="Organic_compound_other">RA</term> and <term id="T28" lex="RAR_alpha" sem="Protein_molecule">RAR alpha</term> in the normal <term id="T29" lex="hematopoiesis" sem="Other">hematopoiesis</term>, I have introduced the construct of <term id="T30" lex="human_RAR_alpha" sem="Protein_molecule">human <term id="T31" lex="RAR_alpha" sem="Protein_molecule">RAR alpha</term></term> (<term id="T32" lex="hRAR_alpha" sem="Protein_molecule">hRAR alpha</term>) into <term id="T33" lex="murine_bone_marrow_cell" sem="Cell_natural">murine <term id="T34" lex="bone_marrow" sem="Tissue_natural">bone marrow</term> cells</term> with <term id="T35" lex="retroviral_vector" sem="Virus">retroviral vector</term>, and selected infected cells with <term id="T36" lex="drug_resistant_marker" sem="DNA_domain_or_region">drug resistant marker</term> (<term id="T37" lex="Neo(r)" sem="DNA_domain_or_region">Neo(r)</term>) cultured on the <term id="T38" lex="stroma_cell_line" sem="Cell_cultured">stroma cell line</term> (<term id="T39" lex="PA6-neo" sem="Cell_cultured">PA6-neo</term>), and analyzed the behavior of <term id="T40" lex="infected_cell" sem="Cell_natural">infected cells</term>.</sentence>
<event KT="Investigation" id="E20" uncertainty="doubtful">
<type class="Regulation"/>
<theme idref="T29"/>
<cause idref="T27"/>
<clue><clueKT>To make clear</clueKT> the <clueType>roles</clueType> <linkCause>of</linkCause> RA and RAR alpha <linkTheme>in</linkTheme> the normal hematopoiesis, I have introduced the construct of human RAR alpha (hRAR alpha) into murine bone marrow cells with retroviral vector, and selected infected cells with drug resistant marker (Neo(r)) cultured on the stroma cell line (PA6-neo), and analyzed the behavior of infected cells.</clue>
</event>
<event KT="Investigation" id="E21" uncertainty="doubtful">
<type class="Regulation"/>
<theme idref="T29"/>
<cause idref="T28"/>
<clue><clueKT>To make clear</clueKT> the <clueType>roles</clueType> <linkCause>of</linkCause> RA and RAR alpha <linkTheme>in</linkTheme> the normal hematopoiesis, I have introduced the construct of human RAR alpha (hRAR alpha) into murine bone marrow cells with retroviral vector, and selected infected cells with drug resistant marker (Neo(r)) cultured on the stroma cell line (PA6-neo), and analyzed the behavior of infected cells.</clue>
</event>
<event KT="Method" id="E22">
<type class="Artificial_process"/>
<theme idref="T32"/>
<theme idref="T33"/>
<clue>To make clear the roles of RA and RAR alpha in the normal hematopoiesis, I have <clueType>introduced</clueType> the construct of human RAR alpha (hRAR alpha) <linkTheme>into</linkTheme> murine bone marrow cells <clueExperiment>with retroviral vector</clueExperiment>, and selected infected cells with drug resistant marker (Neo(r)) cultured on the stroma cell line (PA6-neo), and analyzed the behavior of infected cells.</clue>
</event>
<sentence id="S8">All of procedure were done in vitro.</sentence>
<sentence id="S9"><term id="A3" sem="Cell_natural">Most cells infected with <term id="T41" lex="hRAR_alpha" sem="Protein_molecule">hRAR alpha</term></term> exhibited <term id="T42" lex="promyelocytic_morphology" sem="Cell_natural">promyelocytic morphology</term> and were thought to be blocked at the promyelocytic stage in their <term id="T43" lex="myeloid_differentiation" sem="Other"><term id="A31" sem="Cell_natural">myeloid</term> differentiation</term>.</sentence>
<event KT="Other" id="E23">
<type class="Cell_differentiation"/>
<theme idref="A3"/>
<theme idref="A31"/>
<clue>Most cells infected with hRAR alpha exhibited promyelocytic morphology and were thought to be blocked at the promyelocytic stage in <corefTheme idref1="A3">their</corefTheme> myeloid <clueType>differentiation</clueType>.</clue>
<comment>TPS: A3</comment></event>
<event KT="Analysis" id="E24">
<type class="Negative_regulation"/>
<theme idref="E23"/>
<cause idref="E22"/>
<clue>Most cells infected with hRAR alpha exhibited promyelocytic morphology and were <clueKT>thought</clueKT> to be <clueType>blocked</clueType> at the promyelocytic stage in their myeloid differentiation.</clue>
<comment>NO COREFCAUSE</comment></event>
<sentence id="S10">Furthermore, these <term id="T44" lex="immature_cell" sem="Cell_natural">immature cells</term> differentiated terminally into mature <term id="A4" sem="Cell_natural">granulocytes</term> by adding with <term id="T45" lex="RA" sem="Organic_compound_other">RA</term> (10(-6) M).</sentence>
<event id="E25">
<type class="Cell_differentiation"/>
<theme idref="T44"/>
<theme idref="A4"/>
<clue>Furthermore, these immature cells <clueType>differentiated</clueType> terminally <linkTheme>into</linkTheme> mature granulocytes by adding with RA (10(-6) M).</clue>
</event>
<event id="E125">
<type class="Positive_regulation"/>
<theme idref="E25"/>
<cause idref="T1"/>
<clue>Furthermore, these immature cells differentiated terminally into mature granulocytes <linkCause>by</linkCause> adding with RA (10(-6) M).</clue>
<comment>NO CLUETYPE</comment></event>
<sentence id="S11"><term id="A5" sem="Cell_natural"><term id="T46" lex="RAR_alpha" sem="Protein_molecule">RAR alpha</term> <term id="T47" lex="infected_cell" sem="Cell_natural">infected cells</term></term> were also able to differentiate into <term id="T48" lex="mature_macrophage" sem="Cell_natural">mature macrophages</term> in the both of long term culture and <term id="T49" lex="IL3_colony" sem="Cell_cultured">IL3 colony</term>.</sentence>
<event KT="Method" id="E26">
<type class="Artificial_process"/>
<theme idref="T46"/>
<clue>RAR alpha <clueType>infected</clueType> cells were also able to differentiate into mature macrophages in the both of long term culture and IL3 colony.</clue>
</event>
<event CL="L2" KT="Analysis" id="E27">
<type class="Cell_differentiation"/>
<theme idref="A5"/>
<theme idref="T48"/>
<clue>RAR alpha infected cells were also <clueKT><clueCL>able</clueCL></clueKT> to <clueType>differentiate</clueType> <linkTheme>into</linkTheme> mature macrophages in the both of long term culture and IL3 colony.</clue>
<comment>TPS: A5</comment></event>
<sentence id="S12">These observations suggest that an <term id="T50" lex="overexpression" sem="Other">overexpression</term> of <term id="T51" lex="RAR_alpha" sem="Protein_molecule">RAR alpha</term> alone is effective to suppress <term id="T52" lex="myeloid_cell_differentiation" sem="Other"><term id="T53" lex="myeloid_cell" sem="Cell_natural">myeloid cell</term> differentiation</term> and <term id="T54" lex="RAR_alpha" sem="Protein_molecule">RAR alpha</term> plays a crucial role in the <term id="T55" lex="terminal_differentiation" sem="Other">terminal differentiation</term> of <term id="A6" sem="Cell_natural">myeloid precursors</term>.</sentence>
<event KT="Other" id="E28">
<type class="Gene_expression"/>
<theme idref="T51"/>
<clue>These observations suggest that an <clueType>overexpression</clueType> <linkTheme>of</linkTheme> RAR alpha alone is effective to suppress myeloid cell differentiation and RAR alpha plays a crucial role in the terminal differentiation of myeloid precursors.</clue>
</event>
<event KT="Other" id="E29">
<type class="Positive_regulation"/>
<theme idref="E28"/>
<clue>These observations suggest that an <clueType>overexpression</clueType> of RAR alpha alone is effective to suppress myeloid cell differentiation and RAR alpha plays a crucial role in the terminal differentiation of myeloid precursors.</clue>
</event>
<event KT="Other" id="E30">
<type class="Cell_differentiation"/>
<theme idref="T53"/>
<clue>These observations suggest that an overexpression of RAR alpha alone is effective to suppress myeloid cell <clueType>differentiation</clueType> and RAR alpha plays a crucial role in the terminal differentiation of myeloid precursors.</clue>
</event>
<event CL="L2" KT="Analysis" id="E31" uncertainty="probable">
<type class="Negative_regulation"/>
<theme idref="E30"/>
<cause idref="E29"/>
<clue>These observations <clueKT><clueCL>suggest</clueCL></clueKT> that an overexpression of RAR alpha alone is effective to <clueType>suppress</clueType> myeloid cell differentiation and RAR alpha plays a crucial role in the terminal differentiation of myeloid precursors.</clue>
</event>
<event KT="Other" id="E32">
<type class="Cell_differentiation"/>
<theme idref="A6"/>
<clue>These observations suggest that an overexpression of RAR alpha alone is effective to suppress myeloid cell differentiation and RAR alpha plays a crucial role in the <clueType>terminal differentiation</clueType> <linkTheme>of</linkTheme> myeloid precursors.</clue>
</event>
<event CL="L2" KT="Analysis" id="E33" uncertainty="probable">
<type class="Positive_regulation"/>
<theme idref="E32"/>
<cause idref="T54"/>
<clue>These observations <clueKT><clueCL>suggest</clueCL></clueKT> that an overexpression of RAR alpha alone is effective to suppress myeloid cell differentiation and RAR alpha <clueType>plays a crucial role</clueType> <linkTheme>in</linkTheme> the terminal differentiation of myeloid precursors.</clue>
</event>
<sentence id="S13">The system described here may serve as a model for studying the the <term id="T56" lex="essential_gene" sem="DNA_family_or_group">essential genes</term> for <term id="T57" lex="differentiation" sem="Other">differentiation</term> of <term id="T58" lex="normal_bone_marrow_cell" sem="Cell_natural">normal <term id="T59" lex="bone_marrow" sem="Tissue_natural">bone marrow</term> cells</term>.</sentence>
<event KT="Other" id="E34">
<type class="Cell_differentiation"/>
<theme idref="T58"/>
<clue>The system described here may serve as a model for studying the the essential genes for <clueType>differentiation</clueType> <linkTheme>of</linkTheme> normal bone marrow cells.</clue>
</event>
</AbstractText>
</Abstract></Article></MedlineCitation></PubmedArticle></PubmedArticleSet></Annotation>
