<?xml version='1.0'?><!DOCTYPE Annotation PUBLIC "//GENIA//DTD GENIA ANNOTATION EVENT 2.0//EN_Modified" "../ModifiedGENIAtypes/Modified_GENIA_event_20.dtd"><Annotation annotates="http://www.ncbi.nlm.nih.gov/entrez/eutils/efetch.fcgi?db=pubmed&amp;retmode=xml&amp;rettype=medline&amp;id=7935451" created="23/06/2006" creator="Junko Matsuura"><PubmedArticleSet><PubmedArticle><MedlineCitation>
<PMID>7935451</PMID>
<Article>
<ArticleTitle>
<sentence id="S1"><term id="T1" lex="human_T-cell_leukemia_virus_type_I_Tax_activation" sem="Other">Human <term id="T2" lex="T-cell_leukemia_virus_type_I" sem="Virus">T-cell leukemia virus type I</term> <term id="T3" lex="Tax" sem="Protein_molecule">Tax</term> activation</term> of <term id="T4" lex="NF-kappa_B/Rel" sem="Protein_molecule"><term id="T5" lex="NF-kappa_B" sem="Protein_molecule">NF-kappa B</term>/Rel</term> involves phosphorylation and degradation of <term id="T6" lex="I_kappa_B_alpha" sem="Protein_molecule">I kappa B alpha</term> and <term id="T7" lex="RelA" sem="Protein_molecule">RelA</term> <term id="T8" lex="(p65)-mediated_induction" sem="Other">(<term id="T9" lex="p65" sem="Protein_molecule">p65</term>)-mediated induction</term> of the <term id="T10" lex="c-rel_gene" sem="DNA_domain_or_region">c-rel gene</term>.</sentence>
<event id="E1">
<type class="Positive_regulation"/>
<theme idref="T4"/>
<cause idref="T3"/>
<clue>Human T-cell leukemia virus type I Tax <clueType>activation</clueType> <linkTheme>of</linkTheme> NF-kappa B/Rel involves phosphorylation and degradation of I kappa B alpha and RelA (p65)-mediated induction of the c-rel gene.</clue>
</event>
<event id="E2">
<type class="Protein_amino_acid_phosphorylation"/>
<theme idref="T6"/>
<clue>Human T-cell leukemia virus type I Tax activation of NF-kappa B/Rel involves <clueType>phosphorylation</clueType> and degradation <linkTheme>of</linkTheme> I kappa B alpha and RelA (p65)-mediated induction of the c-rel gene.</clue>
</event>
<event id="E3">
<type class="Protein_catabolism"/>
<theme idref="T6"/>
<clue>Human T-cell leukemia virus type I Tax activation of NF-kappa B/Rel involves phosphorylation and <clueType>degradation</clueType> <linkTheme>of</linkTheme> I kappa B alpha and RelA (p65)-mediated induction of the c-rel gene.</clue>
</event>
<event id="E4">
<type class="Correlation"/>
<theme idref="E1"/>
<theme idref="E2"/>
<clue>Human T-cell leukemia virus type I Tax activation of NF-kappa B/Rel <clueType>involves</clueType> phosphorylation and degradation of I kappa B alpha and RelA (p65)-mediated induction of the c-rel gene.</clue>
</event>
<event id="E5">
<type class="Correlation"/>
<theme idref="E1"/>
<theme idref="E3"/>
<clue>Human T-cell leukemia virus type I Tax activation of NF-kappa B/Rel <clueType>involves</clueType> phosphorylation and degradation of I kappa B alpha and RelA (p65)-mediated induction of the c-rel gene.</clue>
</event>
<event id="E6">
<type class="Positive_regulation"/>
<theme idref="T10"/>
<cause idref="T9"/>
<clue>Human T-cell leukemia virus type I Tax activation of NF-kappa B/Rel involves phosphorylation and degradation of I kappa B alpha and RelA (p65)-<linkCause>mediated</linkCause> <clueType>induction</clueType> <linkTheme>of</linkTheme> the c-rel gene.</clue>
</event>
<event id="E7">
<type class="Correlation"/>
<theme idref="E1"/>
<theme idref="E6"/>
<clue>Human T-cell leukemia virus type I Tax activation of NF-kappa B/Rel <clueType>involves</clueType> phosphorylation and degradation of I kappa B alpha and RelA (p65)-mediated induction of the c-rel gene.</clue>
</event>
</ArticleTitle>
<Abstract>
<AbstractText>
<sentence id="S2">The <term id="A1" sem="Protein_molecule">tax gene product</term> of <term id="T11" lex="human_T-cell_leukemia_virus_type_I" sem="Virus">human T-cell leukemia virus type I</term> (<term id="T12" lex="HTLV-I" sem="Virus">HTLV-I</term>) is a potent <term id="T13" lex="transcriptional_activator" sem="Protein_family_or_group">transcriptional activator</term> that both stimulates <term id="A2" sem="DNA_domain_or_region">viral gene</term> expression and activates an array of <term id="T14" lex="cellular_gene" sem="DNA_family_or_group">cellular genes</term> involved in <term id="T15" lex="T-cell_growth" sem="Other"><term id="T16" lex="T-cell" sem="Cell_natural">T-cell</term> growth</term>.</sentence>
<event KT="Other" id="E8">
<type class="Gene_expression"/>
<theme idref="A2"/>
<clue>The tax gene product of human T-cell leukemia virus type I (HTLV-I) is a potent transcriptional activator that both stimulates viral gene <clueType>expression</clueType> and activates an array of cellular genes involved in T-cell growth.</clue>
</event>
<event KT="Fact" id="E9">
<type class="Positive_regulation"/>
<theme idref="E8"/>
<cause idref="A1"/>
<clue>The tax gene product of human T-cell leukemia virus type I (HTLV-I) is a potent <clueType>transcriptional activator</clueType> that both stimulates viral gene expression and activates an array of cellular genes involved in T-cell growth.</clue>
</event>
<event KT="Other" id="E10">
<type class="Cell_differentiation"/>
<theme idref="T16"/>
<clue>The tax gene product of human T-cell leukemia virus type I (HTLV-I) is a potent transcriptional activator that both stimulates viral gene expression and activates an array of cellular genes involved in T-cell <clueType>growth</clueType>.</clue>
</event>
<event KT="Fact" id="E11">
<type class="Correlation"/>
<theme idref="T14"/>
<theme idref="E10"/>
<clue>The tax gene product of human T-cell leukemia virus type I (HTLV-I) is a potent transcriptional activator that both stimulates viral gene expression and activates an array of cellular genes <clueType>involved</clueType> <linkTheme>in</linkTheme> T-cell growth.</clue>
</event>
<event KT="Fact" id="E12">
<type class="Positive_regulation"/>
<theme idref="T14"/>
<cause idref="A1"/>
<clue>The tax gene product of human T-cell leukemia virus type I (HTLV-I) is a potent transcriptional activator that both stimulates viral gene expression and <clueType>activates</clueType> an array of cellular genes involved in T-cell growth.</clue>
</event>
<sentence id="S3"><term id="A3" sem="Protein_molecule">Tax</term> acts indirectly by inducing or modifying the action of various host <term id="T17" lex="transcription_factor" sem="Protein_family_or_group">transcription factors</term>, including <term id="A4" sem="Protein_family_or_group">members of the <term id="T18" lex="NF-kappa_B/Rel_family" sem="Protein_family_or_group"><term id="T19" lex="NF-kappa_B" sem="Protein_molecule">NF-kappa B</term>/Rel family</term></term> of <term id="T20" lex="enhancer-binding_protein" sem="Protein_family_or_group">enhancer-binding proteins</term>.</sentence>
<event KT="Fact" id="E13">
<type class="Positive_regulation"/>
<theme idref="A4"/>
<cause idref="A3"/>
<clue>Tax acts indirectly by <clueType>inducing</clueType> or modifying the action of various host transcription factors, including members of the NF-kappa B/Rel family of enhancer-binding proteins.</clue>
<comment>TPS: A4</comment></event>
<event KT="Fact" id="E14">
<type class="Regulation"/>
<theme idref="A4"/>
<cause idref="A3"/>
<clue>Tax acts indirectly by inducing or <clueType>modifying</clueType> the action of various host transcription factors, including members of the NF-kappa B/Rel family of enhancer-binding proteins.</clue>
</event>
<sentence id="S4">In <term id="T21" lex="resting_T_cell" sem="Cell_natural">resting T cells</term>, many of these <term id="T22" lex="NF-kappa_B/Rel_factor" sem="Protein_family_or_group"><term id="T23" lex="NF-kappa_B" sem="Protein_molecule">NF-kappa B</term>/Rel factors</term> are sequestered in the <term id="T24" lex="cytoplasm" sem="Cell_component">cytoplasm</term> by various <term id="T25" lex="ankyrin-rich_inhibitory_protein" sem="Protein_domain_or_region">ankyrin-rich inhibitory proteins</term>, including <term id="T26" lex="I_kappa_B_alpha" sem="Protein_molecule">I kappa B alpha</term>.</sentence>
<event KT="Other" id="E115">
<type class="Localization"/>
<theme idref="T22"/>
<clue><clueLoc>In resting T cells</clueLoc>, many of these NF-kappa B/Rel factors are <clueType>sequestered</clueType> <clueLoc>in the cytoplasm</clueLoc> by various ankyrin-rich inhibitory proteins, including I kappa B alpha.</clue>
</event>
<event KT="Fact" id="E116">
<type class="Positive_regulation"/>
<theme idref="E115"/>
<cause idref="T25"/>
<clue>In resting T cells, many of these NF-kappa B/Rel factors are sequestered in the cytoplasm <linkCause>by</linkCause> various ankyrin-rich inhibitory proteins, including I kappa B alpha.</clue>
<comment>NO CLUETYPE</comment></event>
<event KT="Fact" id="E117">
<type class="Positive_regulation"/>
<theme idref="E115"/>
<cause idref="T26"/>
<clue>In resting T cells, many of these NF-kappa B/Rel factors are sequestered in the cytoplasm <linkCause>by</linkCause> <corefCause>various ankyrin-rich inhibitory proteins</corefCause>, including I kappa B alpha.</clue>
<comment>NO CLUETYPE</comment></event>
<sentence id="S5"><term id="T27" lex="HTLV-I_Tax_expression" sem="Other"><term id="T28" lex="HTLV-I_Tax" sem="Protein_molecule"><term id="T29" lex="HTLV-I" sem="Virus">HTLV-I</term> <term id="T30" lex="Tax" sem="Protein_molecule">Tax</term></term> expression</term> leads to the <term id="T31" lex="constitutive_nuclear_expression" sem="Other">constitutive nuclear expression</term> of biologically active <term id="T32" lex="NF-kappa_B" sem="Protein_molecule">NF-kappa B</term> and <term id="T33" lex="c-Rel_complex" sem="Protein_complex">c-Rel complexes</term>; however, the <term id="T34" lex="biochemical_mechanism" sem="Other">biochemical mechanism</term>(s) underlying this response remains poorly understood.</sentence>
<event KT="Other" id="E17">
<type class="Gene_expression"/>
<theme idref="T30"/>
<clue>HTLV-I Tax <clueType>expression</clueType> leads to the constitutive nuclear expression of biologically active NF-kappa B and c-Rel complexes; however, the biochemical mechanism(s) underlying this response remains poorly understood.</clue>
</event>
<event KT="Other" id="E18">
<type class="Gene_expression"/>
<theme idref="T32"/>
<clue>HTLV-I Tax expression leads to the constitutive <clueLoc>nuclear</clueLoc> <clueType>expression</clueType> <linkTheme>of</linkTheme> biologically active NF-kappa B and c-Rel complexes; however, the biochemical mechanism(s) underlying this response remains poorly understood.</clue>
</event>
<event KT="Other" id="E19">
<type class="Gene_expression"/>
<theme idref="T33"/>
<clue>HTLV-I Tax expression leads to the constitutive <clueLoc>nuclear</clueLoc> <clueType>expression</clueType> <linkTheme>of</linkTheme> biologically active NF-kappa B and c-Rel complexes; however, the biochemical mechanism(s) underlying this response remains poorly understood.</clue>
</event>
<event KT="Fact" id="E20">
<type class="Positive_regulation"/>
<theme idref="E18"/>
<cause idref="E17"/>
<clue>HTLV-I Tax expression <clueType>leads</clueType> <linkTheme>to</linkTheme> the constitutive nuclear expression of biologically active NF-kappa B and c-Rel complexes; however, the biochemical mechanism(s) underlying this response remains poorly understood.</clue>
</event>
<event KT="Fact" id="E21">
<type class="Positive_regulation"/>
<theme idref="E19"/>
<cause idref="E17"/>
<clue>HTLV-I Tax expression <clueType>leads</clueType> <linkTheme>to</linkTheme> the constitutive nuclear expression of biologically active NF-kappa B and c-Rel complexes; however, the biochemical mechanism(s) underlying this response remains poorly understood.</clue>
</event>
<sentence id="S6">In this study, we demonstrate that <term id="T35" lex="Tax-stimulated_nuclear_expression" sem="Other"><term id="T36" lex="Tax" sem="Protein_molecule">Tax</term>-stimulated nuclear expression</term> of <term id="T37" lex="NF-kappa_B" sem="Protein_molecule">NF-kappa B</term> in both <term id="T38" lex="HTLV-I-infected_and_Tax-transfected_human_T_cell" sem="Cell_cultured"><term id="T39" lex="HTLV-I" sem="Virus">HTLV-I</term>-infected and <term id="T40" lex="Tax" sem="Protein_molecule">Tax</term>-transfected <term id="A22" sem="Cell_natural">human T cells</term></term> is associated with the <term id="T41" lex="phosphorylation" sem="Other">phosphorylation</term> and rapid <term id="T42" lex="proteolytic_degradation" sem="Other">proteolytic degradation</term> of <term id="T43" lex="I_kappa_B_alpha" sem="Protein_molecule">I kappa B alpha</term>.</sentence>
<event KT="Other" id="E22">
<type class="Protein_amino_acid_phosphorylation"/>
<theme idref="T43"/>
<clue>In this study, we demonstrate that Tax-stimulated nuclear expression of NF-kappa B in both HTLV-I-infected and Tax-transfected human T cells is associated with the <clueType>phosphorylation</clueType> and rapid proteolytic degradation <linkTheme>of</linkTheme> I kappa B alpha.</clue>
</event>
<event KT="Other" id="E23">
<type class="Protein_catabolism"/>
<theme idref="T43"/>
<clue>In this study, we demonstrate that Tax-stimulated nuclear expression of NF-kappa B in both HTLV-I-infected and Tax-transfected human T cells is associated with the phosphorylation and rapid proteolytic <clueType>degradation</clueType> <linkTheme>of</linkTheme> I kappa B alpha.</clue>
</event>
<event KT="Other" id="E24">
<type class="Gene_expression"/>
<theme idref="T37"/>
<clue>In this study, we demonstrate that Tax-stimulated <clueLoc>nuclear</clueLoc> <clueType>expression</clueType> <linkTheme>of</linkTheme> NF-kappa B in both HTLV-I-infected and Tax-transfected human T cells is associated with the phosphorylation and rapid proteolytic degradation of I kappa B alpha.</clue>
</event>
<event KT="Other" id="E300">
<type class="Positive_regulation"/>
<theme idref="E24"/>
<cause idref="T36"/>
<clue>In this study, we demonstrate that Tax-<clueType>stimulated</clueType> nuclear expression of NF-kappa B <clueLoc>in</clueLoc> both <clueLoc>HTLV-I-infected</clueLoc> and Tax-transfected <clueLoc>human T cells</clueLoc> is associated with the phosphorylation and rapid proteolytic degradation of I kappa B alpha.</clue>
</event>
<event KT="Other" id="E301">
<type class="Positive_regulation"/>
<theme idref="E24"/>
<cause idref="T36"/>
<clue>In this study, we demonstrate that Tax-<clueType>stimulated</clueType> nuclear expression of NF-kappa B <clueLoc>in</clueLoc> both HTLV-I-infected and <clueLoc>Tax-transfected human T cells</clueLoc> is associated with the phosphorylation and rapid proteolytic degradation of I kappa B alpha.</clue>
</event>
<event KT="Analysis" id="E302">
<type class="Correlation"/>
<theme idref="E300"/>
<theme idref="E22"/>
<clue>In this study, we <clueKT>demonstrate</clueKT> that Tax-stimulated nuclear expression of NF-kappa B in both HTLV-I-infected and Tax-transfected human T cells is <clueType><clueKT>associated</clueKT></clueType> <linkTheme>with</linkTheme> the phosphorylation and rapid proteolytic degradation of I kappa B alpha.</clue>
</event>
<event KT="Analysis" id="E303">
<type class="Correlation"/>
<theme idref="E301"/>
<theme idref="E22"/>
<clue>In this study, we <clueKT>demonstrate</clueKT> that Tax-stimulated nuclear expression of NF-kappa B in both HTLV-I-infected and Tax-transfected human T cells is <clueType><clueKT>associated</clueKT></clueType> <linkTheme>with</linkTheme> the phosphorylation and rapid proteolytic degradation of I kappa B alpha.</clue>
</event>
<event KT="Analysis" id="E304">
<type class="Correlation"/>
<theme idref="E300"/>
<theme idref="E23"/>
<clue>In this study, we <clueKT>demonstrate</clueKT> that Tax-stimulated nuclear expression of NF-kappa B in both HTLV-I-infected and Tax-transfected human T cells is <clueType><clueKT>associated</clueKT></clueType> <linkTheme>with</linkTheme> the phosphorylation and rapid proteolytic degradation of I kappa B alpha.</clue>
</event>
<event KT="Analysis" id="E305">
<type class="Correlation"/>
<theme idref="E301"/>
<theme idref="E23"/>
<clue>In this study, we <clueKT>demonstrate</clueKT> that Tax-stimulated nuclear expression of NF-kappa B in both HTLV-I-infected and Tax-transfected human T cells is <clueType><clueKT>associated</clueKT></clueType> <linkTheme>with</linkTheme> the phosphorylation and rapid proteolytic degradation of I kappa B alpha.</clue>
</event>
<event KT="Other" id="E63">
<type class="Initiation_of_viral_infection"/>
<theme idref="T39"/>
<theme idref="A22"/>
<clue>In this study, we demonstrate that Tax-stimulated nuclear expression of NF-kappa B in both HTLV-I-<clueType>infected</clueType> and Tax-transfected human T cells is associated with the phosphorylation and rapid proteolytic degradation of I kappa B alpha.</clue>
</event>
<event KT="Method" id="E64">
<type class="Artificial_process"/>
<theme idref="T40"/>
<theme idref="A22"/>
<clue>In this study, we demonstrate that Tax-stimulated nuclear expression of NF-kappa B in both HTLV-I-infected and Tax-<clueType>transfected</clueType> human T cells is associated with the phosphorylation and rapid proteolytic degradation of I kappa B alpha.</clue>
</event>
<sentence id="S7">In contrast to prior in vitro studies, at least a fraction of the <term id="A5" sem="Protein_molecule">phosphorylated form of <term id="T44" lex="I_kappa_B_alpha" sem="Protein_molecule">I kappa B alpha</term></term> remains physically associated with the <term id="T45" lex="NF-kappa_B_complex" sem="Protein_complex"><term id="T46" lex="NF-kappa_B" sem="Protein_molecule">NF-kappa B</term> complex</term> in vivo but is subject to rapid degradation, thereby promoting the <term id="T47" lex="nuclear_translocation" sem="Other">nuclear translocation</term> of the active <term id="T48" lex="NF-kappa_B_complex" sem="Protein_complex"><term id="T49" lex="NF-kappa_B" sem="Protein_molecule">NF-kappa B</term> complex</term>.</sentence>
<event id="E28">
<type class="Binding"/>
<theme idref="A5"/>
<theme idref="T45"/>
<clue>In contrast to prior in vitro studies, at least a fraction of the phosphorylated form of I kappa B alpha remains physically <clueType>associated</clueType> <linkTheme>with</linkTheme> the NF-kappa B complex in vivo but is subject to rapid degradation, thereby promoting the nuclear translocation of the active NF-kappa B complex.</clue>
<comment>TPS: A5</comment></event>
<event Manner="High" id="E29">
<type class="Protein_catabolism"/>
<theme idref="A5"/>
<clue>In contrast to prior in vitro studies, at least a fraction of the phosphorylated form of I kappa B alpha remains physically associated with the NF-kappa B complex in vivo but is subject to <clueManner>rapid</clueManner> <clueType>degradation</clueType>, thereby promoting the nuclear translocation of the active NF-kappa B complex.</clue>
</event>
<event id="E30">
<type class="Localization"/>
<theme idref="T48"/>
<clue>In contrast to prior in vitro studies, at least a fraction of the phosphorylated form of I kappa B alpha remains physically associated with the NF-kappa B complex in vivo but is subject to rapid degradation, thereby promoting the <clueLoc>nuclear</clueLoc> <clueType>translocation</clueType> <linkTheme>of</linkTheme> the active NF-kappa B complex.</clue>
</event>
<event id="E31">
<type class="Positive_regulation"/>
<theme idref="E30"/>
<cause idref="E29"/>
<clue>In contrast to prior in vitro studies, at least a fraction of the phosphorylated form of I kappa B alpha remains physically associated with the NF-kappa B complex in vivo but is subject to rapid degradation, <linkCause>thereby</linkCause> <clueType>promoting</clueType> the nuclear translocation of the active NF-kappa B complex.</clue>
</event>
<sentence id="S8">We further demonstrate that <term id="T50" lex="Tax_induction" sem="Other"><term id="T51" lex="Tax" sem="Protein_molecule">Tax</term> induction</term> of <term id="T52" lex="nuclear_c-Rel_expression" sem="Other">nuclear <term id="T53" lex="c-Rel" sem="Protein_molecule">c-Rel</term> expression</term> is activated by the <term id="T54" lex="RelA" sem="Protein_molecule">RelA</term> (<term id="T55" lex="p65" sem="Protein_molecule">p65</term>) subunit of <term id="T56" lex="NF-kappa_B" sem="Protein_molecule">NF-kappa B</term>, which activates transcription of the <term id="T57" lex="c-rel_gene" sem="DNA_domain_or_region">c-rel gene</term> through an intrinsic <term id="T58" lex="kappa_B_enhancer_element" sem="DNA_domain_or_region">kappa B enhancer element</term>.</sentence>
<event id="E32">
<type class="Gene_expression"/>
<theme idref="T53"/>
<clue>We further demonstrate that Tax induction of <clueLoc>nuclear</clueLoc> c-Rel <clueType>expression</clueType> is activated by the RelA (p65) subunit of NF-kappa B, which activates transcription of the c-rel gene through an intrinsic kappa B enhancer element.</clue>
</event>
<event id="E33">
<type class="Positive_regulation"/>
<theme idref="E32"/>
<cause idref="T51"/>
<clue>We further demonstrate that Tax <clueType>induction</clueType> <linkTheme>of</linkTheme> nuclear c-Rel expression is activated by the RelA (p65) subunit of NF-kappa B, which activates transcription of the c-rel gene through an intrinsic kappa B enhancer element.</clue>
</event>
<event id="E34">
<type class="Positive_regulation"/>
<theme idref="E33"/>
<cause idref="T55"/>
<clue>We further <clueKT>demonstrate</clueKT> that Tax induction of nuclear c-Rel expression is <clueType>activated</clueType> <linkCause>by</linkCause> the RelA (p65) subunit of NF-kappa B, which activates transcription of the c-rel gene through an intrinsic kappa B enhancer element.</clue>
</event>
<event id="E35">
<type class="Transcription"/>
<theme idref="T57"/>
<clue>We further demonstrate that Tax induction of nuclear c-Rel expression is activated by the RelA (p65) subunit of NF-kappa B, which activates <clueType>transcription</clueType> <linkTheme>of</linkTheme> the c-rel gene through an intrinsic kappa B enhancer element.</clue>
</event>
<event id="E36">
<type class="Positive_regulation"/>
<theme idref="E35"/>
<cause idref="T55"/>
<clue>We further <clueKT>demonstrate</clueKT> that Tax induction of nuclear c-Rel expression is activated by the RelA (p65) subunit of NF-kappa B, which <clueType>activates</clueType> transcription of the c-rel gene <linkCause>through an intrinsic kappa B enhancer element.</linkCause></clue>
</event>
<sentence id="S9">In normal cells, the subsequent accumulation of <term id="T59" lex="nuclear_c-Rel" sem="Protein_molecule">nuclear <term id="T60" lex="c-Rel" sem="Protein_molecule">c-Rel</term></term> acts to inhibit its own continued production, indicating the presence of an <term id="T61" lex="autoregulatory_loop" sem="Other">autoregulatory loop</term>.</sentence>
<event id="E37">
<type class="Positive_regulation"/>
<theme idref="T60"/>
<clue>In normal cells, the subsequent <clueType>accumulation</clueType> <linkTheme>of</linkTheme> <clueLoc>nuclear</clueLoc> c-Rel acts to inhibit its own continued production, indicating the presence of an autoregulatory loop.</clue>
</event>
<event KT="Other" id="E38">
<type class="Gene_expression"/>
<theme idref="T60"/>
<clue>In normal cells, the subsequent accumulation of nuclear c-Rel acts to inhibit <corefTheme>its own</corefTheme> continued <clueType>production</clueType>, indicating the presence of an autoregulatory loop.</clue>
</event>
<event id="E39">
<type class="Negative_regulation"/>
<theme idref="E38"/>
<cause idref="E37"/>
<clue><clueLoc>In normal cells</clueLoc>, the subsequent accumulation of nuclear c-Rel acts to <clueType>inhibit</clueType> its own continued production, indicating the presence of an autoregulatory loop.</clue>
</event>
<sentence id="S10">(ABSTRACT TRUNCATED AT 250 WORDS)</sentence>
</AbstractText>
</Abstract></Article></MedlineCitation></PubmedArticle></PubmedArticleSet></Annotation>
