<?xml version='1.0'?><!DOCTYPE Annotation PUBLIC "//GENIA//DTD GENIA ANNOTATION EVENT 2.0//EN_Modified" "../ModifiedGENIAtypes/Modified_GENIA_event_20.dtd"><Annotation annotates="http://www.ncbi.nlm.nih.gov/entrez/eutils/efetch.fcgi?db=pubmed&amp;retmode=xml&amp;rettype=medline&amp;id=8014029" created="26/10/2006" creator="Yo Shidahara"><PubmedArticleSet><PubmedArticle><MedlineCitation>
<PMID>8014029</PMID>
<Article>
<ArticleTitle>
<sentence id="S1">Increased <term id="T1" lex="interleukin_2_transcription" sem="Other"><term id="T2" lex="interleukin_2" sem="DNA_domain_or_region">interleukin 2</term> transcription</term> in <term id="T3" lex="murine_lymphocyte" sem="Cell_natural">murine lymphocytes</term> by <term id="T4" lex="ciprofloxacin" sem="Organic_compound_other">ciprofloxacin</term>.</sentence>
<event KT="Other" id="E1">
<type class="Transcription"/>
<theme idref="T2"/>
<clue>Increased interleukin 2 <clueType>transcription</clueType> in murine lymphocytes by ciprofloxacin.</clue>
<comment>NER T2 MOD</comment></event>
<event KT="Investigation" id="E2">
<type class="Positive_regulation"/>
<theme idref="E1"/>
<cause idref="T4"/>
<clue><clueType>Increased</clueType> interleukin 2 transcription <clueLoc>in murine lymphocytes</clueLoc> <linkCause>by</linkCause> ciprofloxacin.</clue>
</event>
</ArticleTitle>
<Abstract>
<AbstractText>
<sentence id="S2">The <term id="T5" lex="fluoroquinolone_antibiotic" sem="Organic_compound_other">fluoroquinolone antibiotic</term>, <term id="T6" lex="ciprofloxacin" sem="Organic_compound_other">ciprofloxacin</term> (<term id="T7" lex="cipro" sem="Organic_compound_other">cipro</term>), induces hyperproduction of <term id="T8" lex="interleukin_2" sem="Protein_molecule">interleukin 2</term> (<term id="T9" lex="IL-2" sem="Protein_molecule">IL-2</term>) and <term id="T10" lex="interferon-gamma" sem="Protein_molecule">interferon-gamma</term> (<term id="T11" lex="IFN-gamma" sem="Protein_molecule">IFN-gamma</term>) in stimulated <term id="T12" lex="human_peripheral_blood_lymphocyte" sem="Cell_natural">human peripheral blood lymphocytes</term>.</sentence>
<event KT="Other" Manner="High" id="E3">
<type class="Gene_expression"/>
<theme idref="T9"/>
<clue>The fluoroquinolone antibiotic, ciprofloxacin (cipro), induces <clueManner>hyper</clueManner><clueType>production</clueType> of interleukin 2 (IL-2) and interferon-gamma (IFN-gamma) in stimulated human peripheral blood lymphocytes.</clue>
</event>
<event KT="Other" Manner="High" id="E4">
<type class="Gene_expression"/>
<theme idref="T11"/>
<clue>The fluoroquinolone antibiotic, ciprofloxacin (cipro), induces <clueManner>hyper</clueManner><clueType>production</clueType> of interleukin 2 (IL-2) and interferon-gamma (IFN-gamma) in stimulated human peripheral blood lymphocytes.</clue>
</event>
<event KT="Fact" id="E5">
<type class="Positive_regulation"/>
<theme idref="E3"/>
<cause idref="T7"/>
<clue>The fluoroquinolone antibiotic, ciprofloxacin (cipro), <clueType>induces hyper</clueType>production of interleukin 2 (IL-2) and interferon-gamma (IFN-gamma) <clueLoc>in stimulated human peripheral blood lymphocytes</clueLoc>.</clue>
</event>
<event KT="Fact" id="E6">
<type class="Positive_regulation"/>
<theme idref="E4"/>
<cause idref="T7"/>
<clue>The fluoroquinolone antibiotic, ciprofloxacin (cipro), <clueType>induces hyper</clueType>production of interleukin 2 (IL-2) and interferon-gamma (IFN-gamma) <clueLoc>in stimulated human peripheral blood lymphocytes</clueLoc>.</clue>
</event>
<event KT="Other" id="E7">
<type class="Physiological_process"/>
<theme idref="T12"/>
<clue>The fluoroquinolone antibiotic, ciprofloxacin (cipro), induces hyperproduction of interleukin 2 (IL-2) and interferon-gamma (IFN-gamma) in <clueType>stimulated</clueType> human peripheral blood lymphocytes.</clue>
</event>
<sentence id="S3">In this investigation an enhanced and prolonged <term id="T13" lex="IL-2" sem="Protein_molecule">IL-2</term> and <term id="T14" lex="IL-2_mRNA_response" sem="Other"><term id="T15" lex="IL-2_mRNA" sem="RNA_molecule">IL-2 mRNA</term> response</term> was also detected in both stimulated (<term id="T16" lex="T_cell_mitogen" sem="Protein_family_or_group">T cell mitogens</term> or <term id="T17" lex="alloantigen" sem="Protein_family_or_group">alloantigens</term>) <term id="T18" lex="murine_splenocyte" sem="Cell_natural">murine splenocytes</term> and in the stimulated <term id="T19" lex="murine_T_cell_line_EL-4" sem="Cell_cultured">murine T cell line EL-4</term> in the presence of <term id="T20" lex="ciprofloxacin" sem="Organic_compound_other">ciprofloxacin</term> (5-80 micrograms/ml) as compared to control cells without <term id="T21" lex="antibiotic" sem="Organic_compound_other">antibiotics</term>.</sentence>
<event id="E8">
<type class="Regulation"/>
<theme idref="T13"/>
<clue>In this investigation an enhanced and prolonged IL-2 and IL-2 mRNA <clueType>response</clueType> was also detected in both stimulated (T cell mitogens or alloantigens) murine splenocytes and in the stimulated murine T cell line EL-4 in the presence of ciprofloxacin (5-80 micrograms/ml) as compared to control cells without antibiotics.</clue>
</event>
<event id="E108">
<type class="Regulation"/>
<theme idref="T15"/>
<clue>In this investigation an enhanced and prolonged IL-2 and IL-2 mRNA <clueType>response</clueType> was also detected in both stimulated (T cell mitogens or alloantigens) murine splenocytes and in the stimulated murine T cell line EL-4 in the presence of ciprofloxacin (5-80 micrograms/ml) as compared to control cells without antibiotics.</clue>
</event>
<event id="E9">
<type class="Positive_regulation"/>
<theme idref="E108"/>
<cause idref="T20"/>
<clue>In this investigation an <clueType>enhanced and prolonged</clueType> IL-2 and IL-2 mRNA response was also <clueKT>detected</clueKT> <clueLoc>in</clueLoc> both <clueLoc>stimulated (T cell mitogens</clueLoc> or alloantigens) <clueLoc>murine splenocytes</clueLoc> and in the stimulated murine T cell line EL-4 <linkCause>in the presence of</linkCause> ciprofloxacin (5-80 micrograms/ml) as compared to control cells without antibiotics.</clue>
</event>
<event id="E209">
<type class="Positive_regulation"/>
<theme idref="E108"/>
<cause idref="T20"/>
<clue>In this investigation an <clueType>enhanced and prolonged</clueType> IL-2 and IL-2 mRNA response was also <clueKT>detected</clueKT> <clueLoc>in</clueLoc> both <clueLoc>stimulated</clueLoc> (T cell mitogens or <clueLoc>alloantigens</clueLoc>) <clueLoc>murine splenocytes</clueLoc> and in the stimulated murine T cell line EL-4 <linkCause>in the presence of</linkCause> ciprofloxacin (5-80 micrograms/ml) as compared to control cells without antibiotics.</clue>
</event>
<event id="E109">
<type class="Positive_regulation"/>
<theme idref="E108"/>
<cause idref="T20"/>
<clue>In this investigation an <clueType>enhanced and prolonged</clueType> IL-2 and IL-2 mRNA response was also <clueKT>detected</clueKT> in both stimulated (T cell mitogens or alloantigens) murine splenocytes and <clueLoc>in the stimulated murine T cell line EL-4</clueLoc> <linkCause>in the presence of</linkCause> ciprofloxacin (5-80 micrograms/ml) as compared to control cells without antibiotics.</clue>
</event>
<event id="E10">
<type class="Positive_regulation"/>
<theme idref="E8"/>
<cause idref="T20"/>
<clue>In this investigation an <clueType>enhanced and prolonged</clueType> IL-2 and IL-2 mRNA response was also <clueKT>detected</clueKT> <clueLoc>in</clueLoc> both <clueLoc>stimulated (T cell mitogens</clueLoc> or alloantigens) <clueLoc>murine splenocytes</clueLoc> and in the stimulated murine T cell line EL-4 <linkCause>in the presence of</linkCause> ciprofloxacin (5-80 micrograms/ml) as compared to control cells without antibiotics.</clue>
</event>
<event id="E210">
<type class="Positive_regulation"/>
<theme idref="E8"/>
<cause idref="T20"/>
<clue>In this investigation an <clueType>enhanced and prolonged</clueType> IL-2 and IL-2 mRNA response was also <clueKT>detected</clueKT> <clueLoc>in</clueLoc> both <clueLoc>stimulated</clueLoc> (T cell mitogens or <clueLoc>alloantigens</clueLoc>) <clueLoc>murine splenocytes</clueLoc> and in the stimulated murine T cell line EL-4 <linkCause>in the presence of</linkCause> ciprofloxacin (5-80 micrograms/ml) as compared to control cells without antibiotics.</clue>
</event>
<event id="E110">
<type class="Positive_regulation"/>
<theme idref="E8"/>
<cause idref="T20"/>
<clue>In this investigation an <clueType>enhanced and prolonged</clueType> IL-2 and IL-2 mRNA response was also <clueKT>detected</clueKT> in both stimulated (T cell mitogens or alloantigens) murine splenocytes and <clueLoc>in the stimulated murine T cell line EL-4</clueLoc> <linkCause>in the presence of</linkCause> ciprofloxacin (5-80 micrograms/ml) as compared to control cells without antibiotics.</clue>
</event>
<event id="E11">
<type class="Physiological_process"/>
<theme idref="T18"/>
<cause idref="T16"/>
<clue>In this investigation an enhanced and prolonged IL-2 and IL-2 mRNA response was also detected in both <clueType>stimulated</clueType> (T cell mitogens or alloantigens) murine splenocytes and in the stimulated murine T cell line EL-4 in the presence of ciprofloxacin (5-80 micrograms/ml) as compared to control cells without antibiotics.</clue>
</event>
<event id="E12">
<type class="Physiological_process"/>
<theme idref="T19"/>
<cause idref="T16"/>
<clue>In this investigation an enhanced and prolonged IL-2 and IL-2 mRNA response was also detected in both <clueType>stimulated</clueType> (T cell mitogens or alloantigens) murine splenocytes and in the stimulated murine T cell line EL-4 in the presence of ciprofloxacin (5-80 micrograms/ml) as compared to control cells without antibiotics.</clue>
</event>
<event id="E13">
<type class="Physiological_process"/>
<theme idref="T18"/>
<cause idref="T17"/>
<clue>In this investigation an enhanced and prolonged IL-2 and IL-2 mRNA response was also detected in both <clueType>stimulated</clueType> (T cell mitogens or alloantigens) murine splenocytes and in the stimulated murine T cell line EL-4 in the presence of ciprofloxacin (5-80 micrograms/ml) as compared to control cells without antibiotics.</clue>
</event>
<event id="E14">
<type class="Physiological_process"/>
<theme idref="T19"/>
<cause idref="T17"/>
<clue>In this investigation an enhanced and prolonged IL-2 and IL-2 mRNA response was also detected in both <clueType>stimulated</clueType> (T cell mitogens or alloantigens) murine splenocytes and in the stimulated murine T cell line EL-4 in the presence of ciprofloxacin (5-80 micrograms/ml) as compared to control cells without antibiotics.</clue>
</event>
<sentence id="S4">However, in contrast to <term id="T22" lex="human_lymphocyte" sem="Cell_natural">human lymphocytes</term>, <term id="T23" lex="IFN-gamma_production" sem="Other"><term id="T24" lex="IFN-gamma" sem="Protein_molecule">IFN-gamma</term> production</term> was inhibited and <term id="T26" lex="IFN-gamma_mRNA" sem="RNA_molecule"><term id="T27" lex="IFN-gamma" sem="Protein_molecule">IFN-gamma</term> mRNA</term> levels were unaffected at 24 h and only slightly upregulated at 48 and 72 h of culture in <term id="T28" lex="murine_splenocyte" sem="Cell_natural">murine splenocytes</term> incubated with <term id="T29" lex="cipro" sem="Organic_compound_other">cipro</term> (20 micrograms/ml).</sentence>
<event KT="Other" id="E15">
<type class="Gene_expression"/>
<theme idref="T24"/>
<clue>However, in contrast to human lymphocytes, IFN-gamma <clueType>production</clueType> was inhibited and IFN-gamma mRNA levels were unaffected at 24 h and only slightly upregulated at 48 and 72 h of culture in murine splenocytes incubated with cipro (20 micrograms/ml).</clue>
</event>
<event id="E16">
<type class="Negative_regulation"/>
<theme idref="E15"/>
<cause idref="T29"/>
<clue>However, in contrast to human lymphocytes, IFN-gamma production was <clueType>inhibited</clueType> and IFN-gamma mRNA levels were unaffected at 24 h and only slightly upregulated at 48 and 72 h of culture <clueLoc>in murine splenocytes</clueLoc> <linkCause>incubated with</linkCause> cipro (20 micrograms/ml).</clue>
<comment>NO COREFCAUSE</comment></event>
<event Polarity="Negative" assertion="non-exist" id="E17">
<type class="Regulation"/>
<theme idref="T26"/>
<cause idref="T29"/>
<clue>However, in contrast to human lymphocytes, IFN-gamma production was inhibited and IFN-gamma mRNA levels were <clueType><cluePolarity>unaffected</cluePolarity></clueType> <clueTime>at 24 h</clueTime> and only slightly upregulated at 48 and 72 h of culture <clueLoc>in murine splenocytes</clueLoc> <linkCause>incubated with</linkCause> cipro (20 micrograms/ml).</clue>
</event>
<event Manner="Low" id="E18">
<type class="Positive_regulation"/>
<theme idref="T26"/>
<cause idref="T29"/>
<clue>However, in contrast to human lymphocytes, IFN-gamma production was inhibited and IFN-gamma mRNA levels were unaffected at 24 h and only <clueManner>slightly</clueManner> <clueType>upregulated</clueType> <clueTime>at 48 and 72 h of culture</clueTime> <clueLoc>in murine splenocytes</clueLoc> <linkCause>incubated with</linkCause> cipro (20 micrograms/ml).</clue>
</event>
<sentence id="S5"><term id="T30" lex="EL-4_cell" sem="Cell_natural">EL-4 cells</term> were transfected with a plasmid containing the <term id="T31" lex="IL-2_promoter" sem="DNA_domain_or_region">IL-2 promoter</term> and <term id="T32" lex="enhancer_region" sem="DNA_domain_or_region">enhancer region</term> linked to the <term id="T33" lex="chloramphenicol_acetyltransferase_(CAT)_reporter_gene" sem="DNA_domain_or_region"><term id="T34" lex="chloramphenicol_acetyltransferase" sem="Protein_molecule">chloramphenicol acetyltransferase</term> (<term id="T35" lex="CAT" sem="Protein_molecule">CAT</term>) reporter gene</term>.</sentence>
<sentence id="S6">Analysis of <term id="T36" lex="CAT_activity" sem="Other"><term id="T37" lex="CAT" sem="Protein_molecule">CAT</term> activity</term> revealed that <term id="T38" lex="cipro" sem="Organic_compound_other">cipro</term> enhanced <term id="A1" sem="DNA_domain_or_region">IL-2 gene</term> induction.</sentence>
<event KT="Other" id="E19">
<type class="Gene_expression"/>
<theme idref="A1"/>
<clue>Analysis of CAT activity revealed that cipro enhanced IL-2 gene <clueType>induction</clueType>.</clue>
</event>
<event KT="Analysis" id="E20">
<type class="Positive_regulation"/>
<theme idref="E19"/>
<cause idref="T38"/>
<clue><clueExperiment>Analysis of CAT activity</clueExperiment> <clueKT>revealed</clueKT> that cipro <clueType>enhanced</clueType> IL-2 gene induction.</clue>
</event>
<sentence id="S7">In addition, <term id="T39" lex="EL-4_cell" sem="Cell_natural">EL-4 cells</term> incubated with <term id="T40" lex="ciprofloxacin" sem="Organic_compound_other">ciprofloxacin</term> showed an early peak and more activated <term id="A2" sem="Protein_molecule">nuclear factor of <term id="T41" lex="activated_T_cell" sem="Cell_natural">activated T cells</term></term> (<term id="T42" lex="NFAT-1" sem="Protein_molecule">NFAT-1</term>) as compared to control cells without <term id="T43" lex="antibiotic" sem="Organic_compound_other">antibiotics</term>.</sentence>
<event KT="Analysis" id="E21">
<type class="Positive_regulation"/>
<theme idref="T42"/>
<cause idref="T40"/>
<clue>In addition, <clueLoc>EL-4 cells</clueLoc> <linkCause>incubated with</linkCause> ciprofloxacin <clueType><clueKT>showed</clueKT> an early peak and more activated</clueType> nuclear factor of activated T cells (NFAT-1) as compared to control cells without antibiotics.</clue>
</event>
<sentence id="S8"><term id="A3" sem="Organic_compound_other">Cipro</term> did not affect the <term id="T44" lex="nuclear_transcription_factor" sem="Protein_family_or_group">nuclear transcription factors</term> <term id="T45" lex="AP-1" sem="Protein_molecule">AP-1</term> or <term id="T46" lex="NFIL-2A" sem="Protein_molecule">NFIL-2A</term>.</sentence>
<event Polarity="Negative" assertion="non-exist" id="E22">
<type class="Regulation"/>
<theme idref="T45"/>
<cause idref="A3"/>
<clue>Cipro did <cluePolarity>not</cluePolarity> <clueType>affect</clueType> the nuclear transcription factors AP-1 or NFIL-2A.</clue>
</event>
<event Polarity="Negative" assertion="non-exist" id="E23">
<type class="Regulation"/>
<theme idref="T46"/>
<cause idref="A3"/>
<clue>Cipro did <cluePolarity>not</cluePolarity> <clueType>affect</clueType> the nuclear transcription factors AP-1 or NFIL-2A.</clue>
</event>
<sentence id="S9">Taken together, <term id="T47" lex="cipro" sem="Organic_compound_other">cipro</term> inhibited <term id="T48" lex="IFN-gamma_synthesis" sem="Other"><term id="T49" lex="IFN-gamma" sem="Protein_molecule">IFN-gamma</term> synthesis</term>, but enhanced <term id="A4" lex="IL-2_production" sem="Other"><term id="T50" lex="IL-2" sem="Protein_molecule">IL-2</term> production</term> in <term id="T51" lex="murine_lymphocyte" sem="Cell_natural">murine lymphocytes</term> by means of influencing <term id="T52" lex="NFAT-1" sem="Protein_molecule">NFAT-1</term> and causing an increased <term id="T53" lex="IL-2_transcription" sem="Other"><term id="T54" lex="IL-2" sem="Protein_molecule">IL-2</term> transcription</term>.</sentence>
<event KT="Other" id="E24">
<type class="Gene_expression"/>
<theme idref="T49"/>
<clue>Taken together, cipro inhibited IFN-gamma <clueType>synthesis</clueType>, but enhanced IL-2 production <clueLoc>in murine lymphocytes</clueLoc> by means of influencing NFAT-1 and causing an increased IL-2 transcription.</clue>
</event>
<event id="E25">
<type class="Gene_expression"/>
<theme idref="T50"/>
<clue>Taken together, cipro inhibited IFN-gamma synthesis, but enhanced IL-2 <clueType>production</clueType> <clueLoc>in murine lymphocytes</clueLoc> by means of influencing NFAT-1 and causing an increased IL-2 transcription.</clue>
</event>
<event id="E26">
<type class="Regulation"/>
<theme idref="T52"/>
<cause idref="T47"/>
<clue>Taken together, cipro inhibited IFN-gamma synthesis, but enhanced IL-2 production in murine lymphocytes by means of <clueType>influencing</clueType> NFAT-1 and causing an increased IL-2 transcription.</clue>
</event>
<event id="E27">
<type class="Transcription"/>
<theme idref="T54"/>
<clue>Taken together, cipro inhibited IFN-gamma synthesis, but enhanced IL-2 production in murine lymphocytes by means of influencing NFAT-1 and causing an increased IL-2 <clueType>transcription</clueType>.</clue>
</event>
<event id="E28">
<type class="Positive_regulation"/>
<theme idref="E27"/>
<cause idref="T54"/>
<clue>Taken together, cipro inhibited IFN-gamma synthesis, but enhanced IL-2 production in murine lymphocytes by means of influencing NFAT-1 and <clueType>causing an increased</clueType> IL-2 transcription.</clue>
</event>
<event id="E29">
<type class="Positive_regulation"/>
<theme idref="E25"/>
<cause idref="E26"/>
<clue>Taken together, cipro inhibited IFN-gamma synthesis, but <clueType>enhanced</clueType> IL-2 production in murine lymphocytes <linkCause>by means of</linkCause> influencing NFAT-1 and causing an increased IL-2 transcription.</clue>
</event>
<event id="E129">
<type class="Positive_regulation"/>
<theme idref="E25"/>
<cause idref="E28"/>
<clue>Taken together, cipro inhibited IFN-gamma synthesis, but <clueType>enhanced</clueType> IL-2 production in murine lymphocytes <linkCause>by means of</linkCause> influencing NFAT-1 and causing an increased IL-2 transcription.</clue>
</event>
<event id="E30">
<type class="Negative_regulation"/>
<theme idref="E24"/>
<cause idref="T47"/>
<clue>Taken together, cipro <clueType>inhibited</clueType> IFN-gamma synthesis, but enhanced IL-2 production in murine lymphocytes by means of influencing NFAT-1 and causing an increased IL-2 transcription.</clue>
</event>
</AbstractText>
</Abstract></Article></MedlineCitation></PubmedArticle></PubmedArticleSet></Annotation>
