<?xml version='1.0'?><!DOCTYPE Annotation PUBLIC "//GENIA//DTD GENIA ANNOTATION EVENT 2.0//EN_Modified" "../ModifiedGENIAtypes/Modified_GENIA_event_20.dtd"><Annotation annotates="http://www.ncbi.nlm.nih.gov/entrez/eutils/efetch.fcgi?db=pubmed&amp;retmode=xml&amp;rettype=medline&amp;id=8038234" created="17/10/2006" creator="Junko Matsuura"><PubmedArticleSet><PubmedArticle><MedlineCitation>
<PMID>8038234</PMID>
<Article>
<ArticleTitle>
<sentence id="S1"><term id="T1" lex="IL-4" sem="Protein_molecule">IL-4</term> down-regulates <term id="T2" lex="IL-2" sem="Protein_molecule">IL-2</term>-, <term id="T3" lex="IL-3" sem="Protein_molecule">IL-3</term>-, and <term id="T4" lex="GM-CSF" sem="Protein_molecule">GM-CSF</term>-induced <term id="A1" sem="DNA_domain_or_region">cytokine gene</term> expression in <term id="T5" lex="peripheral_blood" sem="Tissue_natural">peripheral blood</term> monocytes.</sentence>
<event id="E1">
<type class="Gene_expression"/>
<theme idref="A1"/>
<clue>IL-4 down-regulates IL-2-, IL-3-, and GM-CSF-induced cytokine gene <clueType>expression</clueType> in peripheral blood monocytes.</clue>
</event>
<event id="E2">
<type class="Positive_regulation"/>
<theme idref="E1"/>
<cause idref="T2"/>
<clue>IL-4 down-regulates IL-2-, IL-3-, and GM-CSF-<clueType>induced</clueType> cytokine gene expression <clueLoc>in peripheral blood monocytes.</clueLoc></clue>
</event>
<event id="E3">
<type class="Positive_regulation"/>
<theme idref="E1"/>
<cause idref="T3"/>
<clue>IL-4 down-regulates IL-2-, IL-3-, and GM-CSF-<clueType>induced</clueType> cytokine gene expression <clueLoc>in peripheral blood monocytes.</clueLoc></clue>
</event>
<event id="E4">
<type class="Positive_regulation"/>
<theme idref="E1"/>
<cause idref="T4"/>
<clue>IL-4 down-regulates IL-2-, IL-3-, and GM-CSF-<clueType>induced</clueType> cytokine gene expression <clueLoc>in peripheral blood monocytes.</clueLoc></clue>
</event>
<event id="E5">
<type class="Negative_regulation"/>
<theme idref="E2"/>
<cause idref="T1"/>
<clue>IL-4 <clueType>down-regulates</clueType> IL-2-, IL-3-, and GM-CSF-induced cytokine gene expression in peripheral blood monocytes.</clue>
</event>
<event id="E6">
<type class="Negative_regulation"/>
<theme idref="E3"/>
<cause idref="T1"/>
<clue>IL-4 <clueType>down-regulates</clueType> IL-2-, IL-3-, and GM-CSF-induced cytokine gene expression in peripheral blood monocytes.</clue>
</event>
<event id="E7">
<type class="Negative_regulation"/>
<theme idref="E4"/>
<cause idref="T1"/>
<clue>IL-4 <clueType>down-regulates</clueType> IL-2-, IL-3-, and GM-CSF-induced cytokine gene expression in peripheral blood monocytes.</clue>
</event>
</ArticleTitle>
<Abstract>
<AbstractText>
<sentence id="S2"><term id="T6" lex="IL-4" sem="Protein_molecule">IL-4</term>, a product of the <cons id="T7" lex="(AND T-helper_0_(Th0)_subset T-helper_2_(Th2)_subset)" sem="(AND Cell_natural Cell_natural)"><frag id="F1">T-helper</frag> <frag id="F2">0 (<term id="T8" lex="Th0" sem="Cell_natural">Th0</term>)</frag> and <frag id="F3">2 (<term id="T9" lex="Th2" sem="Cell_natural">Th2</term>)</frag> <frag id="F4">subset</frag></cons>, was originally described as a <term id="T10" lex="B-cell_stimulatory_factor" sem="Protein_family_or_group">B-cell stimulatory factor</term> and has subsequently been found to suppress <cons id="T11" lex="(AND IL-1_alpha_gene_expression IL-1_beta_gene_expression IL-6_gene_expression IL-8_gene_expression TNF-alpha_gene_expression)" sem="(AND Other Other Other Other Other)"><frag id="F5"><term id="A2" sem="Protein_molecule">IL-1 alpha</term></frag>, <frag id="F6"><term id="A3" sem="Protein_molecule">IL-1 beta</term></frag>, <frag id="F7"><term id="A4" sem="Protein_molecule">IL-6</term></frag>, <frag id="F8"><term id="A5" sem="Protein_molecule">IL-8</term></frag>, and <frag id="F9"><term id="A6" sem="Protein_molecule">TNF-alpha</term></frag> <frag id="F10">gene expression</frag></cons> in <term id="T12" lex="monocyte" sem="Cell_natural">monocytes</term> stimulated with <term id="T13" lex="LPS" sem="Lipid">LPS</term>, and to upregulate <term id="T14" lex="IL-1_receptor_antagonist_(IL1-RA)_gene_expression" sem="Other"><term id="T15" lex="IL-1_receptor_antagonist_(IL1-RA)_gene" sem="DNA_domain_or_region">IL-1 receptor antagonist (IL1-RA) gene</term> expression</term>.</sentence>
<event KT="Fact" id="E300">
<type class="Gene_expression"/>
<theme idref="T6"/>
<clue>IL-4, a <clueType>product</clueType> <clueLoc>of the T-helper 0 (Th0)</clueLoc> and 2 (Th2) <clueLoc>subset</clueLoc>, was originally described as a B-cell stimulatory factor and has subsequently been found to suppress IL-1 alpha, IL-1 beta, IL-6, IL-8, and TNF-alpha gene expression in monocytes stimulated with LPS, and to upregulate IL-1 receptor antagonist (IL1-RA) gene expression.</clue>
</event>
<event KT="Fact" id="E301">
<type class="Gene_expression"/>
<theme idref="T6"/>
<clue>IL-4, a <clueType>product</clueType> <clueLoc>of the T-helper</clueLoc> 0 (Th0) and <clueLoc>2 (Th2) subset</clueLoc>, was originally described as a B-cell stimulatory factor and has subsequently been found to suppress IL-1 alpha, IL-1 beta, IL-6, IL-8, and TNF-alpha gene expression in monocytes stimulated with LPS, and to upregulate IL-1 receptor antagonist (IL1-RA) gene expression.</clue>
</event>
<event KT="Other" id="E9">
<type class="Gene_expression"/>
<theme idref="A2"/>
<clue>IL-4, a product of the T-helper 0 (Th0) and 2 (Th2) subset, was originally described as a B-cell stimulatory factor and has subsequently been found to suppress IL-1 alpha, IL-1 beta, IL-6, IL-8, and TNF-alpha gene <clueType>expression</clueType> in monocytes stimulated with LPS, and to upregulate IL-1 receptor antagonist (IL1-RA) gene expression.</clue>
</event>
<event KT="Other" id="E10">
<type class="Gene_expression"/>
<theme idref="A3"/>
<clue>IL-4, a product of the T-helper 0 (Th0) and 2 (Th2) subset, was originally described as a B-cell stimulatory factor and has subsequently been found to suppress IL-1 alpha, IL-1 beta, IL-6, IL-8, and TNF-alpha gene <clueType>expression</clueType> in monocytes stimulated with LPS, and to upregulate IL-1 receptor antagonist (IL1-RA) gene expression.</clue>
</event>
<event KT="Other" id="E11">
<type class="Gene_expression"/>
<theme idref="A4"/>
<clue>IL-4, a product of the T-helper 0 (Th0) and 2 (Th2) subset, was originally described as a B-cell stimulatory factor and has subsequently been found to suppress IL-1 alpha, IL-1 beta, IL-6, IL-8, and TNF-alpha gene <clueType>expression</clueType> in monocytes stimulated with LPS, and to upregulate IL-1 receptor antagonist (IL1-RA) gene expression.</clue>
</event>
<event KT="Other" id="E12">
<type class="Gene_expression"/>
<theme idref="A5"/>
<clue>IL-4, a product of the T-helper 0 (Th0) and 2 (Th2) subset, was originally described as a B-cell stimulatory factor and has subsequently been found to suppress IL-1 alpha, IL-1 beta, IL-6, IL-8, and TNF-alpha gene <clueType>expression</clueType> in monocytes stimulated with LPS, and to upregulate IL-1 receptor antagonist (IL1-RA) gene expression.</clue>
</event>
<event KT="Other" id="E13">
<type class="Gene_expression"/>
<theme idref="A6"/>
<clue>IL-4, a product of the T-helper 0 (Th0) and 2 (Th2) subset, was originally described as a B-cell stimulatory factor and has subsequently been found to suppress IL-1 alpha, IL-1 beta, IL-6, IL-8, and TNF-alpha gene <clueType>expression</clueType> in monocytes stimulated with LPS, and to upregulate IL-1 receptor antagonist (IL1-RA) gene expression.</clue>
</event>
<event KT="Other" id="E14">
<type class="Positive_regulation"/>
<theme idref="E9"/>
<cause idref="T13"/>
<clue>IL-4, a product of the T-helper 0 (Th0) and 2 (Th2) subset, was originally described as a B-cell stimulatory factor and has subsequently been found to suppress IL-1 alpha, IL-1 beta, IL-6, IL-8, and TNF-alpha gene expression <clueLoc>in monocytes</clueLoc> <clueType>stimulated</clueType> <linkCause>with</linkCause> LPS, and to upregulate IL-1 receptor antagonist (IL1-RA) gene expression.</clue>
</event>
<event KT="Other" id="E15">
<type class="Positive_regulation"/>
<theme idref="E10"/>
<cause idref="T13"/>
<clue>IL-4, a product of the T-helper 0 (Th0) and 2 (Th2) subset, was originally described as a B-cell stimulatory factor and has subsequently been found to suppress IL-1 alpha, IL-1 beta, IL-6, IL-8, and TNF-alpha gene expression <clueLoc>in monocytes</clueLoc> <clueType>stimulated</clueType> <linkCause>with</linkCause> LPS, and to upregulate IL-1 receptor antagonist (IL1-RA) gene expression.</clue>
</event>
<event KT="Other" id="E16">
<type class="Positive_regulation"/>
<theme idref="E11"/>
<cause idref="T13"/>
<clue>IL-4, a product of the T-helper 0 (Th0) and 2 (Th2) subset, was originally described as a B-cell stimulatory factor and has subsequently been found to suppress IL-1 alpha, IL-1 beta, IL-6, IL-8, and TNF-alpha gene expression <clueLoc>in monocytes</clueLoc> <clueType>stimulated</clueType> <linkCause>with</linkCause> LPS, and to upregulate IL-1 receptor antagonist (IL1-RA) gene expression.</clue>
</event>
<event KT="Other" id="E17">
<type class="Positive_regulation"/>
<theme idref="E12"/>
<cause idref="T13"/>
<clue>IL-4, a product of the T-helper 0 (Th0) and 2 (Th2) subset, was originally described as a B-cell stimulatory factor and has subsequently been found to suppress IL-1 alpha, IL-1 beta, IL-6, IL-8, and TNF-alpha gene expression <clueLoc>in monocytes</clueLoc> <clueType>stimulated</clueType> <linkCause>with</linkCause> LPS, and to upregulate IL-1 receptor antagonist (IL1-RA) gene expression.</clue>
</event>
<event KT="Other" id="E18">
<type class="Positive_regulation"/>
<theme idref="E13"/>
<cause idref="T13"/>
<clue>IL-4, a product of the T-helper 0 (Th0) and 2 (Th2) subset, was originally described as a B-cell stimulatory factor and has subsequently been found to suppress IL-1 alpha, IL-1 beta, IL-6, IL-8, and TNF-alpha gene expression <clueLoc>in monocytes</clueLoc> <clueType>stimulated</clueType> <linkCause>with</linkCause> LPS, and to upregulate IL-1 receptor antagonist (IL1-RA) gene expression.</clue>
</event>
<event KT="Fact" id="E19">
<type class="Negative_regulation"/>
<theme idref="E14"/>
<cause idref="T6"/>
<clue>IL-4, a product of the T-helper 0 (Th0) and 2 (Th2) subset, was originally described as a B-cell stimulatory factor and has subsequently been found to <clueType>suppress</clueType> IL-1 alpha, IL-1 beta, IL-6, IL-8, and TNF-alpha gene expression in monocytes stimulated with LPS, and to upregulate IL-1 receptor antagonist (IL1-RA) gene expression.</clue>
</event>
<event KT="Fact" id="E20">
<type class="Negative_regulation"/>
<theme idref="E15"/>
<cause idref="T6"/>
<clue>IL-4, a product of the T-helper 0 (Th0) and 2 (Th2) subset, was originally described as a B-cell stimulatory factor and has subsequently been found to <clueType>suppress</clueType> IL-1 alpha, IL-1 beta, IL-6, IL-8, and TNF-alpha gene expression in monocytes stimulated with LPS, and to upregulate IL-1 receptor antagonist (IL1-RA) gene expression.</clue>
</event>
<event KT="Fact" id="E21">
<type class="Negative_regulation"/>
<theme idref="E16"/>
<cause idref="T6"/>
<clue>IL-4, a product of the T-helper 0 (Th0) and 2 (Th2) subset, was originally described as a B-cell stimulatory factor and has subsequently been found to <clueType>suppress</clueType> IL-1 alpha, IL-1 beta, IL-6, IL-8, and TNF-alpha gene expression in monocytes stimulated with LPS, and to upregulate IL-1 receptor antagonist (IL1-RA) gene expression.</clue>
</event>
<event KT="Fact" id="E22">
<type class="Negative_regulation"/>
<theme idref="E17"/>
<cause idref="T6"/>
<clue>IL-4, a product of the T-helper 0 (Th0) and 2 (Th2) subset, was originally described as a B-cell stimulatory factor and has subsequently been found to <clueType>suppress</clueType> IL-1 alpha, IL-1 beta, IL-6, IL-8, and TNF-alpha gene expression in monocytes stimulated with LPS, and to upregulate IL-1 receptor antagonist (IL1-RA) gene expression.</clue>
</event>
<event KT="Fact" id="E23">
<type class="Negative_regulation"/>
<theme idref="E18"/>
<cause idref="T6"/>
<clue>IL-4, a product of the T-helper 0 (Th0) and 2 (Th2) subset, was originally described as a B-cell stimulatory factor and has subsequently been found to <clueType>suppress</clueType> IL-1 alpha, IL-1 beta, IL-6, IL-8, and TNF-alpha gene expression in monocytes stimulated with LPS, and to upregulate IL-1 receptor antagonist (IL1-RA) gene expression.</clue>
</event>
<event KT="Other" id="E24">
<type class="Gene_expression"/>
<theme idref="T15"/>
<clue>IL-4, a product of the T-helper 0 (Th0) and 2 (Th2) subset, was originally described as a B-cell stimulatory factor and has subsequently been found to suppress IL-1 alpha, IL-1 beta, IL-6, IL-8, and TNF-alpha gene expression in monocytes stimulated with LPS, and to upregulate IL-1 receptor antagonist (IL1-RA) gene <clueType>expression</clueType>.</clue>
</event>
<event KT="Fact" id="E25">
<type class="Positive_regulation"/>
<theme idref="E24"/>
<cause idref="T6"/>
<clue>IL-4, a product of the T-helper 0 (Th0) and 2 (Th2) subset, was originally described as a B-cell stimulatory factor and has subsequently been found to suppress IL-1 alpha, IL-1 beta, IL-6, IL-8, and TNF-alpha gene expression in monocytes stimulated with LPS, and to <clueType>upregulate</clueType> IL-1 receptor antagonist (IL1-RA) gene expression.</clue>
</event>
<sentence id="S3">In this study we investigated the effect of <term id="T16" lex="IL-4" sem="Protein_molecule">IL-4</term> on the expression of <term id="T17" lex="cytokine_gene" sem="DNA_family_or_group">cytokine genes</term> in <term id="T18" lex="monocyte" sem="Cell_natural">monocytes</term> evoked by other <term id="T19" lex="T-helper_cell_cytokine" sem="Protein_family_or_group">T-helper cell cytokines</term>: <term id="T20" lex="IL-2" sem="Protein_molecule">IL-2</term>, <term id="T21" lex="IL-3" sem="Protein_molecule">IL-3</term>, and <term id="T22" lex="GM-CSF" sem="Protein_molecule">GM-CSF</term>.</sentence>
<event KT="Other" id="E26">
<type class="Gene_expression"/>
<theme idref="T17"/>
<clue>In this study we investigated the effect of IL-4 on the <clueType>expression</clueType> <linkTheme>of</linkTheme> cytokine genes <clueLoc>in monocytes</clueLoc> evoked by other T-helper cell cytokines: IL-2, IL-3, and GM-CSF.</clue>
</event>
<event KT="Other" id="E27">
<type class="Positive_regulation"/>
<theme idref="E26"/>
<cause idref="T20"/>
<clue>In this study we investigated the effect of IL-4 on the expression of cytokine genes in monocytes <clueType>evoked</clueType> <linkCause>by</linkCause> other T-helper cell cytokines: IL-2, IL-3, and GM-CSF.</clue>
</event>
<event KT="Other" id="E28">
<type class="Positive_regulation"/>
<theme idref="E26"/>
<cause idref="T21"/>
<clue>In this study we investigated the effect of IL-4 on the expression of cytokine genes in monocytes <clueType>evoked</clueType> <linkCause>by</linkCause> other T-helper cell cytokines: IL-2, IL-3, and GM-CSF.</clue>
</event>
<event KT="Other" id="E29">
<type class="Positive_regulation"/>
<theme idref="E26"/>
<cause idref="T22"/>
<clue>In this study we investigated the effect of IL-4 on the expression of cytokine genes in monocytes <clueType>evoked</clueType> <linkCause>by</linkCause> other T-helper cell cytokines: IL-2, IL-3, and GM-CSF.</clue>
</event>
<event KT="Investigation" id="E30">
<type class="Regulation"/>
<theme idref="E27"/>
<cause idref="T16"/>
<clue>In this study we <clueKT>investigated</clueKT> the <clueType>effect</clueType> <linkCause>of</linkCause> IL-4 <linkTheme>on</linkTheme> the expression of cytokine genes in monocytes evoked by other T-helper cell cytokines: IL-2, IL-3, and GM-CSF.</clue>
</event>
<event KT="Investigation" id="E31">
<type class="Regulation"/>
<theme idref="E28"/>
<cause idref="T16"/>
<clue>In this study we <clueKT>investigated</clueKT> the <clueType>effect</clueType> <linkCause>of</linkCause> IL-4 <linkTheme>on</linkTheme> the expression of cytokine genes in monocytes evoked by other T-helper cell cytokines: IL-2, IL-3, and GM-CSF.</clue>
</event>
<event KT="Investigation" id="E32">
<type class="Regulation"/>
<theme idref="E29"/>
<cause idref="T16"/>
<clue>In this study we <clueKT>investigated</clueKT> the <clueType>effect</clueType> <linkCause>of</linkCause> IL-4 <linkTheme>on</linkTheme> the expression of cytokine genes in monocytes evoked by other T-helper cell cytokines: IL-2, IL-3, and GM-CSF.</clue>
</event>
<sentence id="S4"><term id="T23" lex="IL-4_down-regulated_mRNA_accumulation" sem="Other"><term id="T24" lex="IL-4" sem="Protein_molecule">IL-4</term> down-regulated mRNA accumulation</term> of the <term id="T25" lex="proinflammatory_cytokine" sem="RNA_molecule">proinflammatory cytokines</term> <term id="T26" lex="IL-1_beta" sem="Protein_molecule">IL-1 beta</term>, <term id="T27" lex="IL-8" sem="Protein_molecule">IL-8</term>, and <term id="T28" lex="TNF-alpha" sem="Protein_molecule">TNF-alpha</term> in <term id="T29" lex="monocyte" sem="Cell_natural">monocytes</term> stimulated with <term id="T30" lex="IL-2" sem="Protein_molecule">IL-2</term>, <term id="T31" lex="IL-3" sem="Protein_molecule">IL-3</term>, and <term id="T32" lex="GM-CSF" sem="Protein_molecule">GM-CSF</term>.</sentence>
<event id="E33">
<type class="Positive_regulation"/>
<theme idref="T25"/>
<clue>IL-4 down-regulated <clueType>mRNA accumulation</clueType> <linkTheme>of</linkTheme> the proinflammatory cytokines IL-1 beta, IL-8, and TNF-alpha in monocytes stimulated with IL-2, IL-3, and GM-CSF.</clue>
<comment>NER: T25 MOD</comment></event>
<event id="E34">
<type class="Positive_regulation"/>
<theme idref="T26"/>
<clue>IL-4 down-regulated <clueType>mRNA accumulation</clueType> <linkTheme>of</linkTheme> the proinflammatory cytokines IL-1 beta, IL-8, and TNF-alpha in monocytes stimulated with IL-2, IL-3, and GM-CSF.</clue>
<comment>NER: T26 MOD</comment></event>
<event id="E35">
<type class="Positive_regulation"/>
<theme idref="T27"/>
<clue>IL-4 down-regulated <clueType>mRNA accumulation</clueType> <linkTheme>of</linkTheme> the proinflammatory cytokines IL-1 beta, IL-8, and TNF-alpha in monocytes stimulated with IL-2, IL-3, and GM-CSF.</clue>
<comment>NER: T27 MOD</comment></event>
<event id="E36">
<type class="Positive_regulation"/>
<theme idref="T28"/>
<clue>IL-4 down-regulated <clueType>mRNA accumulation</clueType> <linkTheme>of</linkTheme> the proinflammatory cytokines IL-1 beta, IL-8, and TNF-alpha in monocytes stimulated with IL-2, IL-3, and GM-CSF.</clue>
<comment>NER: T28 MOD</comment></event>
<event id="E37">
<type class="Physiological_process"/>
<theme idref="T29"/>
<cause idref="T30"/>
<clue>IL-4 down-regulated mRNA accumulation of the proinflammatory cytokines IL-1 beta, IL-8, and TNF-alpha in monocytes <clueType>stimulated</clueType> <linkCause>with</linkCause> IL-2, IL-3, and GM-CSF.</clue>
</event>
<event id="E41">
<type class="Positive_regulation"/>
<theme idref="T29"/>
<cause idref="T31"/>
<clue>IL-4 down-regulated mRNA accumulation of the proinflammatory cytokines IL-1 beta, IL-8, and TNF-alpha in monocytes <clueType>stimulated</clueType> <linkCause>with</linkCause> IL-2, IL-3, and GM-CSF.</clue>
</event>
<event id="E45">
<type class="Positive_regulation"/>
<theme idref="T29"/>
<cause idref="T32"/>
<clue>IL-4 down-regulated mRNA accumulation of the proinflammatory cytokines IL-1 beta, IL-8, and TNF-alpha in monocytes <clueType>stimulated</clueType> <linkCause>with</linkCause> IL-2, IL-3, and GM-CSF.</clue>
</event>
<event id="E310">
<type class="Negative_regulation"/>
<theme idref="E33"/>
<cause idref="T24"/>
<clue>IL-4 <clueType>down-regulated</clueType> mRNA accumulation of the proinflammatory cytokines IL-1 beta, IL-8, and TNF-alpha <clueLoc>in monocytes stimulated with IL-2</clueLoc>, IL-3, and GM-CSF.</clue>
</event>
<event id="E311">
<type class="Negative_regulation"/>
<theme idref="E33"/>
<cause idref="T24"/>
<clue>IL-4 <clueType>down-regulated</clueType> mRNA accumulation of the proinflammatory cytokines IL-1 beta, IL-8, and TNF-alpha <clueLoc>in monocytes stimulated with</clueLoc> IL-2, <clueLoc>IL-3</clueLoc>, and GM-CSF.</clue>
</event>
<event id="E312">
<type class="Negative_regulation"/>
<theme idref="E33"/>
<cause idref="T24"/>
<clue>IL-4 <clueType>down-regulated</clueType> mRNA accumulation of the proinflammatory cytokines IL-1 beta, IL-8, and TNF-alpha <clueLoc>in monocytes stimulated with</clueLoc> IL-2, IL-3, and <clueLoc>GM-CSF</clueLoc>.</clue>
</event>
<event id="E313">
<type class="Negative_regulation"/>
<theme idref="E34"/>
<cause idref="T24"/>
<clue>IL-4 <clueType>down-regulated</clueType> mRNA accumulation of the proinflammatory cytokines IL-1 beta, IL-8, and TNF-alpha <clueLoc>in monocytes stimulated with IL-2</clueLoc>, IL-3, and GM-CSF.</clue>
</event>
<event id="E314">
<type class="Negative_regulation"/>
<theme idref="E34"/>
<cause idref="T24"/>
<clue>IL-4 <clueType>down-regulated</clueType> mRNA accumulation of the proinflammatory cytokines IL-1 beta, IL-8, and TNF-alpha <clueLoc>in monocytes stimulated with</clueLoc> IL-2, <clueLoc>IL-3</clueLoc>, and GM-CSF.</clue>
</event>
<event id="E315">
<type class="Negative_regulation"/>
<theme idref="E34"/>
<cause idref="T24"/>
<clue>IL-4 <clueType>down-regulated</clueType> mRNA accumulation of the proinflammatory cytokines IL-1 beta, IL-8, and TNF-alpha <clueLoc>in monocytes stimulated with</clueLoc> IL-2, IL-3, and <clueLoc>GM-CSF</clueLoc>.</clue>
</event>
<event id="E316">
<type class="Negative_regulation"/>
<theme idref="E35"/>
<cause idref="T24"/>
<clue>IL-4 <clueType>down-regulated</clueType> mRNA accumulation of the proinflammatory cytokines IL-1 beta, IL-8, and TNF-alpha <clueLoc>in monocytes stimulated with IL-2</clueLoc>, IL-3, and GM-CSF.</clue>
</event>
<event id="E317">
<type class="Negative_regulation"/>
<theme idref="E35"/>
<cause idref="T24"/>
<clue>IL-4 <clueType>down-regulated</clueType> mRNA accumulation of the proinflammatory cytokines IL-1 beta, IL-8, and TNF-alpha <clueLoc>in monocytes stimulated with</clueLoc> IL-2, <clueLoc>IL-3</clueLoc>, and GM-CSF.</clue>
</event>
<event id="E318">
<type class="Negative_regulation"/>
<theme idref="E35"/>
<cause idref="T24"/>
<clue>IL-4 <clueType>down-regulated</clueType> mRNA accumulation of the proinflammatory cytokines IL-1 beta, IL-8, and TNF-alpha <clueLoc>in monocytes stimulated with</clueLoc> IL-2, IL-3, and <clueLoc>GM-CSF</clueLoc>.</clue>
</event>
<sentence id="S5"><term id="T33" lex="IL-4" sem="Protein_molecule">IL-4</term> also suppressed the <term id="T34" lex="IL-2-induced_IL-6_mRNA_expression" sem="Other"><term id="T35" lex="IL-2" sem="Protein_molecule">IL-2</term>-induced <term id="A7" sem="RNA_molecule"><term id="T36" lex="IL-6" sem="Protein_molecule">IL-6</term> mRNA</term> expression</term>.</sentence>
<event KT="Other" id="E61">
<type class="Transcription"/>
<theme idref="A7"/>
<clue>IL-4 also suppressed the IL-2-induced IL-6 mRNA <clueType>expression</clueType>.</clue>
</event>
<event KT="Other" id="E62">
<type class="Positive_regulation"/>
<theme idref="E61"/>
<cause idref="T35"/>
<clue>IL-4 also suppressed the IL-2-<clueType>induced</clueType> IL-6 mRNA expression.</clue>
</event>
<event id="E63">
<type class="Negative_regulation"/>
<theme idref="E62"/>
<cause idref="T33"/>
<clue>IL-4 also <clueType>suppressed</clueType> the IL-2-induced IL-6 mRNA expression.</clue>
</event>
<sentence id="S6">Temporal analysis of the <term id="T37" lex="IL-4_down-regulatory_effect" sem="Other"><term id="T38" lex="IL-4" sem="Protein_molecule">IL-4</term> down-regulatory effect</term> on the <cons id="T39" lex="(OR IL-2-induced_proinflammatory_cytokine_gene_expression IL-3-induced_proinflammatory_cytokine_gene_expression GM-CSF-induced_proinflammatory_cytokine_gene_expression)" sem="(OR Other Other Other)"><frag id="F11"><term id="A10" sem="Protein_molecule">IL-2</term>-</frag>, <frag id="F12"><term id="A11" sem="Protein_molecule">IL-3</term>-</frag>, or <frag id="F13"><term id="A12" sem="Protein_molecule">GM-CSF</term>-</frag><frag id="F14">induced <term id="A9" sem="Protein_molecule">proinflammatory cytokine</term> gene expression</frag></cons> in <term id="T40" lex="monocyte" sem="Cell_natural">monocytes</term> provided evidence that <term id="T41" lex="IL-4" sem="Protein_molecule">IL-4</term> acts predominantly on the <term id="T42" lex="post-transcriptional_level" sem="Other">post-transcriptional level</term>.</sentence>
<event KT="Other" id="E64">
<type class="Gene_expression"/>
<theme idref="A9"/>
<clue>Temporal analysis of the IL-4 down-regulatory effect on the IL-2-, IL-3-, or GM-CSF-induced proinflammatory cytokine gene <clueType>expression</clueType> in monocytes provided evidence that IL-4 acts predominantly on the post-transcriptional level.</clue>
</event>
<event KT="Other" id="E65">
<type class="Positive_regulation"/>
<theme idref="E64"/>
<cause idref="A10"/>
<clue>Temporal analysis of the IL-4 down-regulatory effect on the IL-2-, IL-3-, or GM-CSF-<clueType>induced</clueType> proinflammatory cytokine gene expression <clueLoc>in monocytes</clueLoc> provided evidence that IL-4 acts predominantly on the post-transcriptional level.</clue>
</event>
<event KT="Other" id="E66">
<type class="Positive_regulation"/>
<theme idref="E64"/>
<cause idref="A11"/>
<clue>Temporal analysis of the IL-4 down-regulatory effect on the IL-2-, IL-3-, or GM-CSF-<clueType>induced</clueType> proinflammatory cytokine gene expression <clueLoc>in monocytes</clueLoc> provided evidence that IL-4 acts predominantly on the post-transcriptional level.</clue>
</event>
<event KT="Other" id="E67">
<type class="Positive_regulation"/>
<theme idref="E64"/>
<cause idref="A12"/>
<clue>Temporal analysis of the IL-4 down-regulatory effect on the IL-2-, IL-3-, or GM-CSF-<clueType>induced</clueType> proinflammatory cytokine gene expression <clueLoc>in monocytes</clueLoc> provided evidence that IL-4 acts predominantly on the post-transcriptional level.</clue>
</event>
<event KT="Investigation" id="E68" uncertainty="doubtful">
<type class="Negative_regulation"/>
<theme idref="E65"/>
<cause idref="T38"/>
<clue>Temporal <clueKT>analysis</clueKT> of the IL-4 <clueType>down-regulatory effect</clueType> <linkTheme>on</linkTheme> the IL-2-, IL-3-, or GM-CSF-induced proinflammatory cytokine gene expression in monocytes provided evidence that IL-4 acts predominantly on the post-transcriptional level.</clue>
</event>
<event KT="Investigation" id="E69" uncertainty="doubtful">
<type class="Negative_regulation"/>
<theme idref="E66"/>
<cause idref="T38"/>
<clue>Temporal <clueKT>analysis</clueKT> of the IL-4 <clueType>down-regulatory effect</clueType> <linkTheme>on</linkTheme> the IL-2-, IL-3-, or GM-CSF-induced proinflammatory cytokine gene expression in monocytes provided evidence that IL-4 acts predominantly on the post-transcriptional level.</clue>
</event>
<event KT="Investigation" id="E70" uncertainty="doubtful">
<type class="Negative_regulation"/>
<theme idref="E67"/>
<cause idref="T38"/>
<clue>Temporal <clueKT>analysis</clueKT> of the IL-4 <clueType>down-regulatory effect</clueType> <linkTheme>on</linkTheme> the IL-2-, IL-3-, or GM-CSF-induced proinflammatory cytokine gene expression in monocytes provided evidence that IL-4 acts predominantly on the post-transcriptional level.</clue>
</event>
<event CL="L2" KT="Analysis" id="E101">
<type class="Negative_regulation"/>
<theme idref="E65"/>
<cause idref="T41"/>
<clue>Temporal analysis of the IL-4 <clueType>down-regulatory effect</clueType> <linkTheme>on</linkTheme> the IL-2-, IL-3-, or GM-CSF-induced proinflammatory cytokine gene expression in monocytes provided <clueKT><clueCL>evidence</clueCL></clueKT> that IL-4 acts predominantly on the post-transcriptional level.</clue>
</event>
<event CL="L2" KT="Analysis" id="E102">
<type class="Negative_regulation"/>
<theme idref="E66"/>
<cause idref="T41"/>
<clue>Temporal analysis of the IL-4 <clueType>down-regulatory effect</clueType> <linkTheme>on</linkTheme> the IL-2-, IL-3-, or GM-CSF-induced proinflammatory cytokine gene expression in monocytes provided <clueKT><clueCL>evidence</clueCL></clueKT> that IL-4 acts predominantly on the post-transcriptional level.</clue>
</event>
<event CL="L2" KT="Analysis" id="E103">
<type class="Negative_regulation"/>
<theme idref="E67"/>
<cause idref="T41"/>
<clue>Temporal analysis of the IL-4 <clueType>down-regulatory effect</clueType> <linkTheme>on</linkTheme> the IL-2-, IL-3-, or GM-CSF-induced proinflammatory cytokine gene expression in monocytes provided <clueKT><clueCL>evidence</clueCL></clueKT> that IL-4 acts predominantly on the post-transcriptional level.</clue>
</event>
<sentence id="S7">This was supported by the observation that the down-regulatory capacity of <term id="T43" lex="IL-4" sem="Protein_molecule">IL-4</term> appeared to be dependent on <term id="T44" lex="de_novo_protein_synthesis" sem="Other">de novo protein synthesis</term>.</sentence>
<event KT="Other" id="E71">
<type class="Negative_regulation"/>
<cause idref="T43"/>
<clue>This was supported by the observation that the <clueType>down-regulatory capacity</clueType> <linkCause>of</linkCause> IL-4 appeared to be dependent on de novo protein synthesis.</clue>
</event>
<event CL="L2" KT="Analysis" id="E72" uncertainty="probable">
<type class="Positive_regulation"/>
<theme idref="E71"/>
<cause idref="T44"/>
<clue>This was supported by the observation that the down-regulatory capacity of IL-4 <clueKT><clueCL>appeared</clueCL></clueKT> to be <clueType>dependent</clueType> <linkCause>on</linkCause> de novo protein synthesis.</clue>
</event>
<sentence id="S8"><term id="T45" lex="IL-4" sem="Protein_molecule">IL-4</term> did not exert significant influence on the induction of expression of <term id="T46" lex="IL-1-RA" sem="Protein_molecule">IL-1-RA</term> or various <term id="T47" lex="CSF" sem="Protein_family_or_group">CSFs</term> by <term id="T48" lex="IL-2" sem="Protein_molecule">IL-2</term>, <term id="T49" lex="IL-3" sem="Protein_molecule">IL-3</term>, and <term id="T50" lex="GM-CSF" sem="Protein_molecule">GM-CSF</term>.</sentence>
<event id="E73">
<type class="Gene_expression"/>
<theme idref="T46"/>
<clue>IL-4 did not exert significant influence on the induction of <clueType>expression</clueType> <linkTheme>of</linkTheme> IL-1-RA or various CSFs by IL-2, IL-3, and GM-CSF.</clue>
</event>
<event id="E74">
<type class="Gene_expression"/>
<theme idref="T47"/>
<clue>IL-4 did not exert significant influence on the induction of <clueType>expression</clueType> <linkTheme>of</linkTheme> IL-1-RA or various CSFs by IL-2, IL-3, and GM-CSF.</clue>
</event>
<event id="E75">
<type class="Positive_regulation"/>
<theme idref="E73"/>
<cause idref="T48"/>
<clue>IL-4 did not exert significant influence on the <clueType>induction</clueType> of expression of IL-1-RA or various CSFs <linkCause>by</linkCause> IL-2, IL-3, and GM-CSF.</clue>
</event>
<event id="E76">
<type class="Positive_regulation"/>
<theme idref="E73"/>
<cause idref="T49"/>
<clue>IL-4 did not exert significant influence on the <clueType>induction</clueType> of expression of IL-1-RA or various CSFs <linkCause>by</linkCause> IL-2, IL-3, and GM-CSF.</clue>
</event>
<event id="E77">
<type class="Positive_regulation"/>
<theme idref="E73"/>
<cause idref="T50"/>
<clue>IL-4 did not exert significant influence on the <clueType>induction</clueType> of expression of IL-1-RA or various CSFs <linkCause>by</linkCause> IL-2, IL-3, and GM-CSF.</clue>
</event>
<event id="E78">
<type class="Positive_regulation"/>
<theme idref="E74"/>
<cause idref="T48"/>
<clue>IL-4 did not exert significant influence on the <clueType>induction</clueType> of expression of IL-1-RA or various CSFs <linkCause>by</linkCause> IL-2, IL-3, and GM-CSF.</clue>
</event>
<event id="E79">
<type class="Positive_regulation"/>
<theme idref="E74"/>
<cause idref="T49"/>
<clue>IL-4 did not exert significant influence on the <clueType>induction</clueType> of expression of IL-1-RA or various CSFs <linkCause>by</linkCause> IL-2, IL-3, and GM-CSF.</clue>
</event>
<event id="E80">
<type class="Positive_regulation"/>
<theme idref="E74"/>
<cause idref="T50"/>
<clue>IL-4 did not exert significant influence on the <clueType>induction</clueType> of expression of IL-1-RA or various CSFs <linkCause>by</linkCause> IL-2, IL-3, and GM-CSF.</clue>
</event>
<event Manner="Low" assertion="non-exist" id="E81">
<type class="Regulation"/>
<theme idref="E75"/>
<cause idref="T45"/>
<clue>IL-4 did <clueManner>not</clueManner> exert <clueManner>significant</clueManner> <clueType>influence</clueType> <linkTheme>on</linkTheme> the induction of expression of IL-1-RA or various CSFs by IL-2, IL-3, and GM-CSF.</clue>
</event>
<event Manner="Low" assertion="non-exist" id="E82">
<type class="Regulation"/>
<theme idref="E76"/>
<cause idref="T45"/>
<clue>IL-4 did <clueManner>not</clueManner> exert <clueManner>significant</clueManner> <clueType>influence</clueType> <linkTheme>on</linkTheme> the induction of expression of IL-1-RA or various CSFs by IL-2, IL-3, and GM-CSF.</clue>
</event>
<event Manner="Low" assertion="non-exist" id="E83">
<type class="Regulation"/>
<theme idref="E77"/>
<cause idref="T45"/>
<clue>IL-4 did <clueManner>not</clueManner> exert <clueManner>significant</clueManner> <clueType>influence</clueType> <linkTheme>on</linkTheme> the induction of expression of IL-1-RA or various CSFs by IL-2, IL-3, and GM-CSF.</clue>
</event>
<event Manner="Low" assertion="non-exist" id="E84">
<type class="Regulation"/>
<theme idref="E78"/>
<cause idref="T45"/>
<clue>IL-4 did <clueManner>not</clueManner> exert <clueManner>significant</clueManner> <clueType>influence</clueType> <linkTheme>on</linkTheme> the induction of expression of IL-1-RA or various CSFs by IL-2, IL-3, and GM-CSF.</clue>
</event>
<event Manner="Low" assertion="non-exist" id="E85">
<type class="Regulation"/>
<theme idref="E79"/>
<cause idref="T45"/>
<clue>IL-4 did <clueManner>not</clueManner> exert <clueManner>significant</clueManner> <clueType>influence</clueType> <linkTheme>on</linkTheme> the induction of expression of IL-1-RA or various CSFs by IL-2, IL-3, and GM-CSF.</clue>
</event>
<event Manner="Low" assertion="non-exist" id="E86">
<type class="Regulation"/>
<theme idref="E80"/>
<cause idref="T45"/>
<clue>IL-4 did <clueManner>not</clueManner> exert <clueManner>significant</clueManner> <clueType>influence</clueType> <linkTheme>on</linkTheme> the induction of expression of IL-1-RA or various CSFs by IL-2, IL-3, and GM-CSF.</clue>
</event>
<sentence id="S9">(ABSTRACT TRUNCATED AT 250 WORDS)</sentence>
</AbstractText>
</Abstract></Article></MedlineCitation></PubmedArticle></PubmedArticleSet></Annotation>
