<?xml version='1.0'?><!DOCTYPE Annotation PUBLIC "//GENIA//DTD GENIA ANNOTATION EVENT 2.0//EN_Modified" "../ModifiedGENIAtypes/Modified_GENIA_event_20.dtd"><Annotation annotates="http://www.ncbi.nlm.nih.gov/entrez/eutils/efetch.fcgi?db=pubmed&amp;retmode=xml&amp;rettype=medline&amp;id=8052854" created="14/07/2006" creator="Yo Shidahara"><PubmedArticleSet><PubmedArticle><MedlineCitation>
<PMID>8052854</PMID>
<Article>
<ArticleTitle>
<sentence id="S1">Inhibition of <term id="T1" lex="NF-kappa_B" sem="Protein_molecule">NF-kappa B</term> by <term id="T2" lex="sodium_salicylate" sem="Organic_compound_other">sodium salicylate</term> and <term id="T3" lex="aspirin" sem="Organic_compound_other">aspirin</term> [see comments]</sentence>
<event KT="Investigation" id="E1">
<type class="Negative_regulation"/>
<theme idref="T1"/>
<cause idref="T2"/>
<clue><clueType>Inhibition</clueType> <linkTheme>of</linkTheme> NF-kappa B <linkCause>by</linkCause> sodium salicylate and aspirin [see comments]</clue>
</event>
<event KT="Investigation" id="E2">
<type class="Negative_regulation"/>
<theme idref="T1"/>
<cause idref="T3"/>
<clue><clueType>Inhibition</clueType> <linkTheme>of</linkTheme> NF-kappa B <linkCause>by</linkCause> sodium salicylate and aspirin [see comments]</clue>
</event>
</ArticleTitle>
<Abstract>
<AbstractText>
<sentence id="S2">The <term id="T4" lex="transcription_factor" sem="Protein_family_or_group">transcription factor</term> <term id="T5" lex="nuclear_factor-kappa_B" sem="Protein_molecule">nuclear factor-kappa B</term> (<term id="T6" lex="NF-kappa_B" sem="Protein_molecule">NF-kappa B</term>) is critical for the inducible expression of multiple <cons id="T7" lex="(AND cellular_gene viral_gene)" sem="(AND DNA_family_or_group DNA_family_or_group)"><frag id="F1"><term id="A1" sem="DNA_domain_or_region">cellular</term></frag> and <frag id="F2"><term id="A2" sem="DNA_domain_or_region">viral</term></frag> <frag id="F3"><term id="A3" sem="DNA_domain_or_region">genes</term></frag></cons> involved in <term id="A4" sem="Other">inflammation</term> and <term id="A5" sem="Other">infection</term> including <term id="T8" lex="interleukin-1" sem="Protein_molecule">interleukin-1</term> (<term id="T9" lex="IL-1" sem="Protein_molecule">IL-1</term>), <term id="T10" lex="IL-6" sem="Protein_molecule">IL-6</term>, and <term id="T11" lex="adhesion_molecule" sem="Protein_family_or_group">adhesion molecules</term>.</sentence>
<event KT="Other" id="E3">
<type class="Gene_expression"/>
<theme idref="A1" idref1="A3"/>
<clue>The transcription factor nuclear factor-kappa B (NF-kappa B) is critical for the inducible <clueType>expression</clueType> <linkTheme>of</linkTheme> multiple cellular and viral genes involved in inflammation and infection including interleukin-1 (IL-1), IL-6, and adhesion molecules.</clue>
</event>
<event KT="Other" id="E4">
<type class="Gene_expression"/>
<theme idref="A2" idref1="A3"/>
<clue>The transcription factor nuclear factor-kappa B (NF-kappa B) is critical for the inducible <clueType>expression</clueType> <linkTheme>of</linkTheme> multiple cellular and viral genes involved in inflammation and infection including interleukin-1 (IL-1), IL-6, and adhesion molecules.</clue>
</event>
<event KT="Other" id="E5">
<type class="Positive_regulation"/>
<theme idref="E3"/>
<clue>The transcription factor nuclear factor-kappa B (NF-kappa B) is critical for the <clueType>inducible</clueType> expression of multiple cellular and viral genes involved in inflammation and infection including interleukin-1 (IL-1), IL-6, and adhesion molecules.</clue>
</event>
<event KT="Other" id="E6">
<type class="Positive_regulation"/>
<theme idref="E4"/>
<clue>The transcription factor nuclear factor-kappa B (NF-kappa B) is critical for the <clueType>inducible</clueType> expression of multiple cellular and viral genes involved in inflammation and infection including interleukin-1 (IL-1), IL-6, and adhesion molecules.</clue>
</event>
<event KT="Fact" id="E7">
<type class="Positive_regulation"/>
<theme idref="E5"/>
<cause idref="T6"/>
<clue>The transcription factor nuclear factor-kappa B (NF-kappa B) is <clueType>critical</clueType> <linkTheme>for</linkTheme> the inducible expression of multiple cellular and viral genes involved in inflammation and infection including interleukin-1 (IL-1), IL-6, and adhesion molecules.</clue>
</event>
<event KT="Fact" id="E8">
<type class="Positive_regulation"/>
<theme idref="E6"/>
<cause idref="T6"/>
<clue>The transcription factor nuclear factor-kappa B (NF-kappa B) is <clueType>critical</clueType> <linkTheme>for</linkTheme> the inducible expression of multiple cellular and viral genes involved in inflammation and infection including interleukin-1 (IL-1), IL-6, and adhesion molecules.</clue>
</event>
<event KT="Fact" id="E9">
<type class="Positive_regulation"/>
<theme idref="E6"/>
<cause idref="T9"/>
<clue>The transcription factor nuclear factor-kappa B (NF-kappa B) is <clueType>critical</clueType> <linkTheme>for</linkTheme> the inducible expression of <corefCause>multiple cellular and viral genes</corefCause> involved in inflammation and infection including interleukin-1 (IL-1), IL-6, and adhesion molecules.</clue>
</event>
<event KT="Fact" id="E10">
<type class="Positive_regulation"/>
<theme idref="E6"/>
<cause idref="T10"/>
<clue>The transcription factor nuclear factor-kappa B (NF-kappa B) is <clueType>critical</clueType> <linkTheme>for</linkTheme> the inducible expression of <corefCause>multiple cellular and viral genes</corefCause> involved in inflammation and infection including interleukin-1 (IL-1), IL-6, and adhesion molecules.</clue>
</event>
<event KT="Fact" id="E11">
<type class="Positive_regulation"/>
<theme idref="E6"/>
<cause idref="T11"/>
<clue>The transcription factor nuclear factor-kappa B (NF-kappa B) is <clueType>critical</clueType> <linkTheme>for</linkTheme> the inducible expression of <corefCause>multiple cellular and viral genes</corefCause> involved in inflammation and infection including interleukin-1 (IL-1), IL-6, and adhesion molecules.</clue>
</event>
<event KT="Other" id="E12">
<type class="Correlation"/>
<theme idref="A1" idref1="A3"/>
<theme idref="A4"/>
<clue>The transcription factor nuclear factor-kappa B (NF-kappa B) is critical for the inducible expression of multiple cellular and viral genes <clueType>involved</clueType> <linkTheme>in</linkTheme> inflammation and infection including interleukin-1 (IL-1), IL-6, and adhesion molecules.</clue>
</event>
<event KT="Other" id="E13">
<type class="Correlation"/>
<theme idref="A1" idref1="A3"/>
<theme idref="A5"/>
<clue>The transcription factor nuclear factor-kappa B (NF-kappa B) is critical for the inducible expression of multiple cellular and viral genes <clueType>involved</clueType> <linkTheme>in</linkTheme> inflammation and infection including interleukin-1 (IL-1), IL-6, and adhesion molecules.</clue>
</event>
<event KT="Other" id="E14">
<type class="Correlation"/>
<theme idref="A2" idref1="A3"/>
<theme idref="A4"/>
<clue>The transcription factor nuclear factor-kappa B (NF-kappa B) is critical for the inducible expression of multiple cellular and viral genes <clueType>involved</clueType> <linkTheme>in</linkTheme> inflammation and infection including interleukin-1 (IL-1), IL-6, and adhesion molecules.</clue>
</event>
<event KT="Other" id="E15">
<type class="Correlation"/>
<theme idref="A2" idref1="A3"/>
<theme idref="A5"/>
<clue>The transcription factor nuclear factor-kappa B (NF-kappa B) is critical for the inducible expression of multiple cellular and viral genes <clueType>involved</clueType> <linkTheme>in</linkTheme> inflammation and infection including interleukin-1 (IL-1), IL-6, and adhesion molecules.</clue>
</event>
<sentence id="S3">The <term id="T12" lex="anti-inflammatory_drug" sem="Organic_compound_other">anti-inflammatory drugs</term> <term id="T13" lex="sodium_salicylate" sem="Organic_compound_other">sodium salicylate</term> and <term id="T14" lex="aspirin" sem="Organic_compound_other">aspirin</term> inhibited the activation of <term id="T15" lex="NF-kappa_B" sem="Protein_molecule">NF-kappa B</term>, which further explains the mechanism of action of these drugs.</sentence>
<event KT="Other" id="E16">
<type class="Positive_regulation"/>
<theme idref="T15"/>
<clue>The anti-inflammatory drugs sodium salicylate and aspirin inhibited the <clueType>activation</clueType> <linkTheme>of</linkTheme> NF-kappa B, which further explains the mechanism of action of these drugs.</clue>
</event>
<event id="E17">
<type class="Negative_regulation"/>
<theme idref="E16"/>
<cause idref="T13"/>
<clue>The anti-inflammatory drugs sodium salicylate and aspirin <clueType>inhibited</clueType> the activation of NF-kappa B, which further explains the mechanism of action of these drugs.</clue>
</event>
<event id="E18">
<type class="Negative_regulation"/>
<theme idref="E16"/>
<cause idref="T14"/>
<clue>The anti-inflammatory drugs sodium salicylate and aspirin <clueType>inhibited</clueType> the activation of NF-kappa B, which further explains the mechanism of action of these drugs.</clue>
</event>
<sentence id="S4">This inhibition prevented the degradation of the <term id="T16" lex="NF-kappa_B_inhibitor" sem="Protein_family_or_group"><term id="T17" lex="NF-kappa_B" sem="Protein_molecule">NF-kappa B</term> inhibitor</term>, <term id="T18" lex="I_kappa_B" sem="Protein_molecule">I kappa B</term>, and therefore <term id="T19" lex="NF-kappa_B" sem="Protein_molecule">NF-kappa B</term> was retained in the <term id="T20" lex="cytosol" sem="Cell_component">cytosol</term>.</sentence>
<event KT="Other" id="E19">
<type class="Protein_catabolism"/>
<theme idref="T18"/>
<clue>This inhibition prevented the <clueType>degradation</clueType> <linkTheme>of</linkTheme> the NF-kappa B inhibitor, I kappa B, and therefore NF-kappa B was retained in the cytosol.</clue>
</event>
<event id="E20">
<type class="Negative_regulation"/>
<theme idref="E19"/>
<cause idref="E17"/>
<clue><corefCause>This inhibition</corefCause> <clueType>prevented</clueType> the degradation of the NF-kappa B inhibitor, I kappa B, and therefore NF-kappa B was retained in the cytosol.</clue>
</event>
<event id="E21">
<type class="Negative_regulation"/>
<theme idref="E19"/>
<cause idref="E18"/>
<clue><corefCause>This inhibition</corefCause> <clueType>prevented</clueType> the degradation of the NF-kappa B inhibitor, I kappa B, and therefore NF-kappa B was retained in the cytosol.</clue>
</event>
<event KT="Other" id="E22">
<type class="Localization"/>
<theme idref="T19"/>
<clue>This inhibition prevented the degradation of the NF-kappa B inhibitor, I kappa B, and therefore NF-kappa B was <clueType>retained</clueType> <clueLoc>in the cytosol</clueLoc>.</clue>
</event>
<event KT="Analysis" id="E23">
<type class="Positive_regulation"/>
<theme idref="E22"/>
<cause idref="E20"/>
<clue>This inhibition prevented the degradation of the NF-kappa B inhibitor, I kappa B, and <clueType><clueKT>therefore</clueKT></clueType> NF-kappa B was retained in the cytosol.</clue>
</event>
<event KT="Analysis" id="E24">
<type class="Positive_regulation"/>
<theme idref="E22"/>
<cause idref="E21"/>
<clue>This inhibition prevented the degradation of the NF-kappa B inhibitor, I kappa B, and <clueType><clueKT>therefore</clueKT></clueType> NF-kappa B was retained in the cytosol.</clue>
</event>
<sentence id="S5"><term id="T21" lex="sodium_salicylate" sem="Organic_compound_other">Sodium salicylate</term> and <term id="T22" lex="aspirin" sem="Organic_compound_other">aspirin</term> also inhibited <term id="T23" lex="NF-kappa_B-dependent_transcription" sem="Other"><term id="T24" lex="NF-kappa_B" sem="Protein_molecule">NF-kappa B</term>-dependent transcription</term> from the <term id="T25" lex="Ig_kappa_enhancer" sem="DNA_domain_or_region">Ig kappa enhancer</term> and the <term id="T26" lex="human_immunodeficiency_virus_(HIV)_long_terminal_repeat" sem="DNA_domain_or_region">human immunodeficiency virus (HIV) long terminal repeat</term> (<term id="T27" lex="LTR" sem="DNA_domain_or_region">LTR</term>) in <term id="T28" lex="transfected_T_cell" sem="Cell_cultured">transfected T cells</term>.</sentence>
<event KT="Other" id="E25">
<type class="Transcription"/>
<theme idref="T25"/>
<clue>Sodium salicylate and aspirin also inhibited NF-kappa B-dependent <clueType>transcription</clueType> <linkTheme>from</linkTheme> the Ig kappa enhancer and the human immunodeficiency virus (HIV) long terminal repeat (LTR) in transfected T cells.</clue>
</event>
<event KT="Other" id="E26">
<type class="Transcription"/>
<theme idref="T26"/>
<clue>Sodium salicylate and aspirin also inhibited NF-kappa B-dependent <clueType>transcription</clueType> <linkTheme>from</linkTheme> the Ig kappa enhancer and the human immunodeficiency virus (HIV) long terminal repeat (LTR) in transfected T cells.</clue>
</event>
<event KT="Other" id="E27">
<type class="Positive_regulation"/>
<theme idref="E25"/>
<cause idref="T24"/>
<clue>Sodium salicylate and aspirin also inhibited NF-kappa B-<clueType>dependent</clueType> transcription from the Ig kappa enhancer and the human immunodeficiency virus (HIV) long terminal repeat (LTR) <clueLoc>in transfected T cells</clueLoc>.</clue>
</event>
<event KT="Other" id="E28">
<type class="Positive_regulation"/>
<theme idref="E26"/>
<cause idref="T24"/>
<clue>Sodium salicylate and aspirin also inhibited NF-kappa B-<clueType>dependent</clueType> transcription from the Ig kappa enhancer and the human immunodeficiency virus (HIV) long terminal repeat (LTR) <clueLoc>in transfected T cells</clueLoc>.</clue>
</event>
<event id="E29">
<type class="Negative_regulation"/>
<theme idref="E27"/>
<cause idref="T21"/>
<clue>Sodium salicylate and aspirin also <clueType>inhibited</clueType> NF-kappa B-dependent transcription from the Ig kappa enhancer and the human immunodeficiency virus (HIV) long terminal repeat (LTR) in transfected T cells.</clue>
</event>
<event id="E30">
<type class="Negative_regulation"/>
<theme idref="E27"/>
<cause idref="T22"/>
<clue>Sodium salicylate and aspirin also <clueType>inhibited</clueType> NF-kappa B-dependent transcription from the Ig kappa enhancer and the human immunodeficiency virus (HIV) long terminal repeat (LTR) in transfected T cells.</clue>
</event>
<event id="E31">
<type class="Negative_regulation"/>
<theme idref="E28"/>
<cause idref="T21"/>
<clue>Sodium salicylate and aspirin also <clueType>inhibited</clueType> NF-kappa B-dependent transcription from the Ig kappa enhancer and the human immunodeficiency virus (HIV) long terminal repeat (LTR) in transfected T cells.</clue>
</event>
<event id="E32">
<type class="Negative_regulation"/>
<theme idref="E28"/>
<cause idref="T22"/>
<clue>Sodium salicylate and aspirin also <clueType>inhibited</clueType> NF-kappa B-dependent transcription from the Ig kappa enhancer and the human immunodeficiency virus (HIV) long terminal repeat (LTR) in transfected T cells.</clue>
</event>
</AbstractText>
</Abstract></Article></MedlineCitation></PubmedArticle></PubmedArticleSet></Annotation>
