<?xml version='1.0'?><!DOCTYPE Annotation PUBLIC "//GENIA//DTD GENIA ANNOTATION EVENT 2.0//EN_Modified" "../ModifiedGENIAtypes/Modified_GENIA_event_20.dtd"><Annotation annotates="http://www.ncbi.nlm.nih.gov/entrez/eutils/efetch.fcgi?db=pubmed&amp;retmode=xml&amp;rettype=medline&amp;id=8067997" created="18/07/2006" creator="Yo Shidahara"><PubmedArticleSet><PubmedArticle><MedlineCitation>
<PMID>8067997</PMID>
<Article>
<ArticleTitle>
<sentence id="S1">Inhibition of activation of <term id="T1" lex="transcription_factor_AP-1" sem="Protein_molecule">transcription factor <term id="T2" lex="AP-1" sem="Protein_molecule">AP-1</term></term> by <term id="T3" lex="CD28" sem="Protein_molecule">CD28</term> signalling in <term id="T4" lex="human_T-cell" sem="Cell_natural">human T-cells</term>.</sentence>
<event KT="Other" id="E1">
<type class="Positive_regulation"/>
<theme idref="T2"/>
<clue>Inhibition of <clueType>activation</clueType> <linkTheme>of</linkTheme> transcription factor AP-1 by CD28 signalling in human T-cells.</clue>
</event>
<event KT="Other" id="E2">
<type class="Cell_communication"/>
<theme idref="T3"/>
<clue>Inhibition of activation of transcription factor AP-1 by CD28 <clueType>signalling</clueType> in human T-cells.</clue>
</event>
<event KT="Investigation" id="E3">
<type class="Negative_regulation"/>
<theme idref="E1"/>
<cause idref="E2"/>
<clue><clueType>Inhibition</clueType> <linkTheme>of</linkTheme> activation of transcription factor AP-1 <linkCause>by</linkCause> CD28 signalling <clueLoc>in human T-cells</clueLoc>.</clue>
</event>
</ArticleTitle>
<Abstract>
<AbstractText>
<sentence id="S2">Co-stimulation of <term id="T5" lex="T-lymphocyte" sem="Cell_natural">T-lymphocytes</term> by <term id="T6" lex="T-cell_receptor" sem="Protein_family_or_group">T-cell receptor</term> (<term id="T7" lex="TcR" sem="Protein_family_or_group">TcR</term>) occupancy and activation of the <term id="T8" lex="CD28_surface_molecule" sem="Protein_molecule"><term id="T9" lex="CD28" sem="Protein_molecule">CD28</term> surface molecule</term> results in enhanced <term id="T10" lex="proliferation" sem="Other">proliferation</term> and <term id="T11" lex="interleukin_2_(IL-2)_production" sem="Other"><term id="T12" lex="interleukin_2" sem="Protein_molecule">interleukin 2</term> (<term id="T13" lex="IL-2" sem="Protein_molecule">IL-2</term>) production</term>.</sentence>
<event KT="Other" id="E4">
<type class="Binding"/>
<theme idref="T7"/>
<clue>Co-stimulation of T-lymphocytes by T-cell receptor (TcR) <clueType>occupancy</clueType> and activation of the CD28 surface molecule results in enhanced proliferation and interleukin 2 (IL-2) production.</clue>
</event>
<event KT="Other" id="E5">
<type class="Positive_regulation"/>
<theme idref="T9"/>
<clue>Co-stimulation of T-lymphocytes by T-cell receptor (TcR) occupancy and <clueType>activation</clueType> <linkTheme>of</linkTheme> the CD28 surface molecule results in enhanced proliferation and interleukin 2 (IL-2) production.</clue>
</event>
<event KT="Other" id="E6">
<type class="Physiological_process"/>
<theme idref="T5"/>
<cause idref="E4"/>
<cause idref="E5"/>
<clue><clueType>Co-stimulation</clueType> <linkTheme>of</linkTheme> T-lymphocytes <linkCause>by</linkCause> T-cell receptor (TcR) occupancy and activation of the CD28 surface molecule results in enhanced proliferation and interleukin 2 (IL-2) production.</clue>
</event>
<event KT="Other" id="E7">
<type class="Gene_expression"/>
<theme idref="T13"/>
<clue>Co-stimulation of T-lymphocytes by T-cell receptor (TcR) occupancy and activation of the CD28 surface molecule results in enhanced proliferation and interleukin 2 (IL-2) <clueType>production</clueType>.</clue>
</event>
<event KT="Other" id="E8">
<type class="Positive_regulation"/>
<theme idref="T10"/>
<clue>Co-stimulation of T-lymphocytes by T-cell receptor (TcR) occupancy and activation of the CD28 surface molecule results in <clueType>enhanced</clueType> proliferation and interleukin 2 (IL-2) production.</clue>
</event>
<event KT="Other" id="E9">
<type class="Positive_regulation"/>
<theme idref="E6"/>
<clue>Co-stimulation of T-lymphocytes by T-cell receptor (TcR) occupancy and activation of the CD28 surface molecule results in <clueType>enhanced</clueType> proliferation and interleukin 2 (IL-2) production.</clue>
</event>
<event KT="Fact" id="E10">
<type class="Positive_regulation"/>
<theme idref="E8"/>
<cause idref="E6"/>
<clue>Co-stimulation of T-lymphocytes by T-cell receptor (TcR) occupancy and activation of the CD28 surface molecule <clueType>results</clueType> <linkTheme>in</linkTheme> enhanced proliferation and interleukin 2 (IL-2) production.</clue>
</event>
<event KT="Fact" id="E11">
<type class="Positive_regulation"/>
<theme idref="E9"/>
<cause idref="E6"/>
<clue>Co-stimulation of T-lymphocytes by T-cell receptor (TcR) occupancy and activation of the CD28 surface molecule <clueType>results</clueType> <linkTheme>in</linkTheme> enhanced proliferation and interleukin 2 (IL-2) production.</clue>
</event>
<sentence id="S3">The increase in <term id="T14" lex="IL-2" sem="DNA_domain_or_region">IL-2 gene</term> expression triggered by <term id="T15" lex="CD28" sem="Protein_molecule">CD28</term> involves a <term id="T16" lex="kappa_B-like_sequence" sem="DNA_domain_or_region">kappa B-like sequence</term> in the <term id="T17" lex="5&apos;-regulatory_region" sem="DNA_domain_or_region">5&apos;-regulatory region</term> of the <term id="T18" lex="IL-2_promoter" sem="DNA_domain_or_region"><term id="T19" lex="IL-2" sem="Protein_molecule">IL-2</term> promoter</term>, called <term id="T20" lex="CD28-responsive_element" sem="DNA_domain_or_region"><term id="T21" lex="CD28" sem="Protein_molecule">CD28</term>-responsive element</term>.</sentence>
<event KT="Other" id="E12">
<type class="Gene_expression"/>
<theme idref="T14"/>
<clue>The increase in IL-2 gene <clueType>expression</clueType> triggered by CD28 involves a kappa B-like sequence in the 5&apos;-regulatory region of the IL-2 promoter, called CD28-responsive element.</clue>
<comment>NER T14 MOD</comment></event>
<event KT="Other" id="E13">
<type class="Positive_regulation"/>
<theme idref="E12"/>
<cause idref="T15"/>
<clue>The <clueType>increase</clueType> <linkTheme>in</linkTheme> IL-2 gene expression <linkCause>triggered by</linkCause> CD28 involves a kappa B-like sequence in the 5&apos;-regulatory region of the IL-2 promoter, called CD28-responsive element.</clue>
</event>
<event KT="Fact" id="E14">
<type class="Correlation"/>
<theme idref="E13"/>
<theme idref="T20"/>
<clue>The increase in IL-2 gene expression triggered by CD28 <clueType>involves</clueType> a kappa B-like sequence in the 5&apos;-regulatory region of the IL-2 promoter, called CD28-responsive element.</clue>
</event>
<sentence id="S4">Stimulation of <term id="T22" lex="T-cell" sem="Cell_natural">T-cells</term> by agonistic <term id="T23" lex="anti-CD28_antibody" sem="Protein_family_or_group">anti-<term id="T24" lex="CD28" sem="Protein_molecule">CD28</term> antibodies</term> in conjunction with <term id="T25" lex="phorbol_12-myristate_13-acetate" sem="Organic_compound_other">phorbol 12-myristate 13-acetate</term> (<term id="T26" lex="PMA" sem="Organic_compound_other">PMA</term>)- or <term id="T27" lex="TcR-derived_signals" sem="Other"><term id="T28" lex="TcR" sem="Protein_family_or_group">TcR</term>-derived signals</term> induces the enhanced activation of the <term id="T29" lex="transcription_factor" sem="Protein_family_or_group">transcription factor</term> <term id="T30" lex="NF-kappa_B" sem="Protein_molecule">NF-kappa B</term>.</sentence>
<event KT="Other" id="E15">
<type class="Cell_communication"/>
<theme idref="T26"/>
<clue>Stimulation of T-cells by agonistic anti-CD28 antibodies in conjunction with phorbol 12-myristate 13-acetate (PMA)- or TcR-<linkTheme>derived</linkTheme> <clueType>signals</clueType> induces the enhanced activation of the transcription factor NF-kappa B.</clue>
</event>
<event KT="Other" id="E16">
<type class="Cell_communication"/>
<theme idref="T28"/>
<clue>Stimulation of T-cells by agonistic anti-CD28 antibodies in conjunction with phorbol 12-myristate 13-acetate (PMA)- or TcR-<linkTheme>derived</linkTheme> <clueType>signals</clueType> induces the enhanced activation of the transcription factor NF-kappa B.</clue>
</event>
<event KT="Other" id="E17">
<type class="Physiological_process"/>
<theme idref="T22"/>
<cause idref="T23"/>
<cause idref="E15"/>
<clue><clueType>Stimulation</clueType> <linkTheme>of</linkTheme> T-cells <linkCause>by</linkCause> agonistic anti-CD28 antibodies <linkCause>in conjunction with</linkCause> phorbol 12-myristate 13-acetate (PMA)- or TcR-derived signals induces the enhanced activation of the transcription factor NF-kappa B.</clue>
</event>
<event KT="Other" id="E18">
<type class="Physiological_process"/>
<theme idref="T22"/>
<cause idref="T23"/>
<cause idref="E16"/>
<clue><clueType>Stimulation</clueType> <linkTheme>of</linkTheme> T-cells <linkCause>by</linkCause> agonistic anti-CD28 antibodies <linkCause>in conjunction with</linkCause> phorbol 12-myristate 13-acetate (PMA)- or TcR-derived signals induces the enhanced activation of the transcription factor NF-kappa B.</clue>
</event>
<event KT="Other" id="E19">
<type class="Positive_regulation"/>
<theme idref="T30"/>
<clue>Stimulation of T-cells by agonistic anti-CD28 antibodies in conjunction with phorbol 12-myristate 13-acetate (PMA)- or TcR-derived signals induces the enhanced <clueType>activation</clueType> <linkTheme>of</linkTheme> the transcription factor NF-kappa B.</clue>
</event>
<event KT="Other" id="E20">
<type class="Positive_regulation"/>
<theme idref="E19"/>
<clue>Stimulation of T-cells by agonistic anti-CD28 antibodies in conjunction with phorbol 12-myristate 13-acetate (PMA)- or TcR-derived signals induces the <clueType>enhanced</clueType> activation of the transcription factor NF-kappa B.</clue>
</event>
<event KT="Fact" id="E21">
<type class="Positive_regulation"/>
<theme idref="E20"/>
<cause idref="E17"/>
<clue>Stimulation of T-cells by agonistic anti-CD28 antibodies in conjunction with phorbol 12-myristate 13-acetate (PMA)- or TcR-derived signals <clueType>induces</clueType> the enhanced activation of the transcription factor NF-kappa B.</clue>
</event>
<event KT="Fact" id="E22">
<type class="Positive_regulation"/>
<theme idref="E20"/>
<cause idref="E18"/>
<clue>Stimulation of T-cells by agonistic anti-CD28 antibodies in conjunction with phorbol 12-myristate 13-acetate (PMA)- or TcR-derived signals <clueType>induces</clueType> the enhanced activation of the transcription factor NF-kappa B.</clue>
</event>
<sentence id="S5">Here we report that <term id="T31" lex="CD28" sem="Protein_molecule">CD28</term> engagement, however, exerts opposite effects on the <term id="T32" lex="transcription_factor_AP-1" sem="Protein_molecule"><term id="T33" lex="transcription_factor" sem="Protein_family_or_group">transcription factor</term> <term id="T34" lex="AP-1" sem="Protein_molecule">AP-1</term></term>.</sentence>
<event KT="Other" id="E23">
<type class="Binding"/>
<theme idref="T31"/>
<clue>Here we report that CD28 <clueType>engagement</clueType>, however, exerts opposite effects on the transcription factor AP-1.</clue>
</event>
<event KT="Analysis" id="E24">
<type class="Negative_regulation"/>
<theme idref="T34"/>
<cause idref="E23"/>
<clue>Here we <clueKT>report</clueKT> that CD28 engagement, however, exerts <clueType>opposite effects</clueType> <linkTheme>on</linkTheme> the transcription factor AP-1.</clue>
<comment>CAUTION: opposite effects = inhibits</comment></event>
<sentence id="S6">Whereas <term id="T35" lex="anti-CD28" sem="Protein_family_or_group">anti-<term id="T36" lex="CD28" sem="Protein_molecule">CD28</term></term> together with <term id="T37" lex="PMA" sem="Organic_compound_other">PMA</term> increased the <term id="A1" sem="DNA_domain_or_region">DNA</term> binding and <term id="T38" lex="trans-activation_activity" sem="Other">trans-activation activity</term> of <term id="T39" lex="NF-kappa_B" sem="Protein_molecule">NF-kappa B</term>, <term id="T40" lex="PMA-induced_activation" sem="Other"><term id="T41" lex="PMA" sem="Organic_compound_other">PMA</term>-induced activation</term> of <term id="T42" lex="AP-1" sem="Protein_molecule">AP-1</term> was significantly suppressed.</sentence>
<event id="E25">
<type class="Binding"/>
<theme idref="A1"/>
<theme idref="T39"/>
<clue>Whereas anti-CD28 together with PMA increased the DNA <clueType>binding</clueType> and trans-activation activity <linkTheme>of</linkTheme> NF-kappa B, PMA-induced activation of AP-1 was significantly suppressed.</clue>
</event>
<event id="E26">
<type class="Positive_regulation"/>
<cause idref="T39"/>
<clue>Whereas anti-CD28 together with PMA increased the DNA binding and <clueType>trans-activation activity</clueType> <linkCause>of</linkCause> NF-kappa B, PMA-induced activation of AP-1 was significantly suppressed.</clue>
</event>
<event id="E27">
<type class="Positive_regulation"/>
<theme idref="E25"/>
<cause idref="T35"/>
<cause idref="T37"/>
<clue>Whereas anti-CD28 <linkCause>together with</linkCause> PMA <clueType>increased</clueType> the DNA binding and trans-activation activity of NF-kappa B, PMA-induced activation of AP-1 was significantly suppressed.</clue>
</event>
<event id="E28">
<type class="Positive_regulation"/>
<theme idref="E26"/>
<cause idref="T35"/>
<cause idref="T37"/>
<clue>Whereas anti-CD28 <linkCause>together with</linkCause> PMA <clueType>increased</clueType> the DNA binding and trans-activation activity of NF-kappa B, PMA-induced activation of AP-1 was significantly suppressed.</clue>
</event>
<event KT="Other" id="E29">
<type class="Positive_regulation"/>
<theme idref="T42"/>
<clue>Whereas anti-CD28 together with PMA increased the DNA binding and trans-activation activity of NF-kappa B, PMA-induced <clueType>activation</clueType> <linkTheme>of</linkTheme> AP-1 was significantly suppressed.</clue>
</event>
<event KT="Other" id="E30">
<type class="Positive_regulation"/>
<theme idref="E29"/>
<cause idref="T41"/>
<clue>Whereas anti-CD28 together with PMA increased the DNA binding and trans-activation activity of NF-kappa B, PMA-<clueType>induced</clueType> activation of AP-1 was significantly suppressed.</clue>
</event>
<event Manner="High" id="E31">
<type class="Negative_regulation"/>
<theme idref="E30"/>
<cause idref="T35"/>
<clue>Whereas anti-CD28 together with PMA increased the DNA binding and trans-activation activity of NF-kappa B, PMA-induced activation of AP-1 was <clueManner>significantly</clueManner> <clueType>suppressed</clueType>.</clue>
<comment>NO COREFCAUSE</comment></event>
<sentence id="S7">The inhibitory effect exerted by <term id="T43" lex="anti-CD28" sem="Protein_family_or_group">anti-<term id="T44" lex="CD28" sem="Protein_molecule">CD28</term></term> was observed at the level of <term id="A2" sem="DNA_domain_or_region">DNA</term> binding as well as in functional <term id="T45" lex="reporter-gene_assay" sem="Other">reporter-gene assays</term>.</sentence>
<event id="E32">
<type class="Binding"/>
<theme idref="A2"/>
<theme idref="T42"/>
<clue>The inhibitory effect exerted by anti-CD28 was observed at the level of DNA <clueType>binding</clueType> as well as in functional reporter-gene assays.</clue>
<comment>NO COREFTHEME FOR T42</comment></event>
<event id="E33">
<type class="Negative_regulation"/>
<theme idref="E32"/>
<cause idref="T43"/>
<clue>The <clueType>inhibitory effect</clueType> exerted <linkCause>by</linkCause> anti-CD28 was <clueKT>observed</clueKT> <linkTheme>at the level of</linkTheme> DNA binding as well as in functional reporter-gene assays.</clue>
</event>
<event id="E34">
<type class="Negative_regulation"/>
<cause idref="T43"/>
<clue>The <clueType>inhibitory effect</clueType> exerted <linkCause>by</linkCause> anti-CD28 was <clueKT>observed</clueKT> at the level of DNA binding as well as <clueExperiment>in functional reporter-gene assays</clueExperiment>.</clue>
</event>
<sentence id="S8">These results suggest that the two <term id="T46" lex="transcription_factor" sem="Protein_family_or_group">transcription factors</term> are independently regulated and may perform different functions during <term id="T47" lex="T-cell_activation" sem="Other"><term id="A3" sem="Cell_natural">T-cell</term> activation</term>.</sentence>
<event KT="Other" id="E35">
<type class="Regulation"/>
<theme idref="T39"/>
<clue>These results suggest that <corefTheme>the two transcription factors</corefTheme> are independently <clueType>regulated</clueType> and may perform different functions during T-cell activation.</clue>
</event>
<event KT="Other" id="E36">
<type class="Regulation"/>
<theme idref="T42"/>
<clue>These results suggest that <corefTheme>the two transcription factors</corefTheme> are independently <clueType>regulated</clueType> and may perform different functions during T-cell activation.</clue>
</event>
<event CL="L2" KT="Analysis" Polarity="Negative" assertion="non-exist" id="E37" uncertainty="probable">
<type class="Correlation"/>
<theme idref="E35"/>
<theme idref="E36"/>
<clue>These results <clueKT><clueCL>suggest</clueCL></clueKT> that the two transcription factors are <clueType><cluePolarity>in</cluePolarity>dependently</clueType> regulated and may perform different functions during T-cell activation.</clue>
</event>
<event CL="L1" KT="Analysis" id="E38" uncertainty="probable">
<type class="Regulation"/>
<cause idref="T39"/>
<clue>These results <clueKT>suggest</clueKT> that the two transcription factors are independently regulated and <clueCL>may</clueCL> <clueType>perform different functions</clueType> <clueTime>during T-cell activation</clueTime>.</clue>
</event>
<event CL="L1" KT="Analysis" id="E39" uncertainty="probable">
<type class="Regulation"/>
<cause idref="T42"/>
<clue>These results <clueKT>suggest</clueKT> that the two transcription factors are independently regulated and <clueCL>may</clueCL> <clueType>perform different functions</clueType> <clueTime>during T-cell activation</clueTime>.</clue>
</event>
<event KT="Other" id="E40" uncertainty="probable">
<type class="Physiological_process"/>
<theme idref="A3"/>
<clue>These results suggest that the two transcription factors are independently regulated and may perform different functions during T-cell <clueType>activation</clueType>.</clue>
</event>
</AbstractText>
</Abstract></Article></MedlineCitation></PubmedArticle></PubmedArticleSet></Annotation>
