<?xml version='1.0'?><!DOCTYPE Annotation PUBLIC "//GENIA//DTD GENIA ANNOTATION EVENT 2.0//EN_Modified" "../ModifiedGENIAtypes/Modified_GENIA_event_20.dtd"><Annotation annotates="http://www.ncbi.nlm.nih.gov/entrez/eutils/efetch.fcgi?db=pubmed&amp;retmode=xml&amp;rettype=medline&amp;id=8106512" created="20/03/2006" creator="Junko Matsuura"><PubmedArticleSet><PubmedArticle><MedlineCitation>
<PMID>8106512</PMID>
<Article>
<ArticleTitle>
<sentence id="S1"><term id="T1" lex="human_interferon_regulatory_factor_2_gene" sem="DNA_domain_or_region">Human interferon regulatory factor 2 gene</term>.</sentence>
<sentence id="S2">Intron-exon organization and functional analysis of <term id="T2" lex="5&apos;-flanking_region" sem="DNA_domain_or_region">5&apos;-flanking region</term>.</sentence>
</ArticleTitle>
<Abstract>
<AbstractText>
<sentence id="S3"><term id="T3" lex="interferon_regulatory_factor_2" sem="Protein_molecule">Interferon regulatory factor 2</term> (<term id="T4" lex="IRF-2" sem="Protein_molecule">IRF-2</term>) is a <term id="T5" lex="transcriptional_regulatory_protein" sem="Protein_family_or_group">transcriptional regulatory protein</term> that terminates <term id="T6" lex="interferon_beta_expression" sem="Other"><term id="T7" lex="interferon_beta" sem="Protein_molecule">interferon beta</term> expression</term> initiated by <term id="T8" lex="interferon_regulatory_factor_1" sem="Protein_molecule">interferon regulatory factor 1</term>.</sentence>
<event KT="Other" id="E1">
<type class="Gene_expression"/>
<theme idref="T7"/>
<clue>Interferon regulatory factor 2 (IRF-2) is a transcriptional regulatory protein that terminates interferon beta <clueType>expression</clueType> initiated by interferon regulatory factor 1.</clue>
</event>
<event KT="Other" id="E2">
<type class="Positive_regulation"/>
<theme idref="E1"/>
<cause idref="T8"/>
<clue>Interferon regulatory factor 2 (IRF-2) is a transcriptional regulatory protein that terminates interferon beta expression <clueType>initiated</clueType> <linkCause>by</linkCause> interferon regulatory factor 1.</clue>
</event>
<event KT="Fact" id="E3">
<type class="Negative_regulation"/>
<theme idref="E1"/>
<cause idref="T4"/>
<clue>Interferon regulatory factor 2 (IRF-2) is a <clueType>transcriptional</clueType> regulatory protein that <clueType>terminates</clueType> interferon beta expression initiated by interferon regulatory factor 1.</clue>
</event>
<sentence id="S4">In this study, we isolated the <term id="T9" lex="genomic_DNA" sem="DNA_family_or_group">genomic DNA</term> for <term id="T10" lex="human_IRF-2_gene" sem="DNA_domain_or_region">human <term id="T11" lex="IRF-2" sem="Protein_molecule">IRF-2</term> gene</term>, determined the <term id="T12" lex="intron-exon_structure" sem="DNA_substructure">intron-exon structure</term> of the <term id="T13" lex="human_IRF-2_gene" sem="DNA_domain_or_region">human <term id="T14" lex="IRF-2" sem="Protein_molecule">IRF-2</term> gene</term>, mapped the <term id="T15" lex="major_transcription_initiation_site" sem="DNA_domain_or_region">major transcription initiation site</term>, identified a number of potential regulatory elements in the <term id="T16" lex="5&apos;-flanking_region" sem="DNA_domain_or_region">5&apos;-flanking region</term>, and localized the <term id="T17" lex="IRF-2_gene" sem="DNA_domain_or_region"><term id="T18" lex="IRF-2" sem="Protein_molecule">IRF-2</term> gene</term> on <term id="T19" lex="human_chromosome_4" sem="DNA_molecule">human chromosome 4</term>.</sentence>
<sentence id="S5">The <term id="A1" sem="DNA_domain_or_region"><term id="T20" lex="IRF-2" sem="Protein_molecule">IRF-2</term> <term id="T21" lex="promoter_region" sem="DNA_domain_or_region">promoter region</term></term> contains a <term id="T22" lex="CpG_island" sem="DNA_substructure">CpG island</term>, with several <term id="T23" lex="GC_box" sem="DNA_domain_or_region">GC boxes</term>, a putative <term id="T24" lex="NF-kappa_B-binding_site" sem="DNA_domain_or_region"><term id="T25" lex="NF-kappa_B" sem="Protein_molecule">NF-kappa B</term>-binding site</term>, and a <term id="T26" lex="CAAT_box" sem="DNA_domain_or_region">CAAT box</term>, but no <term id="T27" lex="TATA_box" sem="DNA_domain_or_region">TATA box</term>.</sentence>
<sentence id="S6">When the <term id="T28" lex="promoter_region" sem="DNA_domain_or_region">promoter region</term> was linked with a <term id="T29" lex="heterologous_reporter_gene" sem="DNA_family_or_group">heterologous reporter gene</term>, we found that the <term id="T30" lex="promoter_region" sem="DNA_domain_or_region">promoter region</term> is inducible by both <term id="T31" lex="interferon" sem="Protein_family_or_group">interferons</term> (<term id="A2" sem="Protein_molecule">interferon</term><term id="A3" sem="Protein_molecule">-alpha</term> and <term id="A4" sem="Protein_molecule">-gamma</term>) and <term id="T33" lex="interferon_regulatory_factor_1" sem="Protein_molecule">interferon regulatory factor 1</term>.</sentence>
<event id="E11">
<type class="Positive_regulation"/>
<theme idref="A1"/>
<cause idref="A2" idref1="A4"/>
<clue><clueExperiment>When the promoter region was linked with a heterologous reporter gene</clueExperiment>, we <clueKT>found</clueKT> that <corefTheme>the promoter region</corefTheme> is <clueType>inducible</clueType> <linkCause>by</linkCause> both interferons (interferon-alpha and -gamma) and interferon regulatory factor 1.</clue>
</event>
<event id="E4">
<type class="Positive_regulation"/>
<theme idref="A1"/>
<cause idref="A2" idref1="A3"/>
<clue><clueExperiment>When the promoter region was linked with a heterologous reporter gene</clueExperiment>, we <clueKT>found</clueKT> that <corefTheme>the promoter region</corefTheme> is <clueType>inducible</clueType> <linkCause>by</linkCause> both interferons (interferon-alpha and -gamma) and interferon regulatory factor 1.</clue>
<comment>NER: T32 del</comment></event>
<event id="E5">
<type class="Positive_regulation"/>
<theme idref="A1"/>
<cause idref="T33"/>
<clue><clueExperiment>When the promoter region was linked with a heterologous reporter gene</clueExperiment>, we <clueKT>found</clueKT> that <corefTheme>the promoter region</corefTheme> is <clueType>inducible</clueType> <linkCause>by</linkCause> both interferons (interferon-alpha and -gamma) and interferon regulatory factor 1.</clue>
</event>
<sentence id="S7">The region which induced these inductions was identified as being confined to <term id="T34" lex="40_nucleotides_5&apos;" sem="DNA_domain_or_region">40 nucleotides 5&apos;</term> to the <term id="T35" lex="major_transcriptional_initiation_site" sem="DNA_domain_or_region">major transcriptional initiation site</term> by testing a series of clones with <term id="T36" lex="truncated_promoter" sem="DNA_domain_or_region">truncated promoter</term> of <term id="T37" lex="IRF-2" sem="Protein_molecule">IRF-2</term>.</sentence>
<sentence id="S8">This region contains elements which are shared with the <term id="T38" lex="transcriptional_enhancer" sem="DNA_domain_or_region">transcriptional enhancers</term> of other genes including <term id="T39" lex="interferon_regulatory_factor_1" sem="Protein_molecule">interferon regulatory factor 1</term>, <term id="T40" lex="interferon_beta" sem="Protein_molecule">interferon beta</term>, and <term id="T41" lex="interferon-inducible_gene" sem="DNA_family_or_group">interferon-inducible genes</term>.</sentence>
<event KT="Fact" id="E12">
<type class="Positive_regulation"/>
<theme idref="T39"/>
<cause idref="T38"/>
<clue>This region contains elements which are shared with the <clueType>transcriptional enhancers</clueType> <linkTheme>of</linkTheme> other genes including interferon regulatory factor 1, interferon beta, and interferon-inducible genes.</clue>
</event>
<event KT="Fact" id="E13">
<type class="Positive_regulation"/>
<theme idref="T40"/>
<cause idref="T38"/>
<clue>This region contains elements which are shared with the <clueType>transcriptional enhancers</clueType> <linkTheme>of</linkTheme> other genes including interferon regulatory factor 1, interferon beta, and interferon-inducible genes.</clue>
</event>
<event KT="Fact" id="E14">
<type class="Positive_regulation"/>
<theme idref="T41"/>
<cause idref="T38"/>
<clue>This region contains elements which are shared with the <clueType>transcriptional enhancers</clueType> <linkTheme>of</linkTheme> other genes including interferon regulatory factor 1, interferon beta, and interferon-inducible genes.</clue>
</event>
<sentence id="S9">These data suggest that <term id="T42" lex="interferon_regulatory_factor_1" sem="Protein_molecule">interferon regulatory factor 1</term> not only triggers the activation of the <term id="T43" lex="interferon_signal_transduction_pathway" sem="Other"><term id="T44" lex="interferon" sem="Protein_family_or_group">interferon</term> signal transduction pathway</term>, but also may play a role in limiting the duration of this response by activating the transcription of <term id="T45" lex="IRF-2" sem="Protein_molecule">IRF-2</term>.</sentence>
<event KT="Other" id="E6" uncertainty="doubtful">
<type class="Positive_regulation"/>
<theme idref="T43"/>
<cause idref="T42"/>
<clue>These data suggest that interferon regulatory factor 1 not only triggers the <clueType>activation</clueType> <linkTheme>of</linkTheme> the interferon signal transduction pathway, but also may play a role in limiting the duration of this response by activating the transcription of IRF-2.</clue>
</event>
<event KT="Other" id="E7">
<type class="Transcription"/>
<theme idref="T45"/>
<clue>These data suggest that interferon regulatory factor 1 not only triggers the activation of the interferon signal transduction pathway, but also may play a role in limiting the duration of this response by activating the <clueType>transcription</clueType> <linkTheme>of</linkTheme> IRF-2.</clue>
</event>
<event KT="Other" id="E8">
<type class="Positive_regulation"/>
<theme idref="E7"/>
<cause idref="T42"/>
<clue>These data suggest that interferon regulatory factor 1 not only triggers the activation of the interferon signal transduction pathway, but also may play a role in limiting the duration of this response by <clueType>activating</clueType> the transcription of IRF-2.</clue>
</event>
<event KT="Other" id="E9">
<type class="Negative_regulation"/>
<theme idref="E6"/>
<cause idref="E8"/>
<clue>These data suggest that interferon regulatory factor 1 not only triggers the activation of the interferon signal transduction pathway, but also may play a role in <clueType>limiting</clueType> the duration of <corefTheme>this response</corefTheme> <linkCause>by</linkCause> activating the transcription of IRF-2.</clue>
</event>
<event CL="L1" KT="Analysis" id="E10" uncertainty="probable">
<type class="Regulation"/>
<theme idref="E9"/>
<cause idref="T42"/>
<clue>These data <clueKT>suggest</clueKT> that interferon regulatory factor 1 not only triggers the activation of the interferon signal transduction pathway, but also <clueCL>may</clueCL> <clueType>play a role</clueType> <linkTheme>in</linkTheme> limiting the duration of this response by activating the transcription of IRF-2.</clue>
</event>
</AbstractText>
</Abstract></Article></MedlineCitation></PubmedArticle></PubmedArticleSet></Annotation>
