<?xml version='1.0'?><!DOCTYPE Annotation PUBLIC "//GENIA//DTD GENIA ANNOTATION EVENT 2.0//EN_Modified" "../ModifiedGENIAtypes/Modified_GENIA_event_20.dtd"><Annotation annotates="http://www.ncbi.nlm.nih.gov/entrez/eutils/efetch.fcgi?db=pubmed&amp;retmode=xml&amp;rettype=medline&amp;id=8108127" created="19/07/2006" creator="Yo Shidahara"><PubmedArticleSet><PubmedArticle><MedlineCitation>
<PMID>8108127</PMID>
<Article>
<ArticleTitle>
<sentence id="S1">Overproduction of <term id="T1" lex="NFKB2" sem="Protein_molecule">NFKB2</term> (<term id="T2" lex="lyt-10" sem="Protein_molecule">lyt-10</term>) and <term id="T3" lex="c-Rel" sem="Protein_molecule">c-Rel</term>: a mechanism for <term id="T4" lex="HTLV-I_Tax-mediated_trans-activation" sem="Other"><term id="A1" sem="Virus">HTLV-I</term> <term id="T5" lex="HTLV-I_Tax" sem="Protein_molecule">Tax</term>-mediated trans-activation</term> via the <term id="T6" lex="NF-kappa_B_signalling_pathway" sem="Other"><term id="T7" lex="NF-kappa_B" sem="Protein_complex">NF-kappa B</term> signalling pathway</term>.</sentence>
<event KT="Other" id="E1">
<type class="Gene_expression"/>
<theme idref="T1"/>
<clue><clueType>Overproduction</clueType> <linkTheme>of</linkTheme> NFKB2 (lyt-10) and c-Rel: a mechanism for HTLV-I Tax-mediated trans-activation via the NF-kappa B signalling pathway.</clue>
<comment>NER T1,T2,T5,T7 MOD</comment></event>
<event KT="Other" id="E2">
<type class="Gene_expression"/>
<theme idref="T3"/>
<clue><clueType>Overproduction</clueType> <linkTheme>of</linkTheme> NFKB2 (lyt-10) and c-Rel: a mechanism for HTLV-I Tax-mediated trans-activation via the NF-kappa B signalling pathway.</clue>
</event>
<event KT="Investigation" id="E3">
<type class="Positive_regulation"/>
<theme idref="E1"/>
<clue><clueType>Overproduction</clueType> of NFKB2 (lyt-10) and c-Rel: a mechanism for HTLV-I Tax-mediated trans-activation via the NF-kappa B signalling pathway.</clue>
</event>
<event KT="Investigation" id="E4">
<type class="Positive_regulation"/>
<theme idref="E2"/>
<clue><clueType>Overproduction</clueType> of NFKB2 (lyt-10) and c-Rel: a mechanism for HTLV-I Tax-mediated trans-activation via the NF-kappa B signalling pathway.</clue>
</event>
<event KT="Other" id="E5">
<type class="Cell_communication"/>
<theme idref="T7"/>
<clue>Overproduction of NFKB2 (lyt-10) and c-Rel: a mechanism for HTLV-I Tax-mediated trans-activation via the NF-kappa B <clueType>signalling pathway</clueType>.</clue>
</event>
<event KT="Investigation" id="E6">
<type class="Positive_regulation"/>
<theme idref="E5"/>
<cause idref="T5"/>
<clue>Overproduction of NFKB2 (lyt-10) and c-Rel: a mechanism for HTLV-I Tax-<clueType>mediated</clueType> trans-activation <linkTheme>via</linkTheme> the NF-kappa B signalling pathway.</clue>
</event>
<event KT="Other" id="E7">
<type class="Positive_regulation"/>
<cause idref="E6"/>
<clue>Overproduction of NFKB2 (lyt-10) and c-Rel: a mechanism for HTLV-I Tax-mediated <clueType>trans-activation</clueType> <linkCause>via</linkCause> the NF-kappa B signalling pathway.</clue>
</event>
</ArticleTitle>
<Abstract>
<AbstractText>
<sentence id="S2">Molecular, biochemical and epidemiological evidence implicate <term id="T8" lex="HTLV-I" sem="Virus">HTLV-I</term> as an <term id="T9" lex="etiologic_agent" sem="Other">etiologic agent</term> of <term id="T10" lex="adult_T_cell_leukemia" sem="Other">adult T cell leukemia</term> (<term id="T11" lex="ATL" sem="Other">ATL</term>).</sentence>
<event KT="Fact" id="E8">
<type class="Correlation"/>
<theme idref="T8"/>
<theme idref="T11"/>
<clue>Molecular, biochemical and epidemiological evidence <clueType>implicate</clueType> HTLV-I <clueType>as an etiologic agent</clueType> <linkTheme>of</linkTheme> adult T cell leukemia (ATL).</clue>
</event>
<sentence id="S3">The <term id="T12" lex="Tax_protein" sem="Protein_molecule">Tax protein</term> of <term id="T13" lex="HTLV-I" sem="Virus">HTLV-I</term>, a <term id="T14" lex="positive_transcriptional_activator" sem="Protein_family_or_group">positive transcriptional activator</term> of <term id="T15" lex="HTLV-I_gene_expression" sem="Other"><term id="A2" sem="DNA_domain_or_region"><term id="T16" lex="HTLV-I" sem="Virus">HTLV-I</term> gene</term> expression</term>, is a viral oncogene that also increases transcription of <term id="T17" lex="cellular_gene" sem="DNA_family_or_group">cellular genes</term> including <term id="T18" lex="GM-CSF" sem="Protein_molecule">GM-CSF</term>, <term id="T19" lex="IL-2R_alpha" sem="Protein_molecule">IL-2R alpha</term> and <term id="T20" lex="IL-2" sem="Protein_molecule">IL-2</term>.</sentence>
<event KT="Other" id="E9">
<type class="Gene_expression"/>
<theme idref="A2"/>
<clue>The Tax protein of HTLV-I, a positive transcriptional activator of HTLV-I gene <clueType>expression</clueType>, is a viral oncogene that also increases transcription of cellular genes including GM-CSF, IL-2R alpha and IL-2.</clue>
</event>
<event KT="Fact" id="E10">
<type class="Positive_regulation"/>
<theme idref="E9"/>
<cause idref="T12"/>
<clue>The Tax protein of HTLV-I, a <clueType>positive transcriptional activator</clueType> <linkTheme>of</linkTheme> HTLV-I gene expression, is a viral oncogene that also increases transcription of cellular genes including GM-CSF, IL-2R alpha and IL-2.</clue>
</event>
<event KT="Other" id="E11">
<type class="Transcription"/>
<theme idref="T17"/>
<clue>The Tax protein of HTLV-I, a positive transcriptional activator of HTLV-I gene expression, is a viral oncogene that also increases <clueType>transcription</clueType> <linkTheme>of</linkTheme> cellular genes including GM-CSF, IL-2R alpha and IL-2.</clue>
</event>
<event KT="Other" id="E12">
<type class="Transcription"/>
<theme idref="T18"/>
<clue>The Tax protein of HTLV-I, a positive transcriptional activator of HTLV-I gene expression, is a viral oncogene that also increases <clueType>transcription</clueType> <linkTheme>of</linkTheme> <corefTheme>cellular genes</corefTheme> including GM-CSF, IL-2R alpha and IL-2.</clue>
</event>
<event KT="Other" id="E13">
<type class="Transcription"/>
<theme idref="T19"/>
<clue>The Tax protein of HTLV-I, a positive transcriptional activator of HTLV-I gene expression, is a viral oncogene that also increases <clueType>transcription</clueType> <linkTheme>of</linkTheme> <corefTheme>cellular genes</corefTheme> including GM-CSF, IL-2R alpha and IL-2.</clue>
</event>
<event KT="Other" id="E14">
<type class="Transcription"/>
<theme idref="T20"/>
<clue>The Tax protein of HTLV-I, a positive transcriptional activator of HTLV-I gene expression, is a viral oncogene that also increases <clueType>transcription</clueType> <linkTheme>of</linkTheme> <corefTheme>cellular genes</corefTheme> including GM-CSF, IL-2R alpha and IL-2.</clue>
</event>
<event KT="Fact" id="E15">
<type class="Positive_regulation"/>
<theme idref="E11"/>
<cause idref="T12"/>
<clue>The Tax protein of HTLV-I, a positive transcriptional activator of HTLV-I gene expression, is a <corefCause>viral oncogene</corefCause> that also <clueType>increases</clueType> transcription of cellular genes including GM-CSF, IL-2R alpha and IL-2.</clue>
</event>
<event KT="Fact" id="E16">
<type class="Positive_regulation"/>
<theme idref="E12"/>
<cause idref="T12"/>
<clue>The Tax protein of HTLV-I, a positive transcriptional activator of HTLV-I gene expression, is a <corefCause>viral oncogene</corefCause> that also <clueType>increases</clueType> transcription of cellular genes including GM-CSF, IL-2R alpha and IL-2.</clue>
</event>
<event KT="Fact" id="E17">
<type class="Positive_regulation"/>
<theme idref="E13"/>
<cause idref="T12"/>
<clue>The Tax protein of HTLV-I, a positive transcriptional activator of HTLV-I gene expression, is a <corefCause>viral oncogene</corefCause> that also <clueType>increases</clueType> transcription of cellular genes including GM-CSF, IL-2R alpha and IL-2.</clue>
</event>
<event KT="Fact" id="E18">
<type class="Positive_regulation"/>
<theme idref="E14"/>
<cause idref="T12"/>
<clue>The Tax protein of HTLV-I, a positive transcriptional activator of HTLV-I gene expression, is a <corefCause>viral oncogene</corefCause> that also <clueType>increases</clueType> transcription of cellular genes including GM-CSF, IL-2R alpha and IL-2.</clue>
</event>
<sentence id="S4">One of the cellular targets of the <term id="T21" lex="trans-activating_effect" sem="Other">trans-activating effects</term> of <term id="A3" sem="Protein_molecule">Tax</term> is the <term id="T22" lex="NF-kappa_B/Rel_family" sem="Protein_family_or_group"><term id="T23" lex="NF-kappa_B" sem="Protein_molecule">NF-kappa B</term>/Rel family</term> of <term id="T24" lex="transcription_factor" sem="Protein_family_or_group">transcription factors</term>, <term id="T25" lex="pleiotropic_regulator" sem="Protein_family_or_group">pleiotropic regulators</term> of <cons id="T26" lex="(AND immunoregulatory_gene_expression cytokine_gene_expression viral_gene_expression)" sem="(AND Other Other Other)"><frag id="F1"><term id="A4" sem="DNA_domain_or_region">immunoregulatory</term></frag>, <frag id="F2"><term id="A5" sem="DNA_domain_or_region">cytokine</term></frag> and <frag id="F3"><term id="A6" sem="DNA_domain_or_region">viral</term></frag> <frag id="F4"><term id="A7" sem="DNA_domain_or_region">gene</term> expression</frag></cons>.</sentence>
<event KT="Fact" id="E19">
<type class="Positive_regulation"/>
<theme idref="T22"/>
<cause idref="A3"/>
<clue>One of the cellular <clueType>targets of</clueType> the <clueType>trans-activating effects</clueType> <linkCause>of</linkCause> Tax is the NF-kappa B/Rel family of transcription factors, pleiotropic regulators of immunoregulatory, cytokine and viral gene expression.</clue>
</event>
<event KT="Other" id="E20">
<type class="Gene_expression"/>
<theme idref="A4" idref1="A7"/>
<clue>One of the cellular targets of the trans-activating effects of Tax is the NF-kappa B/Rel family of transcription factors, pleiotropic regulators of immunoregulatory, cytokine and viral gene <clueType>expression</clueType>.</clue>
</event>
<event KT="Other" id="E21">
<type class="Gene_expression"/>
<theme idref="A5" idref1="A7"/>
<clue>One of the cellular targets of the trans-activating effects of Tax is the NF-kappa B/Rel family of transcription factors, pleiotropic regulators of immunoregulatory, cytokine and viral gene <clueType>expression</clueType>.</clue>
</event>
<event KT="Other" id="E22">
<type class="Gene_expression"/>
<theme idref="A6" idref1="A7"/>
<clue>One of the cellular targets of the trans-activating effects of Tax is the NF-kappa B/Rel family of transcription factors, pleiotropic regulators of immunoregulatory, cytokine and viral gene <clueType>expression</clueType>.</clue>
</event>
<event KT="Fact" id="E23">
<type class="Regulation"/>
<theme idref="E20"/>
<cause idref="T22"/>
<clue>One of the cellular targets of the trans-activating effects of Tax is the NF-kappa B/Rel family of transcription factors, pleiotropic <clueType>regulators</clueType> <linkTheme>of</linkTheme> immunoregulatory, cytokine and viral gene expression.</clue>
</event>
<event KT="Fact" id="E24">
<type class="Regulation"/>
<theme idref="E21"/>
<cause idref="T22"/>
<clue>One of the cellular targets of the trans-activating effects of Tax is the NF-kappa B/Rel family of transcription factors, pleiotropic <clueType>regulators</clueType> <linkTheme>of</linkTheme> immunoregulatory, cytokine and viral gene expression.</clue>
</event>
<event KT="Fact" id="E25">
<type class="Regulation"/>
<theme idref="E22"/>
<cause idref="T22"/>
<clue>One of the cellular targets of the trans-activating effects of Tax is the NF-kappa B/Rel family of transcription factors, pleiotropic <clueType>regulators</clueType> <linkTheme>of</linkTheme> immunoregulatory, cytokine and viral gene expression.</clue>
</event>
<sentence id="S5">In this report, we demonstrate that <term id="T27" lex="NFKB2" sem="Protein_molecule">NFKB2</term> (<term id="T28" lex="lyt-10" sem="Protein_molecule">lyt-10</term>) and <term id="T29" lex="c-Rel" sem="Protein_molecule">c-Rel</term> are overexpressed in <term id="A101" sem="Cell_natural"><term id="T30" lex="HTLV-I" sem="Virus">HTLV-I</term> infected</term> and <term id="T31" lex="Tax-expressing_cell" sem="Cell_natural"><term id="A8" sem="Protein_molecule">Tax</term>-expressing <term id="A102" sem="Cell_natural">cells</term></term> and, together, account for the majority of the constitutive <term id="T32" lex="NF-kappa_B" sem="Protein_complex">NF-kappa B</term> binding activity in these cells before and after <term id="T33" lex="PMA_stimulation" sem="Other"><term id="T34" lex="PMA" sem="Organic_compound_other">PMA</term> stimulation</term>.</sentence>
<event KT="Other" id="E26">
<type class="Gene_expression"/>
<theme idref="T27"/>
<clue>In this report, we demonstrate that NFKB2 (lyt-10) and c-Rel are <clueType>overexpressed</clueType> in HTLV-I infected and Tax-expressing cells and, together, account for the majority of the constitutive NF-kappa B binding activity in these cells before and after PMA stimulation.</clue>
<comment>NER T27,T28,T32 MOD</comment></event>
<event KT="Other" id="E27">
<type class="Gene_expression"/>
<theme idref="T29"/>
<clue>In this report, we demonstrate that NFKB2 (lyt-10) and c-Rel are <clueType>overexpressed</clueType> in HTLV-I infected and Tax-expressing cells and, together, account for the majority of the constitutive NF-kappa B binding activity in these cells before and after PMA stimulation.</clue>
</event>
<event KT="Analysis" id="E28">
<type class="Positive_regulation"/>
<theme idref="E26"/>
<clue>In this report, we <clueKT>demonstrate</clueKT> that NFKB2 (lyt-10) and c-Rel are <clueType>overexpressed</clueType> <clueLoc>in HTLV-I infected and Tax-expressing cells</clueLoc> and, together, account for the majority of the constitutive NF-kappa B binding activity in these cells before and after PMA stimulation.</clue>
</event>
<event KT="Analysis" id="E29">
<type class="Positive_regulation"/>
<theme idref="E27"/>
<clue>In this report, we <clueKT>demonstrate</clueKT> that NFKB2 (lyt-10) and c-Rel are <clueType>overexpressed</clueType> <clueLoc>in HTLV-I infected and Tax-expressing cells</clueLoc> and, together, account for the majority of the constitutive NF-kappa B binding activity in these cells before and after PMA stimulation.</clue>
</event>
<event KT="Other" id="E30">
<type class="Binding"/>
<theme idref="T32"/>
<clue>In this report, we demonstrate that NFKB2 (lyt-10) and c-Rel are overexpressed in HTLV-I infected and Tax-expressing cells and, together, account for the majority of the constitutive NF-kappa B <clueType>binding activity</clueType> <clueLoc>in these cells</clueLoc> before and after PMA stimulation.</clue>
</event>
<event KT="Other" id="E31">
<type class="Physiological_process"/>
<theme idref="A101" idref1="A102"/>
<cause idref="T34"/>
<clue>In this report, we demonstrate that NFKB2 (lyt-10) and c-Rel are overexpressed in HTLV-I infected and Tax-expressing cells and, together, account for the majority of the constitutive NF-kappa B binding activity in <corefTheme>these cells</corefTheme> before and after PMA <clueType>stimulation</clueType>.</clue>
</event>
<event KT="Other" id="E32">
<type class="Physiological_process"/>
<theme idref="T31"/>
<cause idref="T34"/>
<clue>In this report, we demonstrate that NFKB2 (lyt-10) and c-Rel are overexpressed in HTLV-I infected and Tax-expressing cells and, together, account for the majority of the constitutive NF-kappa B binding activity in <corefTheme>these cells</corefTheme> before and after PMA <clueType>stimulation</clueType>.</clue>
</event>
<event KT="Analysis" id="E33" uncertainty="doubtful">
<type class="Regulation"/>
<theme idref="E30"/>
<cause idref="E31"/>
<clue>In this report, we <clueKT>demonstrate</clueKT> that NFKB2 (lyt-10) and c-Rel are overexpressed in HTLV-I infected and Tax-expressing cells and, together, account for the majority of the constitutive NF-kappa B binding activity in these cells before and <linkCause>after</linkCause> PMA stimulation.</clue>
</event>
<sentence id="S6">Most importantly, we show a <term id="T35" lex="Tax-dependent_correlation" sem="Other"><term id="T36" lex="Tax" sem="Protein_molecule">Tax</term>-dependent correlation</term> between expression of <term id="T37" lex="NFKB2" sem="Protein_molecule">NFKB2</term>(<term id="T38" lex="p100" sem="Protein_molecule">p100</term>) and processing to the <term id="A103" sem="DNA_domain_or_region">DNA</term> binding <term id="T39" lex="NFKB2" sem="Protein_molecule">NFKB2</term>(<term id="T40" lex="p52" sem="Protein_molecule">p52</term>) form, induction of <term id="T41" lex="c-Rel" sem="Protein_molecule">c-Rel</term>, and trans-activation of <term id="T42" lex="NF-kappa_B-mediated_gene_expressio" sem="Other"><term id="T43" lex="NF-kappa_B" sem="Protein_molecule">NF-kappa B</term>-mediated <term id="A104" sem="Other">gene expression</term></term>.</sentence>
<event KT="Other" id="E34">
<type class="Gene_expression"/>
<theme idref="T38"/>
<clue>Most importantly, we show a Tax-dependent correlation between <clueType>expression</clueType> <linkTheme>of</linkTheme> NFKB2(p100) and processing to the DNA binding NFKB2(p52) form, induction of c-Rel, and trans-activation of NF-kappa B-mediated gene expression.</clue>
</event>
<event KT="Other" id="E35">
<type class="Protein_processing"/>
<theme idref="T38"/>
<product idref="T40"/>
<clue>Most importantly, we show a Tax-dependent correlation between expression <linkTheme>of</linkTheme> NFKB2(p100) and <clueType>processing</clueType> to the DNA binding NFKB2(p52) form, induction of c-Rel, and trans-activation of NF-kappa B-mediated gene expression.</clue>
</event>
<event KT="Other" id="E36">
<type class="Positive_regulation"/>
<theme idref="T41"/>
<clue>Most importantly, we show a Tax-dependent correlation between expression of NFKB2(p100) and processing to the DNA binding NFKB2(p52) form, <clueType>induction</clueType> <linkTheme>of</linkTheme> c-Rel, and trans-activation of NF-kappa B-mediated gene expression.</clue>
</event>
<event KT="Other" id="E37">
<type class="Positive_regulation"/>
<theme idref="A104"/>
<cause idref="T43"/>
<clue>Most importantly, we show a Tax-dependent correlation between expression of NFKB2(p100) and processing to the DNA binding NFKB2(p52) form, induction of c-Rel, and trans-activation of NF-kappa B-<clueType>mediated</clueType> gene expression.</clue>
</event>
<event KT="Other" id="E38">
<type class="Positive_regulation"/>
<theme idref="E37"/>
<clue>Most importantly, we show a Tax-dependent correlation between expression of NFKB2(p100) and processing to the DNA binding NFKB2(p52) form, induction of c-Rel, and <clueType>trans-activation</clueType> <linkTheme>of</linkTheme> NF-kappa B-mediated gene expression.</clue>
</event>
<event KT="Analysis" id="E39">
<type class="Correlation"/>
<theme idref="E34"/>
<theme idref="E35"/>
<theme idref="E36"/>
<theme idref="E38"/>
<clue>Most importantly, we show a Tax-dependent <clueType><clueKT>correlation</clueKT></clueType> <linkTheme>between</linkTheme> expression of NFKB2(p100) and processing to the DNA binding NFKB2(p52) form, induction of c-Rel, and trans-activation of NF-kappa B-mediated gene expression.</clue>
</event>
<event KT="Analysis" id="E40">
<type class="Positive_regulation"/>
<theme idref="E39"/>
<cause idref="T36"/>
<clue>Most importantly, we <clueKT>show</clueKT> a Tax-<clueType>dependent</clueType> correlation between expression of NFKB2(p100) and processing to the DNA binding NFKB2(p52) form, induction of c-Rel, and trans-activation of NF-kappa B-mediated gene expression.</clue>
</event>
<sentence id="S7">Furthermore, the <term id="T44" lex="NFKB2" sem="Protein_molecule">NFKB2 precursor</term> is physically associated with <term id="T45" lex="c-Rel" sem="Protein_molecule">c-Rel</term> and with <term id="T46" lex="Tax" sem="Protein_molecule">Tax</term> in <term id="T47" lex="HTLV-I_infected_cell" sem="Cell_natural"><term id="T48" lex="HTLV-I" sem="Virus">HTLV-I</term> infected cells</term>.</sentence>
<event KT="Analysis" id="E41">
<type class="Binding"/>
<theme idref="T44"/>
<theme idref="T45"/>
<clue>Furthermore, the NFKB2 precursor is physically <clueType><clueKT>associated</clueKT></clueType> <linkTheme>with</linkTheme> c-Rel and with Tax <clueLoc>in HTLV-I infected cells</clueLoc>.</clue>
<comment>NER T44 MOD</comment></event>
<event KT="Analysis" id="E42">
<type class="Binding"/>
<theme idref="T44"/>
<theme idref="T46"/>
<clue>Furthermore, the NFKB2 precursor is physically <clueType><clueKT>associated</clueKT></clueType> <linkTheme>with</linkTheme> c-Rel and with Tax <clueLoc>in HTLV-I infected cells</clueLoc>.</clue>
</event>
<sentence id="S8">We propose that <term id="T49" lex="NFKB2_synthesis" sem="Other"><term id="T50" lex="NFKB2" sem="Protein_molecule">NFKB2</term> synthesis</term> and processing allows continuous <term id="T51" lex="nuclear_expression" sem="Other">nuclear expression</term> of an otherwise <term id="T52" lex="cytoplasmic_protein" sem="Protein_family_or_group">cytoplasmic protein</term> and, in conjunction with <term id="T53" lex="overexpression" sem="Other">overexpression</term> of <term id="T54" lex="c-Rel" sem="Protein_molecule">c-Rel</term>, <term id="T55" lex="NFKB2" sem="Protein_molecule">NFKB2</term> alters the <term id="T56" lex="NF-kappa_B_signalling_pathway" sem="Other"><term id="T57" lex="NF-kappa_B" sem="Protein_complex">NF-kappa B</term> signalling pathway</term> and contributes to <term id="T58" lex="leukemic_transformation" sem="Other">leukemic transformation</term> of <term id="T59" lex="T_cell" sem="Cell_natural">T cells</term> by <term id="T60" lex="HTLV-I" sem="Virus">HTLV-I</term>.</sentence>
<event KT="Other" id="E43">
<type class="Gene_expression"/>
<theme idref="T50"/>
<clue>We propose that NFKB2 <clueType>synthesis</clueType> and processing allows continuous nuclear expression of an otherwise cytoplasmic protein and, in conjunction with overexpression of c-Rel, NFKB2 alters the NF-kappa B signalling pathway and contributes to leukemic transformation of T cells by HTLV-I.</clue>
</event>
<event KT="Other" id="E44">
<type class="Protein_processing"/>
<theme idref="T50"/>
<clue>We propose that NFKB2 synthesis and <clueType>processing</clueType> allows continuous nuclear expression of an otherwise cytoplasmic protein and, in conjunction with overexpression of c-Rel, NFKB2 alters the NF-kappa B signalling pathway and contributes to leukemic transformation of T cells by HTLV-I.</clue>
</event>
<event KT="Other" id="E45">
<type class="Localization"/>
<theme idref="T50"/>
<clue>We propose that NFKB2 synthesis and processing allows continuous <clueLoc>nuclear</clueLoc> <clueType>expression</clueType> <linkTheme>of</linkTheme> <corefTheme>an otherwise cytoplasmic protein</corefTheme> and, in conjunction with overexpression of c-Rel, NFKB2 alters the NF-kappa B signalling pathway and contributes to leukemic transformation of T cells by HTLV-I.</clue>
</event>
<event CL="L2" KT="Analysis" id="E46">
<type class="Positive_regulation"/>
<theme idref="E45"/>
<cause idref="E43"/>
<clue>We <clueKT><clueCL>propose</clueCL></clueKT> that NFKB2 synthesis and processing <clueType>allows</clueType> continuous nuclear expression of an otherwise cytoplasmic protein and, in conjunction with overexpression of c-Rel, NFKB2 alters the NF-kappa B signalling pathway and contributes to leukemic transformation of T cells by HTLV-I.</clue>
</event>
<event CL="L2" KT="Analysis" id="E47">
<type class="Positive_regulation"/>
<theme idref="E45"/>
<cause idref="E44"/>
<clue>We <clueKT><clueCL>propose</clueCL></clueKT> that NFKB2 synthesis and processing <clueType>allows</clueType> continuous nuclear expression of an otherwise cytoplasmic protein and, in conjunction with overexpression of c-Rel, NFKB2 alters the NF-kappa B signalling pathway and contributes to leukemic transformation of T cells by HTLV-I.</clue>
</event>
<event KT="Other" id="E48">
<type class="Gene_expression"/>
<theme idref="T54"/>
<clue>We propose that NFKB2 synthesis and processing allows continuous nuclear expression of an otherwise cytoplasmic protein and, in conjunction with <clueType>overexpression</clueType> <linkTheme>of</linkTheme> c-Rel, NFKB2 alters the NF-kappa B signalling pathway and contributes to leukemic transformation of T cells by HTLV-I.</clue>
</event>
<event KT="Other" id="E49">
<type class="Positive_regulation"/>
<theme idref="E48"/>
<clue>We propose that NFKB2 synthesis and processing allows continuous nuclear expression of an otherwise cytoplasmic protein and, in conjunction with <clueType>overexpression</clueType> of c-Rel, NFKB2 alters the NF-kappa B signalling pathway and contributes to leukemic transformation of T cells by HTLV-I.</clue>
</event>
<event KT="Other" id="E50">
<type class="Cell_communication"/>
<theme idref="T57"/>
<clue>We propose that NFKB2 synthesis and processing allows continuous nuclear expression of an otherwise cytoplasmic protein and, in conjunction with overexpression of c-Rel, NFKB2 alters the NF-kappa B <clueType>signalling pathway</clueType> and contributes to leukemic transformation of T cells by HTLV-I.</clue>
</event>
<event CL="L2" KT="Analysis" id="E51">
<type class="Regulation"/>
<theme idref="E50"/>
<cause idref="T55"/>
<cause idref="E49"/>
<clue>We <clueKT><clueCL>propose</clueCL></clueKT> that NFKB2 synthesis and processing allows continuous nuclear expression of an otherwise cytoplasmic protein and, <linkCause>in conjunction with</linkCause> overexpression of c-Rel, NFKB2 <clueType>alters</clueType> the NF-kappa B signalling pathway and contributes to leukemic transformation of T cells by HTLV-I.</clue>
</event>
<event KT="Other" id="E52">
<type class="Biological_process"/>
<theme idref="T59"/>
<clue>We propose that NFKB2 synthesis and processing allows continuous nuclear expression of an otherwise cytoplasmic protein and, in conjunction with overexpression of c-Rel, NFKB2 alters the NF-kappa B signalling pathway and contributes to <clueType>leukemic transformation</clueType> <linkTheme>of</linkTheme> T cells by HTLV-I.</clue>
</event>
<event KT="Other" id="E152">
<type class="Positive_regulation"/>
<theme idref="E52"/>
<cause idref="T60"/>
<clue>We propose that NFKB2 synthesis and processing allows continuous nuclear expression of an otherwise cytoplasmic protein and, in conjunction with overexpression of c-Rel, NFKB2 alters the NF-kappa B signalling pathway and contributes to <clueType>leukemic transformation</clueType> of T cells <linkCause>by</linkCause> HTLV-I.</clue>
</event>
<event CL="L2" KT="Analysis" id="E53">
<type class="Positive_regulation"/>
<theme idref="E152"/>
<cause idref="T55"/>
<cause idref="E49"/>
<clue>We <clueKT><clueCL>propose</clueCL></clueKT> that NFKB2 synthesis and processing allows continuous nuclear expression of an otherwise cytoplasmic protein and, <linkCause>in conjunction with</linkCause> overexpression of c-Rel, NFKB2 alters the NF-kappa B signalling pathway and <clueType>contributes</clueType> <linkTheme>to</linkTheme> leukemic transformation of T cells by HTLV-I.</clue>
</event>
</AbstractText>
</Abstract></Article></MedlineCitation></PubmedArticle></PubmedArticleSet></Annotation>
