<?xml version='1.0'?><!DOCTYPE Annotation PUBLIC "//GENIA//DTD GENIA ANNOTATION EVENT 2.0//EN_Modified" "../ModifiedGENIAtypes/Modified_GENIA_event_20.dtd"><Annotation annotates="http://www.ncbi.nlm.nih.gov/entrez/eutils/efetch.fcgi?db=pubmed&amp;retmode=xml&amp;rettype=medline&amp;id=8134378" created="19/04/2006" creator="Junko Matsuura"><PubmedArticleSet><PubmedArticle><MedlineCitation>
<PMID>8134378</PMID>
<Article>
<ArticleTitle>
<sentence id="S1">Activation of the <term id="T1" lex="interleukin_6_gene" sem="DNA_domain_or_region">interleukin 6 gene</term> by <term id="T2" lex="Mycobacterium_tuberculosis" sem="Unicellular_organism">Mycobacterium tuberculosis</term> or <term id="T3" lex="lipopolysaccharide" sem="Lipid">lipopolysaccharide</term> is mediated by <term id="T4" lex="nuclear_factors_NF-IL6" sem="Protein_molecule">nuclear factors NF-IL6</term> and <term id="T5" lex="NF-kappa_B" sem="Protein_molecule">NF-kappa B</term> [published erratum appears in Proc Natl Acad Sci U S A 1995 Apr 11;92(8):3632]</sentence>
<event id="E1">
<type class="Positive_regulation"/>
<theme idref="T1"/>
<cause idref="T2"/>
<clue><clueType>Activation</clueType> <linkTheme>of</linkTheme> the interleukin 6 gene <linkCause>by</linkCause> Mycobacterium tuberculosis or lipopolysaccharide is mediated by nuclear factors NF-IL6 and NF-kappa B [published erratum appears in Proc Natl Acad Sci U S A 1995 Apr 11;92(8):3632]</clue>
</event>
<event id="E2">
<type class="Positive_regulation"/>
<theme idref="T1"/>
<cause idref="T3"/>
<clue><clueType>Activation</clueType> <linkTheme>of</linkTheme> the interleukin 6 gene <linkCause>by</linkCause> Mycobacterium tuberculosis or lipopolysaccharide is mediated by nuclear factors NF-IL6 and NF-kappa B [published erratum appears in Proc Natl Acad Sci U S A 1995 Apr 11;92(8):3632]</clue>
</event>
<event id="E3">
<type class="Positive_regulation"/>
<theme idref="E1"/>
<cause idref="T4"/>
<clue>Activation of the interleukin 6 gene by Mycobacterium tuberculosis or lipopolysaccharide is <clueType>mediated</clueType> <linkCause>by</linkCause> nuclear factors NF-IL6 and NF-kappa B [published erratum appears in Proc Natl Acad Sci U S A 1995 Apr 11;92(8):3632]</clue>
</event>
<event id="E4">
<type class="Positive_regulation"/>
<theme idref="E2"/>
<cause idref="T4"/>
<clue>Activation of the interleukin 6 gene by Mycobacterium tuberculosis or lipopolysaccharide is <clueType>mediated</clueType> <linkCause>by</linkCause> nuclear factors NF-IL6 and NF-kappa B [published erratum appears in Proc Natl Acad Sci U S A 1995 Apr 11;92(8):3632]</clue>
</event>
<event id="E5">
<type class="Positive_regulation"/>
<theme idref="E1"/>
<cause idref="T5"/>
<clue>Activation of the interleukin 6 gene by Mycobacterium tuberculosis or lipopolysaccharide is <clueType>mediated</clueType> <linkCause>by</linkCause> nuclear factors NF-IL6 and NF-kappa B [published erratum appears in Proc Natl Acad Sci U S A 1995 Apr 11;92(8):3632]</clue>
</event>
<event id="E6">
<type class="Positive_regulation"/>
<theme idref="E2"/>
<cause idref="T5"/>
<clue>Activation of the interleukin 6 gene by Mycobacterium tuberculosis or lipopolysaccharide is <clueType>mediated</clueType> <linkCause>by</linkCause> nuclear factors NF-IL6 and NF-kappa B [published erratum appears in Proc Natl Acad Sci U S A 1995 Apr 11;92(8):3632]</clue>
</event>
</ArticleTitle>
<Abstract>
<AbstractText>
<sentence id="S2">The <term id="A30" sem="Other">host</term> response to <term id="T6" lex="Mycobacterium_tuberculosis" sem="Unicellular_organism">Mycobacterium tuberculosis</term> includes <term id="T7" lex="granuloma_formation" sem="Other">granuloma formation</term> at sites of infection and <term id="T8" lex="systemic_symptom" sem="Other">systemic symptoms</term>.</sentence>
<event KT="Other" id="E7">
<type/>
<theme idref="T6"/>
<clue>The host response to Mycobacterium tuberculosis includes granuloma formation at sites of <clueType>infection</clueType> and systemic symptoms.</clue>
<comment>SOO: bacteria infection</comment></event>
<event KT="Other" id="E8">
<type class="Regulation"/>
<theme idref="A30"/>
<cause idref="T6"/>
<clue>The host <clueType>response</clueType> <linkCause>to</linkCause> Mycobacterium tuberculosis includes granuloma formation at sites of infection and systemic symptoms.</clue>
</event>
<event KT="Fact" id="E300">
<type class="Correlation"/>
<theme idref="E8"/>
<theme idref="T7"/>
<clue>The host response to Mycobacterium tuberculosis <clueType>includes</clueType> granuloma formation <clueLoc>at sites of infection</clueLoc> and systemic symptoms.</clue>
</event>
<event KT="Fact" id="E301">
<type class="Correlation"/>
<theme idref="E8"/>
<theme idref="T7"/>
<clue>The host response to Mycobacterium tuberculosis <clueType>includes</clueType> granuloma formation <clueLoc>at</clueLoc> sites of infection and <clueLoc>systemic symptoms</clueLoc>.</clue>
</event>
<sentence id="S3"><term id="T9" lex="cytokine" sem="Protein_family_or_group">Cytokines</term> have been identified by <term id="T10" lex="immunohistochemistry" sem="Other">immunohistochemistry</term> in granulomas in <term id="A3" sem="Multicellular_organism_natural">animal models</term> of <term id="T11" lex="bacillus_Calmette-Guerin_(BCG)_infection" sem="Other">bacillus Calmette-Guerin (<term id="A1" sem="Unicellular_organism">BCG</term>) infection</term> and are released by <term id="T12" lex="mononuclear_phagocyte" sem="Cell_natural">mononuclear phagocytes</term> upon stimulation by <term id="A2" sem="Protein_molecule">mycobacterial proteins</term>.</sentence>
<event KT="Other" id="E9">
<type/>
<theme idref="A1"/>
<theme idref="A3"/>
<clue>Cytokines have been identified by immunohistochemistry in granulomas in animal models of bacillus Calmette-Guerin (BCG) <clueType>infection</clueType> and are released by mononuclear phagocytes upon stimulation by mycobacterial proteins.</clue>
<comment>SOO: bacteria infection</comment></event>
<event KT="Analysis" Source="Other" id="E10">
<type class="Gene_expression"/>
<theme idref="T9"/>
<clue>Cytokines <clueSource>have been</clueSource> <clueType><clueKT>identified</clueKT></clueType> <clueExperiment>by immunohistochemistry</clueExperiment> <clueLoc>in granulomas in animal models of bacillus Calmette-Guerin (BCG) infection</clueLoc> and are released by mononuclear phagocytes upon stimulation by mycobacterial proteins.</clue>
</event>
<event KT="Other" id="E11">
<type class="Localization"/>
<theme idref="T9"/>
<clue>Cytokines have been identified by immunohistochemistry in granulomas in animal models of bacillus Calmette-Guerin (BCG) infection and are <clueType>released</clueType> <clueLoc>by mononuclear phagocytes</clueLoc> upon stimulation by mycobacterial proteins.</clue>
</event>
<event KT="Fact" id="E12">
<type class="Positive_regulation"/>
<theme idref="E11"/>
<cause idref="A2"/>
<clue>Cytokines have been identified by immunohistochemistry in granulomas in animal models of bacillus Calmette-Guerin (BCG) infection and are released by mononuclear phagocytes <linkCause>upon</linkCause> stimulation by mycobacterial proteins.</clue>
<comment>NO CLUETYPE</comment></event>
<sentence id="S4">In this regard, the <term id="T13" lex="cytokine" sem="Protein_family_or_group">cytokine</term> <term id="T14" lex="interleukin_6" sem="Protein_molecule">interleukin 6</term> (<term id="T15" lex="IL-6" sem="Protein_molecule">IL-6</term>) may play a role in the <term id="A5" sem="Other">clinical manifestations</term> and <term id="A6" sem="Other">pathological events</term> of <term id="T16" lex="tuberculosis_infection" sem="Other"><term id="A4" sem="Unicellular_organism">tuberculosis</term> infection</term>.</sentence>
<event KT="Other" id="E13">
<type/>
<theme idref="A4"/>
<clue>In this regard, the cytokine interleukin 6 (IL-6) may play a role in the clinical manifestations and pathological events of tuberculosis <clueType>infection</clueType>.</clue>
<comment>SOO: bacteria infection; CAUTION, tuberculosis =M. tuberculosis</comment></event>
<event KT="Other" id="E51" uncertainty="probable">
<type class="Positive_regulation"/>
<theme idref="A5"/>
<cause idref="E13"/>
<clue>In this regard, the cytokine interleukin 6 (IL-6) may play a role in the clinical manifestations and pathological events <linkCause>of</linkCause> tuberculosis infection.</clue>
<comment>NO CLUETYPE</comment></event>
<event KT="Other" id="E52" uncertainty="probable">
<type class="Positive_regulation"/>
<theme idref="A6"/>
<cause idref="E13"/>
<clue>In this regard, the cytokine interleukin 6 (IL-6) may play a role in the clinical manifestations and pathological events <linkCause>of</linkCause> tuberculosis infection.</clue>
<comment>NO CLUETYPE</comment></event>
<event CL="L1" KT="Analysis" id="E14" uncertainty="probable">
<type class="Regulation"/>
<theme idref="E51"/>
<cause idref="T15"/>
<clue>In this regard, the cytokine interleukin 6 (IL-6) <clueKT><clueCL>may</clueCL></clueKT> <clueType>play a role</clueType> <linkTheme>in</linkTheme> the clinical manifestations and pathological events of tuberculosis infection.</clue>
</event>
<event CL="L1" KT="Analysis" id="E15" uncertainty="probable">
<type class="Regulation"/>
<theme idref="E52"/>
<cause idref="T15"/>
<clue>In this regard, the cytokine interleukin 6 (IL-6) <clueKT><clueCL>may</clueCL></clueKT> <clueType>play a role</clueType> <linkTheme>in</linkTheme> the clinical manifestations and pathological events of tuberculosis infection.</clue>
</event>
<sentence id="S5">We have demonstrated that <term id="T17" lex="lipoarabinomannan" sem="Protein_molecule">lipoarabinomannan</term> (<term id="T18" lex="LAM" sem="Lipid">LAM</term>) from the mycobacterial cell wall, which was virtually devoid of <term id="T19" lex="lipopolysaccharide" sem="Lipid">lipopolysaccharide</term> (<term id="T20" lex="LPS" sem="Lipid">LPS</term>), stimulated <term id="T21" lex="mononuclear_phagocyte" sem="Cell_natural">mononuclear phagocytes</term> to release <term id="T22" lex="IL-6" sem="Protein_molecule">IL-6</term> in a <term id="T23" lex="dose-response_manner" sem="Other">dose-response manner</term>.</sentence>
<event KT="Analysis" id="E17">
<type class="Physiological_process"/>
<theme idref="T21"/>
<cause idref="T18"/>
<clue>We have <clueKT>demonstrated</clueKT> that lipoarabinomannan (LAM) from the mycobacterial cell wall, which was virtually devoid of lipopolysaccharide (LPS), <clueType>stimulated</clueType> <clueLoc>mononuclear phagocytes</clueLoc> to release IL-6 in a dose-response manner.</clue>
</event>
<event KT="Other" id="E118">
<type class="Localization"/>
<theme idref="T22"/>
<clue>We have demonstrated that lipoarabinomannan (LAM) from the mycobacterial cell wall, which was virtually devoid of lipopolysaccharide (LPS), stimulated mononuclear phagocytes to <clueType>release</clueType> IL-6 in a dose-response manner.</clue>
<comment>NER: T18 MOD</comment></event>
<event KT="Other" id="E119">
<type class="Positive_regulation"/>
<theme idref="E118"/>
<cause idref="E17"/>
<clue>We have demonstrated that lipoarabinomannan (LAM) from the mycobacterial cell wall, which was virtually devoid of lipopolysaccharide (LPS), stimulated mononuclear phagocytes to release IL-6 in a dose-response manner.</clue>
<comment>NO CLUETYPE</comment></event>
<sentence id="S6"><term id="T24" lex="LAM" sem="Lipid">LAM</term> and <term id="T25" lex="LPS" sem="Lipid">LPS</term> were potent inducers of <term id="T26" lex="IL-6_gene_expression" sem="Other"><term id="T27" lex="IL-6_gene" sem="DNA_domain_or_region">IL-6 gene</term> expression</term> in <term id="T28" lex="peripheral_blood_monocyte" sem="Cell_natural">peripheral blood monocytes</term>.</sentence>
<event id="E19">
<type class="Gene_expression"/>
<theme idref="T27"/>
<clue>LAM and LPS were potent inducers of IL-6 gene <clueType>expression</clueType> in peripheral blood monocytes.</clue>
</event>
<event Manner="High" id="E20">
<type class="Positive_regulation"/>
<theme idref="E19"/>
<cause idref="T24"/>
<clue>LAM and LPS were <clueManner>potent</clueManner> <clueType>inducers</clueType> <linkTheme>of</linkTheme> IL-6 gene expression <clueLoc>in peripheral blood monocytes</clueLoc>.</clue>
<comment>NER: T24 MOD</comment></event>
<event Manner="High" id="E21">
<type class="Positive_regulation"/>
<theme idref="E19"/>
<cause idref="T25"/>
<clue>LAM and LPS were <clueManner>potent</clueManner> <clueType>inducers</clueType> <linkTheme>of</linkTheme> IL-6 gene expression <clueLoc>in peripheral blood monocytes</clueLoc>.</clue>
</event>
<sentence id="S7">Both <term id="T29" lex="LAM" sem="Lipid">LAM</term>- and <term id="T30" lex="LPS-inducible_IL-6_promoter" sem="DNA_domain_or_region"><term id="T31" lex="LPS" sem="Lipid">LPS</term>-inducible <term id="A8" sem="DNA_domain_or_region"><term id="T32" lex="IL-6" sem="Protein_molecule">IL-6</term> promoter</term></term> activity was localized to a <term id="T33" lex="DNA_fragment" sem="DNA_molecule">DNA fragment</term>, positions <term id="T34" lex="-158_to_-49" sem="DNA_domain_or_region">-158 to -49</term>, by <term id="T35" lex="deletion_analysis" sem="Other">deletion analysis</term> and <term id="T36" lex="chloramphenicol_acetyltransferase_assay" sem="Other"><term id="T37" lex="chloramphenicol_acetyltransferase" sem="Protein_molecule">chloramphenicol acetyltransferase</term> assay</term>.</sentence>
<event id="E22">
<type class="Positive_regulation"/>
<theme idref="A8" idref1="T34"/>
<cause idref="T29"/>
<clue>Both LAM- and LPS-<clueType>inducible</clueType> IL-6 promoter activity was localized to a DNA fragment, positions -158 to -49, <clueExperiment>by deletion analysis and chloramphenicol acetyltransferase assay</clueExperiment>.</clue>
<comment>NER: T29 MOD</comment></event>
<event id="E23">
<type class="Positive_regulation"/>
<theme idref="A8" idref1="T34"/>
<cause idref="T31"/>
<clue>Both LAM- and LPS-<clueType>inducible</clueType> IL-6 promoter activity was localized to a DNA fragment, positions -158 to -49, <clueExperiment>by deletion analysis and chloramphenicol acetyltransferase assay.</clueExperiment></clue>
</event>
<sentence id="S8">Two <term id="T38" lex="nuclear_factor_NF-IL6" sem="Protein_molecule">nuclear factor <term id="T39" lex="NF-IL6_motif" sem="DNA_domain_or_region">NF-IL6</term></term> (positions <term id="T40" lex="-153_to_-145" sem="DNA_domain_or_region">-153 to -145</term> and -83 to -75) and one <term id="T41" lex="nuclear_factor_NF-kappa_B_(positions_-72_to_-63)_motif" sem="DNA_domain_or_region">nuclear factor <term id="T42" lex="NF-kappa_B" sem="DNA_domain_or_region">NF-kappa B</term> (positions -72 to -63) <term id="A9" sem="DNA_domain_or_region">motifs</term></term> are present within this fragment.</sentence>
<sentence id="S9"><term id="T43" lex="site-directed_mutagenesis" sem="Other">Site-directed mutagenesis</term> of one or more of these motifs within the <term id="T44" lex="IL-6" sem="Protein_molecule">IL-6</term> promoter demonstrated that each has <term id="T45" lex="positive_regulatory_activity" sem="Other">positive regulatory activity</term> and that they could act in a function- and <term id="T46" lex="orientation-independent_manner" sem="Other">orientation-independent manner</term>.</sentence>
<sentence id="S10">Deletion of all three elements abolished inducibility of <term id="T47" lex="IL-6_promoter" sem="DNA_domain_or_region"><term id="T48" lex="IL-6" sem="Protein_molecule">IL-6</term> promoter</term> activity by both <term id="T49" lex="LAM" sem="Lipid">LAM</term> and <term id="T50" lex="LPS" sem="Lipid">LPS</term>.</sentence>
<event KT="Method" id="E24">
<type class="Mutagenesis"/>
<theme idref="T39" idref1="A9"/>
<clue><clueType>Deletion</clueType> <linkTheme>of</linkTheme> all <corefTheme>three elements</corefTheme> abolished inducibility of IL-6 promoter activity by both LAM and LPS.</clue>
<comment>NER.: T42 MOD, Artificial</comment></event>
<event KT="Method" id="E124">
<type class="Mutagenesis"/>
<theme idref="T42" idref1="A9"/>
<clue><clueType>Deletion</clueType> <linkTheme>of</linkTheme> all <corefTheme>three elements</corefTheme> abolished inducibility of IL-6 promoter activity by both LAM and LPS.</clue>
<comment>Artificial</comment></event>
<event KT="Other" id="E25">
<type class="Positive_regulation"/>
<theme idref="T47"/>
<cause idref="T49"/>
<clue>Deletion of all three elements abolished <clueType>inducibility</clueType> <linkTheme>of</linkTheme> IL-6 promoter activity <linkCause>by</linkCause> both LAM and LPS.</clue>
<comment>NER: T49 MOD</comment></event>
<event KT="Other" id="E26">
<type class="Positive_regulation"/>
<theme idref="T47"/>
<cause idref="T50"/>
<clue>Deletion of all three elements abolished <clueType>inducibility</clueType> <linkTheme>of</linkTheme> IL-6 promoter activity <linkCause>by</linkCause> both LAM and LPS.</clue>
</event>
<event id="E27">
<type class="Negative_regulation"/>
<theme idref="E25"/>
<cause idref="E24"/>
<clue>Deletion of all three elements <clueType>abolished</clueType> inducibility of IL-6 promoter activity by both LAM and LPS.</clue>
</event>
<event id="E127">
<type class="Negative_regulation"/>
<theme idref="E25"/>
<cause idref="E124"/>
<clue>Deletion of all three elements <clueType>abolished</clueType> inducibility of IL-6 promoter activity by both LAM and LPS.</clue>
</event>
<event id="E28">
<type class="Negative_regulation"/>
<theme idref="E26"/>
<cause idref="E24"/>
<clue>Deletion of all three elements <clueType>abolished</clueType> inducibility of IL-6 promoter activity by both LAM and LPS.</clue>
</event>
<event id="E128">
<type class="Negative_regulation"/>
<theme idref="E26"/>
<cause idref="E124"/>
<clue>Deletion of all three elements <clueType>abolished</clueType> inducibility of IL-6 promoter activity by both LAM and LPS.</clue>
</event>
<sentence id="S11">We conclude that the <cons id="T51" lex="(AND NF-IL6_site NF-kappa_B_site)" sem="(AND DNA_domain_or_region DNA_domain_or_region)"><term id="T52" lex="NF-IL6*" sem="DNA_domain_or_region">NF-IL6</term> and <term id="T53" lex="NF-kappa_B*" sem="DNA_domain_or_region">NF-kappa B</term> <term id="T54" lex="*site" sem="DNA_domain_or_region">sites</term></cons> mediate <term id="T55" lex="IL-6_induction" sem="Other"><term id="T56" lex="IL-6" sem="Protein_molecule">IL-6</term> induction</term> in response to both <term id="T57" lex="LPS" sem="Lipid">LPS</term> and <term id="T58" lex="LAM" sem="Lipid">LAM</term>, acting as <cons id="T59" lex="(OR bacterial_response_element mycobacterial_response_element)" sem="(OR DNA_domain_or_region DNA_domain_or_region)"><term id="T60" lex="bacterial*" sem="Other">bacterial</term> or <term id="T61" lex="mycobacterial*" sem="Other">mycobacterial</term> <term id="T62" lex="*response_element" sem="Other">response elements</term></cons>.</sentence>
<event KT="Other" id="E30">
<type class="Positive_regulation"/>
<theme idref="T56"/>
<cause idref="T57"/>
<clue>We conclude that the NF-IL6 and NF-kappa B sites mediate IL-6 <clueType>induction</clueType> <linkCause>in response to</linkCause> both LPS and LAM, acting as bacterial or mycobacterial response elements.</clue>
</event>
<event KT="Other" id="E31">
<type class="Positive_regulation"/>
<theme idref="T56"/>
<cause idref="T58"/>
<clue>We conclude that the NF-IL6 and NF-kappa B sites mediate IL-6 <clueType>induction</clueType> <linkCause>in response to</linkCause> both LPS and LAM, acting as bacterial or mycobacterial response elements.</clue>
<comment>NER: T58 MOD</comment></event>
<event KT="Analysis" id="E32">
<type class="Positive_regulation"/>
<theme idref="E30"/>
<cause idref="T52" idref1="T54"/>
<clue>We <clueKT>conclude</clueKT> that the NF-IL6 and NF-kappa B sites <clueType>mediate</clueType> IL-6 induction in response to both LPS and LAM, acting as bacterial or mycobacterial response elements.</clue>
<comment>NER: T52 T53 T54 MOD</comment></event>
<event KT="Analysis" id="E33">
<type class="Positive_regulation"/>
<theme idref="E31"/>
<cause idref="T52" idref1="T54"/>
<clue>We <clueKT>conclude</clueKT> that the NF-IL6 and NF-kappa B sites <clueType>mediate</clueType> IL-6 induction in response to both LPS and LAM, acting as bacterial or mycobacterial response elements.</clue>
</event>
<event KT="Analysis" id="E34">
<type class="Positive_regulation"/>
<theme idref="E30"/>
<cause idref="T53" idref1="T54"/>
<clue>We <clueKT>conclude</clueKT> that the NF-IL6 and NF-kappa B sites <clueType>mediate</clueType> IL-6 induction in response to both LPS and LAM, acting as bacterial or mycobacterial response elements.</clue>
</event>
<event KT="Analysis" id="E35">
<type class="Positive_regulation"/>
<theme idref="E31"/>
<cause idref="T53" idref1="T54"/>
<clue>We <clueKT>conclude</clueKT> that the NF-IL6 and NF-kappa B sites <clueType>mediate</clueType> IL-6 induction in response to both LPS and LAM, acting as bacterial or mycobacterial response elements.</clue>
</event>
</AbstractText>
</Abstract></Article></MedlineCitation></PubmedArticle></PubmedArticleSet></Annotation>
