<?xml version='1.0'?><!DOCTYPE Annotation PUBLIC "//GENIA//DTD GENIA ANNOTATION EVENT 2.0//EN_Modified" "../ModifiedGENIAtypes/Modified_GENIA_event_20.dtd"><Annotation annotates="http://www.ncbi.nlm.nih.gov/entrez/eutils/efetch.fcgi?db=pubmed&amp;retmode=xml&amp;rettype=medline&amp;id=8139041" created="27/10/2006" creator="Yo Shidahara"><PubmedArticleSet><PubmedArticle><MedlineCitation>
<PMID>8139041</PMID>
<Article>
<ArticleTitle>
<sentence id="S1">A <term id="T1" lex="transcriptional_regulatory_element" sem="DNA_family_or_group">transcriptional regulatory element</term> is associated with a <term id="T2" lex="nuclease-hypersensitive_site" sem="DNA_domain_or_region"><term id="A1" sem="Protein_family_or_group">nuclease</term>-hypersensitive site</term> in the <term id="T3" lex="pol_gene" sem="DNA_domain_or_region">pol gene</term> of <term id="T4" lex="human_immunodeficiency_virus_type_1" sem="Virus">human immunodeficiency virus type 1</term>.</sentence>
<event KT="Analysis" id="E1">
<type class="Correlation"/>
<theme idref="T1"/>
<theme idref="T2"/>
<clue>A transcriptional regulatory element is <clueType><clueKT>associated</clueKT></clueType> <linkTheme>with</linkTheme> a nuclease-hypersensitive site in the pol gene of human immunodeficiency virus type 1.</clue>
</event>
</ArticleTitle>
<Abstract>
<AbstractText>
<sentence id="S2">Analysis of the chromatin organization of the integrated <term id="T5" lex="human_immunodeficiency_virus_type_1_(HIV-1)_genome" sem="DNA_family_or_group"><term id="T6" lex="human_immunodeficiency_virus_type_1" sem="Virus">human immunodeficiency virus type 1</term> (<term id="T7" lex="HIV-1" sem="Virus">HIV-1</term>) genome</term> has previously revealed a <term id="T8" lex="major_constitutive_DNase_I-hypersensitive_site" sem="DNA_domain_or_region">major constitutive DNase I-hypersensitive site</term> associated with the <term id="T9" lex="pol_gene" sem="DNA_domain_or_region">pol gene</term> (E. Verdin, J. Virol. 65:6790-6799, 1991).</sentence>
<event KT="Other" id="E2">
<type class="Viral_life_cycle"/>
<theme idref="T5"/>
<clue>Analysis of the chromatin organization of the <clueType>integrated</clueType> human immunodeficiency virus type 1 (HIV-1) genome has previously revealed a major constitutive DNase I-hypersensitive site associated with the pol gene (E. Verdin, J. Virol. 65:6790-6799, 1991).</clue>
</event>
<event KT="Analysis" Source="Other" id="E3">
<type class="Correlation"/>
<theme idref="T8"/>
<theme idref="T9"/>
<clue><clueExperiment>Analysis of the chromatin organization of the integrated human immunodeficiency virus type 1 (HIV-1) genome</clueExperiment> has <clueSource>previously</clueSource> <clueKT>revealed</clueKT> a major constitutive DNase I-hypersensitive site <clueType><clueKT>associated</clueKT></clueType> <linkTheme>with</linkTheme> the pol gene (E. Verdin, J. Virol. 65:6790-6799, 1991).</clue>
</event>
<sentence id="S3">In the present report, <term id="T10" lex="high-resolution_mapping" sem="Other">high-resolution mapping</term> of this site with <term id="T11" lex="DNase_I" sem="Protein_molecule">DNase I</term> and <term id="T12" lex="micrococcal_nuclease" sem="Protein_family_or_group">micrococcal nuclease</term> identified a <term id="T13" lex="nucleosome-free_region" sem="DNA_domain_or_region">nucleosome-free region</term> centered around <term id="T14" lex="nucleotides_(nt)_4490_to_4766" sem="DNA_domain_or_region">nucleotides (nt) 4490 to 4766</term>.</sentence>
<sentence id="S4"><term id="A7" sem="DNA_domain_or_region">A <term id="T15" lex="500-bp_fragment" sem="DNA_domain_or_region">500-bp fragment</term> encompassing this <term id="T16" lex="hypersensitive_site" sem="DNA_domain_or_region">hypersensitive site</term> (<term id="T17" lex="nt_4481_to_4982" sem="DNA_domain_or_region">nt 4481 to 4982</term>)</term> exhibited <term id="T18" lex="transcription-enhancing_activity" sem="Other"><term id="A8" sem="Other">transcription</term>-enhancing activity</term> (two- to threefold) when it was cloned in its natural position with respect to the <term id="T19" lex="HIV-1_promoter" sem="DNA_domain_or_region"><term id="A2" sem="Virus">HIV-1</term> promoter</term> after transient transfection in <term id="T20" lex="U937" sem="Cell_cultured">U937</term> and <term id="T21" lex="CEM_cell" sem="Cell_cultured">CEM</term> <term id="A3" sem="Cell_cultured">cells</term>.</sentence>
<event KT="Analysis" Manner="High" id="E6">
<type class="Positive_regulation"/>
<theme idref="A8"/>
<cause idref="A7"/>
<clue>A 500-bp fragment encompassing this hypersensitive site (nt 4481 to 4982) <clueType><clueKT>exhibited</clueKT></clueType> transcription-<clueType>enhancing activity</clueType> (<clueManner>two- to threefold</clueManner>) <clueExperiment>when it was cloned in its natural position with respect to the HIV-1 promoter after transient transfection in U937 and CEM cells.</clueExperiment></clue>
<comment>TPS A7, NER T21 MOD</comment></event>
<sentence id="S5">Using <term id="T22" lex="in_vitro_footprinting" sem="Other">in vitro footprinting</term> and <term id="T23" lex="gel_shift_assay" sem="Other">gel shift assays</term>, we have identified four distinct <term id="T24" lex="binding_site" sem="DNA_domain_or_region">binding sites</term> for <term id="T25" lex="nuclear_protein" sem="Protein_family_or_group">nuclear proteins</term> within this <term id="T26" lex="positive_regulatory_element" sem="DNA_domain_or_region">positive regulatory element</term>.</sentence>
<event KT="Analysis" id="E11">
<type class="Binding"/>
<theme idref="T25"/>
<theme idref="A7"/>
<clue><clueExperiment>Using in vitro footprinting and gel shift assays</clueExperiment>, we have <clueKT>identified</clueKT> four distinct <clueType>binding</clueType> sites <linkTheme>for</linkTheme> nuclear proteins <linkTheme>within</linkTheme> <corefTheme>this positive regulatory element</corefTheme>.</clue>
<comment>NER: T22 mod &quot;vitro footprinting&quot;-&gt;&quot;in vitro footprinting&quot;</comment></event>
<sentence id="S6"><term id="T27" lex="Site_B" sem="DNA_domain_or_region">Site B</term> (<term id="T28" lex="nt_4519_to_4545" sem="DNA_domain_or_region">nt 4519 to 4545</term>) specifically bound four distinct <term id="T29" lex="nuclear_protein_complex" sem="Protein_complex">nuclear protein complexes</term>: a <term id="T30" lex="ubiquitous_factor" sem="Protein_family_or_group">ubiquitous factor</term>, a <term id="T31" lex="T-cell-specific_factor" sem="Protein_family_or_group">T-cell-specific factor</term>, a <term id="T32" lex="B-cell-specific_factor" sem="Protein_molecule">B-cell-specific factor</term>, and the <term id="T33" lex="monocyte/macrophage-_and_B-cell-specific_transcription_factor" sem="Protein_family_or_group">monocyte/macrophage- and B-cell-specific <term id="T34" lex="transcription_factor" sem="Protein_family_or_group">transcription factor</term></term> <term id="T35" lex="PU.1/Spi-1" sem="Protein_molecule">PU.1/Spi-1</term>.</sentence>
<event id="E12">
<type class="Binding"/>
<theme idref="T27"/>
<theme idref="T30"/>
<clue>Site B (nt 4519 to 4545) specifically <clueType>bound</clueType> four distinct nuclear protein complexes: a ubiquitous factor, a T-cell-specific factor, a B-cell-specific factor, and the monocyte/macrophage- and B-cell-specific transcription factor PU.1/Spi-1.</clue>
</event>
<event id="E13">
<type class="Binding"/>
<theme idref="T27"/>
<theme idref="T31"/>
<clue>Site B (nt 4519 to 4545) specifically <clueType>bound</clueType> four distinct nuclear protein complexes: a ubiquitous factor, a T-cell-specific factor, a B-cell-specific factor, and the monocyte/macrophage- and B-cell-specific transcription factor PU.1/Spi-1.</clue>
</event>
<event id="E14">
<type class="Binding"/>
<theme idref="T27"/>
<theme idref="T32"/>
<clue>Site B (nt 4519 to 4545) specifically <clueType>bound</clueType> four distinct nuclear protein complexes: a ubiquitous factor, a T-cell-specific factor, a B-cell-specific factor, and the monocyte/macrophage- and B-cell-specific transcription factor PU.1/Spi-1.</clue>
</event>
<event id="E15">
<type class="Binding"/>
<theme idref="T27"/>
<theme idref="T35"/>
<clue>Site B (nt 4519 to 4545) specifically <clueType>bound</clueType> four distinct nuclear protein complexes: a ubiquitous factor, a T-cell-specific factor, a B-cell-specific factor, and the monocyte/macrophage- and B-cell-specific transcription factor PU.1/Spi-1.</clue>
</event>
<sentence id="S7">In most <term id="T36" lex="HIV-1_isolate" sem="Virus">HIV-1 isolates</term> in which this <term id="T37" lex="PU_box" sem="DNA_domain_or_region">PU box</term> was not conserved, it was replaced by a <term id="T38" lex="binding_site" sem="DNA_domain_or_region">binding site</term> for the related factor <term id="T39" lex="Ets1" sem="Protein_molecule">Ets1</term>.</sentence>
<event id="E115">
<type class="Binding"/>
<theme idref="T39"/>
<clue><clueLoc>In most HIV-1 isolates</clueLoc> in which this PU box was not conserved, it was replaced by a <clueType>binding</clueType> site <linkTheme>for</linkTheme> the related factor Ets1.</clue>
</event>
<sentence id="S8"><term id="A5" sem="Protein_family_or_group">Factors</term> binding to <term id="T40" lex="site_C" sem="DNA_domain_or_region">site C</term> (<term id="T41" lex="nt_4681_to_4701" sem="DNA_domain_or_region">nt 4681 to 4701</term>) had a <term id="T42" lex="DNA-binding_specificity" sem="Other"><term id="A4" sem="DNA_domain_or_region">DNA</term>-binding specificity</term> similar to that of <term id="A6" sem="Protein_family_or_group">factors</term> binding to <term id="T43" lex="site_B" sem="DNA_domain_or_region">site B</term>, except for <term id="T44" lex="PU.1/Spi-1" sem="Protein_molecule">PU.1/Spi-1</term>.</sentence>
<event id="E16">
<type class="Binding"/>
<theme idref="A5"/>
<theme idref="T40"/>
<clue>Factors <clueType>binding</clueType> <linkTheme>to</linkTheme> site C (nt 4681 to 4701) had a DNA-binding specificity similar to that of factors binding to site B, except for PU.1/Spi-1.</clue>
</event>
<event id="E17">
<type class="Binding"/>
<theme idref="A5"/>
<theme idref="A4"/>
<clue>Factors binding to site C (nt 4681 to 4701) <clueType>had</clueType> a DNA-<clueType>binding specificity</clueType> similar to that of factors binding to site B, except for PU.1/Spi-1.</clue>
</event>
<event id="E18">
<type class="Binding"/>
<theme idref="A6"/>
<theme idref="T43"/>
<clue>Factors binding to site C (nt 4681 to 4701) had a DNA-binding specificity similar to that of factors <clueType>binding</clueType> <linkTheme>to</linkTheme> site B, except for PU.1/Spi-1.</clue>
</event>
<sentence id="S9">A <term id="T45" lex="GC_box" sem="DNA_domain_or_region">GC box</term> containing a <term id="T46" lex="binding_site" sem="DNA_domain_or_region">binding site</term> for <term id="T47" lex="Sp1" sem="Protein_molecule">Sp1</term> was identified (<term id="T48" lex="nt_4623_to_4631" sem="DNA_domain_or_region">nt 4623 to 4631</term>).</sentence>
<event KT="Analysis" id="E19">
<type class="Binding"/>
<theme idref="T45"/>
<theme idref="T47"/>
<clue>A GC box <clueType>containing a binding site</clueType> <linkTheme>for</linkTheme> Sp1 was <clueKT>identified</clueKT> (nt 4623 to 4631).</clue>
</event>
<sentence id="S10"><term id="T49" lex="site_D" sem="DNA_domain_or_region">Site D</term> (<term id="T50" lex="nt_4816_to_4851" sem="DNA_domain_or_region">nt 4816 to 4851</term>) specifically bound a <term id="T51" lex="ubiquitously_expressed_factor" sem="Protein_family_or_group">ubiquitously expressed factor</term>.</sentence>
<event id="E20">
<type class="Binding"/>
<theme idref="T49"/>
<theme idref="T51"/>
<clue>Site D (nt 4816 to 4851) specifically <clueType>bound</clueType> a ubiquitously expressed factor.</clue>
</event>
<sentence id="S11">These results identify a <term id="T52" lex="transcriptional_regulatory_element" sem="DNA_family_or_group">transcriptional regulatory element</term> associated with a <term id="T53" lex="nuclease-hypersensitive_site" sem="DNA_domain_or_region">nuclease-<term id="T54" lex="hypersensitive_site" sem="DNA_domain_or_region">hypersensitive site</term></term> in the <term id="T55" lex="pol_gene" sem="DNA_domain_or_region">pol gene</term> of <term id="T56" lex="HIV-1" sem="Virus">HIV-1</term> and suggest that its activity may be controlled by a complex interplay of <term id="T57" lex="regulatory_element" sem="DNA_family_or_group">cis-regulatory elements</term>.</sentence>
<event KT="Analysis" id="E21">
<type class="Correlation"/>
<theme idref="T52"/>
<theme idref="T53"/>
<clue>These results <clueKT>identify</clueKT> a transcriptional regulatory element <clueType><clueKT>associated</clueKT></clueType> <linkTheme>with</linkTheme> a nuclease-hypersensitive site in the pol gene of HIV-1 and suggest that its activity may be controlled by a complex interplay of cis-regulatory elements.</clue>
<comment>NER T57 MOD</comment></event>
<event KT="Other" id="E22">
<type class="Correlation"/>
<theme idref="T57"/>
<clue>These results identify a transcriptional regulatory element associated with a nuclease-hypersensitive site in the pol gene of HIV-1 and suggest that its activity may be controlled by a complex <clueType>interplay</clueType> <linkTheme>of</linkTheme> cis-regulatory elements.</clue>
</event>
<event CL="L1" KT="Analysis" id="E23" uncertainty="probable">
<type class="Regulation"/>
<theme idref="T52"/>
<cause idref="E22"/>
<clue>These results identify a transcriptional regulatory element associated with a nuclease-hypersensitive site in the pol gene of HIV-1 and <clueKT>suggest</clueKT> that <corefTheme>its activity</corefTheme> <clueCL>may</clueCL> be <clueType>controlled</clueType> <linkCause>by</linkCause> a complex interplay of cis-regulatory elements.</clue>
</event>
</AbstractText>
</Abstract></Article></MedlineCitation></PubmedArticle></PubmedArticleSet></Annotation>
