<?xml version='1.0'?><!DOCTYPE Annotation PUBLIC "//GENIA//DTD GENIA ANNOTATION EVENT 2.0//EN_Modified" "../ModifiedGENIAtypes/Modified_GENIA_event_20.dtd"><Annotation annotates="http://www.ncbi.nlm.nih.gov/entrez/eutils/efetch.fcgi?db=pubmed&amp;retmode=xml&amp;rettype=medline&amp;id=8144878" created="24/04/2006" creator="Junko Matsuura"><PubmedArticleSet><PubmedArticle><MedlineCitation>
<PMID>8144878</PMID>
<Article>
<ArticleTitle>
<sentence id="S1">Expression of <term id="T1" lex="v-src" sem="DNA_domain_or_region">v-src</term> in <term id="T2" lex="T_cell" sem="Cell_natural">T cells</term> correlates with nuclear expression of <term id="T3" lex="NF-kappa_B" sem="Protein_molecule">NF-kappa B</term>.</sentence>
<event KT="Other" id="E1">
<type class="Gene_expression"/>
<theme idref="T1"/>
<clue><clueType>Expression</clueType> <linkTheme>of</linkTheme> v-src <clueLoc>in T cells</clueLoc> correlates with nuclear expression of NF-kappa B.</clue>
</event>
<event KT="Other" id="E2">
<type class="Localization"/>
<theme idref="T3"/>
<clue>Expression of v-src in T cells correlates with <clueLoc>nuclear</clueLoc> <clueType>expression</clueType> <linkTheme>of</linkTheme> NF-kappa B.</clue>
</event>
<event KT="Analysis" id="E3">
<type class="Correlation"/>
<theme idref="E1"/>
<theme idref="E2"/>
<clue>Expression of v-src in T cells <clueType><clueKT>correlates</clueKT></clueType> <linkTheme>with</linkTheme> nuclear expression of NF-kappa B.</clue>
</event>
</ArticleTitle>
<Abstract>
<AbstractText>
<sentence id="S2"><term id="T4" lex="NF-kappa_B" sem="Protein_molecule">NF-kappa B</term> is a rapidly inducible <term id="T5" lex="transcriptional_activator" sem="DNA_domain_or_region">transcriptional activator</term> that responds to a variety of <term id="A1" sem="Other">signals</term> and influences the expression of <term id="A2" sem="DNA_domain_or_region">many genes</term> involved in the <term id="T6" lex="immune_response" sem="Other">immune response</term>.</sentence>
<event KT="Fact" Manner="High" id="E4">
<type class="Positive_regulation"/>
<theme idref="T4"/>
<cause idref="A1"/>
<clue>NF-kappa B is a <clueManner>rapidly</clueManner> <clueType>inducible</clueType> transcriptional activator that <linkCause>responds to</linkCause> a variety of signals and influences the expression of many genes involved in the immune response.</clue>
</event>
<event KT="Other" id="E5">
<type class="Gene_expression"/>
<theme idref="A2"/>
<clue>NF-kappa B is a rapidly inducible transcriptional activator that responds to a variety of signals and influences the <clueType>expression</clueType> <linkTheme>of</linkTheme> many genes involved in the immune response.</clue>
</event>
<event KT="Fact" id="E6">
<type class="Regulation"/>
<theme idref="E5"/>
<cause idref="T4"/>
<clue>NF-kappa B is a rapidly inducible transcriptional activator that responds to a variety of signals and <clueType>influences</clueType> the expression of many genes involved in the immune response.</clue>
</event>
<event KT="Other" id="E61">
<type class="Correlation"/>
<theme idref="A2"/>
<theme idref="T6"/>
<clue>NF-kappa B is a rapidly inducible transcriptional activator that responds to a variety of signals and influences the expression of many genes <clueType>involved</clueType> <linkTheme>in</linkTheme> the immune response.</clue>
</event>
<sentence id="S3">Protein <term id="T7" lex="tyrosine_kinase" sem="Protein_molecule"><term id="T8" lex="tyrosine" sem="Amino_acid_monomer">tyrosine</term> kinases</term> transmit <term id="A3" sem="Other">signals</term> <term id="A4" sem="Other">from</term> <term id="A5" sem="Other">cytokine</term> and <term id="A6" sem="Other">immune receptors</term>.</sentence>
<event KT="Fact" id="E7">
<type class="Cell_communication"/>
<theme idref="A3" idref1="A4" idref2="A5"/>
<theme idref="T7"/>
<clue>Protein tyrosine kinases <clueType>transmit</clueType> signals from cytokine and immune receptors.</clue>
<comment>NER: T9 DEL</comment></event>
<event KT="Fact" id="E8">
<type class="Cell_communication"/>
<theme idref="A3" idref1="A4" idref2="A6"/>
<theme idref="T7"/>
<clue>Protein tyrosine kinases <clueType>transmit</clueType> signals from cytokine and immune receptors.</clue>
</event>
<sentence id="S4">Very little information exists linking these two important classes of <term id="T10" lex="signaling_molecule" sem="Protein_family_or_group">signaling molecules</term>.</sentence>
<sentence id="S5">We now demonstrate that <term id="T11" lex="v-src_expression" sem="Other"><term id="T12" lex="v-src" sem="DNA_domain_or_region">v-src</term> expression</term> correlates with nuclear expression of a <term id="T13" lex="kappa_B_binding_complex" sem="Protein_complex">kappa B binding complex</term> similar to that induced by <term id="T14" lex="phorbol_ester" sem="Organic_compound_other">phorbol ester</term> and <term id="T15" lex="ionomycin" sem="Organic_compound_other">ionomycin</term>, as detected by <term id="T16" lex="electrophoretic_mobility_shift_assay" sem="Other">electrophoretic mobility shift assay</term> using a variety of <term id="T17" lex="kappa_B_site" sem="DNA_domain_or_region">kappa B sites</term>.</sentence>
<event KT="Other" id="E9">
<type class="Gene_expression"/>
<theme idref="T12"/>
<clue>We now demonstrate that v-src <clueType>expression</clueType> correlates with nuclear expression of a kappa B binding complex similar to that induced by phorbol ester and ionomycin, as detected by electrophoretic mobility shift assay using a variety of kappa B sites.</clue>
</event>
<event KT="Other" id="E10">
<type class="Localization"/>
<theme idref="T13"/>
<clue>We now demonstrate that v-src expression correlates with <clueLoc>nuclear</clueLoc> <clueType>expression</clueType> <linkTheme>of</linkTheme> a kappa B binding complex similar to that induced by phorbol ester and ionomycin, as detected by electrophoretic mobility shift assay using a variety of kappa B sites.</clue>
</event>
<event KT="Analysis" id="E11">
<type class="Correlation"/>
<theme idref="E9"/>
<theme idref="E10"/>
<clue>We now <clueKT>demonstrate</clueKT> that v-src expression <clueType><clueKT>correlates</clueKT></clueType> <linkTheme>with</linkTheme> nuclear expression of a kappa B binding complex similar to that induced by phorbol ester and ionomycin, <clueExperiment>as detected by electrophoretic mobility shift assay using a variety of kappa B sites.</clueExperiment></clue>
</event>
<event KT="Other" id="E12">
<type class="Positive_regulation"/>
<theme idref="T13"/>
<cause idref="T14"/>
<clue>We now demonstrate that v-src expression correlates with nuclear expression of a kappa B binding complex similar to <corefTheme>that</corefTheme> <clueType>induced</clueType> <linkCause>by</linkCause> phorbol ester and ionomycin, as detected by electrophoretic mobility shift assay using a variety of kappa B sites.</clue>
</event>
<event KT="Other" id="E13">
<type class="Positive_regulation"/>
<theme idref="T13"/>
<cause idref="T15"/>
<clue>We now demonstrate that v-src expression correlates with nuclear expression of a kappa B binding complex similar to <corefTheme>that</corefTheme> <clueType>induced</clueType> <linkCause>by</linkCause> phorbol ester and ionomycin, as detected by electrophoretic mobility shift assay using a variety of kappa B sites.</clue>
</event>
<sentence id="S6">This complex was blocked by the <term id="T18" lex="tyrosine_kinase" sem="Protein_molecule"><term id="T19" lex="tyrosine" sem="Amino_acid_monomer">tyrosine</term> kinase</term> inhibitor, <term id="A7" sem="Organic_compound_other">herbimycin A</term>.</sentence>
<event id="E14">
<type class="Negative_regulation"/>
<theme idref="T13"/>
<cause idref="A7"/>
<clue><corefTheme>This complex</corefTheme> was <clueType>blocked</clueType> <linkCause>by</linkCause> the tyrosine kinase inhibitor, herbimycin A.</clue>
</event>
<event KT="Fact" id="E63">
<type class="Negative_regulation"/>
<theme idref="T18"/>
<cause idref="A7"/>
<clue>This complex was blocked by the tyrosine kinase <clueType>inhibitor</clueType>, herbimycin A.</clue>
</event>
<sentence id="S7">The <term id="T20" lex="v-src-induced_complex" sem="Protein_complex"><term id="T21" lex="v-src" sem="DNA_domain_or_region">v-src</term>-induced complex</term> comprised the <term id="T22" lex="p50" sem="Protein_molecule">p50</term> and <term id="T23" lex="p65" sem="Protein_molecule">p65</term> components of <term id="T24" lex="NF-kappa_B" sem="Protein_molecule">NF-kappa B</term>, as determined by <cons id="T25" lex="(AND supershift_analysis immunoblot_analysis)" sem="(AND Other Other)"><frag id="F1">supershift</frag> and <frag id="F2">immunoblot</frag> <frag id="F3">analysis</frag></cons>.</sentence>
<event id="E15">
<type class="Binding"/>
<theme idref="T22"/>
<theme idref="T23"/>
<clue>The v-src-<clueType>induced complex</clueType> comprised the p50 and p65 components of NF-kappa B, as determined by supershift and immunoblot analysis.</clue>
</event>
<event id="E16" uncertainty="doubtful">
<type class="Positive_regulation"/>
<theme idref="E15"/>
<cause idref="T21"/>
<clue>The v-src-<clueType>induced</clueType> complex comprised the p50 and p65 components of NF-kappa B, <clueExperiment>as determined by supershift and immunoblot analysis.</clueExperiment></clue>
</event>
<sentence id="S8">As a functional correlate of this finding, transient co-transfection of <term id="T26" lex="HIV-1_LTR_reporter_construct" sem="DNA_family_or_group"><term id="T27" lex="HIV-1_LTR" sem="DNA_domain_or_region">HIV-1 LTR</term> reporter constructs</term> in a different <term id="T28" lex="T_cell_line" sem="Cell_cultured">T cell line</term> demonstrated that <term id="T29" lex="v-src" sem="DNA_domain_or_region">v-src</term> activated this <term id="T30" lex="promoter" sem="Protein_domain_or_region">promoter</term> in a <term id="T31" lex="kappa_B-dependent_manner" sem="Other">kappa B-dependent manner</term>.</sentence>
<event KT="Method" id="E17">
<type class="Artificial_process"/>
<theme idref="T29"/>
<theme idref="T26"/>
<clue>As a functional correlate of this finding, transient <clueType>co-transfection</clueType> <linkTheme>of</linkTheme> HIV-1 LTR reporter constructs <clueLoc>in a different T cell line</clueLoc> demonstrated that v-src activated this promoter in a kappa B-dependent manner.</clue>
</event>
<event KT="Analysis" id="E18">
<type class="Positive_regulation"/>
<theme idref="T27"/>
<cause idref="T29"/>
<clue>As a functional correlate of this finding, <clueExperiment>transient co-transfection of HIV-1 LTR reporter constructs in a different T cell line</clueExperiment> <clueKT>demonstrated</clueKT> that v-src <clueType>activated</clueType> <corefTheme>this promoter</corefTheme> in a kappa B-dependent manner.</clue>
</event>
<sentence id="S9">We found that transactivation of the <term id="T32" lex="HIV-1_LTR" sem="DNA_domain_or_region">HIV-1 LTR</term> by <term id="T33" lex="v-src" sem="DNA_domain_or_region">v-src</term> was more sensitive to mutations of the <term id="A8" sem="DNA_domain_or_region">proximal</term>, rather than the distal, <term id="T34" lex="kappa_B_element" sem="DNA_domain_or_region">kappa B element</term>.</sentence>
<event id="E19">
<type class="Positive_regulation"/>
<theme idref="T32"/>
<cause idref="T33"/>
<clue>We found that <clueType>transactivation</clueType> <linkTheme>of</linkTheme> the HIV-1 LTR <linkCause>by</linkCause> v-src was more sensitive to mutations of the proximal, rather than the distal, kappa B element.</clue>
</event>
<event KT="Method" id="E20">
<type class="Mutagenesis"/>
<theme idref="A8" idref1="T34"/>
<clue>We found that transactivation of the HIV-1 LTR by v-src was more sensitive to <clueType>mutations</clueType> <linkTheme>of</linkTheme> the proximal, rather than the distal, kappa B element.</clue>
<comment>Artificial</comment></event>
<event id="E21">
<type/>
<theme idref="E19"/>
<cause idref="E20"/>
<clue>We <clueKT>found</clueKT> that transactivation of the HIV-1 LTR by v-src was more <clueType>sensitive</clueType> <linkCause>to</linkCause> mutations of the proximal, rather than the distal, kappa B element.</clue>
<comment>SENSITIVITY</comment></event>
<sentence id="S10">The implications for <term id="T35" lex="T_cell_receptor_signaling" sem="Other"><term id="T36" lex="T_cell_receptor" sem="Protein_family_or_group">T cell receptor</term> signaling</term> and <term id="T37" lex="HIV-1_gene_expression" sem="Other"><term id="T38" lex="HIV-1_gene" sem="DNA_family_or_group">HIV-1 gene</term> expression</term> are considered.</sentence>
<event KT="Other" id="E22">
<type class="Gene_expression"/>
<theme idref="T38"/>
<clue>The implications for T cell receptor signaling and HIV-1 gene <clueType>expression</clueType> are considered.</clue>
</event>
<event CL="L2" KT="Analysis" id="E23" uncertainty="probable">
<type class="Correlation"/>
<theme idref="T35"/>
<theme idref="E22"/>
<clue>The <clueType><clueKT><clueCL>implications</clueCL></clueKT></clueType> <linkTheme>for</linkTheme> T cell receptor signaling <linkTheme>and</linkTheme> HIV-1 gene expression are considered.</clue>
</event>
</AbstractText>
</Abstract></Article></MedlineCitation></PubmedArticle></PubmedArticleSet></Annotation>
