<?xml version='1.0'?><!DOCTYPE Annotation PUBLIC "//GENIA//DTD GENIA ANNOTATION EVENT 2.0//EN_Modified" "../ModifiedGENIAtypes/Modified_GENIA_event_20.dtd"><Annotation annotates="http://www.ncbi.nlm.nih.gov/entrez/eutils/efetch.fcgi?db=pubmed&amp;retmode=xml&amp;rettype=medline&amp;id=8163464" created="27/10/2006" creator="Yo Shidahara"><PubmedArticleSet><PubmedArticle><MedlineCitation>
<PMID>8163464</PMID>
<Article>
<ArticleTitle>
<sentence id="S1">A novel <term id="T1" lex="heterodimerization_partner" sem="Protein_family_or_group">heterodimerization partner</term> for <term id="T2" lex="thyroid_hormone_receptor" sem="Protein_family_or_group">thyroid hormone receptor</term>.</sentence>
<event KT="Investigation" id="E1">
<type class="Binding"/>
<theme idref="T2"/>
<theme idref="T3"/>
<clue>A novel <clueType>heterodimerization partner</clueType> <linkTheme>for</linkTheme> thyroid hormone receptor.</clue>
</event>
<sentence id="S2"><term id="T3" lex="peroxisome_proliferator-activated_receptor" sem="Protein_molecule">Peroxisome proliferator-activated receptor</term>.</sentence>
</ArticleTitle>
<Abstract>
<AbstractText>
<sentence id="S3"><term id="T4" lex="retinoid-like_receptor" sem="Protein_family_or_group">Retinoid-like receptors</term> play a central role in <term id="T5" lex="hormonal_response" sem="Other">hormonal responses</term> by forming <term id="T6" lex="heterodimer" sem="Protein_complex">heterodimers</term> with other <term id="T7" lex="nuclear_hormone_receptor" sem="Protein_family_or_group">nuclear hormone receptors</term>.</sentence>
<event KT="Other" id="E2">
<type class="Binding"/>
<theme idref="T4"/>
<theme idref="T7"/>
<clue>Retinoid-like receptors play a central role in hormonal responses by <clueType>forming heterodimers</clueType> <linkTheme>with</linkTheme> other nuclear hormone receptors.</clue>
</event>
<event KT="Fact" id="E3">
<type class="Regulation"/>
<theme idref="T5"/>
<cause idref="E2"/>
<clue>Retinoid-like receptors <clueType>play a central role</clueType> <linkTheme>in</linkTheme> hormonal responses <linkCause>by</linkCause> forming heterodimers with other nuclear hormone receptors.</clue>
</event>
<sentence id="S4">In this study we have identified the <term id="T8" lex="peroxisome_proliferator-activated_receptor" sem="Protein_molecule">peroxisome proliferator-activated receptor</term> (<term id="T9" lex="PPAR" sem="Protein_molecule">PPAR</term>) as a new <term id="T10" lex="thyroid_hormone_receptor_(THR)_auxiliary_nuclear_protein" sem="Protein_molecule"><term id="T11" lex="thyroid_hormone_receptor" sem="Protein_family_or_group">thyroid hormone receptor</term> (<term id="T12" lex="THR" sem="Protein_family_or_group">THR</term>) auxiliary nuclear protein</term>, heterodimerizing with <term id="T13" lex="THR" sem="Protein_family_or_group">THR</term> in solution.</sentence>
<event KT="Analysis" id="E5">
<type class="Binding"/>
<theme idref="T9"/>
<theme idref="T13"/>
<clue>In this study we have <clueKT>identified</clueKT> the peroxisome proliferator-activated receptor (PPAR) as a new thyroid hormone receptor (THR) auxiliary nuclear protein, <clueType>heterodimerizing</clueType> <linkTheme>with</linkTheme> THR <clueLoc>in solution</clueLoc>.</clue>
</event>
<sentence id="S5">Although these <term id="T14" lex="heterodimer" sem="Protein_complex">heterodimers</term> do not recognize a classical <term id="T15" lex="thyroid_hormone_response_element" sem="DNA_domain_or_region">thyroid hormone response element</term> (<term id="T16" lex="TRE" sem="DNA_domain_or_region">TRE</term>) characterized by <term id="T17" lex="direct_repeat" sem="DNA_substructure">direct repeat</term> separated by <term id="T18" lex="four_nucleotide" sem="Nucleotide">four nucleotides</term> (<term id="T19" lex="DR+4" sem="DNA_domain_or_region">DR+4</term>), <term id="T20" lex="PPAR" sem="Protein_molecule">PPAR</term> behaves as a <term id="T21" lex="dominant_negative_regulator" sem="Other">dominant negative regulator</term> of <term id="T22" lex="thyroid_hormone_(TH)_action" sem="Other"><term id="T23" lex="thyroid_hormone" sem="Peptide">thyroid hormone</term> (<term id="T24" lex="TH" sem="Peptide">TH</term>) action</term>.</sentence>
<event Polarity="Negative" assertion="non-exist" id="E6">
<type class="Binding"/>
<theme idref="T16"/>
<theme idref="T9" idref1="T13" idref2="T14"/>
<clue>Although <corefTheme>these heterodimers</corefTheme> do <cluePolarity>not</cluePolarity> <clueType>recognize</clueType> a classical thyroid hormone response element (TRE) characterized by direct repeat separated by four nucleotides (DR+4), PPAR behaves as a dominant negative regulator of thyroid hormone (TH) action.</clue>
</event>
<event id="E7">
<type class="Negative_regulation"/>
<theme idref="T24"/>
<cause idref="T20"/>
<clue>Although these heterodimers do not recognize a classical thyroid hormone response element (TRE) characterized by direct repeat separated by four nucleotides (DR+4), PPAR <clueType>behaves as a dominant negative regulator</clueType> <linkTheme>of</linkTheme> thyroid hormone (TH) action.</clue>
</event>
<sentence id="S6">However, a <term id="T25" lex="TH-dependent_positive_effect" sem="Other"><term id="T26" lex="TH" sem="Peptide">TH</term>-dependent positive effect</term> is elicited by selective interaction of the <term id="T27" lex="THR_beta-PPAR" sem="Protein_molecule"><term id="T28" lex="THR" sem="Protein_molecule">THR beta</term>-<term id="T29" lex="PPAR" sem="Protein_molecule">PPAR</term></term> but not the <term id="T30" lex="THR_alpha-PPAR_heterodimer" sem="Protein_complex"><term id="T31" lex="THR" sem="Protein_molecule">THR alpha</term>-<term id="T32" lex="PPAR" sem="Protein_molecule">PPAR</term> heterodimer</term> with a novel <term id="T33" lex="TRE" sem="DNA_domain_or_region">TRE</term> (<term id="T34" lex="DR+2" sem="DNA_domain_or_region">DR+2</term>).</sentence>
<event id="E8">
<type class="Binding"/>
<theme idref="T27"/>
<theme idref="T34"/>
<clue>However, a TH-dependent positive effect is elicited by selective <clueType>interaction</clueType> <linkTheme>of</linkTheme> the THR beta-PPAR but not the THR alpha-PPAR heterodimer <linkTheme>with</linkTheme> a novel TRE (DR+2).</clue>
<comment>NER T28, T31 MOD</comment></event>
<event id="E108">
<type class="Binding"/>
<theme idref="T30"/>
<theme idref="T34"/>
<clue>However, a TH-dependent positive effect is elicited by selective <clueType>interaction</clueType> <linkTheme>of</linkTheme> the THR beta-PPAR but not the THR alpha-PPAR heterodimer <linkTheme>with</linkTheme> a novel TRE (DR+2).</clue>
</event>
<event id="E9">
<type class="Positive_regulation"/>
<cause idref="T26"/>
<clue>However, a TH-<linkCause>dependent</linkCause> <clueType>positive effect</clueType> is elicited by selective interaction of the THR beta-PPAR but not the THR alpha-PPAR heterodimer with a novel TRE (DR+2).</clue>
</event>
<event id="E10">
<type class="Positive_regulation"/>
<theme idref="E9"/>
<cause idref="E8"/>
<clue>However, a TH-dependent positive effect is <clueType>elicited</clueType> <linkCause>by</linkCause> selective interaction of the THR beta-PPAR but not the THR alpha-PPAR heterodimer with a novel TRE (DR+2).</clue>
</event>
<event Polarity="Negative" assertion="non-exist" id="E11">
<type class="Positive_regulation"/>
<theme idref="E9"/>
<cause idref="E108"/>
<clue>However, a TH-dependent positive effect is <clueType>elicited</clueType> <linkCause>by</linkCause> selective interaction of the THR beta-PPAR but <cluePolarity>not</cluePolarity> the THR alpha-PPAR heterodimer with a novel TRE (DR+2).</clue>
</event>
<sentence id="S7">The critical region of <term id="T35" lex="THR" sem="Protein_family_or_group">THR beta</term> was mapped to 3 <term id="T36" lex="amino_acid" sem="Amino_acid_monomer">amino acids</term> in the <term id="T37" lex="distal_box" sem="Protein_substructure">distal box</term> of the <term id="T38" lex="DNA_binding_domain" sem="Protein_domain_or_region">DNA binding domain</term>.</sentence>
<sentence id="S8">Hence, <term id="T39" lex="PPAR" sem="Protein_molecule">PPAR</term> can positively or negatively influence <term id="T40" lex="TH" sem="Peptide">TH</term> action depending on <term id="T41" lex="TRE_structure" sem="Other"><term id="T42" lex="TRE" sem="DNA_domain_or_region">TRE</term> structure</term> and <term id="T43" lex="THR_isotype" sem="Protein_family_or_group"><term id="T44" lex="THR" sem="Protein_family_or_group">THR</term> isotype</term>.</sentence>
<event KT="Other" id="E12">
<type class="Positive_regulation"/>
<theme idref="T40"/>
<cause idref="T39"/>
<clue>Hence, PPAR can <clueType>positively</clueType> or negatively <clueType>influence</clueType> TH action depending on TRE structure and THR isotype.</clue>
<comment>NER T35 MOD</comment></event>
<event KT="Other" id="E13">
<type class="Negative_regulation"/>
<theme idref="T40"/>
<cause idref="T39"/>
<clue>Hence, PPAR can positively or <clueType>negatively influence</clueType> TH action depending on TRE structure and THR isotype.</clue>
</event>
<event CL="L2" KT="Analysis" id="E14">
<type class="Regulation"/>
<theme idref="E12"/>
<cause idref="T42"/>
<clue><clueKT>Hence</clueKT>, PPAR <clueCL>can</clueCL> positively or negatively influence TH action <clueType>depending</clueType> <linkCause>on</linkCause> TRE structure and THR isotype.</clue>
</event>
<event CL="L2" KT="Analysis" id="E15">
<type class="Regulation"/>
<theme idref="E13"/>
<cause idref="T42"/>
<clue><clueKT>Hence</clueKT>, PPAR <clueCL>can</clueCL> positively or negatively influence TH action <clueType>depending</clueType> <linkCause>on</linkCause> TRE structure and THR isotype.</clue>
</event>
<event CL="L2" KT="Analysis" id="E16">
<type class="Regulation"/>
<theme idref="E12"/>
<cause idref="T44"/>
<clue><clueKT>Hence</clueKT>, PPAR <clueCL>can</clueCL> positively or negatively influence TH action <clueType>depending</clueType> <linkCause>on</linkCause> TRE structure and THR isotype.</clue>
</event>
<event CL="L2" KT="Analysis" id="E17">
<type class="Regulation"/>
<theme idref="E13"/>
<cause idref="T44"/>
<clue><clueKT>Hence</clueKT>, PPAR <clueCL>can</clueCL> positively or negatively influence TH action <clueType>depending</clueType> <linkCause>on</linkCause> TRE structure and THR isotype.</clue>
</event>
</AbstractText>
</Abstract></Article></MedlineCitation></PubmedArticle></PubmedArticleSet></Annotation>
