<?xml version='1.0'?><!DOCTYPE Annotation PUBLIC "//GENIA//DTD GENIA ANNOTATION EVENT 2.0//EN_Modified" "../ModifiedGENIAtypes/Modified_GENIA_event_20.dtd"><Annotation annotates="http://www.ncbi.nlm.nih.gov/entrez/eutils/efetch.fcgi?db=pubmed&amp;retmode=xml&amp;rettype=medline&amp;id=8163658" created="26/04/2006" creator="Junko Matsuura"><PubmedArticleSet><PubmedArticle><MedlineCitation>
<PMID>8163658</PMID>
<Article>
<ArticleTitle>
<sentence id="S1"><term id="A1" sem="Other">Hypoxic</term> induction of <term id="T1" lex="interleukin-8_gene_expression" sem="Other"><term id="T2" lex="interleukin-8_gene" sem="DNA_domain_or_region"><term id="T3" lex="interleukin-8" sem="Protein_molecule">interleukin-8</term> gene</term> expression</term> in <term id="T4" lex="human_endothelial_cell" sem="Cell_natural">human endothelial cells</term>.</sentence>
<event KT="Other" id="E1">
<type class="Gene_expression"/>
<theme idref="T2"/>
<clue>Hypoxic induction of interleukin-8 gene <clueType>expression</clueType> in human endothelial cells.</clue>
</event>
<event KT="Investigation" id="E2">
<type class="Positive_regulation"/>
<theme idref="E1"/>
<cause idref="A1"/>
<clue>Hypoxic <clueType>induction</clueType> <linkTheme>of</linkTheme> interleukin-8 gene expression <clueLoc>in human endothelial cells</clueLoc>.</clue>
</event>
</ArticleTitle>
<Abstract>
<AbstractText>
<sentence id="S2">Because <term id="T5" lex="leukocyte-mediated_tissue_damage" sem="Other">leukocyte-mediated tissue damage</term> is an important component of the pathologic picture in <term id="T6" lex="ischemia/reperfusion" sem="Other">ischemia/reperfusion</term>, we have sought mechanisms by which <term id="T7" lex="PMN" sem="Cell_natural">PMNs</term> are directed into <term id="T8" lex="hypoxic_tissue" sem="Tissue_natural">hypoxic tissue</term>.</sentence>
<event KT="Fact" id="E3">
<type class="Correlation"/>
<theme idref="T5"/>
<theme idref="T6"/>
<clue>Because leukocyte-mediated tissue damage is an <clueType>important component</clueType> <linkTheme>of</linkTheme> the pathologic picture in ischemia/reperfusion, we have sought mechanisms by which PMNs are directed into hypoxic tissue.</clue>
</event>
<event KT="Fact" id="E4">
<type class="Correlation"/>
<theme idref="T7"/>
<theme idref="T8"/>
<clue>Because leukocyte-mediated tissue damage is an important component of the pathologic picture in ischemia/reperfusion, we have sought mechanisms by which PMNs are <clueType>directed</clueType> <linkTheme>into</linkTheme> hypoxic tissue.</clue>
</event>
<sentence id="S3">Incubation of <term id="T9" lex="human_endothelial_cell" sem="Cell_natural">human endothelial cells</term> (<term id="T10" lex="EC" sem="Cell_natural">ECs</term>) in <term id="T11" lex="hypoxia" sem="Other">hypoxia</term>, PO2 approximately 14-18 Torr, led to <term id="T12" lex="time-dependent_release" sem="Other">time-dependent release</term> of <term id="T13" lex="IL-8" sem="Protein_molecule">IL-8</term> antigen into the conditioned medium; this was accompanied by increased <term id="A2" sem="Other">chemotactic activity for <term id="T14" lex="PMN" sem="Cell_natural">PMNs</term></term>, blocked by <term id="A3" sem="Protein_family_or_group">antibody to <term id="T15" lex="IL-8" sem="Protein_molecule">IL-8</term>.</term></sentence>
<event id="E5">
<type class="Physiological_process"/>
<theme idref="T10"/>
<clue>Incubation <linkTheme>of</linkTheme> human endothelial cells (ECs) in <clueType>hypoxia</clueType>, PO2 approximately 14-18 Torr, led to time-dependent release of IL-8 antigen into the conditioned medium; this was accompanied by increased chemotactic activity for PMNs, blocked by antibody to IL-8.</clue>
</event>
<event id="E6">
<type class="Localization"/>
<theme idref="T13"/>
<clue>Incubation of human endothelial cells (ECs) in hypoxia, PO2 approximately 14-18 Torr, led to time-dependent <clueType>release</clueType> <linkTheme>of</linkTheme> IL-8 antigen <clueLoc>into the conditioned medium</clueLoc>; this was accompanied by increased chemotactic activity for PMNs, blocked by antibody to IL-8.</clue>
</event>
<event id="E7">
<type class="Positive_regulation"/>
<theme idref="E6"/>
<cause idref="E5"/>
<clue>Incubation of human endothelial cells (ECs) in hypoxia, PO2 approximately 14-18 Torr, <clueType>led</clueType> <linkTheme>to</linkTheme> time-dependent release of IL-8 antigen into the conditioned medium; this was accompanied by increased chemotactic activity for PMNs, blocked by antibody to IL-8.</clue>
</event>
<event KT="Other" id="E8">
<type class="Positive_regulation"/>
<theme idref="A2"/>
<cause idref="E7"/>
<clue>Incubation of human endothelial cells (ECs) in hypoxia, PO2 approximately 14-18 Torr, led to time-dependent release of IL-8 antigen into the conditioned medium; this was accompanied by <clueType>increased</clueType> chemotactic activity for PMNs, blocked by antibody to IL-8.</clue>
<comment>TPS: A2</comment></event>
<event id="E9">
<type class="Negative_regulation"/>
<theme idref="A2"/>
<cause idref="A3"/>
<clue>Incubation of human endothelial cells (ECs) in hypoxia, PO2 approximately 14-18 Torr, led to time-dependent release of IL-8 antigen into the conditioned medium; this was accompanied by increased chemotactic activity for PMNs, <clueType>blocked</clueType> <linkCause>by</linkCause> antibody to IL-8.</clue>
<comment>TPS: A3</comment></event>
<sentence id="S4">Production of <term id="T16" lex="IL-8" sem="Protein_molecule">IL-8</term> by hypoxic <term id="T17" lex="EC" sem="Cell_natural">ECs</term> occurred concomitantly with both increased levels of <term id="T18" lex="IL-8_mRNA" sem="RNA_molecule"><term id="T19" lex="IL-8" sem="Protein_molecule">IL-8</term> mRNA</term>, based on <term id="T20" lex="polymerase_chain_reaction_analysis" sem="Other">polymerase chain reaction analysis</term>, and increased <term id="T21" lex="IL-8_transcription" sem="Other"><term id="T22" lex="IL-8" sem="Protein_molecule">IL-8</term> transcription</term>, based on <term id="T23" lex="nuclear_run-on_assay" sem="Other">nuclear run-on assays</term>.</sentence>
<event id="E10">
<type class="Physiological_process"/>
<theme idref="T17"/>
<clue>Production of IL-8 by <clueType>hypoxic</clueType> ECs occurred concomitantly with both increased levels of IL-8 mRNA, based on polymerase chain reaction analysis, and increased IL-8 transcription, based on nuclear run-on assays.</clue>
</event>
<event id="E11">
<type class="Positive_regulation"/>
<theme idref="T16"/>
<cause idref="E10"/>
<clue><clueType>Production</clueType> <linkTheme>of</linkTheme> IL-8 <linkCause>by</linkCause> hypoxic ECs occurred concomitantly with both increased levels of IL-8 mRNA, based on polymerase chain reaction analysis, and increased IL-8 transcription, based on nuclear run-on assays.</clue>
</event>
<event id="E12">
<type class="Positive_regulation"/>
<theme idref="T18"/>
<clue>Production of IL-8 by hypoxic ECs occurred concomitantly with both <clueType>increased</clueType> levels <linkTheme>of</linkTheme> IL-8 mRNA, based on polymerase chain reaction analysis, and increased IL-8 transcription, based on nuclear run-on assays.</clue>
</event>
<event id="E13">
<type class="Correlation"/>
<theme idref="E11"/>
<theme idref="E12"/>
<clue>Production of IL-8 by hypoxic ECs <clueType>occurred concomitantly</clueType> <linkTheme>with</linkTheme> both increased levels of IL-8 mRNA, <clueExperiment>based on polymerase chain reaction analysis</clueExperiment>, and increased IL-8 transcription, based on nuclear run-on assays.</clue>
</event>
<event id="E14">
<type class="Transcription"/>
<theme idref="T22"/>
<clue>Production of IL-8 by hypoxic ECs occurred concomitantly with both increased levels of IL-8 mRNA, based on polymerase chain reaction analysis, and increased IL-8 <clueType>transcription</clueType>, based on nuclear run-on assays.</clue>
</event>
<event id="E15">
<type class="Positive_regulation"/>
<theme idref="E14"/>
<clue>Production of IL-8 by hypoxic ECs occurred concomitantly with both increased levels of IL-8 mRNA, based on polymerase chain reaction analysis, and <clueType>increased</clueType> IL-8 transcription, based on nuclear run-on assays.</clue>
</event>
<event id="E16">
<type class="Correlation"/>
<theme idref="E11"/>
<theme idref="E15"/>
<clue>Production of IL-8 by hypoxic ECs <clueType>occurred concomitantly</clueType> <linkTheme>with</linkTheme> both increased levels of IL-8 mRNA, based on polymerase chain reaction analysis, and increased IL-8 transcription, <clueExperiment>based on nuclear run-on assays</clueExperiment>.</clue>
</event>
<sentence id="S5">Northern analysis of mRNA from hypoxic <term id="T24" lex="EC" sem="Cell_natural">ECs</term> also demonstrated increased levels of <term id="T25" lex="mRNA" sem="RNA_molecule">mRNA</term> <term id="A4" sem="RNA_molecule">for</term> <term id="T26" lex="macrophage_chemotactic_protein-1" sem="RNA_molecule">macrophage chemotactic protein-1</term>, another member of the <term id="T27" lex="chemokine_superfamily" sem="Protein_family_or_group">chemokine superfamily</term> of <term id="T28" lex="proinflammatory_cytokine" sem="Protein_family_or_group">proinflammatory cytokines</term>.</sentence>
<event KT="Other" id="E17">
<type class="Physiological_process"/>
<theme idref="T24"/>
<clue>Northern analysis of mRNA from <clueType>hypoxic</clueType> ECs also demonstrated increased levels of mRNA for macrophage chemotactic protein-1, another member of the chemokine superfamily of proinflammatory cytokines.</clue>
</event>
<event KT="Analysis" id="E18">
<type class="Positive_regulation"/>
<theme idref="T25" idref1="A4" idref2="T26"/>
<cause idref="E17"/>
<clue><clueExperiment>Northern analysis of mRNA</clueExperiment> from hypoxic ECs also <clueKT>demonstrated</clueKT> <clueType>increased</clueType> levels of mRNA for macrophage chemotactic protein-1, <corefTheme>another member of the chemokine superfamily of proinflammatory cytokines.</corefTheme></clue>
<comment>NER: T25 MOD, T26 MOD</comment></event>
<sentence id="S6"><term id="T29" lex="IL-8_gene" sem="DNA_domain_or_region"><term id="T30" lex="IL-8" sem="Protein_molecule">IL-8</term> gene</term> induction was associated with the presence of increased binding activity in <term id="T31" lex="nuclear_extract" sem="Cell_component">nuclear extracts</term> from <term id="T32" lex="hypoxic_EC" sem="Cell_natural">hypoxic <term id="T33" lex="EC" sem="Cell_natural">ECs</term></term> for the <term id="A5" sem="DNA_domain_or_region">NF-kB site</term>.</sentence>
<event KT="Other" id="E19">
<type class="Positive_regulation"/>
<theme idref="T29"/>
<clue>IL-8 gene <clueType>induction</clueType> was associated with the presence of increased binding activity in nuclear extracts from hypoxic ECs for the NF-kB site.</clue>
</event>
<event KT="Other" id="E20">
<type class="Binding"/>
<theme idref="A5"/>
<clue>IL-8 gene induction was associated with the presence of increased <clueType>binding activity</clueType> in nuclear extracts from hypoxic ECs <linkTheme>for</linkTheme> the NF-kB site.</clue>
</event>
<event KT="Other" id="E21">
<type class="Positive_regulation"/>
<theme idref="E20"/>
<clue>IL-8 gene induction was associated with the presence of <clueType>increased</clueType> binding activity in nuclear extracts from hypoxic ECs for the NF-kB site.</clue>
</event>
<event KT="Analysis" id="E22">
<type class="Correlation"/>
<theme idref="E21"/>
<theme idref="E19"/>
<clue>IL-8 gene induction was <clueType><clueKT>associated</clueKT></clueType> <linkTheme>with</linkTheme> the presence of increased binding activity in nuclear extracts from hypoxic ECs for the NF-kB site.</clue>
</event>
<sentence id="S7">Studies with <term id="T34" lex="human_umbilical_vein_segment" sem="Tissue_natural">human umbilical vein segments</term> exposed to <term id="T35" lex="hypoxia" sem="Other">hypoxia</term> also demonstrated increased elaboration of <term id="T36" lex="IL-8_antigen" sem="Protein_molecule"><term id="T37" lex="IL-8" sem="Protein_molecule">IL-8</term> antigen</term> compared with normoxic controls.</sentence>
<event KT="Other" id="E23">
<type class="Physiological_process"/>
<theme idref="T34"/>
<clue>Studies with human umbilical vein segments exposed to <clueType>hypoxia</clueType> also demonstrated increased elaboration of IL-8 antigen compared with normoxic controls.</clue>
</event>
<event KT="Analysis" id="E24">
<type class="Positive_regulation"/>
<theme idref="T36"/>
<cause idref="E23"/>
<clue>Studies with human umbilical vein segments exposed to hypoxia also <clueKT>demonstrated</clueKT> <clueType>increased</clueType> elaboration <linkTheme>of</linkTheme> IL-8 antigen compared with normoxic controls.</clue>
</event>
<sentence id="S8">In <term id="A8" sem="Multicellular_organism_natural">mice</term> exposed to <term id="T38" lex="hypoxia" sem="Other">hypoxia</term> (PO2 approximately 30-40 Torr), there was increased <term id="A9" sem="Other">pulmonary leukostasis</term>, as evidenced by increased <term id="T39" lex="myeloperoxidase_activity" sem="Other"><term id="T40" lex="myeloperoxidase" sem="Protein_molecule">myeloperoxidase</term> activity</term> in <term id="T41" lex="tissue_homogenate" sem="Other">tissue homogenates</term>.</sentence>
<event id="E25">
<type class="Physiological_process"/>
<theme idref="A8"/>
<clue>In mice exposed to <clueType>hypoxia</clueType> (PO2 approximately 30-40 Torr), there was increased pulmonary leukostasis, as evidenced by increased myeloperoxidase activity in tissue homogenates.</clue>
</event>
<event id="E26">
<type class="Positive_regulation"/>
<theme idref="A9"/>
<cause idref="E25"/>
<clue>In mice exposed to hypoxia (PO2 approximately 30-40 Torr), there was <clueType>increased</clueType> pulmonary leukostasis, as evidenced by increased myeloperoxidase activity in tissue homogenates.</clue>
</event>
<event CL="L2" KT="Analysis" id="E27">
<type class="Positive_regulation"/>
<theme idref="T39"/>
<cause idref="E25"/>
<clue>In mice exposed to hypoxia (PO2 approximately 30-40 Torr), there was increased pulmonary leukostasis, as <clueKT><clueCL>evidenced</clueCL></clueKT> by <clueType>increased</clueType> myeloperoxidase activity <clueLoc>in tissue homogenates</clueLoc>.</clue>
</event>
<sentence id="S9">In parallel, increased levels of <term id="A50" sem="RNA_molecule">transcripts for <term id="T42" lex="IP-10" sem="Protein_molecule">IP-10</term></term>, a murine homologue in the <term id="T43" lex="chemokine_family" sem="Protein_family_or_group">chemokine family</term> related to <term id="T44" lex="IL-8" sem="Protein_molecule">IL-8</term>, were observed in <term id="T45" lex="hypoxic_lung_tissue" sem="Tissue_natural">hypoxic <term id="A10" sem="Tissue_natural">lung tissue</term></term>.</sentence>
<event id="E28">
<type class="Physiological_process"/>
<theme idref="A10"/>
<clue>In parallel, increased levels of transcripts for IP-10, a murine homologue in the chemokine family related to IL-8, were observed in <clueType>hypoxic</clueType> lung tissue.</clue>
</event>
<event id="E29">
<type class="Positive_regulation"/>
<theme idref="A50"/>
<cause idref="E28"/>
<clue>In parallel, <clueType>increased</clueType> levels of transcripts for IP-10, <corefTheme>a murine homologue in the chemokine family related to IL-8</corefTheme>, were <clueKT>observed</clueKT> in hypoxic lung tissue.</clue>
<comment>TPS: A50</comment></event>
<sentence id="S10">Taken together, these data suggest that <term id="T46" lex="hypoxia" sem="Other">hypoxia</term> constitutes a stimulus for <term id="T47" lex="leukocyte_chemotaxis" sem="Other">leukocyte chemotaxis</term> and <term id="T48" lex="tissue_leukostasis" sem="Other">tissue leukostasis</term>.</sentence>
<event CL="L2" KT="Analysis" id="E30" uncertainty="probable">
<type class="Positive_regulation"/>
<theme idref="T47"/>
<cause idref="T46"/>
<clue>Taken together, these data <clueKT><clueCL>suggest</clueCL></clueKT> that hypoxia <clueType>constitutes a stimulus</clueType> <linkTheme>for</linkTheme> leukocyte chemotaxis and tissue leukostasis.</clue>
</event>
<event CL="L2" KT="Analysis" id="E31">
<type class="Positive_regulation"/>
<theme idref="T48"/>
<cause idref="T46"/>
<clue>Taken together, these data <clueKT><clueCL>suggest</clueCL></clueKT> that hypoxia <clueType>constitutes a stimulus</clueType> <linkTheme>for</linkTheme> leukocyte chemotaxis and tissue leukostasis.</clue>
</event>
</AbstractText>
</Abstract></Article></MedlineCitation></PubmedArticle></PubmedArticleSet></Annotation>
