<?xml version='1.0'?><!DOCTYPE Annotation PUBLIC "//GENIA//DTD GENIA ANNOTATION EVENT 2.0//EN_Modified" "../ModifiedGENIAtypes/Modified_GENIA_event_20.dtd"><Annotation annotates="http://www.ncbi.nlm.nih.gov/entrez/eutils/efetch.fcgi?db=pubmed&amp;retmode=xml&amp;rettype=medline&amp;id=8164666" created="17/10/2006" creator="Junko Matsuura"><PubmedArticleSet><PubmedArticle><MedlineCitation>
<PMID>8164666</PMID>
<Article>
<ArticleTitle>
<sentence id="S1">Positive regulators of the lineage-specific <term id="T1" lex="transcription_factor" sem="Protein_family_or_group">transcription factor</term> <term id="T2" lex="GATA-1" sem="Protein_molecule">GATA-1</term> in <term id="T3" lex="differentiating_erythroid_cell" sem="Cell_natural">differentiating <term id="A1" sem="Cell_natural">erythroid cells</term></term>.</sentence>
<event KT="Investigation" id="E1">
<type class="Positive_regulation"/>
<theme idref="T2"/>
<clue><clueType>Positive regulators</clueType> <linkTheme>of</linkTheme> the lineage-specific transcription factor GATA-1 <clueLoc>in differentiating erythroid cells.</clueLoc></clue>
</event>
<event KT="Other" id="E2">
<type class="Cell_differentiation"/>
<theme idref="A1"/>
<clue>Positive regulators of the lineage-specific transcription factor GATA-1 in <clueType>differentiating</clueType> erythroid cells.</clue>
</event>
</ArticleTitle>
<Abstract>
<AbstractText>
<sentence id="S2">The <term id="T4" lex="zinc_finger_transcription_factor" sem="Protein_family_or_group">zinc finger <term id="T5" lex="transcription_factor" sem="Protein_family_or_group">transcription factor</term></term> <term id="T6" lex="GATA-1" sem="Protein_molecule">GATA-1</term> is a major regulator of <term id="T7" lex="gene_expression" sem="Other">gene expression</term> in <cons id="T8" lex="(AND erythroid_cell_lineage megakaryocyte_cell_lineage mast_cell_lineage)" sem="(AND Cell_natural Cell_natural Cell_natural)"><frag id="F1">erythroid</frag>, <frag id="F2">megakaryocyte</frag>, and <frag id="F3">mast</frag> <frag id="F4">cell lineages</frag></cons>.</sentence>
<event KT="Fact" id="E300">
<type class="Regulation"/>
<theme idref="T7"/>
<cause idref="T6"/>
<clue>The zinc finger transcription factor GATA-1 is a major <clueType>regulator</clueType> <linkTheme>of</linkTheme> gene expression <clueLoc>in erythroid</clueLoc>, megakaryocyte, and mast <clueLoc>cell lineages</clueLoc>.</clue>
</event>
<event KT="Fact" id="E301">
<type class="Regulation"/>
<theme idref="T7"/>
<cause idref="T6"/>
<clue>The zinc finger transcription factor GATA-1 is a major <clueType>regulator</clueType> <linkTheme>of</linkTheme> gene expression <clueLoc>in</clueLoc> erythroid, <clueLoc>megakaryocyte</clueLoc>, and mast <clueLoc>cell lineages</clueLoc>.</clue>
</event>
<event KT="Fact" id="E302">
<type class="Regulation"/>
<theme idref="T7"/>
<cause idref="T6"/>
<clue>The zinc finger transcription factor GATA-1 is a major <clueType>regulator</clueType> <linkTheme>of</linkTheme> gene expression <clueLoc>in</clueLoc> erythroid, megakaryocyte, and <clueLoc>mast cell lineages</clueLoc>.</clue>
</event>
<event KT="Fact" id="E3">
<type class="Regulation"/>
<theme idref="T7"/>
<cause idref="T6"/>
<clue>The zinc finger transcription factor GATA-1 is a major <clueType>regulator</clueType> <linkTheme>of</linkTheme> gene expression in erythroid, megakaryocyte, and mast cell lineages.</clue>
</event>
<sentence id="S3"><term id="T9" lex="GATA-1" sem="Protein_molecule">GATA-1</term> binds to <term id="T10" lex="WGATAR_consensus_motif" sem="DNA_domain_or_region">WGATAR consensus motifs</term> in the <term id="T11" lex="regulatory_region" sem="DNA_domain_or_region">regulatory regions</term> of virtually all <term id="T12" lex="erythroid_cell-specific_gene" sem="DNA_family_or_group">erythroid cell-specific genes</term>.</sentence>
<event KT="Fact" id="E4">
<type class="Binding"/>
<theme idref="T9"/>
<theme idref="T10"/>
<clue>GATA-1 <clueType>binds</clueType> <linkTheme>to</linkTheme> WGATAR consensus motifs in the regulatory regions of virtually all erythroid cell-specific genes.</clue>
</event>
<sentence id="S4">Analyses with <term id="T13" lex="cultured_cell" sem="Cell_cultured">cultured cells</term> and <term id="T14" lex="cell-free_system" sem="Other">cell-free systems</term> have provided strong evidence that <term id="T15" lex="GATA-1" sem="Protein_molecule">GATA-1</term> is involved in control of <term id="T16" lex="globin_gene_expression" sem="Other"><term id="T17" lex="globin_gene" sem="DNA_family_or_group">globin gene</term> expression</term> during <term id="T18" lex="erythroid_differentiation" sem="Other"><term id="A2" sem="Cell_natural">erythroid</term> differentiation</term>.</sentence>
<event KT="Other" id="E5">
<type class="Gene_expression"/>
<theme idref="T17"/>
<clue>Analyses with cultured cells and cell-free systems have provided strong evidence that GATA-1 is involved in control of globin gene <clueType>expression</clueType> during erythroid differentiation.</clue>
</event>
<event KT="Other" id="E6">
<type class="Regulation"/>
<theme idref="E5"/>
<clue>Analyses with cultured cells and cell-free systems have provided strong evidence that GATA-1 is involved in <clueType>control</clueType> <linkTheme>of</linkTheme> globin gene expression <clueTime>during erythroid differentiation</clueTime>.</clue>
</event>
<event CL="L2" KT="Analysis" id="E7">
<type class="Correlation"/>
<theme idref="T15"/>
<theme idref="E6"/>
<clue>Analyses with cultured cells and cell-free systems have provided strong <clueKT><clueCL>evidence</clueCL></clueKT> that GATA-1 is <clueType>involved</clueType> <linkTheme>in</linkTheme> control of globin gene expression during erythroid differentiation.</clue>
</event>
<event KT="Other" id="E8">
<type class="Cell_differentiation"/>
<theme idref="A2"/>
<clue>Analyses with cultured cells and cell-free systems have provided strong evidence that GATA-1 is involved in control of globin gene expression during erythroid <clueType>differentiation</clueType>.</clue>
</event>
<sentence id="S5">Targeted mutagenesis of the <term id="T19" lex="GATA-1_gene" sem="DNA_domain_or_region"><term id="T20" lex="GATA-1" sem="Protein_molecule">GATA-1</term> gene</term> in <term id="T21" lex="embryonic_stem_cell" sem="Cell_natural">embryonic stem cells</term> has demonstrated its requirement in <term id="T22" lex="normal_erythroid_development" sem="Other">normal <term id="A3" sem="Cell_natural">erythroid</term> development</term>.</sentence>
<event KT="Analysis" id="E9">
<type class="Positive_regulation"/>
<theme idref="T22"/>
<cause idref="T20"/>
<clue><clueExperiment>Targeted mutagenesis of the GATA-1 gene in embryonic stem cells</clueExperiment> has <clueKT>demonstrated</clueKT> <corefCause>its</corefCause> <clueType>requirement</clueType> <linkTheme>in</linkTheme> normal erythroid development.</clue>
</event>
<event KT="Other" id="E10">
<type class="Cellular_physiological_process"/>
<theme idref="A3"/>
<clue>Targeted mutagenesis of the GATA-1 gene in embryonic stem cells has demonstrated its requirement in normal erythroid <clueType>development</clueType>.</clue>
</event>
<sentence id="S6">Efficient rescue of the defect requires an intact <term id="T23" lex="GATA_element" sem="DNA_domain_or_region">GATA element</term> in the <term id="T24" lex="distal_promoter" sem="DNA_domain_or_region">distal promoter</term>, suggesting <term id="T25" lex="autoregulatory_control" sem="Other">autoregulatory control</term> of <term id="T26" lex="GATA-1_transcription" sem="Other"><term id="T27" lex="GATA-1" sem="Protein_molecule">GATA-1</term> transcription</term>.</sentence>
<event KT="Other" id="E11">
<type class="Transcription"/>
<theme idref="T27"/>
<clue>Efficient rescue of the defect requires an intact GATA element in the distal promoter, suggesting autoregulatory control of GATA-1 <clueType>transcription</clueType>.</clue>
</event>
<event CL="L2" KT="Analysis" id="E12" uncertainty="probable">
<type class="Regulation"/>
<theme idref="E11"/>
<clue>Efficient rescue of the defect requires an intact GATA element in the distal promoter, <clueKT><clueCL>suggesting</clueCL></clueKT> <clueType>autoregulatory control</clueType> <linkTheme>of</linkTheme> GATA-1 transcription.</clue>
</event>
<event id="E50">
<type class="Negative_regulation"/>
<cause idref="T23"/>
<clue>Efficient <clueType>rescue</clueType> <linkTheme>of</linkTheme> <corefTheme>the defect</corefTheme> requires an intact GATA element in the distal promoter, suggesting autoregulatory control of GATA-1 transcription.</clue>
<comment>CAUTION: theme=the defect= the defect in erythroid development</comment></event>
<sentence id="S7">To examine whether <term id="T28" lex="GATA-1_expression" sem="Other"><term id="T29" lex="GATA-1" sem="Protein_molecule">GATA-1</term> expression</term> involves additional <term id="T30" lex="regulatory_factor" sem="Protein_family_or_group">regulatory factors</term> or is maintained entirely by an <term id="T31" lex="autoregulatory_loop" sem="Other">autoregulatory loop</term>, we have used a transient heterokaryon system to test the ability of <term id="T32" lex="erythroid_factor" sem="Protein_family_or_group">erythroid factors</term> to activate the <term id="T33" lex="GATA-1_gene" sem="DNA_domain_or_region"><term id="T34" lex="GATA-1" sem="Protein_molecule">GATA-1</term> gene</term> in <term id="T35" lex="nonerythroid_nuclei" sem="Cell_component">nonerythroid nuclei</term>.</sentence>
<event KT="Other" id="E13">
<type class="Gene_expression"/>
<theme idref="T29"/>
<clue>To examine whether GATA-1 <clueType>expression</clueType> involves additional regulatory factors or is maintained entirely by an autoregulatory loop, we have used a transient heterokaryon system to test the ability of erythroid factors to activate the GATA-1 gene in nonerythroid nuclei.</clue>
</event>
<event KT="Investigation" id="E14" uncertainty="doubtful">
<type class="Correlation"/>
<theme idref="E13"/>
<theme idref="T30"/>
<clue><clueKT>To examine</clueKT> whether GATA-1 expression <clueType>involves</clueType> additional regulatory factors or is maintained entirely by an autoregulatory loop, we have used a transient heterokaryon system to test the ability of erythroid factors to activate the GATA-1 gene in nonerythroid nuclei.</clue>
</event>
<event KT="Investigation" id="E15" uncertainty="doubtful">
<type class="Positive_regulation"/>
<theme idref="E13"/>
<cause idref="T31"/>
<clue><clueKT>To examine</clueKT> whether GATA-1 expression involves additional regulatory factors or is <clueType>maintained</clueType> entirely <linkCause>by</linkCause> an autoregulatory loop, we have used a transient heterokaryon system to test the ability of erythroid factors to activate the GATA-1 gene in nonerythroid nuclei.</clue>
</event>
<event KT="Investigation" id="E16" uncertainty="doubtful">
<type class="Positive_regulation"/>
<theme idref="T33"/>
<cause idref="T32"/>
<clue>To examine whether GATA-1 expression involves additional regulatory factors or is maintained entirely by an autoregulatory loop, we have used a <clueExperiment>transient heterokaryon system</clueExperiment> <clueKT>to test</clueKT> the ability of erythroid factors to <clueType>activate</clueType> the GATA-1 gene <clueLoc>in nonerythroid nuclei</clueLoc>.</clue>
</event>
<sentence id="S8">We show here that <term id="T36" lex="proerythroblast" sem="Cell_natural">proerythroblasts</term> and <term id="T37" lex="mature_erythroid_cell" sem="Cell_natural">mature erythroid cells</term> contain a <term id="T38" lex="diffusible_activity" sem="Other">diffusible activity</term> (<term id="T39" lex="TAG" sem="Protein_molecule">TAG</term>) capable of <term id="T40" lex="transcriptional_activation" sem="Other">transcriptional activation</term> of <term id="T41" lex="GATA-1" sem="Protein_molecule">GATA-1</term> and that this activity decreases during the <term id="T42" lex="terminal_differentiation" sem="Other">terminal differentiation</term> of <term id="T43" lex="erythroid_cell" sem="Cell_natural">erythroid cells</term>.</sentence>
<event CL="L2" KT="Analysis" id="E310">
<type class="Positive_regulation"/>
<theme idref="T41"/>
<cause idref="T39"/>
<clue>We show here that <clueLoc>proerythroblasts</clueLoc> and mature erythroid cells contain a diffusible activity (TAG) <clueKT><clueCL>capable</clueCL></clueKT> of <clueType>transcriptional activation</clueType> <linkTheme>of</linkTheme> GATA-1 and that this activity decreases during the terminal differentiation of erythroid cells.</clue>
</event>
<event CL="L2" KT="Analysis" id="E311">
<type class="Positive_regulation"/>
<theme idref="T41"/>
<cause idref="T39"/>
<clue>We show here that proerythroblasts and <clueLoc>mature erythroid cells</clueLoc> contain a diffusible activity (TAG) <clueKT><clueCL>capable</clueCL></clueKT> of <clueType>transcriptional activation</clueType> <linkTheme>of</linkTheme> GATA-1 and that this activity decreases during the terminal differentiation of erythroid cells.</clue>
</event>
<event KT="Other" id="E18">
<type class="Cell_differentiation"/>
<theme idref="T43"/>
<clue>We show here that proerythroblasts and mature erythroid cells contain a diffusible activity (TAG) capable of transcriptional activation of GATA-1 and that this activity decreases during the <clueType>terminal differentiation</clueType> <linkTheme>of</linkTheme> erythroid cells.</clue>
</event>
<event KT="Analysis" id="E313">
<type class="Negative_regulation"/>
<theme idref="E310"/>
<cause idref="E18"/>
<clue>We <clueKT>show</clueKT> here that proerythroblasts and mature erythroid cells contain a diffusible activity (TAG) capable of transcriptional activation of GATA-1 and that <corefTheme>this activity</corefTheme> <clueType>decreases</clueType> <clueTime>during the terminal differentiation of erythroid cells.</clueTime></clue>
</event>
<event KT="Analysis" id="E314">
<type class="Negative_regulation"/>
<theme idref="E311"/>
<cause idref="E18"/>
<clue>We <clueKT>show</clueKT> here that proerythroblasts and mature erythroid cells contain a diffusible activity (TAG) capable of transcriptional activation of GATA-1 and that <corefTheme>this activity</corefTheme> <clueType>decreases</clueType> <clueTime>during the terminal differentiation of erythroid cells.</clueTime></clue>
</event>
<sentence id="S9"><term id="A5" sem="Cell_component"><term id="T44" lex="nuclei" sem="Cell_component">Nuclei</term> from <term id="T45" lex="GATA-1-_mutant_embryonic_stem_cell" sem="Cell_cultured"><term id="T46" lex="GATA-1" sem="Protein_molecule">GATA-1</term>- mutant <term id="T47" lex="embryonic_stem_cell" sem="Cell_natural">embryonic stem cells</term></term></term> can still be reprogrammed to express their <term id="T48" lex="globin_gene" sem="DNA_family_or_group">globin genes</term> in <term id="T49" lex="erythroid_heterokaryon" sem="Cell_natural">erythroid heterokaryons</term>, indicating that de novo induction of <term id="T50" lex="GATA-1" sem="Protein_molecule">GATA-1</term> is not required for <term id="T51" lex="globin_gene_activation" sem="Other"><term id="T52" lex="globin_gene" sem="DNA_family_or_group">globin gene</term> activation</term> following <term id="T53" lex="cell_fusion" sem="Other">cell fusion</term>.</sentence>
<event KT="Other" id="E20">
<type class="Gene_expression"/>
<theme idref="T48"/>
<clue>Nuclei from GATA-1- mutant embryonic stem cells can still be reprogrammed to <clueType>express</clueType> their globin genes in erythroid heterokaryons, indicating that de novo induction of GATA-1 is not required for globin gene activation following cell fusion.</clue>
</event>
<event CL="L2" KT="Analysis" id="E21">
<type class="Positive_regulation"/>
<theme idref="E20"/>
<cause idref="A5"/>
<clue>Nuclei from GATA-1- mutant embryonic stem cells <clueKT><clueCL>can</clueCL></clueKT> still be <clueType>reprogrammed</clueType> <linkTheme>to</linkTheme> express their globin genes <clueLoc>in erythroid heterokaryons</clueLoc>, indicating that de novo induction of GATA-1 is not required for globin gene activation following cell fusion.</clue>
<comment>TPS: A5</comment></event>
<event KT="Method" id="E22">
<type class="Artificial_process"/>
<theme idref="T46"/>
<clue>Nuclei from GATA-1- <clueType>mutant</clueType> <clueLoc>embryonic stem cells</clueLoc> can still be reprogrammed to express their globin genes in erythroid heterokaryons, indicating that de novo induction of GATA-1 is not required for globin gene activation following cell fusion.</clue>
</event>
<event KT="Other" id="E23">
<type class="Positive_regulation"/>
<theme idref="T50"/>
<clue>Nuclei from GATA-1- mutant embryonic stem cells can still be reprogrammed to express their globin genes in erythroid heterokaryons, indicating that de novo <clueType>induction</clueType> <linkTheme>of</linkTheme> GATA-1 is not required for globin gene activation following cell fusion.</clue>
</event>
<event KT="Other" id="E24">
<type class="Positive_regulation"/>
<theme idref="T52"/>
<cause idref="T53"/>
<clue>Nuclei from GATA-1- mutant embryonic stem cells can still be reprogrammed to express their globin genes in erythroid heterokaryons, indicating that de novo induction of GATA-1 is not required for globin gene <clueType>activation</clueType> <linkCause>following</linkCause> cell fusion.</clue>
</event>
<event CL="L2" KT="Analysis" Polarity="Negative" assertion="non-exist" id="E25">
<type class="Positive_regulation"/>
<theme idref="E24"/>
<cause idref="E23"/>
<clue>Nuclei from GATA-1- mutant embryonic stem cells can still be reprogrammed to express their globin genes in erythroid heterokaryons, <clueKT><clueCL>indicating</clueCL></clueKT> that de novo induction of GATA-1 is <cluePolarity>not</cluePolarity> <clueType>required</clueType> for globin gene activation following cell fusion.</clue>
</event>
</AbstractText>
</Abstract></Article></MedlineCitation></PubmedArticle></PubmedArticleSet></Annotation>
