<?xml version='1.0'?><!DOCTYPE Annotation PUBLIC "//GENIA//DTD GENIA ANNOTATION EVENT 2.0//EN_Modified" "../ModifiedGENIAtypes/Modified_GENIA_event_20.dtd"><Annotation annotates="http://www.ncbi.nlm.nih.gov/entrez/eutils/efetch.fcgi?db=pubmed&amp;retmode=xml&amp;rettype=medline&amp;id=8175775" created="28/01/2007" creator="Noriko Katsu"><PubmedArticleSet><PubmedArticle><MedlineCitation>
<PMID>8175775</PMID>
<Article>
<ArticleTitle>
<sentence id="S1">Functional block for <term id="T1" lex="1_alpha,25-dihydroxyvitamin_D3-mediated_gene_regulation" sem="Other"><term id="T2" lex="1_alpha,25-dihydroxyvitamin_D3" sem="Lipid">1 alpha,25-dihydroxyvitamin D3</term>-mediated <term id="A1" sem="DNA_domain_or_region">gene</term> regulation</term> in <term id="T3" lex="human_B_lymphocyte" sem="Cell_natural">human B lymphocytes</term>.</sentence>
<event KT="Investigation" id="E1">
<type class="Negative_regulation"/>
<theme idref="E2"/>
<clue><clueType>Functional block</clueType> <linkTheme>for</linkTheme> 1 alpha,25-dihydroxyvitamin D3-mediated gene regulation in human B lymphocytes.</clue>
</event>
<event KT="Other" id="E2">
<type class="Regulation"/>
<theme idref="A1"/>
<cause idref="T2"/>
<clue>Functional block for 1 alpha,25-dihydroxyvitamin D3<linkCause>-mediated</linkCause> gene <clueType>regulation</clueType> <clueLoc>in human B lymphocytes</clueLoc>.</clue>
</event>
</ArticleTitle>
<Abstract>
<AbstractText>
<sentence id="S2">Elements necessary for the steroid hormone <term id="T4" lex="1_alpha,25-dihydroxyvitamin_D3" sem="Lipid">1 alpha,25-dihydroxyvitamin D3</term> (<term id="T5" lex="1_alpha,25-(OH)2D3" sem="Lipid">1 alpha,25-(OH)2D3</term>) to induce a <term id="A2" sem="Other">biological response</term> include the presence of specific <term id="T6" lex="intracellular_receptor" sem="Protein_family_or_group">intracellular receptors</term> (<term id="T7" lex="vitamin_D3_receptor" sem="Protein_family_or_group">vitamin D3 receptors</term> (<term id="T8" lex="VDR" sem="Protein_family_or_group">VDR</term>)) and modulation of <term id="T9" lex="gene_expression" sem="Other">gene expression</term> via <term id="A3" sem="Protein_family_or_group">hormone-activated receptor</term> binding to <term id="A4" sem="DNA_domain_or_region"><term id="T10" lex="regulatory_region" sem="Protein_domain_or_region">regulatory regions</term> of <term id="T11" lex="target_gene" sem="DNA_domain_or_region">target genes</term></term>.</sentence>
<event KT="Fact" id="E3">
<type class="Positive_regulation"/>
<theme idref="E4"/>
<cause idref="T8"/>
<clue>Elements <clueType>necessary</clueType> <linkTheme>for</linkTheme> the steroid hormone 1 alpha,25-dihydroxyvitamin D3 (1 alpha,25-(OH)2D3) to induce a biological response include the presence of specific intracellular receptors (vitamin D3 receptors (VDR)) and modulation of gene expression via hormone-activated receptor binding to regulatory regions of target genes.</clue>
</event>
<event KT="Fact" id="E9">
<type class="Positive_regulation"/>
<theme idref="E4"/>
<cause idref="E5"/>
<clue>Elements <clueType>necessary</clueType> <linkTheme>for</linkTheme> the steroid hormone 1 alpha,25-dihydroxyvitamin D3 (1 alpha,25-(OH)2D3) to induce a biological response include the presence of specific intracellular receptors (vitamin D3 receptors (VDR)) and modulation of gene expression via hormone-activated receptor binding to regulatory regions of target genes.</clue>
</event>
<event KT="Other" id="E4">
<type class="Positive_regulation"/>
<theme idref="A2"/>
<cause idref="T5"/>
<clue>Elements necessary for the <corefCause>steroid hormone</corefCause> 1 alpha,25-dihydroxyvitamin D3 (1 alpha,25-(OH)2D3) to <clueType>induce</clueType> a biological response include the presence of specific intracellular receptors (vitamin D3 receptors (VDR)) and modulation of gene expression via hormone-activated receptor binding to regulatory regions of target genes.</clue>
</event>
<event KT="Other" id="E5">
<type class="Regulation"/>
<theme idref="E6"/>
<cause idref="E7"/>
<clue>Elements necessary for the steroid hormone 1 alpha,25-dihydroxyvitamin D3 (1 alpha,25-(OH)2D3) to induce a biological response include the presence of specific intracellular receptors (vitamin D3 receptors (VDR)) and <clueType>modulation</clueType> <linkTheme>of</linkTheme> gene expression <linkCause>via</linkCause> hormone-activated receptor binding to regulatory regions of target genes.</clue>
</event>
<event KT="Other" id="E6">
<type class="Gene_expression"/>
<theme idref="T11"/>
<clue>Elements necessary for the steroid hormone 1 alpha,25-dihydroxyvitamin D3 (1 alpha,25-(OH)2D3) to induce a biological response include the presence of specific intracellular receptors (vitamin D3 receptors (VDR)) and modulation of <corefTheme>gene</corefTheme> <clueType>expression</clueType> via hormone-activated receptor binding to regulatory regions of target genes.</clue>
</event>
<event KT="Other" id="E7">
<type class="Binding"/>
<theme idref="A3"/>
<theme idref="A4"/>
<clue>Elements necessary for the steroid hormone 1 alpha,25-dihydroxyvitamin D3 (1 alpha,25-(OH)2D3) to induce a biological response include the presence of specific intracellular receptors (vitamin D3 receptors (VDR)) and modulation of gene expression via hormone-activated receptor <clueType>binding</clueType> <linkTheme>to</linkTheme> regulatory regions of target genes.</clue>
<comment>TPS: A4</comment></event>
<event KT="Other" id="E8">
<type class="Positive_regulation"/>
<theme idref="T8"/>
<cause idref="T5"/>
<clue>Elements necessary for the steroid hormone 1 alpha,25-dihydroxyvitamin D3 (1 alpha,25-(OH)2D3) to induce a biological response include the presence of specific intracellular receptors (vitamin D3 receptors (VDR)) and modulation of gene expression via <corefCause>hormone</corefCause>-<clueType>activated</clueType> <corefTheme>receptor</corefTheme> binding to regulatory regions of target genes.</clue>
</event>
<sentence id="S3">These parameters were examined in normal and <term id="T12" lex="Epstein-Barr_virus-immortalized_human_B_cell" sem="Cell_cultured"><term id="A5" sem="Virus">Epstein-Barr virus</term>-immortalized <term id="A6" sem="Cell_natural">human B cells</term></term> and compared with <term id="T14" lex="1_alpha,25-(OH)2D3" sem="Lipid">1 alpha,25-(OH)2D3</term>-responsive cells of the <cons id="T15" lex="(AND T_lineage monocytic_lineage)" sem="(AND Cell_natural Cell_natural)"><frag id="F1"><term id="A7" sem="Cell_natural">T</term></frag> and <frag id="F2"><term id="A8" sem="Cell_natural">monocytic</term></frag> <frag id="F3"><term id="A9" sem="Cell_natural">lineages</term></frag></cons>.</sentence>
<event id="E10">
<type class="Biological_process"/>
<theme idref="A6"/>
<clue>These parameters were examined in normal and Epstein-Barr virus-<clueType>immortalized</clueType> human B cells and compared with 1 alpha,25-(OH)2D3-responsive cells of the T and monocytic lineages.</clue>
</event>
<event id="E35">
<type class="Positive_regulation"/>
<theme idref="E10"/>
<cause idref="A5"/>
<clue>These parameters were examined in normal and Epstein-Barr virus-<clueType>immortalized</clueType> human B cells and compared with 1 alpha,25-(OH)2D3-responsive cells of the T and monocytic lineages.</clue>
</event>
<event id="E11">
<type class="Physiological_process"/>
<theme idref="A7" idref1="A9"/>
<cause idref="T14"/>
<clue>These parameters were examined in normal and Epstein-Barr virus-immortalized human B cells and compared with 1 alpha,25-(OH)2D3-<clueType>responsive</clueType> cells of the T and monocytic lineages.</clue>
<comment>NER: T13 del &quot;1 alpha,25-(OH)2D3-responsive cells&quot;</comment></event>
<event id="E12">
<type class="Physiological_process"/>
<theme idref="A8" idref1="A9"/>
<cause idref="T14"/>
<clue>These parameters were examined in normal and Epstein-Barr virus-immortalized human B cells and compared with 1 alpha,25-(OH)2D3-<clueType>responsive</clueType> cells of the T and monocytic lineages.</clue>
</event>
<sentence id="S4">Although resting tonsillar <term id="A10" sem="Cell_natural">B cells</term> did not express <term id="T16" lex="VDR_mRNA" sem="RNA_family_or_group">VDR mRNA</term>, activation of these cells with <term id="T17" lex="interleukin-4" sem="Protein_molecule">interleukin-4</term> induced <term id="T18" lex="VDR" sem="Protein_family_or_group">VDR</term> in the absence of <term id="A12" sem="Lipid">exogenously supplemented <term id="T19" lex="1_alpha,25-(OH)2D3" sem="Lipid">1 alpha,25-(OH)2D3</term></term>.</sentence>
<event Polarity="Negative" assertion="non-exist" id="E13">
<type class="Transcription"/>
<theme idref="T16"/>
<clue>Although <clueLoc>resting tonsillar B cells</clueLoc> did <cluePolarity>not</cluePolarity> <clueType>express</clueType> VDR mRNA, activation of these cells with interleukin-4 induced VDR in the absence of exogenously supplemented 1 alpha,25-(OH)2D3.</clue>
</event>
<event id="E14">
<type class="Physiological_process"/>
<theme idref="A10"/>
<cause idref="T17"/>
<clue>Although resting tonsillar B cells did not express VDR mRNA, <clueType>activation</clueType> <linkTheme>of</linkTheme> <corefTheme>these cells</corefTheme> <linkCause>with</linkCause> interleukin-4 induced VDR in the absence of exogenously supplemented 1 alpha,25-(OH)2D3.</clue>
</event>
<event id="E15">
<type class="Positive_regulation"/>
<theme idref="T18"/>
<cause idref="E14"/>
<clue>Although resting tonsillar B cells did not express VDR mRNA, activation of these cells with interleukin-4 <clueType>induced</clueType> VDR in the absence of exogenously supplemented 1 alpha,25-(OH)2D3.</clue>
</event>
<event Polarity="Negative" assertion="non-exist" id="E16">
<type class="Correlation"/>
<theme idref="E15"/>
<theme idref="A12"/>
<clue>Although resting tonsillar B cells did not express VDR mRNA, activation of these cells with interleukin-4 induced VDR <linkTheme>in the <cluePolarity>absence</cluePolarity> of</linkTheme> exogenously supplemented 1 alpha,25-(OH)2D3.</clue>
<comment>TPS: A12</comment></event>
<sentence id="S5">As indicators of <term id="T20" lex="hormone-mediated_gene_regulation" sem="Other">hormone-mediated gene regulation</term> we analyzed modulation of <term id="T21" lex="CD23" sem="Protein_molecule">CD23</term>, a <term id="T22" lex="common_B_cell/monocyte_surface_antigen" sem="Protein_family_or_group">common B cell/monocyte surface antigen</term>, and <term id="T23" lex="24-hydroxylase" sem="Protein_molecule">24-hydroxylase</term>.</sentence>
<event KT="Investigation" id="E22" uncertainty="probable">
<type class="Regulation"/>
<theme idref="T21"/>
<clue>As indicators of hormone-mediated gene regulation we <clueKT>analyzed</clueKT> <clueType>modulation</clueType> <linkTheme>of</linkTheme> CD23, a common B cell/monocyte surface antigen, and 24-hydroxylase.</clue>
</event>
<event KT="Investigation" id="E17" uncertainty="probable">
<type class="Regulation"/>
<theme idref="T23"/>
<clue>As indicators of hormone-mediated gene regulation we <clueKT>analyzed</clueKT> <clueType>modulation</clueType> <linkTheme>of</linkTheme> CD23, a common B cell/monocyte surface antigen, and 24-hydroxylase.</clue>
</event>
<sentence id="S6"><term id="T24" lex="1_alpha,25-(OH)2D3" sem="Lipid">1 alpha,25-(OH)2D3</term> inhibited <term id="T25" lex="CD23" sem="Protein_molecule">CD23</term> expression in <term id="T26" lex="U937_cell" sem="Cell_cultured">U937 cells</term>, yet failed to modulate <term id="T27" lex="CD23" sem="Protein_molecule">CD23</term> expression in <term id="T28" lex="B_cell" sem="Cell_natural">B cells</term>.</sentence>
<event id="E18">
<type class="Negative_regulation"/>
<theme idref="E19"/>
<cause idref="T24"/>
<clue>1 alpha,25-(OH)2D3 <clueType>inhibited</clueType> CD23 expression in U937 cells, yet failed to modulate CD23 expression in B cells.</clue>
</event>
<event KT="Other" id="E19">
<type class="Gene_expression"/>
<theme idref="T25"/>
<clue>1 alpha,25-(OH)2D3 inhibited CD23 <clueType>expression</clueType> <clueLoc>in U937 cells</clueLoc>, yet failed to modulate CD23 expression in B cells.</clue>
</event>
<event Polarity="Negative" assertion="non-exist" id="E20">
<type class="Regulation"/>
<theme idref="E21"/>
<cause idref="T24"/>
<clue>1 alpha,25-(OH)2D3 inhibited CD23 expression in U937 cells, yet <cluePolarity>failed</cluePolarity> to <clueType>modulate</clueType> CD23 expression in B cells.</clue>
</event>
<event KT="Other" id="E21">
<type class="Gene_expression"/>
<theme idref="T27"/>
<clue>1 alpha,25-(OH)2D3 inhibited CD23 expression in U937 cells, yet failed to modulate CD23 <clueType>expression</clueType> <clueLoc>in B cells</clueLoc>.</clue>
</event>
<sentence id="S7">Furthermore, <term id="T29" lex="1_alpha,25-(OH)2D3" sem="Lipid">1 alpha,25-(OH)2D3</term> induced <term id="A13" sem="RNA_molecule"><term id="T30" lex="24-hydroxylase" sem="Protein_molecule">24-hydroxylase</term> mRNA</term> expression and <term id="T31" lex="metabolic_activity" sem="Other">metabolic activity</term> in both <term id="T32" lex="U937_cell" sem="Cell_cultured">U937 cells</term> and <term id="T33" lex="lectin-activated_T_cell" sem="Cell_natural">lectin-activated T cells</term>, yet failed to induce <term id="T34" lex="24-hydroxylase_mRNA" sem="RNA_molecule"><term id="A11" sem="Protein_molecule">24-hydroxylase</term> mRNA</term> or its metabolic activity in <term id="T35" lex="B_cell" sem="Cell_natural">B cells</term>.</sentence>
<event id="E23">
<type class="Positive_regulation"/>
<theme idref="E27"/>
<cause idref="T29"/>
<clue>Furthermore, 1 alpha,25-(OH)2D3 <clueType>induced</clueType> 24-hydroxylase mRNA expression and metabolic activity <clueLoc>in</clueLoc> both <clueLoc>U937 cells</clueLoc> and lectin-activated T cells, yet failed to induce 24-hydroxylase mRNA or its metabolic activity in B cells.</clue>
</event>
<event id="E33">
<type class="Positive_regulation"/>
<theme idref="E27"/>
<cause idref="T29"/>
<clue>Furthermore, 1 alpha,25-(OH)2D3 <clueType>induced</clueType> 24-hydroxylase mRNA expression and metabolic activity <clueLoc>in</clueLoc> both U937 cells and <clueLoc>lectin-activated T cells</clueLoc>, yet failed to induce 24-hydroxylase mRNA or its metabolic activity in B cells.</clue>
</event>
<event id="E24">
<type class="Positive_regulation"/>
<theme idref="E32"/>
<cause idref="T29"/>
<clue>Furthermore, 1 alpha,25-(OH)2D3 <clueType>induced</clueType> 24-hydroxylase mRNA expression and metabolic activity <clueLoc>in</clueLoc> both <clueLoc>U937 cells</clueLoc> and lectin-activated T cells, yet failed to induce 24-hydroxylase mRNA or its metabolic activity in B cells.</clue>
</event>
<event id="E34">
<type class="Positive_regulation"/>
<theme idref="E32"/>
<cause idref="T29"/>
<clue>Furthermore, 1 alpha,25-(OH)2D3 <clueType>induced</clueType> 24-hydroxylase mRNA expression and metabolic activity <clueLoc>in</clueLoc> both U937 cells and <clueLoc>lectin-activated T cells</clueLoc>, yet failed to induce 24-hydroxylase mRNA or its metabolic activity in B cells.</clue>
</event>
<event Polarity="Negative" assertion="non-exist" id="E25">
<type class="Positive_regulation"/>
<theme idref="T34"/>
<cause idref="T29"/>
<clue>Furthermore, 1 alpha,25-(OH)2D3 induced 24-hydroxylase mRNA expression and metabolic activity in both U937 cells and lectin-activated T cells, yet <cluePolarity>failed</cluePolarity> to <clueType>induce</clueType> 24-hydroxylase mRNA or its metabolic activity <clueLoc>in B cells</clueLoc>.</clue>
</event>
<event Polarity="Negative" assertion="non-exist" id="E26">
<type class="Positive_regulation"/>
<theme idref="A11"/>
<cause idref="T29"/>
<clue>Furthermore, 1 alpha,25-(OH)2D3 induced 24-hydroxylase mRNA expression and metabolic activity in both U937 cells and lectin-activated T cells, yet <cluePolarity>failed</cluePolarity> to <clueType>induce</clueType> 24-hydroxylase mRNA or <corefTheme>its</corefTheme> metabolic activity <clueLoc>in B cells</clueLoc>.</clue>
</event>
<event id="E27">
<type class="Transcription"/>
<theme idref="A13"/>
<clue>Furthermore, 1 alpha,25-(OH)2D3 induced 24-hydroxylase mRNA <clueType>expression</clueType> and metabolic activity in both U937 cells and lectin-activated T cells, yet failed to induce 24-hydroxylase mRNA or its metabolic activity in B cells.</clue>
</event>
<event id="E32">
<type class="RNA_metabolism"/>
<theme idref="A13"/>
<clue>Furthermore, 1 alpha,25-(OH)2D3 induced 24-hydroxylase mRNA expression and <clueType>metabolic activity</clueType> in both U937 cells and lectin-activated T cells, yet failed to induce 24-hydroxylase mRNA or its metabolic activity in B cells.</clue>
</event>
<sentence id="S8">These findings suggest that although <term id="T36" lex="human_B_lymphocyte" sem="Cell_natural">human B lymphocytes</term> can express <term id="T37" lex="VDR_mRNA" sem="RNA_family_or_group"><term id="A14" sem="Protein_family_or_group">VDR</term> mRNA</term> and <term id="T38" lex="VDR_protein" sem="Protein_family_or_group">protein</term>, they exhibit a functional block for <term id="T39" lex="vitamin_D-dependent_gene_regulation" sem="Other"><term id="T40" lex="vitamin_D" sem="Lipid">vitamin D</term>-dependent <term id="A15" sem="DNA_domain_or_region">gene</term> regulation</term>.</sentence>
<event CL="L2" KT="Analysis" id="E28">
<type class="Transcription"/>
<theme idref="T37"/>
<clue>These findings suggest that although human <clueLoc>B lymphocytes</clueLoc> <clueKT><clueCL>can</clueCL></clueKT> <clueType>express</clueType> VDR mRNA and protein, they exhibit a functional block for vitamin D-dependent gene regulation.</clue>
</event>
<event CL="L2" KT="Analysis" id="E29">
<type class="Gene_expression"/>
<theme idref="A14" idref1="T38"/>
<clue>These findings suggest that although human <clueLoc>B lymphocytes</clueLoc> <clueKT><clueCL>can</clueCL></clueKT> <clueType>express</clueType> VDR mRNA and protein, they exhibit a functional block for vitamin D-dependent gene regulation.</clue>
</event>
<event CL="L2" KT="Analysis" id="E30">
<type class="Negative_regulation"/>
<theme idref="E31"/>
<clue>These findings <clueCL>suggest</clueCL> that although human <clueLoc>B lymphocytes</clueLoc> can express VDR mRNA and protein, they <clueKT>exhibit</clueKT> a <clueType>functional block</clueType> <linkTheme>for</linkTheme> vitamin D-dependent gene regulation.</clue>
</event>
<event KT="Other" id="E31">
<type class="Regulation"/>
<theme idref="A15"/>
<cause idref="T40"/>
<clue>These findings suggest that although human B lymphocytes can express VDR mRNA and protein, they exhibit a functional block for vitamin D<linkCause>-dependent</linkCause> gene <clueType>regulation</clueType>.</clue>
</event>
</AbstractText>
</Abstract></Article></MedlineCitation></PubmedArticle></PubmedArticleSet></Annotation>
